SIM,n_estimators,min_samples_split,max_depth,min_samples_leaf,max_samples,max_features,acc_train,f1_train,prec_train,rec_train,acc_val,f1_val,prec_val,rec_val,acc_test,f1_test,prec_test,rec_test
0,5,0.05,3,0.05,0.3,sqrt,0.7038770053475936,0.653635652853792,0.7147742818057455,0.6021319504465572,0.6282608695652174,0.5535248041775457,0.4491525423728814,0.7210884353741497,0.6331877729257642,0.5333333333333333,0.4343891402714932,0.6906474820143885
1,5,0.05,3,0.05,0.3,log2,0.7331550802139037,0.6987624509507999,0.7337559429477021,0.6669547680783636,0.6195652173913043,0.5478036175710594,0.44166666666666665,0.7210884353741497,0.6179039301310044,0.5231607629427792,0.42105263157894735,0.6906474820143885
2,5,0.05,3,0.05,0.4,sqrt,0.6802139037433155,0.6395418927064497,0.6704581358609795,0.6113511956208585,0.6021739130434782,0.543640897755611,0.42913385826771655,0.7414965986394558,0.6004366812227074,0.5145888594164456,0.40756302521008403,0.697841726618705
3,5,0.05,3,0.05,0.4,log2,0.7616310160427807,0.7281597804543376,0.7733160621761658,0.6879861711322386,0.6326086956521739,0.5587467362924282,0.4533898305084746,0.7278911564625851,0.631004366812227,0.5344352617079889,0.4330357142857143,0.697841726618705
4,5,0.05,3,0.05,0.5,sqrt,0.7232620320855615,0.6628664495114006,0.762457849381791,0.5862863728032267,0.6391304347826087,0.5585106382978723,0.4585152838427948,0.7142857142857143,0.648471615720524,0.5439093484419264,0.4485981308411215,0.6906474820143885
5,5,0.05,3,0.05,0.5,log2,0.7411764705882353,0.6931854199683043,0.7703416696019725,0.6300777873811582,0.6413043478260869,0.5646437994722955,0.46120689655172414,0.7278911564625851,0.6375545851528385,0.5388888888888889,0.43891402714932126,0.697841726618705
6,5,0.05,3,0.05,0.6,sqrt,0.7286096256684492,0.6918639951426837,0.7311517484760988,0.6565831172572746,0.6217391304347826,0.5515463917525774,0.44398340248962653,0.7278911564625851,0.6441048034934498,0.5582655826558266,0.44782608695652176,0.7410071942446043
7,5,0.05,3,0.05,0.6,log2,0.7164438502673797,0.6825325550067355,0.7102803738317757,0.6568712186689715,0.6130434782608696,0.5505050505050505,0.43775100401606426,0.7414965986394558,0.6266375545851528,0.5289256198347108,0.42857142857142855,0.6906474820143885
8,5,0.05,3,0.05,0.7,sqrt,0.7481283422459893,0.7124542124542125,0.7575462512171373,0.672428694900605,0.6304347826086957,0.5549738219895288,0.451063829787234,0.7210884353741497,0.648471615720524,0.5636856368563685,0.45217391304347826,0.7482014388489209
9,5,0.05,3,0.05,0.7,log2,0.7473262032085561,0.7025495750708215,0.7741935483870968,0.6430423509075195,0.6478260869565218,0.5691489361702128,0.4672489082969432,0.7278911564625851,0.665938864628821,0.5738161559888579,0.4681818181818182,0.7410071942446043
10,5,0.05,3,0.1,0.3,sqrt,0.703475935828877,0.6522420821574161,0.7155142758857929,0.599250936329588,0.6108695652173913,0.5421994884910486,0.4344262295081967,0.7210884353741497,0.631004366812227,0.5344352617079889,0.4330357142857143,0.697841726618705
11,5,0.05,3,0.1,0.3,log2,0.6871657754010695,0.6460980036297641,0.6800382043935053,0.6153846153846154,0.5934782608695652,0.5472154963680388,0.424812030075188,0.7687074829931972,0.6004366812227074,0.5246753246753246,0.4105691056910569,0.7266187050359713
12,5,0.05,3,0.1,0.4,sqrt,0.6922459893048128,0.6457371498922746,0.6930954740667328,0.6044367617401325,0.6108695652173913,0.5468354430379747,0.43548387096774194,0.7346938775510204,0.6157205240174672,0.5243243243243243,0.4199134199134199,0.697841726618705
13,5,0.05,3,0.1,0.4,log2,0.643048128342246,0.6312154696132597,0.6062616078535421,0.6583117257274561,0.5369565217391304,0.5234899328859061,0.39,0.7959183673469388,0.5458515283842795,0.5094339622641509,0.37894736842105264,0.7769784172661871
14,5,0.05,3,0.1,0.5,sqrt,0.7124331550802139,0.6556747238674564,0.7377521613832853,0.5900316911552866,0.6217391304347826,0.546875,0.4430379746835443,0.7142857142857143,0.6353711790393013,0.5348189415041783,0.43636363636363634,0.6906474820143885
15,5,0.05,3,0.1,0.5,log2,0.7665775401069519,0.7426297169811321,0.7603380621792937,0.7257274560645347,0.6478260869565218,0.6009852216748769,0.47104247104247104,0.8299319727891157,0.631004366812227,0.5655526992287918,0.44,0.7913669064748201
16,5,0.05,3,0.1,0.6,sqrt,0.7094919786096257,0.6539257843605669,0.7311253561253561,0.5914721982137713,0.6304347826086957,0.5549738219895288,0.451063829787234,0.7210884353741497,0.6331877729257642,0.5333333333333333,0.4343891402714932,0.6906474820143885
17,5,0.05,3,0.1,0.6,log2,0.7118983957219251,0.6573382095722691,0.7334989354151881,0.5955056179775281,0.6282608695652174,0.5511811023622047,0.44871794871794873,0.7142857142857143,0.6353711790393013,0.5348189415041783,0.43636363636363634,0.6906474820143885
18,5,0.05,3,0.1,0.7,sqrt,0.7385026737967915,0.7077106993424985,0.7351754113629307,0.6822241428983002,0.6304347826086957,0.5526315789473685,0.45064377682403434,0.7142857142857143,0.6703056768558951,0.5973333333333334,0.4745762711864407,0.8057553956834532
19,5,0.05,3,0.1,0.7,log2,0.7066844919786096,0.6600557793616362,0.7140462621521958,0.6136560069144339,0.6239130434782608,0.5529715762273901,0.44583333333333336,0.7278911564625851,0.6244541484716157,0.5274725274725275,0.4266666666666667,0.6906474820143885
20,5,0.05,4,0.05,0.3,sqrt,0.7081550802139037,0.6629612474911224,0.7142381902860945,0.6185537309132815,0.6304347826086957,0.5641025641025641,0.45267489711934156,0.7482993197278912,0.6244541484716157,0.5300546448087432,0.42731277533039647,0.697841726618705
21,5,0.05,4,0.05,0.3,log2,0.6959893048128343,0.6540918770915729,0.6928778601353529,0.6194180351483722,0.6086956521739131,0.5454545454545454,0.43373493975903615,0.7346938775510204,0.611353711790393,0.521505376344086,0.41630901287553645,0.697841726618705
22,5,0.05,4,0.05,0.4,sqrt,0.7299465240641712,0.6816892530728018,0.7523478260869565,0.6231633535004322,0.6478260869565218,0.5824742268041238,0.46887966804979253,0.7687074829931972,0.6506550218340611,0.5628415300546448,0.45374449339207046,0.7410071942446043
23,5,0.05,4,0.05,0.4,log2,0.7105614973262032,0.6613483497575473,0.7234770704996578,0.6090463843272832,0.6217391304347826,0.5628140703517588,0.44621513944223107,0.7619047619047619,0.6157205240174672,0.5343915343915344,0.4225941422594142,0.7266187050359713
24,5,0.05,4,0.05,0.5,sqrt,0.6982620320855615,0.6730407069390121,0.6768648018648019,0.6692595793719389,0.5978260869565217,0.5409429280397022,0.42578125,0.7414965986394558,0.62882096069869,0.5526315789473685,0.43568464730290457,0.7553956834532374
25,5,0.05,4,0.05,0.5,log2,0.7316844919786096,0.7069645203679369,0.716696269982238,0.6974935177182369,0.6086956521739131,0.55,0.43478260869565216,0.7482993197278912,0.6200873362445415,0.532258064516129,0.4248927038626609,0.7122302158273381
26,5,0.05,4,0.05,0.6,sqrt,0.7106951871657754,0.682418550044027,0.6954830990128626,0.6698357821953328,0.6108695652173913,0.544529262086514,0.4349593495934959,0.7278911564625851,0.6353711790393013,0.5546666666666666,0.4406779661016949,0.7482014388489209
27,5,0.05,4,0.05,0.6,log2,0.7704545454545455,0.7380625476735316,0.7843709468223087,0.696917314894843,0.6478260869565218,0.5759162303664922,0.46808510638297873,0.7482993197278912,0.6331877729257642,0.5359116022099447,0.4349775784753363,0.697841726618705
28,5,0.05,4,0.05,0.7,sqrt,0.7679144385026738,0.7459016393442623,0.7581077060398691,0.7340823970037453,0.6608695652173913,0.6,0.48148148148148145,0.7959183673469388,0.62882096069869,0.5572916666666666,0.43673469387755104,0.7697841726618705
29,5,0.05,4,0.05,0.7,log2,0.7046791443850268,0.6652523109562055,0.7017263427109974,0.6323825986747335,0.6065217391304348,0.539440203562341,0.43089430894308944,0.7210884353741497,0.6266375545851528,0.5289256198347108,0.42857142857142855,0.6906474820143885
30,5,0.05,4,0.1,0.3,sqrt,0.7068181818181818,0.656968559361802,0.7186858316221766,0.6050129645635264,0.6130434782608696,0.5459183673469388,0.43673469387755104,0.7278911564625851,0.6200873362445415,0.5271739130434783,0.42358078602620086,0.697841726618705
31,5,0.05,4,0.1,0.3,log2,0.6887700534759358,0.6427255985267035,0.6876847290640394,0.6032843560933449,0.6065217391304348,0.5440806045340051,0.432,0.7346938775510204,0.6179039301310044,0.5257452574525745,0.4217391304347826,0.697841726618705
32,5,0.05,4,0.1,0.4,sqrt,0.7089572192513369,0.6490407867161051,0.736822840409956,0.5799481417458946,0.6347826086956522,0.5602094240837696,0.4553191489361702,0.7278911564625851,0.6419213973799127,0.5393258426966292,0.4423963133640553,0.6906474820143885
33,5,0.05,4,0.1,0.4,log2,0.7235294117647059,0.6729917773561037,0.745881528215913,0.61307980409104,0.6391304347826087,0.5654450261780105,0.4595744680851064,0.7346938775510204,0.6331877729257642,0.5359116022099447,0.4349775784753363,0.697841726618705
34,5,0.05,4,0.1,0.5,sqrt,0.7280748663101604,0.6770403302635757,0.7541563494870888,0.6142322097378277,0.6369565217391304,0.5684754521963824,0.4583333333333333,0.7482993197278912,0.62882096069869,0.5355191256830601,0.43171806167400884,0.7050359712230215
35,5,0.05,4,0.1,0.5,log2,0.7151069518716577,0.6582197273456295,0.7424023154848046,0.5911840968020743,0.6347826086956522,0.5578947368421052,0.45493562231759654,0.7210884353741497,0.6462882096069869,0.5423728813559322,0.44651162790697674,0.6906474820143885
36,5,0.05,4,0.1,0.6,sqrt,0.704812834224599,0.6712328767123288,0.6946070878274269,0.6493805819648516,0.6086956521739131,0.55,0.43478260869565216,0.7482993197278912,0.6048034934497817,0.519893899204244,0.4117647058823529,0.7050359712230215
37,5,0.05,4,0.1,0.6,log2,0.7255347593582888,0.6902067300437603,0.7246514575411914,0.6588879285508499,0.6195652173913043,0.5742092457420924,0.44696969696969696,0.8027210884353742,0.6069868995633187,0.5384615384615384,0.41832669322709165,0.7553956834532374
38,5,0.05,4,0.1,0.7,sqrt,0.7486631016042781,0.7152378067252347,0.7540721814116895,0.6802074330164217,0.6108695652173913,0.5513784461152882,0.4365079365079365,0.7482993197278912,0.6419213973799127,0.5684210526315789,0.44813278008298757,0.7769784172661871
39,5,0.05,4,0.1,0.7,log2,0.707620320855615,0.7060878914124445,0.6617128463476071,0.7568424085278018,0.5739130434782609,0.5525114155251142,0.41580756013745707,0.8231292517006803,0.5436681222707423,0.5128205128205128,0.3793103448275862,0.7913669064748201
40,5,0.05,5,0.05,0.3,sqrt,0.7601604278074866,0.7282641623750379,0.7678058128393485,0.6925957937193892,0.65,0.5774278215223098,0.4700854700854701,0.7482993197278912,0.631004366812227,0.536986301369863,0.4336283185840708,0.7050359712230215
41,5,0.05,5,0.05,0.3,log2,0.6570855614973262,0.648870636550308,0.6181533646322379,0.682800345721694,0.5478260869565217,0.543859649122807,0.40129449838187703,0.8435374149659864,0.5524017467248908,0.5176470588235295,0.38461538461538464,0.7913669064748201
42,5,0.05,5,0.05,0.4,sqrt,0.7322192513368984,0.688249027237354,0.7484766418415707,0.6369922212618842,0.6391304347826087,0.5654450261780105,0.4595744680851064,0.7346938775510204,0.6397379912663755,0.5403899721448467,0.4409090909090909,0.697841726618705
43,5,0.05,5,0.05,0.4,log2,0.7340909090909091,0.6875098193244304,0.756046993780235,0.630365888792855,0.6391304347826087,0.5608465608465608,0.4588744588744589,0.7210884353741497,0.6550218340611353,0.5511363636363636,0.45539906103286387,0.697841726618705
44,5,0.05,5,0.05,0.5,sqrt,0.7245989304812834,0.6947243627741553,0.7152883735123589,0.6753097090175741,0.6304347826086957,0.5572916666666666,0.45147679324894513,0.7278911564625851,0.6615720524017468,0.5866666666666667,0.4661016949152542,0.7913669064748201
45,5,0.05,5,0.05,0.5,log2,0.7724598930481283,0.7380732533087103,0.7922035018169805,0.6908671852492078,0.6391304347826087,0.5631578947368421,0.4592274678111588,0.7278911564625851,0.6331877729257642,0.5384615384615384,0.43555555555555553,0.7050359712230215
46,5,0.05,5,0.05,0.6,sqrt,0.7280748663101604,0.6918181818181818,0.7296260786193672,0.6577355229040622,0.6369565217391304,0.5684754521963824,0.4583333333333333,0.7482993197278912,0.6157205240174672,0.5268817204301075,0.4206008583690987,0.7050359712230215
47,5,0.05,5,0.05,0.6,log2,0.7262032085561497,0.6896969696969697,0.7273889421540428,0.6557188130221838,0.6369565217391304,0.5772151898734177,0.4596774193548387,0.7755102040816326,0.6353711790393013,0.5424657534246575,0.43805309734513276,0.7122302158273381
48,5,0.05,5,0.05,0.7,sqrt,0.7469251336898396,0.722148833113166,0.7360861759425493,0.7087294727744166,0.6130434782608696,0.5505050505050505,0.43775100401606426,0.7414965986394558,0.6244541484716157,0.5497382198952879,0.43209876543209874,0.7553956834532374
49,5,0.05,5,0.05,0.7,log2,0.7693850267379679,0.7475486609102883,0.7596668649613325,0.7358110054739269,0.6521739130434783,0.6059113300492611,0.4749034749034749,0.8367346938775511,0.6331877729257642,0.5714285714285714,0.4426877470355731,0.8057553956834532
50,5,0.05,5,0.1,0.3,sqrt,0.711096256684492,0.6594168636721828,0.7279053583855254,0.602708153269951,0.6239130434782608,0.5529715762273901,0.44583333333333336,0.7278911564625851,0.6375545851528385,0.5388888888888889,0.43891402714932126,0.697841726618705
51,5,0.05,5,0.1,0.3,log2,0.6740641711229947,0.6552601809954751,0.6434323798944738,0.6675309709017574,0.5739130434782609,0.5525114155251142,0.41580756013745707,0.8231292517006803,0.5720524017467249,0.5172413793103449,0.39325842696629215,0.7553956834532374
52,5,0.05,5,0.1,0.4,sqrt,0.7089572192513369,0.6515127261085321,0.7330691642651297,0.5862863728032267,0.6282608695652174,0.5511811023622047,0.44871794871794873,0.7142857142857143,0.6375545851528385,0.5363128491620112,0.4383561643835616,0.6906474820143885
53,5,0.05,5,0.1,0.4,log2,0.6720588235294118,0.6559124701921728,0.6391470749043193,0.6735811005473927,0.5630434782608695,0.5421412300683371,0.4075342465753425,0.8095238095238095,0.5524017467248908,0.5130641330166271,0.3829787234042553,0.7769784172661871
54,5,0.05,5,0.1,0.5,sqrt,0.7141711229946524,0.6580294305822136,0.7396619920891766,0.5926246038605589,0.6239130434782608,0.5483028720626631,0.4449152542372881,0.7142857142857143,0.6397379912663755,0.5378151260504201,0.44036697247706424,0.6906474820143885
55,5,0.05,5,0.1,0.5,log2,0.6703208556149732,0.6507082152974504,0.6400111451657844,0.661768942667819,0.5630434782608695,0.5421412300683371,0.4075342465753425,0.8095238095238095,0.5611353711790393,0.5179856115107914,0.38848920863309355,0.7769784172661871
56,5,0.05,5,0.1,0.6,sqrt,0.7224598930481283,0.6649451258876695,0.7559633027522936,0.5934889080956497,0.6413043478260869,0.5623342175066313,0.4608695652173913,0.7210884353741497,0.6441048034934498,0.5408450704225352,0.4444444444444444,0.6906474820143885
57,5,0.05,5,0.1,0.6,log2,0.7290106951871658,0.7041307838271785,0.7136094674556213,0.6949006050129646,0.6043478260869565,0.5666666666666667,0.4358974358974359,0.8095238095238095,0.5960698689956332,0.5340050377833753,0.4108527131782946,0.762589928057554
58,5,0.05,5,0.1,0.7,sqrt,0.7266042780748663,0.6746221161495625,0.7533759772565742,0.6107749927974647,0.6391304347826087,0.5631578947368421,0.4592274678111588,0.7278911564625851,0.6353711790393013,0.5348189415041783,0.43636363636363634,0.6906474820143885
59,5,0.05,5,0.1,0.7,log2,0.7094919786096257,0.6553528945281523,0.7290049400141143,0.5952175165658312,0.6239130434782608,0.5483028720626631,0.4449152542372881,0.7142857142857143,0.6331877729257642,0.5333333333333333,0.4343891402714932,0.6906474820143885
60,5,0.05,6,0.05,0.3,sqrt,0.7112299465240641,0.671632715110976,0.7109752172513679,0.6364160184384904,0.6086956521739131,0.5631067961165048,0.4377358490566038,0.7891156462585034,0.6091703056768559,0.535064935064935,0.4186991869918699,0.7410071942446043
61,5,0.05,6,0.05,0.3,log2,0.7157754010695188,0.6849436870183758,0.7052181873664938,0.6658023624315759,0.6326086956521739,0.5888077858880778,0.4583333333333333,0.8231292517006803,0.6091703056768559,0.5513784461152882,0.4230769230769231,0.7913669064748201
62,5,0.05,6,0.05,0.4,sqrt,0.6922459893048128,0.6580510992275698,0.6792394970867832,0.6381446269086718,0.6043478260869565,0.5625,0.4349442379182156,0.7959183673469388,0.6069868995633187,0.533678756476684,0.41700404858299595,0.7410071942446043
63,5,0.05,6,0.05,0.4,log2,0.7283422459893049,0.6877688998156115,0.7369114257490945,0.6447709593777009,0.6173913043478261,0.5665024630541872,0.444015444015444,0.782312925170068,0.6222707423580786,0.5411140583554377,0.42857142857142855,0.7338129496402878
64,5,0.05,6,0.05,0.5,sqrt,0.7578877005347594,0.7304658431314184,0.7555418719211823,0.7070008643042351,0.6130434782608696,0.5594059405940595,0.4396887159533074,0.7687074829931972,0.6397379912663755,0.5714285714285714,0.44715447154471544,0.7913669064748201
65,5,0.05,6,0.05,0.5,log2,0.7292780748663101,0.6851189550614213,0.7442567567567567,0.6346874099683089,0.6282608695652174,0.5511811023622047,0.44871794871794873,0.7142857142857143,0.631004366812227,0.5318559556786704,0.43243243243243246,0.6906474820143885
66,5,0.05,6,0.05,0.6,sqrt,0.7580213903743316,0.7192928039702233,0.7789721195834733,0.6681071737251513,0.6608695652173913,0.5916230366492147,0.4808510638297872,0.7687074829931972,0.6550218340611353,0.5659340659340659,0.4577777777777778,0.7410071942446043
67,5,0.05,6,0.05,0.6,log2,0.7477272727272727,0.7156847973481995,0.7501579279848389,0.6842408527801787,0.6260869565217392,0.5520833333333334,0.4472573839662447,0.7210884353741497,0.665938864628821,0.592,0.4703389830508475,0.7985611510791367
68,5,0.05,6,0.05,0.7,sqrt,0.7426470588235294,0.7240143369175627,0.7206050228310502,0.7274560645347162,0.6173913043478261,0.5748792270531401,0.44569288389513106,0.8095238095238095,0.6375545851528385,0.5631578947368421,0.44398340248962653,0.7697841726618705
69,5,0.05,6,0.05,0.7,log2,0.7664438502673797,0.7388249364628494,0.7678682411435674,0.7118985883030827,0.6652173913043479,0.6091370558375635,0.48582995951417,0.8163265306122449,0.6375545851528385,0.5654450261780105,0.4444444444444444,0.7769784172661871
70,5,0.05,6,0.1,0.3,sqrt,0.6747326203208556,0.674602113146984,0.6295556665002496,0.7265917602996255,0.5456521739130434,0.5365853658536586,0.3980263157894737,0.8231292517006803,0.5283842794759825,0.5045871559633027,0.37037037037037035,0.7913669064748201
71,5,0.05,6,0.1,0.3,log2,0.6790106951871657,0.6359363153904473,0.6712548015364916,0.6041486603284356,0.6,0.5422885572139303,0.42745098039215684,0.7414965986394558,0.6069868995633187,0.5187165775401069,0.4127659574468085,0.697841726618705
72,5,0.05,6,0.1,0.4,sqrt,0.6867647058823529,0.6503506939262796,0.6746130030959753,0.6277729760875829,0.6,0.5467980295566502,0.42857142857142855,0.7551020408163265,0.5917030567685589,0.5142857142857142,0.4024390243902439,0.7122302158273381
73,5,0.05,6,0.1,0.4,log2,0.6934491978609626,0.6639308222189653,0.6757159904534606,0.6525496974935178,0.6021739130434782,0.5611510791366906,0.43333333333333335,0.7959183673469388,0.5764192139737991,0.515,0.3946360153256705,0.7410071942446043
74,5,0.05,6,0.1,0.5,sqrt,0.6727272727272727,0.6570467918184365,0.6394873193346059,0.6755978104292711,0.5717391304347826,0.5491990846681922,0.41379310344827586,0.8163265306122449,0.5611353711790393,0.5202863961813843,0.3892857142857143,0.7841726618705036
75,5,0.05,6,0.1,0.5,log2,0.7053475935828877,0.6523659305993691,0.7208086441268735,0.595793719389225,0.6173913043478261,0.5440414507772021,0.4393305439330544,0.7142857142857143,0.62882096069869,0.5303867403314917,0.4304932735426009,0.6906474820143885
76,5,0.05,6,0.1,0.6,sqrt,0.6931818181818182,0.6442412029142769,0.6973154362416107,0.5986747335061942,0.6152173913043478,0.5449871465295629,0.4380165289256198,0.7210884353741497,0.6244541484716157,0.5274725274725275,0.4266666666666667,0.6906474820143885
77,5,0.05,6,0.1,0.6,log2,0.6872994652406417,0.643281988714351,0.6834089436163319,0.6076058772687987,0.6086956521739131,0.5477386934673367,0.4342629482071713,0.7414965986394558,0.5982532751091703,0.5132275132275133,0.40585774058577406,0.697841726618705
78,5,0.05,6,0.1,0.7,sqrt,0.7081550802139037,0.656814966200283,0.7228373702422145,0.6018438490348603,0.6260869565217392,0.5567010309278351,0.44813278008298757,0.7346938775510204,0.62882096069869,0.5303867403314917,0.4304932735426009,0.6906474820143885
79,5,0.05,6,0.1,0.7,log2,0.7266042780748663,0.6807181889149102,0.7430129516019086,0.6280610774992798,0.6304347826086957,0.5549738219895288,0.451063829787234,0.7210884353741497,0.6331877729257642,0.5333333333333333,0.4343891402714932,0.6906474820143885
80,5,0.05,7,0.05,0.3,sqrt,0.7477272727272727,0.7017543859649122,0.7773109243697479,0.6395851339671564,0.6456521739130435,0.5676392572944297,0.4652173913043478,0.7278911564625851,0.6375545851528385,0.5363128491620112,0.4383561643835616,0.6906474820143885
81,5,0.05,7,0.05,0.3,log2,0.7510695187165776,0.7076005025125628,0.7777010700724888,0.6490924805531547,0.65,0.5729442970822282,0.46956521739130436,0.7346938775510204,0.648471615720524,0.5464788732394367,0.44907407407407407,0.697841726618705
82,5,0.05,7,0.05,0.4,sqrt,0.7205882352941176,0.6861861861861862,0.7165255566008153,0.6583117257274561,0.6130434782608696,0.5435897435897435,0.43621399176954734,0.7210884353741497,0.6244541484716157,0.5300546448087432,0.42731277533039647,0.697841726618705
83,5,0.05,7,0.05,0.4,log2,0.7565508021390375,0.730820399113082,0.7504553734061931,0.7121866897147796,0.6543478260869565,0.5891472868217055,0.475,0.7755102040816326,0.6637554585152838,0.5925925925925926,0.4686192468619247,0.8057553956834532
84,5,0.05,7,0.05,0.5,sqrt,0.7053475935828877,0.6523659305993691,0.7208086441268735,0.595793719389225,0.6195652173913043,0.5478036175710594,0.44166666666666665,0.7210884353741497,0.62882096069869,0.5303867403314917,0.4304932735426009,0.6906474820143885
85,5,0.05,7,0.05,0.5,log2,0.7231283422459893,0.681727370524051,0.730566534914361,0.6390089311437626,0.6282608695652174,0.5558441558441558,0.4495798319327731,0.7278911564625851,0.631004366812227,0.5318559556786704,0.43243243243243246,0.6906474820143885
86,5,0.05,7,0.05,0.6,sqrt,0.7466577540106952,0.7089540777146368,0.7592105263157894,0.6649380581964852,0.6347826086956522,0.5625,0.45569620253164556,0.7346938775510204,0.648471615720524,0.5660377358490566,0.4525862068965517,0.7553956834532374
87,5,0.05,7,0.05,0.6,log2,0.7669786096256684,0.7371437188960941,0.7734177215189874,0.704119850187266,0.6543478260869565,0.5891472868217055,0.475,0.7755102040816326,0.648471615720524,0.5660377358490566,0.4525862068965517,0.7553956834532374
88,5,0.05,7,0.05,0.7,sqrt,0.7467914438502674,0.7053515868077163,0.7666553939803855,0.6531259003169115,0.65,0.5861182519280206,0.47107438016528924,0.7755102040816326,0.6375545851528385,0.5363128491620112,0.4383561643835616,0.6906474820143885
89,5,0.05,7,0.05,0.7,log2,0.7647058823529411,0.7349397590361446,0.769958977595456,0.7029674445404782,0.6543478260869565,0.5912596401028277,0.47520661157024796,0.782312925170068,0.6419213973799127,0.5661375661375662,0.4476987447698745,0.7697841726618705
90,5,0.05,7,0.1,0.3,sqrt,0.686096256684492,0.6397667996317888,0.6842796192976699,0.6006914433880726,0.6,0.54,0.4268774703557312,0.7346938775510204,0.6048034934497817,0.5173333333333333,0.4110169491525424,0.697841726618705
91,5,0.05,7,0.1,0.3,log2,0.6557486631016043,0.6567124383415545,0.611166253101737,0.7095937770095073,0.5282608695652173,0.5272331154684096,0.38782051282051283,0.8231292517006803,0.5262008733624454,0.5011494252873563,0.36824324324324326,0.7841726618705036
92,5,0.05,7,0.1,0.4,sqrt,0.7053475935828877,0.6544371276262151,0.717922256621947,0.6012676462114664,0.6195652173913043,0.5501285347043702,0.44214876033057854,0.7278911564625851,0.631004366812227,0.5344352617079889,0.4330357142857143,0.697841726618705
93,5,0.05,7,0.1,0.4,log2,0.6967914438502674,0.6540573520439292,0.6949756888168558,0.6176894266781907,0.6108695652173913,0.5513784461152882,0.4365079365079365,0.7482993197278912,0.6091703056768559,0.5226666666666666,0.4152542372881356,0.7050359712230215
94,5,0.05,7,0.1,0.5,sqrt,0.7046791443850268,0.6522902565716984,0.7189451769604441,0.5969461250360126,0.6173913043478261,0.5440414507772021,0.4393305439330544,0.7142857142857143,0.62882096069869,0.5303867403314917,0.4304932735426009,0.6906474820143885
95,5,0.05,7,0.1,0.5,log2,0.7509358288770054,0.709315025745046,0.7736555479918312,0.6548545087870931,0.6434782608695652,0.5661375661375662,0.46320346320346323,0.7278911564625851,0.6462882096069869,0.547486033519553,0.4474885844748858,0.7050359712230215
96,5,0.05,7,0.1,0.6,sqrt,0.6967914438502674,0.6587421005115859,0.6894488188976378,0.630653990204552,0.6086956521739131,0.5544554455445545,0.4357976653696498,0.7619047619047619,0.5895196506550219,0.5154639175257731,0.40160642570281124,0.7194244604316546
97,5,0.05,7,0.1,0.6,log2,0.7018716577540107,0.6559703795124961,0.7060777150448356,0.6125036012676462,0.6239130434782608,0.5575447570332481,0.44672131147540983,0.7414965986394558,0.6157205240174672,0.5243243243243243,0.4199134199134199,0.697841726618705
98,5,0.05,7,0.1,0.7,sqrt,0.6848930481283423,0.6510732790525536,0.6696102314250914,0.6335350043215212,0.591304347826087,0.5523809523809524,0.4249084249084249,0.7891156462585034,0.5982532751091703,0.5257731958762887,0.40963855421686746,0.7338129496402878
99,5,0.05,7,0.1,0.7,log2,0.7148395721925134,0.6577891865875181,0.7422157856625634,0.5906078939786805,0.6369565217391304,0.5593667546174143,0.45689655172413796,0.7210884353741497,0.6441048034934498,0.5408450704225352,0.4444444444444444,0.6906474820143885
100,5,0.05,8,0.05,0.3,sqrt,0.725668449197861,0.6669912366114897,0.7636566332218506,0.592048401037165,0.6413043478260869,0.5623342175066313,0.4608695652173913,0.7210884353741497,0.648471615720524,0.5439093484419264,0.4485981308411215,0.6906474820143885
101,5,0.05,8,0.05,0.3,log2,0.6418449197860963,0.6365486365486366,0.6015384615384616,0.675885911840968,0.5369565217391304,0.5318681318681319,0.39285714285714285,0.8231292517006803,0.5240174672489083,0.502283105022831,0.36789297658862874,0.7913669064748201
102,5,0.05,8,0.05,0.4,sqrt,0.7191176470588235,0.6630312750601444,0.7478292329956585,0.5955056179775281,0.6413043478260869,0.5623342175066313,0.4608695652173913,0.7210884353741497,0.6441048034934498,0.5408450704225352,0.4444444444444444,0.6906474820143885
103,5,0.05,8,0.05,0.4,log2,0.7258021390374332,0.6694601128122482,0.7596927578639356,0.5983866320944973,0.6456521739130435,0.5676392572944297,0.4652173913043478,0.7278911564625851,0.6506550218340611,0.5454545454545454,0.4507042253521127,0.6906474820143885
104,5,0.05,8,0.05,0.5,sqrt,0.7052139037433155,0.654334535193604,0.71767537826685,0.6012676462114664,0.6195652173913043,0.5478036175710594,0.44166666666666665,0.7210884353741497,0.62882096069869,0.5303867403314917,0.4304932735426009,0.6906474820143885
105,5,0.05,8,0.05,0.5,log2,0.7487967914438503,0.7103437644519809,0.7639257294429708,0.6637856525496975,0.6608695652173913,0.5979381443298969,0.48132780082987553,0.7891156462585034,0.6397379912663755,0.5429362880886427,0.44144144144144143,0.7050359712230215
106,5,0.05,8,0.05,0.6,sqrt,0.767379679144385,0.7460595446584939,0.7559893522626442,0.7363872082973206,0.6456521739130435,0.6014669926650367,0.46946564885496184,0.8367346938775511,0.62882096069869,0.5641025641025641,0.43824701195219123,0.7913669064748201
107,5,0.05,8,0.05,0.6,log2,0.727807486631016,0.6930961712390714,0.7268416060701866,0.6623451454912129,0.6391304347826087,0.5786802030456852,0.46153846153846156,0.7755102040816326,0.6375545851528385,0.5513513513513514,0.44155844155844154,0.7338129496402878
108,5,0.05,8,0.05,0.7,sqrt,0.7601604278074866,0.7250996015936255,0.774468085106383,0.6816479400749064,0.6630434782608695,0.5931758530183727,0.4829059829059829,0.7687074829931972,0.6703056768558951,0.5929919137466307,0.47413793103448276,0.7913669064748201
109,5,0.05,8,0.05,0.7,log2,0.7518716577540107,0.7268177803944657,0.7430033102618117,0.7113223854796888,0.6347826086956522,0.5778894472361809,0.4581673306772908,0.782312925170068,0.6375545851528385,0.5585106382978723,0.4430379746835443,0.7553956834532374
110,5,0.05,8,0.1,0.3,sqrt,0.69451871657754,0.6858242815894404,0.6559705418200947,0.7185249207721118,0.5695652173913044,0.55,0.4129692832764505,0.8231292517006803,0.5480349344978166,0.5152224824355972,0.3819444444444444,0.7913669064748201
111,5,0.05,8,0.1,0.3,log2,0.6733957219251336,0.656930206431681,0.6408219178082192,0.6738692019590896,0.558695652173913,0.5375854214123007,0.4041095890410959,0.8027210884353742,0.5567685589519651,0.5155131264916468,0.38571428571428573,0.7769784172661871
112,5,0.05,8,0.1,0.4,sqrt,0.678475935828877,0.6604546096286884,0.647563676633444,0.6738692019590896,0.5673913043478261,0.5466970387243736,0.410958904109589,0.8163265306122449,0.5633187772925764,0.5192307692307693,0.3898916967509025,0.7769784172661871
113,5,0.05,8,0.1,0.4,log2,0.7120320855614973,0.6600378787878788,0.7298429319371728,0.6024200518582541,0.6239130434782608,0.5529715762273901,0.44583333333333336,0.7278911564625851,0.6375545851528385,0.5388888888888889,0.43891402714932126,0.697841726618705
114,5,0.05,8,0.1,0.5,sqrt,0.6933155080213904,0.6494498777506112,0.6915066710055321,0.6122154998559493,0.6108695652173913,0.5468354430379747,0.43548387096774194,0.7346938775510204,0.6135371179039302,0.522911051212938,0.41810344827586204,0.697841726618705
115,5,0.05,8,0.1,0.5,log2,0.7196524064171123,0.6750348675034867,0.7303822937625755,0.6274848746758859,0.6195652173913043,0.5635910224438903,0.4448818897637795,0.7687074829931972,0.62882096069869,0.5478723404255319,0.4345991561181435,0.7410071942446043
116,5,0.05,8,0.1,0.6,sqrt,0.6486631016042781,0.6338813039843968,0.6137038036147828,0.6554307116104869,0.5478260869565217,0.5357142857142857,0.39867109634551495,0.8163265306122449,0.5480349344978166,0.5106382978723404,0.38028169014084506,0.7769784172661871
117,5,0.05,8,0.1,0.6,log2,0.6926470588235294,0.6475548060708263,0.6920052424639581,0.6084701815038893,0.6130434782608696,0.5482233502538071,0.43724696356275305,0.7346938775510204,0.6135371179039302,0.522911051212938,0.41810344827586204,0.697841726618705
118,5,0.05,8,0.1,0.7,sqrt,0.7578877005347594,0.7358132749817652,0.7452718676122931,0.7265917602996255,0.6521739130434783,0.6097560975609756,0.4752851711026616,0.8503401360544217,0.62882096069869,0.5685279187817259,0.4392156862745098,0.8057553956834532
119,5,0.05,8,0.1,0.7,log2,0.7304812834224599,0.6723016905071522,0.7713539723983588,0.595793719389225,0.6478260869565218,0.5691489361702128,0.4672489082969432,0.7278911564625851,0.6528384279475983,0.5470085470085471,0.4528301886792453,0.6906474820143885
120,5,0.05,9,0.05,0.3,sqrt,0.7227272727272728,0.6744113029827316,0.7409451535012073,0.6188418323249784,0.6478260869565218,0.5803108808290155,0.4686192468619247,0.7619047619047619,0.6441048034934498,0.5509641873278237,0.44642857142857145,0.7194244604316546
121,5,0.05,9,0.05,0.3,log2,0.7636363636363637,0.7399235069137982,0.755936278929967,0.7245750504177471,0.6282608695652174,0.575682382133995,0.453125,0.7891156462585034,0.6135371179039302,0.5402597402597402,0.42276422764227645,0.7482014388489209
122,5,0.05,9,0.05,0.4,sqrt,0.721524064171123,0.6747853239656518,0.7365371506475801,0.6225871506770383,0.6391304347826087,0.5631578947368421,0.4592274678111588,0.7278911564625851,0.6528384279475983,0.5643835616438356,0.4557522123893805,0.7410071942446043
123,5,0.05,9,0.05,0.4,log2,0.6929144385026738,0.6497941759414545,0.6900906735751295,0.6139441083261308,0.6108695652173913,0.5468354430379747,0.43548387096774194,0.7346938775510204,0.611353711790393,0.521505376344086,0.41630901287553645,0.697841726618705
124,5,0.05,9,0.05,0.5,sqrt,0.7152406417112299,0.6869488536155203,0.7011701170117012,0.6732929991356957,0.6086956521739131,0.5454545454545454,0.43373493975903615,0.7346938775510204,0.6462882096069869,0.5759162303664922,0.45267489711934156,0.7913669064748201
125,5,0.05,9,0.05,0.5,log2,0.7065508021390374,0.6701728024042074,0.7003768844221105,0.6424661480841256,0.591304347826087,0.5323383084577115,0.4196078431372549,0.7278911564625851,0.6266375545851528,0.5289256198347108,0.42857142857142855,0.6906474820143885
126,5,0.05,9,0.05,0.6,sqrt,0.7383689839572193,0.7025383796929625,0.7435649935649936,0.6658023624315759,0.6217391304347826,0.5515463917525774,0.44398340248962653,0.7278911564625851,0.6419213973799127,0.5591397849462365,0.44635193133047213,0.7482014388489209
127,5,0.05,9,0.05,0.6,log2,0.7374331550802139,0.7142857142857143,0.7214222744637085,0.707288965715932,0.6086956521739131,0.5652173913043478,0.43820224719101125,0.7959183673469388,0.611353711790393,0.5412371134020618,0.42168674698795183,0.7553956834532374
128,5,0.05,9,0.05,0.7,sqrt,0.7755347593582887,0.7603140613847252,0.7535370684776457,0.7672140593488909,0.6304347826086957,0.5853658536585366,0.45627376425855515,0.8163265306122449,0.6397379912663755,0.5843828715365239,0.4496124031007752,0.8345323741007195
129,5,0.05,9,0.05,0.7,log2,0.7482620320855615,0.71413390010627,0.754813863928113,0.6776145203111495,0.6391304347826087,0.576530612244898,0.46122448979591835,0.7687074829931972,0.6528384279475983,0.5714285714285714,0.45689655172413796,0.762589928057554
130,5,0.05,9,0.1,0.3,sqrt,0.6748663101604279,0.6805044666316342,0.6254527891813572,0.7461826562950159,0.5413043478260869,0.5539112050739958,0.401840490797546,0.891156462585034,0.5458515283842795,0.5315315315315315,0.38688524590163936,0.8489208633093526
131,5,0.05,9,0.1,0.3,log2,0.6661764705882353,0.6436420722135008,0.6377262443438914,0.6496686833765486,0.5630434782608695,0.540045766590389,0.4068965517241379,0.8027210884353742,0.5633187772925764,0.5192307692307693,0.3898916967509025,0.7769784172661871
132,5,0.05,9,0.1,0.4,sqrt,0.668048128342246,0.6488474048932259,0.6372222222222222,0.6609046384327283,0.5673913043478261,0.542528735632184,0.4097222222222222,0.8027210884353742,0.5567685589519651,0.5155131264916468,0.38571428571428573,0.7769784172661871
133,5,0.05,9,0.1,0.4,log2,0.6913101604278075,0.6462387007813697,0.6901178010471204,0.6076058772687987,0.6086956521739131,0.55,0.43478260869565216,0.7482993197278912,0.6069868995633187,0.5212765957446809,0.41350210970464135,0.7050359712230215
134,5,0.05,9,0.1,0.5,sqrt,0.7235294117647059,0.6654804270462633,0.7587606049428255,0.5926246038605589,0.6413043478260869,0.5646437994722955,0.46120689655172414,0.7278911564625851,0.648471615720524,0.5464788732394367,0.44907407407407407,0.697841726618705
135,5,0.05,9,0.1,0.5,log2,0.6946524064171123,0.650229709035222,0.6940176528277214,0.6116392970325555,0.6173913043478261,0.5532994923857868,0.44129554655870445,0.7414965986394558,0.6091703056768559,0.5201072386058981,0.41452991452991456,0.697841726618705
136,5,0.05,9,0.1,0.6,sqrt,0.6989304812834225,0.6411727214786488,0.7172905525846702,0.5796600403341976,0.6195652173913043,0.5430809399477807,0.4406779661016949,0.7074829931972789,0.6375545851528385,0.5363128491620112,0.4383561643835616,0.6906474820143885
137,5,0.05,9,0.1,0.6,log2,0.731951871657754,0.6982693754702785,0.7309388783868935,0.6683952751368482,0.6152173913043478,0.5672371638141809,0.44274809160305345,0.7891156462585034,0.6091703056768559,0.535064935064935,0.4186991869918699,0.7410071942446043
138,5,0.05,9,0.1,0.7,sqrt,0.7192513368983957,0.662704786379698,0.7488203266787659,0.5943532123307405,0.6347826086956522,0.5555555555555556,0.45454545454545453,0.7142857142857143,0.6375545851528385,0.5363128491620112,0.4383561643835616,0.6906474820143885
139,5,0.05,9,0.1,0.7,log2,0.7140374331550802,0.6624585766135396,0.7323796231681786,0.6047248631518295,0.6282608695652174,0.5581395348837209,0.45,0.7346938775510204,0.6266375545851528,0.5315068493150685,0.42920353982300885,0.697841726618705
140,5,0.1,3,0.05,0.3,sqrt,0.7445187165775401,0.702382806416446,0.764406779661017,0.6496686833765486,0.6478260869565218,0.5824742268041238,0.46887966804979253,0.7687074829931972,0.6462882096069869,0.5449438202247191,0.4470046082949309,0.697841726618705
141,5,0.1,3,0.05,0.3,log2,0.6966577540106952,0.6489246479962866,0.7008689839572193,0.6041486603284356,0.6130434782608696,0.5459183673469388,0.43673469387755104,0.7278911564625851,0.6266375545851528,0.5289256198347108,0.42857142857142855,0.6906474820143885
142,5,0.1,3,0.05,0.4,sqrt,0.7264705882352941,0.6702127659574468,0.7607025246981339,0.5989628349178912,0.6434782608695652,0.5661375661375662,0.46320346320346323,0.7278911564625851,0.6462882096069869,0.5423728813559322,0.44651162790697674,0.6906474820143885
143,5,0.1,3,0.05,0.4,log2,0.7155080213903743,0.6675,0.7292591328098327,0.6153846153846154,0.6326086956521739,0.561038961038961,0.453781512605042,0.7346938775510204,0.631004366812227,0.5344352617079889,0.4330357142857143,0.697841726618705
144,5,0.1,3,0.05,0.5,sqrt,0.7302139037433155,0.6763951250801796,0.762748643761302,0.6076058772687987,0.6456521739130435,0.5699208443271768,0.46551724137931033,0.7346938775510204,0.6397379912663755,0.5403899721448467,0.4409090909090909,0.697841726618705
145,5,0.1,3,0.05,0.5,log2,0.7181818181818181,0.6682404784387788,0.7363857093305585,0.6116392970325555,0.6282608695652174,0.5604113110539846,0.45041322314049587,0.7414965986394558,0.6222707423580786,0.5286103542234333,0.42543859649122806,0.697841726618705
146,5,0.1,3,0.05,0.6,sqrt,0.7633689839572193,0.7355841051688079,0.7638845795842383,0.7093056755978104,0.6565217391304348,0.5948717948717949,0.4773662551440329,0.7891156462585034,0.6572052401746725,0.5922077922077922,0.4634146341463415,0.8201438848920863
147,5,0.1,3,0.05,0.6,log2,0.7288770053475936,0.6738501125763912,0.762650163815071,0.6035724575050417,0.6434782608695652,0.5661375661375662,0.46320346320346323,0.7278911564625851,0.6462882096069869,0.5423728813559322,0.44651162790697674,0.6906474820143885
148,5,0.1,3,0.05,0.7,sqrt,0.7552139037433155,0.7164317794641475,0.774614869390489,0.6663785652549697,0.658695652173913,0.5922077922077922,0.4789915966386555,0.7755102040816326,0.6681222707423581,0.580110497237569,0.47085201793721976,0.7553956834532374
149,5,0.1,3,0.05,0.7,log2,0.7252673796791443,0.6884947703501592,0.7264875239923224,0.6542783059636992,0.6326086956521739,0.5677749360613811,0.45491803278688525,0.7551020408163265,0.6266375545851528,0.5340599455040872,0.4298245614035088,0.7050359712230215
150,5,0.1,3,0.1,0.3,sqrt,0.6995989304812834,0.6479711734294219,0.7101648351648352,0.595793719389225,0.6086956521739131,0.5384615384615384,0.43209876543209874,0.7142857142857143,0.6244541484716157,0.5274725274725275,0.4266666666666667,0.6906474820143885
151,5,0.1,3,0.1,0.3,log2,0.6776737967914439,0.6798565927499668,0.6305418719211823,0.7375396139441083,0.5478260869565217,0.5574468085106383,0.4055727554179567,0.891156462585034,0.5480349344978166,0.5327313769751693,0.3881578947368421,0.8489208633093526
152,5,0.1,3,0.1,0.4,sqrt,0.6782085561497326,0.6074049910291959,0.7,0.53644482857966,0.6108695652173913,0.5251989389920424,0.43043478260869567,0.673469387755102,0.6375545851528385,0.5363128491620112,0.4383561643835616,0.6906474820143885
153,5,0.1,3,0.1,0.4,log2,0.7271390374331551,0.6758774019374305,0.7530077848549186,0.61307980409104,0.6195652173913043,0.5478036175710594,0.44166666666666665,0.7210884353741497,0.6331877729257642,0.5434782608695652,0.4366812227074236,0.7194244604316546
154,5,0.1,3,0.1,0.5,sqrt,0.7053475935828877,0.6523659305993691,0.7208086441268735,0.595793719389225,0.6173913043478261,0.5440414507772021,0.4393305439330544,0.7142857142857143,0.62882096069869,0.5303867403314917,0.4304932735426009,0.6906474820143885
155,5,0.1,3,0.1,0.5,log2,0.6887700534759358,0.6427255985267035,0.6876847290640394,0.6032843560933449,0.6065217391304348,0.5440806045340051,0.432,0.7346938775510204,0.6179039301310044,0.5257452574525745,0.4217391304347826,0.697841726618705
156,5,0.1,3,0.1,0.6,sqrt,0.717379679144385,0.6628389154704944,0.7424080028581637,0.5986747335061942,0.6304347826086957,0.5549738219895288,0.451063829787234,0.7210884353741497,0.6397379912663755,0.5378151260504201,0.44036697247706424,0.6906474820143885
157,5,0.1,3,0.1,0.6,log2,0.7254010695187165,0.6706221937139192,0.7562386980108499,0.6024200518582541,0.6413043478260869,0.5623342175066313,0.4608695652173913,0.7210884353741497,0.648471615720524,0.5439093484419264,0.4485981308411215,0.6906474820143885
158,5,0.1,3,0.1,0.7,sqrt,0.6913101604278075,0.648714437851818,0.6872985170857512,0.6142322097378277,0.6065217391304348,0.5440806045340051,0.432,0.7346938775510204,0.6157205240174672,0.5243243243243243,0.4199134199134199,0.697841726618705
159,5,0.1,3,0.1,0.7,log2,0.7090909090909091,0.65764631843927,0.7244367417677643,0.6021319504465572,0.6239130434782608,0.5506493506493506,0.44537815126050423,0.7210884353741497,0.6375545851528385,0.5363128491620112,0.4383561643835616,0.6906474820143885
160,5,0.1,4,0.05,0.3,sqrt,0.7144385026737968,0.6697588126159555,0.7227227227227228,0.6240276577355229,0.6086956521739131,0.5454545454545454,0.43373493975903615,0.7346938775510204,0.6266375545851528,0.5415549597855228,0.43162393162393164,0.7266187050359713
161,5,0.1,4,0.05,0.3,log2,0.7258021390374332,0.679380959824918,0.7426520847573479,0.6260443676174013,0.6434782608695652,0.5729166666666666,0.4641350210970464,0.7482993197278912,0.6179039301310044,0.5283018867924528,0.4224137931034483,0.7050359712230215
162,5,0.1,4,0.05,0.4,sqrt,0.7390374331550802,0.7196207986210859,0.7175594385562876,0.7216940363007779,0.6195652173913043,0.5700245700245701,0.4461538461538462,0.7891156462585034,0.62882096069869,0.5771144278606966,0.44106463878326996,0.8345323741007195
163,5,0.1,4,0.05,0.4,log2,0.7074866310160428,0.6699849170437405,0.7030705919594809,0.6398732353788533,0.6065217391304348,0.5440806045340051,0.432,0.7346938775510204,0.6331877729257642,0.5531914893617021,0.4388185654008439,0.7482014388489209
164,5,0.1,4,0.05,0.5,sqrt,0.7556149732620321,0.7300649734199646,0.7488639806119358,0.7121866897147796,0.6152173913043478,0.556390977443609,0.44047619047619047,0.7551020408163265,0.6419213973799127,0.5661375661375662,0.4476987447698745,0.7697841726618705
165,5,0.1,4,0.05,0.5,log2,0.7679144385026738,0.7359294189230301,0.779568159845311,0.696917314894843,0.6565217391304348,0.5906735751295337,0.4769874476987448,0.7755102040816326,0.6593886462882096,0.5737704918032787,0.46255506607929514,0.7553956834532374
166,5,0.1,4,0.05,0.6,sqrt,0.7556149732620321,0.727326968973747,0.7540983606557377,0.7023912417170844,0.6434782608695652,0.5816326530612245,0.46530612244897956,0.7755102040816326,0.6375545851528385,0.5561497326203209,0.4425531914893617,0.7482014388489209
167,5,0.1,4,0.05,0.6,log2,0.7282085561497326,0.6904218059996955,0.7322351421188631,0.6531259003169115,0.6260869565217392,0.5520833333333334,0.4472573839662447,0.7210884353741497,0.6353711790393013,0.5399449035812672,0.4375,0.7050359712230215
168,5,0.1,4,0.05,0.7,sqrt,0.7292780748663101,0.6864839758476544,0.7419678714859438,0.6387208297320657,0.6326086956521739,0.5587467362924282,0.4533898305084746,0.7278911564625851,0.62882096069869,0.5303867403314917,0.4304932735426009,0.6906474820143885
169,5,0.1,4,0.05,0.7,log2,0.7314171122994653,0.6874124786058814,0.7472936400541272,0.6364160184384904,0.6413043478260869,0.5714285714285714,0.46218487394957986,0.7482993197278912,0.6331877729257642,0.5409836065573771,0.43612334801762115,0.7122302158273381
170,5,0.1,4,0.1,0.3,sqrt,0.6978609625668449,0.6951712975451848,0.6535632766928734,0.742437337942956,0.5760869565217391,0.5676274944567627,0.42105263157894735,0.8707482993197279,0.5545851528384279,0.5363636363636364,0.3920265780730897,0.8489208633093526
171,5,0.1,4,0.1,0.3,log2,0.681283422459893,0.6376899696048632,0.6748150530717273,0.6044367617401325,0.6021739130434782,0.5413533834586466,0.42857142857142855,0.7346938775510204,0.6069868995633187,0.5187165775401069,0.4127659574468085,0.697841726618705
172,5,0.1,4,0.1,0.4,sqrt,0.6772727272727272,0.694353000759686,0.6193810707025074,0.7899740708729472,0.5695652173913044,0.5657894736842105,0.4174757281553398,0.8775510204081632,0.5152838427947598,0.5152838427947598,0.36990595611285265,0.8489208633093526
173,5,0.1,4,0.1,0.4,log2,0.6704545454545454,0.6622825044526648,0.6314002089864159,0.6963411120714491,0.5413043478260869,0.5362637362637362,0.3961038961038961,0.8299319727891157,0.5589519650655022,0.5213270142180095,0.38869257950530034,0.7913669064748201
174,5,0.1,4,0.1,0.5,sqrt,0.7393048128342246,0.6921376697189769,0.7656304575619979,0.6315182944396428,0.6434782608695652,0.5706806282722513,0.46382978723404256,0.7414965986394558,0.6331877729257642,0.5384615384615384,0.43555555555555553,0.7050359712230215
175,5,0.1,4,0.1,0.5,log2,0.7101604278074867,0.6687041564792175,0.7120078099576961,0.630365888792855,0.6086956521739131,0.5544554455445545,0.4357976653696498,0.7619047619047619,0.6135371179039302,0.5329815303430079,0.42083333333333334,0.7266187050359713
176,5,0.1,4,0.1,0.6,sqrt,0.6973262032085561,0.6923076923076923,0.6552611268330332,0.7337942955920485,0.5782608695652174,0.555045871559633,0.4186851211072664,0.8231292517006803,0.5502183406113537,0.5141509433962265,0.3824561403508772,0.7841726618705036
177,5,0.1,4,0.1,0.6,log2,0.7020053475935829,0.6501334170459896,0.7141379310344828,0.5966580236243157,0.6173913043478261,0.5510204081632653,0.44081632653061226,0.7346938775510204,0.62882096069869,0.5303867403314917,0.4304932735426009,0.6906474820143885
178,5,0.1,4,0.1,0.7,sqrt,0.704812834224599,0.6521739130434783,0.7194994786235662,0.5963699222126189,0.6260869565217392,0.5567010309278351,0.44813278008298757,0.7346938775510204,0.6244541484716157,0.5300546448087432,0.42731277533039647,0.697841726618705
179,5,0.1,4,0.1,0.7,log2,0.7128342245989305,0.6669767441860465,0.7220543806646526,0.6197061365600691,0.6304347826086957,0.5663265306122449,0.4530612244897959,0.7551020408163265,0.6135371179039302,0.528,0.4194915254237288,0.7122302158273381
180,5,0.1,5,0.05,0.3,sqrt,0.7124331550802139,0.6705467912390871,0.7158273381294964,0.630653990204552,0.6282608695652174,0.57356608478803,0.452755905511811,0.782312925170068,0.6026200873362445,0.5260416666666666,0.4122448979591837,0.7266187050359713
181,5,0.1,5,0.05,0.3,log2,0.7422459893048128,0.6989381636477202,0.7630412546880327,0.6447709593777009,0.6195652173913043,0.5569620253164557,0.4435483870967742,0.7482993197278912,0.62882096069869,0.543010752688172,0.4334763948497854,0.7266187050359713
182,5,0.1,5,0.05,0.4,sqrt,0.7143048128342246,0.667909867909868,0.725033738191633,0.6191299337366754,0.6173913043478261,0.5440414507772021,0.4393305439330544,0.7142857142857143,0.62882096069869,0.5303867403314917,0.4304932735426009,0.6906474820143885
183,5,0.1,5,0.05,0.4,log2,0.7576203208556149,0.7209481299061105,0.7739590218109715,0.6747335061941804,0.658695652173913,0.5943152454780362,0.4791666666666667,0.782312925170068,0.6419213973799127,0.5614973262032086,0.44680851063829785,0.7553956834532374
184,5,0.1,5,0.05,0.5,sqrt,0.7335561497326203,0.6938085727454294,0.7432521395655036,0.6505329876116392,0.6239130434782608,0.5664160401002506,0.44841269841269843,0.7687074829931972,0.631004366812227,0.5395095367847411,0.4342105263157895,0.7122302158273381
185,5,0.1,5,0.05,0.5,log2,0.7459893048128342,0.7069710055521283,0.7607036176568205,0.6603284356093345,0.6326086956521739,0.5633074935400517,0.45416666666666666,0.7414965986394558,0.6462882096069869,0.5645161290322581,0.45064377682403434,0.7553956834532374
186,5,0.1,5,0.05,0.6,sqrt,0.7679144385026738,0.7353658536585366,0.7808352217546132,0.6949006050129646,0.6543478260869565,0.5912596401028277,0.47520661157024796,0.782312925170068,0.6528384279475983,0.5619834710743802,0.45535714285714285,0.7338129496402878
187,5,0.1,5,0.05,0.6,log2,0.7402406417112299,0.7191790721202486,0.7215777262180975,0.7167963123019303,0.6152173913043478,0.5541561712846348,0.44,0.7482993197278912,0.6200873362445415,0.546875,0.42857142857142855,0.7553956834532374
188,5,0.1,5,0.05,0.7,sqrt,0.7552139037433155,0.7214361783051879,0.7643455834945196,0.683088447133391,0.6608695652173913,0.5958549222797928,0.4811715481171548,0.782312925170068,0.62882096069869,0.5380434782608695,0.43231441048034935,0.7122302158273381
189,5,0.1,5,0.05,0.7,log2,0.7532085561497326,0.723072307230723,0.7543035993740219,0.6943244021895707,0.6347826086956522,0.58,0.45849802371541504,0.7891156462585034,0.631004366812227,0.5493333333333333,0.4364406779661017,0.7410071942446043
190,5,0.1,5,0.1,0.3,sqrt,0.6641711229946524,0.6673728813559322,0.6174957118353345,0.7260155574762316,0.5347826086956522,0.5327510917030568,0.39228295819935693,0.8299319727891157,0.5109170305676856,0.4954954954954955,0.36065573770491804,0.7913669064748201
191,5,0.1,5,0.1,0.3,log2,0.7020053475935829,0.6499136170881106,0.7144337016574586,0.596081820800922,0.6152173913043478,0.5426356589147286,0.4375,0.7142857142857143,0.6266375545851528,0.5289256198347108,0.42857142857142855,0.6906474820143885
192,5,0.1,5,0.1,0.4,sqrt,0.6772727272727272,0.694353000759686,0.6193810707025074,0.7899740708729472,0.5695652173913044,0.5657894736842105,0.4174757281553398,0.8775510204081632,0.5152838427947598,0.5152838427947598,0.36990595611285265,0.8489208633093526
193,5,0.1,5,0.1,0.4,log2,0.6481283422459893,0.6365644849489092,0.611243701935826,0.6640737539613945,0.5434782608695652,0.5291479820627802,0.39464882943143814,0.8027210884353742,0.5393013100436681,0.5035294117647059,0.3741258741258741,0.7697841726618705
194,5,0.1,5,0.1,0.5,sqrt,0.7124331550802139,0.6575386085018309,0.7348754448398577,0.5949294151541342,0.6260869565217392,0.5497382198952879,0.44680851063829785,0.7142857142857143,0.6353711790393013,0.5348189415041783,0.43636363636363634,0.6906474820143885
195,5,0.1,5,0.1,0.5,log2,0.652139037433155,0.6405084277424703,0.6153437748871782,0.6678190723134544,0.5434782608695652,0.53125,0.3953488372093023,0.8095238095238095,0.5458515283842795,0.5094339622641509,0.37894736842105264,0.7769784172661871
196,5,0.1,5,0.1,0.6,sqrt,0.6926470588235294,0.6487394957983194,0.6906310995445674,0.6116392970325555,0.6065217391304348,0.5440806045340051,0.432,0.7346938775510204,0.6179039301310044,0.5257452574525745,0.4217391304347826,0.697841726618705
197,5,0.1,5,0.1,0.6,log2,0.7270053475935829,0.6657937806873977,0.7707464948844259,0.5859982713915298,0.6434782608695652,0.5614973262032086,0.46255506607929514,0.7142857142857143,0.648471615720524,0.5439093484419264,0.4485981308411215,0.6906474820143885
198,5,0.1,5,0.1,0.7,sqrt,0.7280748663101604,0.6903166869671132,0.7319987084275105,0.6531259003169115,0.6413043478260869,0.5843828715365239,0.464,0.7891156462585034,0.6375545851528385,0.5608465608465608,0.4435146443514644,0.762589928057554
199,5,0.1,5,0.1,0.7,log2,0.725,0.6689200064381137,0.7578409919766593,0.5986747335061942,0.6413043478260869,0.5623342175066313,0.4608695652173913,0.7210884353741497,0.6441048034934498,0.5408450704225352,0.4444444444444444,0.6906474820143885
200,5,0.1,6,0.05,0.3,sqrt,0.7124331550802139,0.6633275943027078,0.7261823166552434,0.6104868913857678,0.6260869565217392,0.5544041450777202,0.4476987447698745,0.7278911564625851,0.62882096069869,0.5303867403314917,0.4304932735426009,0.6906474820143885
201,5,0.1,6,0.05,0.3,log2,0.7113636363636363,0.6578989066708921,0.7309859154929578,0.5980985306828004,0.6239130434782608,0.5529715762273901,0.44583333333333336,0.7278911564625851,0.6353711790393013,0.5348189415041783,0.43636363636363634,0.6906474820143885
202,5,0.1,6,0.05,0.4,sqrt,0.7401069518716578,0.7182608695652174,0.7226596675415573,0.7139152981849611,0.6173913043478261,0.5665024630541872,0.444015444015444,0.782312925170068,0.611353711790393,0.538860103626943,0.42105263157894735,0.7482014388489209
203,5,0.1,6,0.05,0.4,log2,0.7263368983957219,0.6828814872192099,0.7386058981233244,0.6349755113800057,0.6239130434782608,0.5529715762273901,0.44583333333333336,0.7278911564625851,0.6419213973799127,0.5418994413407822,0.4429223744292237,0.697841726618705
204,5,0.1,6,0.05,0.5,sqrt,0.7053475935828877,0.6523659305993691,0.7208086441268735,0.595793719389225,0.6173913043478261,0.5440414507772021,0.4393305439330544,0.7142857142857143,0.62882096069869,0.5303867403314917,0.4304932735426009,0.6906474820143885
205,5,0.1,6,0.05,0.5,log2,0.7501336898395722,0.7075575027382256,0.7743150684931507,0.65139729184673,0.6369565217391304,0.5593667546174143,0.45689655172413796,0.7210884353741497,0.6441048034934498,0.5408450704225352,0.4444444444444444,0.6906474820143885
206,5,0.1,6,0.05,0.6,sqrt,0.7545454545454545,0.7155252556554075,0.7740529668119343,0.6652261596081821,0.6413043478260869,0.5691906005221932,0.461864406779661,0.7414965986394558,0.6462882096069869,0.554945054945055,0.4488888888888889,0.7266187050359713
207,5,0.1,6,0.05,0.6,log2,0.7306149732620321,0.6909983131421561,0.738688524590164,0.6490924805531547,0.6413043478260869,0.5669291338582677,0.46153846153846156,0.7346938775510204,0.6746724890829694,0.6005361930294906,0.47863247863247865,0.8057553956834532
208,5,0.1,6,0.05,0.7,sqrt,0.7601604278074866,0.7348507242092817,0.7544764795144158,0.7162201094785364,0.6347826086956522,0.5778894472361809,0.4581673306772908,0.782312925170068,0.6375545851528385,0.5585106382978723,0.4430379746835443,0.7553956834532374
209,5,0.1,6,0.05,0.7,log2,0.758288770053476,0.7391806116560877,0.7402484830973707,0.7381158167675022,0.6130434782608696,0.555,0.43873517786561267,0.7551020408163265,0.631004366812227,0.5587467362924282,0.4385245901639344,0.7697841726618705
210,5,0.1,6,0.1,0.3,sqrt,0.706951871657754,0.6652412950519242,0.7078323041923952,0.6274848746758859,0.6130434782608696,0.5527638190954773,0.43824701195219123,0.7482993197278912,0.6048034934497817,0.5173333333333333,0.4110169491525424,0.697841726618705
211,5,0.1,6,0.1,0.3,log2,0.6913101604278075,0.6480719402530102,0.6880258899676376,0.6125036012676462,0.6021739130434782,0.5390428211586902,0.428,0.7278911564625851,0.6091703056768559,0.5226666666666666,0.4152542372881356,0.7050359712230215
212,5,0.1,6,0.1,0.4,sqrt,0.7271390374331551,0.6742218675179569,0.7559055118110236,0.6084701815038893,0.6369565217391304,0.5662337662337662,0.4579831932773109,0.7414965986394558,0.6222707423580786,0.5286103542234333,0.42543859649122806,0.697841726618705
213,5,0.1,6,0.1,0.4,log2,0.7244652406417113,0.6699759807846277,0.7541456380677721,0.602708153269951,0.6391304347826087,0.5677083333333334,0.459915611814346,0.7414965986394558,0.6353711790393013,0.5399449035812672,0.4375,0.7050359712230215
214,5,0.1,6,0.1,0.5,sqrt,0.675668449197861,0.6545143833665622,0.6471416502393692,0.662057044079516,0.5739130434782609,0.5483870967741935,0.4146341463414634,0.8095238095238095,0.5611353711790393,0.5179856115107914,0.38848920863309355,0.7769784172661871
215,5,0.1,6,0.1,0.5,log2,0.7157754010695188,0.668227215980025,0.7289751447054817,0.6168251224431,0.6195652173913043,0.5569620253164557,0.4435483870967742,0.7482993197278912,0.6200873362445415,0.5271739130434783,0.42358078602620086,0.697841726618705
216,5,0.1,6,0.1,0.6,sqrt,0.7092245989304813,0.6387643248629796,0.7541176470588236,0.554019014693172,0.6413043478260869,0.56,0.4605263157894737,0.7142857142857143,0.648471615720524,0.5439093484419264,0.4485981308411215,0.6906474820143885
217,5,0.1,6,0.1,0.6,log2,0.6906417112299466,0.6438904278239458,0.6911133135117278,0.602708153269951,0.6086956521739131,0.5454545454545454,0.43373493975903615,0.7346938775510204,0.6157205240174672,0.5217391304347826,0.4192139737991266,0.6906474820143885
218,5,0.1,6,0.1,0.7,sqrt,0.7094919786096257,0.6645051721475992,0.7159015302727878,0.6199942379717661,0.6217391304347826,0.5538461538461539,0.4444444444444444,0.7346938775510204,0.6244541484716157,0.5300546448087432,0.42731277533039647,0.697841726618705
219,5,0.1,6,0.1,0.7,log2,0.7172459893048129,0.6587058253993868,0.7487160674981658,0.5880149812734082,0.6369565217391304,0.5570291777188329,0.45652173913043476,0.7142857142857143,0.6441048034934498,0.5408450704225352,0.4444444444444444,0.6906474820143885
220,5,0.1,7,0.05,0.3,sqrt,0.6959893048128343,0.6555589215389276,0.6911529862663686,0.623451454912129,0.6108695652173913,0.5558312655086849,0.4375,0.7619047619047619,0.6069868995633187,0.5263157894736842,0.4149377593360996,0.7194244604316546
221,5,0.1,7,0.05,0.3,log2,0.7061497326203209,0.6643249847281613,0.7068573285667858,0.6266205704407951,0.6217391304347826,0.5561224489795918,0.4448979591836735,0.7414965986394558,0.6135371179039302,0.5254691689008043,0.4188034188034188,0.7050359712230215
222,5,0.1,7,0.05,0.4,sqrt,0.7397058823529412,0.6871283946649526,0.7768895348837209,0.6159608182080092,0.6456521739130435,0.5653333333333334,0.4649122807017544,0.7210884353741497,0.6353711790393013,0.5348189415041783,0.43636363636363634,0.6906474820143885
223,5,0.1,7,0.05,0.4,log2,0.7029411764705882,0.6527039699906221,0.7133583874274001,0.6015557476231633,0.6173913043478261,0.5510204081632653,0.44081632653061226,0.7346938775510204,0.6244541484716157,0.5274725274725275,0.4266666666666667,0.6906474820143885
224,5,0.1,7,0.05,0.5,sqrt,0.7334224598930481,0.6954795357361027,0.7400064998375041,0.6560069144338807,0.6304347826086957,0.5572916666666666,0.45147679324894513,0.7278911564625851,0.631004366812227,0.5318559556786704,0.43243243243243246,0.6906474820143885
225,5,0.1,7,0.05,0.5,log2,0.7655080213903743,0.7428906479038405,0.7561921814383766,0.7300489772399885,0.6369565217391304,0.5835411471321695,0.46062992125984253,0.7959183673469388,0.6157205240174672,0.5440414507772021,0.4251012145748988,0.7553956834532374
226,5,0.1,7,0.05,0.6,sqrt,0.7018716577540107,0.679136690647482,0.6783558493820063,0.6799193316047248,0.6021739130434782,0.5459057071960298,0.4296875,0.7482993197278912,0.6375545851528385,0.5721649484536082,0.4457831325301205,0.7985611510791367
227,5,0.1,7,0.05,0.6,log2,0.7614973262032085,0.7234108527131783,0.7831487076200068,0.6721405934889081,0.658695652173913,0.5900783289817232,0.4788135593220339,0.7687074829931972,0.6419213973799127,0.5418994413407822,0.4429223744292237,0.697841726618705
228,5,0.1,7,0.05,0.7,sqrt,0.7530748663101604,0.7190019777879203,0.7617666021921341,0.6807836358398156,0.6565217391304348,0.5885416666666666,0.4767932489451477,0.7687074829931972,0.6397379912663755,0.5403899721448467,0.4409090909090909,0.697841726618705
229,5,0.1,7,0.05,0.7,log2,0.7191176470588235,0.6791876622385097,0.7225471085120208,0.6407375396139441,0.6108695652173913,0.5491183879093199,0.436,0.7414965986394558,0.6200873362445415,0.5271739130434783,0.42358078602620086,0.697841726618705
230,5,0.1,7,0.1,0.3,sqrt,0.7053475935828877,0.6523659305993691,0.7208086441268735,0.595793719389225,0.6195652173913043,0.5478036175710594,0.44166666666666665,0.7210884353741497,0.62882096069869,0.5303867403314917,0.4304932735426009,0.6906474820143885
231,5,0.1,7,0.1,0.3,log2,0.7054812834224599,0.654864483785054,0.7177197802197802,0.6021319504465572,0.6173913043478261,0.5463917525773195,0.43983402489626555,0.7210884353741497,0.6179039301310044,0.5231607629427792,0.42105263157894735,0.6906474820143885
232,5,0.1,7,0.1,0.4,sqrt,0.7113636363636363,0.6533954085728046,0.7378535170413343,0.5862863728032267,0.6260869565217392,0.5520833333333334,0.4472573839662447,0.7210884353741497,0.6397379912663755,0.5378151260504201,0.44036697247706424,0.6906474820143885
233,5,0.1,7,0.1,0.4,log2,0.7026737967914438,0.7033875700186717,0.6548298981872361,0.759723422644771,0.5760869565217391,0.5657015590200446,0.4205298013245033,0.8639455782312925,0.5567685589519651,0.5354691075514875,0.3926174496644295,0.841726618705036
234,5,0.1,7,0.1,0.5,sqrt,0.7010695187165775,0.6248322147651006,0.7480916030534351,0.53644482857966,0.6326086956521739,0.5444743935309974,0.45089285714285715,0.6870748299319728,0.6506550218340611,0.5454545454545454,0.4507042253521127,0.6906474820143885
235,5,0.1,7,0.1,0.5,log2,0.721524064171123,0.6592507770325535,0.7626797880393641,0.5805243445692884,0.6413043478260869,0.56,0.4605263157894737,0.7142857142857143,0.648471615720524,0.5439093484419264,0.4485981308411215,0.6906474820143885
236,5,0.1,7,0.1,0.6,sqrt,0.7181818181818181,0.661419852232573,0.7473684210526316,0.5932008066839527,0.6347826086956522,0.5555555555555556,0.45454545454545453,0.7142857142857143,0.6353711790393013,0.5348189415041783,0.43636363636363634,0.6906474820143885
237,5,0.1,7,0.1,0.6,log2,0.7032085561497327,0.6267652992602556,0.7525232135647961,0.5370210314030539,0.6347826086956522,0.5459459459459459,0.452914798206278,0.6870748299319728,0.6506550218340611,0.5454545454545454,0.4507042253521127,0.6906474820143885
238,5,0.1,7,0.1,0.7,sqrt,0.7466577540106952,0.7058823529411765,0.7651413189771198,0.6551426101987899,0.6413043478260869,0.5669291338582677,0.46153846153846156,0.7346938775510204,0.6375545851528385,0.5414364640883977,0.43946188340807174,0.7050359712230215
239,5,0.1,7,0.1,0.7,log2,0.7258021390374332,0.6984267019555948,0.7132132132132132,0.6842408527801787,0.6021739130434782,0.5653206650831354,0.4343065693430657,0.8095238095238095,0.5938864628820961,0.5326633165829145,0.4092664092664093,0.762589928057554
240,5,0.1,8,0.05,0.3,sqrt,0.7371657754010695,0.6874403815580287,0.7669386307201135,0.6228752520887353,0.6391304347826087,0.5608465608465608,0.4588744588744589,0.7210884353741497,0.6419213973799127,0.5393258426966292,0.4423963133640553,0.6906474820143885
241,5,0.1,8,0.05,0.3,log2,0.7060160427807487,0.6615360935816531,0.7101784534038335,0.6191299337366754,0.6152173913043478,0.5518987341772152,0.43951612903225806,0.7414965986394558,0.6091703056768559,0.5226666666666666,0.4152542372881356,0.7050359712230215
242,5,0.1,8,0.05,0.4,sqrt,0.7355614973262032,0.6902599436266834,0.7560891938250429,0.6349755113800057,0.6326086956521739,0.5633074935400517,0.45416666666666666,0.7414965986394558,0.6506550218340611,0.5652173913043478,0.45414847161572053,0.7482014388489209
243,5,0.1,8,0.05,0.4,log2,0.7114973262032086,0.7077464788732394,0.6677740863787376,0.7528089887640449,0.5630434782608695,0.54421768707483,0.40816326530612246,0.8163265306122449,0.5676855895196506,0.5395348837209303,0.39862542955326463,0.8345323741007195
244,5,0.1,8,0.05,0.5,sqrt,0.7205882352941176,0.687125748502994,0.7151760673106887,0.6611927398444253,0.6108695652173913,0.5536159600997507,0.43700787401574803,0.7551020408163265,0.6157205240174672,0.5319148936170213,0.4219409282700422,0.7194244604316546
245,5,0.1,8,0.05,0.5,log2,0.7245989304812834,0.683076923076923,0.7329151535160119,0.6395851339671564,0.6239130434782608,0.5529715762273901,0.44583333333333336,0.7278911564625851,0.6462882096069869,0.5597826086956522,0.4497816593886463,0.7410071942446043
246,5,0.1,8,0.05,0.6,sqrt,0.7483957219251337,0.7131971959768363,0.7570365577483015,0.6741573033707865,0.658695652173913,0.5922077922077922,0.4789915966386555,0.7755102040816326,0.6462882096069869,0.5597826086956522,0.4497816593886463,0.7410071942446043
247,5,0.1,8,0.05,0.6,log2,0.7303475935828877,0.6913542463657231,0.7372715404699739,0.6508210890233362,0.6304347826086957,0.5595854922279793,0.45188284518828453,0.7346938775510204,0.62882096069869,0.532967032967033,0.4311111111111111,0.697841726618705
248,5,0.1,8,0.05,0.7,sqrt,0.7536096256684492,0.731771212341726,0.7394117647058823,0.7242869490060502,0.658695652173913,0.6005089058524173,0.4796747967479675,0.8027210884353742,0.6593886462882096,0.5894736842105263,0.46473029045643155,0.8057553956834532
249,5,0.1,8,0.05,0.7,log2,0.7118983957219251,0.6674895849405956,0.7186046511627907,0.6231633535004322,0.6130434782608696,0.5482233502538071,0.43724696356275305,0.7346938775510204,0.6244541484716157,0.5274725274725275,0.4266666666666667,0.6906474820143885
250,5,0.1,8,0.1,0.3,sqrt,0.7020053475935829,0.6499136170881106,0.7144337016574586,0.596081820800922,0.6130434782608696,0.5412371134020618,0.43568464730290457,0.7142857142857143,0.6266375545851528,0.5289256198347108,0.42857142857142855,0.6906474820143885
251,5,0.1,8,0.1,0.3,log2,0.6910427807486631,0.6427577678157366,0.6934623082054703,0.5989628349178912,0.6086956521739131,0.5431472081218274,0.4331983805668016,0.7278911564625851,0.6222707423580786,0.5286103542234333,0.42543859649122806,0.697841726618705
252,5,0.1,8,0.1,0.4,sqrt,0.6823529411764706,0.6640271493212669,0.6520410996945293,0.6764621146643619,0.5869565217391305,0.5681818181818182,0.42662116040955633,0.8503401360544217,0.5786026200873362,0.5437352245862884,0.40492957746478875,0.8273381294964028
253,5,0.1,8,0.1,0.4,log2,0.7205882352941176,0.6584967320261438,0.7606644016610041,0.5805243445692884,0.6413043478260869,0.5623342175066313,0.4608695652173913,0.7210884353741497,0.648471615720524,0.5439093484419264,0.4485981308411215,0.6906474820143885
254,5,0.1,8,0.1,0.5,sqrt,0.7044117647058824,0.6554464703132304,0.7138492871690427,0.6058772687986171,0.6173913043478261,0.5487179487179488,0.4403292181069959,0.7278911564625851,0.631004366812227,0.5344352617079889,0.4330357142857143,0.697841726618705
255,5,0.1,8,0.1,0.5,log2,0.6905080213903744,0.6488700136508418,0.6851377322229341,0.6162489196197062,0.6065217391304348,0.5463659147869674,0.43253968253968256,0.7414965986394558,0.5982532751091703,0.5132275132275133,0.40585774058577406,0.697841726618705
256,5,0.1,8,0.1,0.6,sqrt,0.6942513368983957,0.6557278338100256,0.6866330390920555,0.6274848746758859,0.6086956521739131,0.5522388059701493,0.43529411764705883,0.7551020408163265,0.5960698689956332,0.5169712793733682,0.4057377049180328,0.7122302158273381
257,5,0.1,8,0.1,0.6,log2,0.6719251336898395,0.6551433389544689,0.6395061728395062,0.6715643906655142,0.5652173913043478,0.5454545454545454,0.40955631399317405,0.8163265306122449,0.5545851528384279,0.5142857142857142,0.38434163701067614,0.7769784172661871
258,5,0.1,8,0.1,0.7,sqrt,0.7148395721925134,0.658556106931327,0.7409942363112392,0.5926246038605589,0.6282608695652174,0.5535248041775457,0.4491525423728814,0.7210884353741497,0.6397379912663755,0.5378151260504201,0.44036697247706424,0.6906474820143885
259,5,0.1,8,0.1,0.7,log2,0.7100267379679145,0.6570750988142292,0.7281009110021023,0.5986747335061942,0.6195652173913043,0.5501285347043702,0.44214876033057854,0.7278911564625851,0.6266375545851528,0.5315068493150685,0.42920353982300885,0.697841726618705
260,5,0.1,9,0.05,0.3,sqrt,0.7685828877005347,0.7505404236921747,0.7508650519031141,0.7502160760587727,0.6391304347826087,0.5951219512195122,0.46387832699619774,0.8299319727891157,0.6179039301310044,0.5569620253164557,0.4296875,0.7913669064748201
261,5,0.1,9,0.05,0.3,log2,0.7262032085561497,0.6848261003385657,0.7350512058143376,0.6410256410256411,0.6239130434782608,0.5728395061728395,0.4496124031007752,0.7891156462585034,0.6222707423580786,0.5435356200527705,0.42916666666666664,0.7410071942446043
262,5,0.1,9,0.05,0.4,sqrt,0.7390374331550802,0.6977392381542273,0.7542684968195514,0.6490924805531547,0.6608695652173913,0.59375,0.4810126582278481,0.7755102040816326,0.6615720524017468,0.5706371191135734,0.46396396396396394,0.7410071942446043
263,5,0.1,9,0.05,0.4,log2,0.7201871657754011,0.6789384874980825,0.7260498687664042,0.637568424085278,0.6195652173913043,0.5524296675191815,0.4426229508196721,0.7346938775510204,0.631004366812227,0.5344352617079889,0.4330357142857143,0.697841726618705
264,5,0.1,9,0.05,0.5,sqrt,0.7149732620320856,0.688030436055019,0.6990782039845376,0.6773264188994526,0.6043478260869565,0.5404040404040404,0.42971887550200805,0.7278911564625851,0.6572052401746725,0.5857519788918206,0.4625,0.7985611510791367
265,5,0.1,9,0.05,0.5,log2,0.7193850267379679,0.6651778593077046,0.7451751250893496,0.6006914433880726,0.6413043478260869,0.5646437994722955,0.46120689655172414,0.7278911564625851,0.6572052401746725,0.5650969529085873,0.4594594594594595,0.7338129496402878
266,5,0.1,9,0.05,0.6,sqrt,0.743048128342246,0.6997813183380194,0.764244285226885,0.6453471622010948,0.6391304347826087,0.5585106382978723,0.4585152838427948,0.7142857142857143,0.6615720524017468,0.5706371191135734,0.46396396396396394,0.7410071942446043
267,5,0.1,9,0.05,0.6,log2,0.729144385026738,0.6744858611825193,0.7624409734834726,0.6047248631518295,0.6391304347826087,0.5585106382978723,0.4585152838427948,0.7142857142857143,0.6419213973799127,0.5393258426966292,0.4423963133640553,0.6906474820143885
268,5,0.1,9,0.05,0.7,sqrt,0.7552139037433155,0.7241223444327256,0.7590018951358181,0.6923076923076923,0.6239130434782608,0.5575447570332481,0.44672131147540983,0.7414965986394558,0.6266375545851528,0.5365853658536586,0.43043478260869567,0.7122302158273381
269,5,0.1,9,0.05,0.7,log2,0.7237967914438502,0.6799876084262702,0.7353433835845896,0.6323825986747335,0.6260869565217392,0.5544041450777202,0.4476987447698745,0.7278911564625851,0.6375545851528385,0.5388888888888889,0.43891402714932126,0.697841726618705
270,5,0.1,9,0.1,0.3,sqrt,0.6482620320855615,0.6154071042245286,0.6246290801186943,0.6064534716220109,0.5543478260869565,0.5265588914549654,0.3986013986013986,0.7755102040816326,0.5633187772925764,0.5192307692307693,0.3898916967509025,0.7769784172661871
271,5,0.1,9,0.1,0.3,log2,0.6573529411764706,0.6447678447678448,0.6212606837606838,0.6701238836070297,0.5521739130434783,0.5381165919282511,0.4013377926421405,0.8163265306122449,0.5524017467248908,0.5153664302600472,0.38380281690140844,0.7841726618705036
272,5,0.1,9,0.1,0.4,sqrt,0.7053475935828877,0.6523659305993691,0.7208086441268735,0.595793719389225,0.6173913043478261,0.5440414507772021,0.4393305439330544,0.7142857142857143,0.62882096069869,0.5303867403314917,0.4304932735426009,0.6906474820143885
273,5,0.1,9,0.1,0.4,log2,0.6927807486631016,0.6881107491856677,0.6505003849114703,0.7303370786516854,0.5760869565217391,0.5676274944567627,0.42105263157894735,0.8707482993197279,0.5567685589519651,0.5354691075514875,0.3926174496644295,0.841726618705036
274,5,0.1,9,0.1,0.5,sqrt,0.7029411764705882,0.6505190311418685,0.7163145133356426,0.595793719389225,0.6152173913043478,0.5426356589147286,0.4375,0.7142857142857143,0.6266375545851528,0.5289256198347108,0.42857142857142855,0.6906474820143885
275,5,0.1,9,0.1,0.5,log2,0.7266042780748663,0.6734791633402523,0.7553724928366762,0.6076058772687987,0.6347826086956522,0.5625,0.45569620253164556,0.7346938775510204,0.631004366812227,0.5344352617079889,0.4330357142857143,0.697841726618705
276,5,0.1,9,0.1,0.6,sqrt,0.7248663101604278,0.6618468616496878,0.7701720841300191,0.5802362431575915,0.6456521739130435,0.5653333333333334,0.4649122807017544,0.7210884353741497,0.6506550218340611,0.5454545454545454,0.4507042253521127,0.6906474820143885
277,5,0.1,9,0.1,0.6,log2,0.6979946524064171,0.6567390974016107,0.694855305466238,0.6225871506770383,0.6108695652173913,0.5536159600997507,0.43700787401574803,0.7551020408163265,0.5960698689956332,0.5169712793733682,0.4057377049180328,0.7122302158273381
278,5,0.1,9,0.1,0.7,sqrt,0.7033422459893048,0.6508261211644375,0.7170596393897365,0.595793719389225,0.6173913043478261,0.5440414507772021,0.4393305439330544,0.7142857142857143,0.6266375545851528,0.5289256198347108,0.42857142857142855,0.6906474820143885
279,5,0.1,9,0.1,0.7,log2,0.7054812834224599,0.6566931587969456,0.7152070604209098,0.6070296744454048,0.6217391304347826,0.5538461538461539,0.4444444444444444,0.7346938775510204,0.6222707423580786,0.5286103542234333,0.42543859649122806,0.697841726618705
280,5,0.15,3,0.05,0.3,sqrt,0.695855614973262,0.6474507980784131,0.7005365526492288,0.6018438490348603,0.6195652173913043,0.5524296675191815,0.4426229508196721,0.7346938775510204,0.6179039301310044,0.5231607629427792,0.42105263157894735,0.6906474820143885
281,5,0.15,3,0.05,0.3,log2,0.6700534759358289,0.6499290780141844,0.6401229393685387,0.6600403341976375,0.5630434782608695,0.5421412300683371,0.4075342465753425,0.8095238095238095,0.5545851528384279,0.5142857142857142,0.38434163701067614,0.7769784172661871
282,5,0.15,3,0.05,0.4,sqrt,0.7394385026737967,0.7027604087235017,0.7465975372650681,0.6637856525496975,0.6456521739130435,0.5809768637532133,0.4669421487603306,0.7687074829931972,0.6441048034934498,0.5582655826558266,0.44782608695652176,0.7410071942446043
283,5,0.15,3,0.05,0.4,log2,0.7422459893048128,0.6931890515595163,0.7742623533594027,0.6274848746758859,0.6478260869565218,0.5691489361702128,0.4672489082969432,0.7278911564625851,0.648471615720524,0.5439093484419264,0.4485981308411215,0.6906474820143885
284,5,0.15,3,0.05,0.5,sqrt,0.725,0.6680651928352429,0.7593543653705063,0.5963699222126189,0.6456521739130435,0.5676392572944297,0.4652173913043478,0.7278911564625851,0.6506550218340611,0.5454545454545454,0.4507042253521127,0.6906474820143885
285,5,0.15,3,0.05,0.5,log2,0.7378342245989304,0.7044461190655614,0.738621997471555,0.6732929991356957,0.6304347826086957,0.5833333333333334,0.4559386973180077,0.8095238095238095,0.6026200873362445,0.5380710659898477,0.41568627450980394,0.762589928057554
286,5,0.15,3,0.05,0.6,sqrt,0.725,0.6709326507758758,0.75431654676259,0.6041486603284356,0.65,0.5796344647519582,0.4703389830508475,0.7551020408163265,0.6550218340611353,0.56353591160221,0.45739910313901344,0.7338129496402878
287,5,0.15,3,0.05,0.6,log2,0.7568181818181818,0.7195930322182827,0.7738726790450928,0.672428694900605,0.6630434782608695,0.5974025974025974,0.4831932773109244,0.782312925170068,0.6506550218340611,0.5628415300546448,0.45374449339207046,0.7410071942446043
288,5,0.15,3,0.05,0.7,sqrt,0.7545454545454545,0.7234106658632118,0.7581307230817809,0.6917314894842985,0.6543478260869565,0.5848563968668408,0.4745762711864407,0.7619047619047619,0.6724890829694323,0.5989304812834224,0.4765957446808511,0.8057553956834532
289,5,0.15,3,0.05,0.7,log2,0.7647058823529411,0.7334141169342624,0.7732353880549345,0.6974935177182369,0.6478260869565218,0.5824742268041238,0.46887966804979253,0.7687074829931972,0.6222707423580786,0.5361930294906166,0.42735042735042733,0.7194244604316546
290,5,0.15,3,0.1,0.3,sqrt,0.671524064171123,0.6556412053258585,0.6383733624454149,0.6738692019590896,0.558695652173913,0.5375854214123007,0.4041095890410959,0.8027210884353742,0.5567685589519651,0.5155131264916468,0.38571428571428573,0.7769784172661871
291,5,0.15,3,0.1,0.3,log2,0.7001336898395721,0.6695152497421542,0.6851628468033776,0.6545664073753962,0.5869565217391305,0.5539906103286385,0.4229390681003584,0.8027210884353742,0.5895196506550219,0.5228426395939086,0.403921568627451,0.7410071942446043
292,5,0.15,3,0.1,0.4,sqrt,0.6689839572192513,0.6493911073350326,0.6385407964355333,0.6606165370210314,0.5630434782608695,0.5421412300683371,0.4075342465753425,0.8095238095238095,0.5545851528384279,0.5142857142857142,0.38434163701067614,0.7769784172661871
293,5,0.15,3,0.1,0.4,log2,0.7044117647058824,0.6476494023904382,0.724679029957204,0.585422068568136,0.6217391304347826,0.5421052631578948,0.44206008583690987,0.7006802721088435,0.6397379912663755,0.5378151260504201,0.44036697247706424,0.6906474820143885
294,5,0.15,3,0.1,0.5,sqrt,0.7102941176470589,0.6516637196592188,0.7370909090909091,0.5839815615096514,0.6347826086956522,0.5555555555555556,0.45454545454545453,0.7142857142857143,0.6419213973799127,0.5393258426966292,0.4423963133640553,0.6906474820143885
295,5,0.15,3,0.1,0.5,log2,0.7508021390374332,0.7295414973882762,0.734872844197603,0.7242869490060502,0.6434782608695652,0.6019417475728155,0.4679245283018868,0.8435374149659864,0.6244541484716157,0.5634517766497462,0.43529411764705883,0.7985611510791367
296,5,0.15,3,0.1,0.6,sqrt,0.705614973262032,0.652571789207952,0.7213114754098361,0.595793719389225,0.6173913043478261,0.5440414507772021,0.4393305439330544,0.7142857142857143,0.62882096069869,0.5303867403314917,0.4304932735426009,0.6906474820143885
297,5,0.15,3,0.1,0.6,log2,0.7371657754010695,0.6992964209238299,0.7453537658950115,0.658599827139153,0.6282608695652174,0.5714285714285714,0.4523809523809524,0.7755102040816326,0.6200873362445415,0.5347593582887701,0.425531914893617,0.7194244604316546
298,5,0.15,3,0.1,0.7,sqrt,0.7152406417112299,0.6666666666666666,0.7297019527235354,0.6136560069144339,0.6282608695652174,0.5581395348837209,0.45,0.7346938775510204,0.6266375545851528,0.5315068493150685,0.42920353982300885,0.697841726618705
299,5,0.15,3,0.1,0.7,log2,0.6897058823529412,0.6516584121266696,0.6801378446115288,0.6254681647940075,0.6043478260869565,0.5472636815920398,0.43137254901960786,0.7482993197278912,0.5982532751091703,0.5132275132275133,0.40585774058577406,0.697841726618705
300,5,0.15,4,0.05,0.3,sqrt,0.7520053475935828,0.723092998955068,0.7503097893432465,0.6977816191299338,0.6456521739130435,0.6014669926650367,0.46946564885496184,0.8367346938775511,0.6419213973799127,0.5794871794871795,0.450199203187251,0.8129496402877698
301,5,0.15,4,0.05,0.3,log2,0.6851604278074866,0.6477187733732236,0.6736154324828874,0.6237395563238259,0.6,0.5467980295566502,0.42857142857142855,0.7551020408163265,0.5873362445414847,0.5116279069767442,0.39919354838709675,0.7122302158273381
302,5,0.15,4,0.05,0.4,sqrt,0.6883689839572192,0.6428680864102957,0.6865183246073299,0.6044367617401325,0.6065217391304348,0.5440806045340051,0.432,0.7346938775510204,0.6135371179039302,0.522911051212938,0.41810344827586204,0.697841726618705
303,5,0.15,4,0.05,0.4,log2,0.7557486631016043,0.7265379434216435,0.7560747663551401,0.6992221261884183,0.6282608695652174,0.575682382133995,0.453125,0.7891156462585034,0.6222707423580786,0.5459317585301837,0.4297520661157025,0.7482014388489209
304,5,0.15,4,0.05,0.5,sqrt,0.7136363636363636,0.6625708884688091,0.7309697601668405,0.6058772687986171,0.6260869565217392,0.5544041450777202,0.4476987447698745,0.7278911564625851,0.6375545851528385,0.5363128491620112,0.4383561643835616,0.6906474820143885
305,5,0.15,4,0.05,0.5,log2,0.7090909090909091,0.6601062168072477,0.7209143636983965,0.6087582829155863,0.6195652173913043,0.5501285347043702,0.44214876033057854,0.7278911564625851,0.6244541484716157,0.5274725274725275,0.4266666666666667,0.6906474820143885
306,5,0.15,4,0.05,0.6,sqrt,0.7744652406417112,0.7569514479181674,0.7570605187319884,0.7568424085278018,0.6152173913043478,0.549618320610687,0.43902439024390244,0.7346938775510204,0.6528384279475983,0.5891472868217055,0.4596774193548387,0.8201438848920863
307,5,0.15,4,0.05,0.6,log2,0.7216577540106952,0.6733605271415124,0.7392352738546332,0.6182656295015846,0.6304347826086957,0.5595854922279793,0.45188284518828453,0.7346938775510204,0.6375545851528385,0.5439560439560439,0.44,0.7122302158273381
308,5,0.15,4,0.05,0.7,sqrt,0.7344919786096257,0.6932344763670065,0.7472527472527473,0.6464995678478824,0.6347826086956522,0.5602094240837696,0.4553191489361702,0.7278911564625851,0.6528384279475983,0.5643835616438356,0.4557522123893805,0.7410071942446043
309,5,0.15,4,0.05,0.7,log2,0.7140374331550802,0.6637321175915737,0.7304498269896194,0.6081820800921924,0.6239130434782608,0.5597964376590331,0.44715447154471544,0.7482993197278912,0.6157205240174672,0.5268817204301075,0.4206008583690987,0.7050359712230215
310,5,0.15,4,0.1,0.3,sqrt,0.6470588235294118,0.6589147286821705,0.5973295853829936,0.7346585998271391,0.508695652173913,0.5291666666666667,0.3813813813813814,0.8639455782312925,0.5043668122270742,0.49443207126948774,0.3580645161290323,0.7985611510791367
311,5,0.15,4,0.1,0.3,log2,0.6398395721925134,0.6332698066975224,0.6002580645161291,0.6701238836070297,0.5304347826086957,0.5283842794759825,0.3890675241157556,0.8231292517006803,0.5305676855895196,0.5034642032332564,0.3707482993197279,0.7841726618705036
312,5,0.15,4,0.1,0.4,sqrt,0.7053475935828877,0.6523659305993691,0.7208086441268735,0.595793719389225,0.6173913043478261,0.5440414507772021,0.4393305439330544,0.7142857142857143,0.62882096069869,0.5303867403314917,0.4304932735426009,0.6906474820143885
313,5,0.15,4,0.1,0.4,log2,0.7053475935828877,0.6523659305993691,0.7208086441268735,0.595793719389225,0.6173913043478261,0.5440414507772021,0.4393305439330544,0.7142857142857143,0.62882096069869,0.5303867403314917,0.4304932735426009,0.6906474820143885
314,5,0.15,4,0.1,0.5,sqrt,0.7057486631016042,0.6287738235790183,0.758340113913751,0.5370210314030539,0.6347826086956522,0.5459459459459459,0.452914798206278,0.6870748299319728,0.6528384279475983,0.5470085470085471,0.4528301886792453,0.6906474820143885
315,5,0.15,4,0.1,0.5,log2,0.6871657754010695,0.6487541278895227,0.6772171732999059,0.6225871506770383,0.6,0.5467980295566502,0.42857142857142855,0.7551020408163265,0.5917030567685589,0.5142857142857142,0.4024390243902439,0.7122302158273381
316,5,0.15,4,0.1,0.6,sqrt,0.6955882352941176,0.6918392204628502,0.6523736600306279,0.7363872082973206,0.5760869565217391,0.5637583892617449,0.42,0.8571428571428571,0.5611353711790393,0.5336426914153132,0.3938356164383562,0.8273381294964028
317,5,0.15,4,0.1,0.6,log2,0.7077540106951872,0.6561811890531614,0.7225493591963976,0.6009795447997696,0.6195652173913043,0.5478036175710594,0.44166666666666665,0.7210884353741497,0.62882096069869,0.5303867403314917,0.4304932735426009,0.6906474820143885
318,5,0.15,4,0.1,0.7,sqrt,0.7366310160427807,0.692475803933812,0.7557069846678024,0.6390089311437626,0.6239130434782608,0.5552699228791774,0.4462809917355372,0.7346938775510204,0.6331877729257642,0.5384615384615384,0.43555555555555553,0.7050359712230215
319,5,0.15,4,0.1,0.7,log2,0.7335561497326203,0.6777687954729184,0.7722918201915991,0.6038605589167387,0.6478260869565218,0.5691489361702128,0.4672489082969432,0.7278911564625851,0.6506550218340611,0.5454545454545454,0.4507042253521127,0.6906474820143885
320,5,0.15,5,0.05,0.3,sqrt,0.7334224598930481,0.680755683637528,0.7661261261261261,0.6125036012676462,0.6521739130434783,0.5833333333333334,0.47257383966244726,0.7619047619047619,0.6572052401746725,0.5674931129476584,0.45982142857142855,0.7410071942446043
321,5,0.15,5,0.05,0.3,log2,0.7340909090909091,0.6840349483717236,0.7623937677053825,0.620282339383463,0.6434782608695652,0.5661375661375662,0.46320346320346323,0.7278911564625851,0.6397379912663755,0.5378151260504201,0.44036697247706424,0.6906474820143885
322,5,0.15,5,0.05,0.4,sqrt,0.7231283422459893,0.6943173431734317,0.711864406779661,0.6776145203111495,0.6021739130434782,0.5590361445783133,0.43283582089552236,0.7891156462585034,0.6135371179039302,0.5402597402597402,0.42276422764227645,0.7482014388489209
323,5,0.15,5,0.05,0.4,log2,0.7306149732620321,0.6720911310008136,0.7722513089005235,0.5949294151541342,0.6413043478260869,0.5623342175066313,0.4608695652173913,0.7210884353741497,0.6462882096069869,0.5423728813559322,0.44651162790697674,0.6906474820143885
324,5,0.15,5,0.05,0.5,sqrt,0.7177807486631016,0.6718482822944194,0.7295746117488183,0.6225871506770383,0.6217391304347826,0.5561224489795918,0.4448979591836735,0.7414965986394558,0.6179039301310044,0.5257452574525745,0.4217391304347826,0.697841726618705
325,5,0.15,5,0.05,0.5,log2,0.6985294117647058,0.650874748413067,0.7034805890227577,0.6055891673869201,0.6130434782608696,0.5482233502538071,0.43724696356275305,0.7346938775510204,0.6200873362445415,0.5271739130434783,0.42358078602620086,0.697841726618705
326,5,0.15,5,0.05,0.6,sqrt,0.7254010695187165,0.6974071891573365,0.7135966234549291,0.6819360414866033,0.6,0.5422885572139303,0.42745098039215684,0.7414965986394558,0.6048034934497817,0.519893899204244,0.4117647058823529,0.7050359712230215
327,5,0.15,5,0.05,0.6,log2,0.746524064171123,0.7035647279549718,0.7692307692307693,0.648228176318064,0.6413043478260869,0.5646437994722955,0.46120689655172414,0.7278911564625851,0.6375545851528385,0.5388888888888889,0.43891402714932126,0.697841726618705
328,5,0.15,5,0.05,0.7,sqrt,0.7693850267379679,0.7521907771871857,0.7501432664756447,0.7542494958225295,0.6326086956521739,0.5785536159600998,0.4566929133858268,0.7891156462585034,0.6506550218340611,0.5918367346938775,0.45849802371541504,0.8345323741007195
329,5,0.15,5,0.05,0.7,log2,0.7387700534759358,0.6997541487400123,0.7497530457688508,0.6560069144338807,0.6347826086956522,0.5625,0.45569620253164556,0.7346938775510204,0.6441048034934498,0.5509641873278237,0.44642857142857145,0.7194244604316546
330,5,0.15,5,0.1,0.3,sqrt,0.7077540106951872,0.6619239096814105,0.7145242070116862,0.6165370210314031,0.6173913043478261,0.5532994923857868,0.44129554655870445,0.7414965986394558,0.6222707423580786,0.5336927223719676,0.4267241379310345,0.7122302158273381
331,5,0.15,5,0.1,0.3,log2,0.6469251336898396,0.6145088308276164,0.6227810650887574,0.6064534716220109,0.558695652173913,0.5290023201856149,0.4014084507042254,0.7755102040816326,0.5589519650655022,0.5167464114832536,0.3870967741935484,0.7769784172661871
332,5,0.15,5,0.1,0.4,sqrt,0.6911764705882353,0.6622807017543859,0.672306322350846,0.6525496974935178,0.5934782608695652,0.557919621749409,0.427536231884058,0.8027210884353742,0.5873362445414847,0.5215189873417722,0.40234375,0.7410071942446043
333,5,0.15,5,0.1,0.4,log2,0.672192513368984,0.6510105323085682,0.6433192686357243,0.6588879285508499,0.5739130434782609,0.5504587155963303,0.41522491349480967,0.8163265306122449,0.5655021834061136,0.5227817745803357,0.3920863309352518,0.7841726618705036
334,5,0.15,5,0.1,0.5,sqrt,0.703475935828877,0.6623020706455542,0.7022925411688731,0.6266205704407951,0.6130434782608696,0.5615763546798029,0.44015444015444016,0.7755102040816326,0.6222707423580786,0.5411140583554377,0.42857142857142855,0.7338129496402878
335,5,0.15,5,0.1,0.5,log2,0.7074866310160428,0.6523673339688593,0.7272405242649663,0.5914721982137713,0.6326086956521739,0.5587467362924282,0.4533898305084746,0.7278911564625851,0.6419213973799127,0.5418994413407822,0.4429223744292237,0.697841726618705
336,5,0.15,5,0.1,0.6,sqrt,0.7106951871657754,0.6543130990415336,0.7343133739691646,0.5900316911552866,0.6239130434782608,0.5483028720626631,0.4449152542372881,0.7142857142857143,0.6353711790393013,0.5348189415041783,0.43636363636363634,0.6906474820143885
337,5,0.15,5,0.1,0.6,log2,0.7012032085561497,0.6563124711671536,0.7038258575197889,0.6148084125612215,0.6195652173913043,0.5591939546599496,0.444,0.7551020408163265,0.6069868995633187,0.5238095238095238,0.41422594142259417,0.7122302158273381
338,5,0.15,5,0.1,0.7,sqrt,0.738903743315508,0.6850507982583455,0.778021978021978,0.6119273984442524,0.6630434782608695,0.5953002610966057,0.4830508474576271,0.7755102040816326,0.6637554585152838,0.5722222222222222,0.4660633484162896,0.7410071942446043
339,5,0.15,5,0.1,0.7,log2,0.6918449197860963,0.6529137178135823,0.6839116719242903,0.6246038605589167,0.6065217391304348,0.5508684863523573,0.43359375,0.7551020408163265,0.5960698689956332,0.5169712793733682,0.4057377049180328,0.7122302158273381
340,5,0.15,6,0.05,0.3,sqrt,0.6926470588235294,0.6473385488571867,0.6922572178477691,0.6078939786804956,0.6108695652173913,0.5468354430379747,0.43548387096774194,0.7346938775510204,0.611353711790393,0.521505376344086,0.41630901287553645,0.697841726618705
341,5,0.15,6,0.05,0.3,log2,0.7614973262032085,0.7448512585812357,0.7395626242544732,0.7502160760587727,0.6434782608695652,0.6076555023923444,0.46863468634686345,0.8639455782312925,0.611353711790393,0.5615763546798029,0.42696629213483145,0.8201438848920863
342,5,0.15,6,0.05,0.4,sqrt,0.695855614973262,0.6475600309837335,0.7004021447721179,0.6021319504465572,0.6173913043478261,0.5487179487179488,0.4403292181069959,0.7278911564625851,0.6244541484716157,0.5274725274725275,0.4266666666666667,0.6906474820143885
343,5,0.15,6,0.05,0.4,log2,0.729144385026738,0.6715304798962386,0.767890248424175,0.5966580236243157,0.6456521739130435,0.5676392572944297,0.4652173913043478,0.7278911564625851,0.648471615720524,0.5439093484419264,0.4485981308411215,0.6906474820143885
344,5,0.15,6,0.05,0.5,sqrt,0.7088235294117647,0.663161150634086,0.7158597662771286,0.6176894266781907,0.6152173913043478,0.549618320610687,0.43902439024390244,0.7346938775510204,0.6091703056768559,0.5226666666666666,0.4152542372881356,0.7050359712230215
345,5,0.15,6,0.05,0.5,log2,0.723663101604278,0.6808707735062529,0.7335329341317365,0.6352636127917026,0.6217391304347826,0.5492227979274611,0.4435146443514644,0.7210884353741497,0.6244541484716157,0.5274725274725275,0.4266666666666667,0.6906474820143885
346,5,0.15,6,0.05,0.6,sqrt,0.7320855614973262,0.6960873521383075,0.7348703170028819,0.6611927398444253,0.6282608695652174,0.5581395348837209,0.45,0.7346938775510204,0.6462882096069869,0.5597826086956522,0.4497816593886463,0.7410071942446043
347,5,0.15,6,0.05,0.6,log2,0.7739304812834225,0.7442915469529714,0.7832590706556334,0.7090175741861136,0.6543478260869565,0.5954198473282443,0.47560975609756095,0.7959183673469388,0.6419213973799127,0.5638297872340425,0.4472573839662447,0.762589928057554
348,5,0.15,6,0.05,0.7,sqrt,0.7635026737967915,0.7376538632656088,0.7600855745721271,0.7165082108902333,0.6347826086956522,0.5670103092783505,0.45643153526970953,0.7482993197278912,0.6550218340611353,0.5752688172043011,0.4592274678111588,0.7697841726618705
349,5,0.15,6,0.05,0.7,log2,0.7586898395721925,0.7169515446134546,0.786648313833448,0.658599827139153,0.65,0.5706666666666667,0.4692982456140351,0.7278911564625851,0.6462882096069869,0.5423728813559322,0.44651162790697674,0.6906474820143885
350,5,0.15,6,0.1,0.3,sqrt,0.6941176470588235,0.6523852932239441,0.6901317904210865,0.6185537309132815,0.6065217391304348,0.5508684863523573,0.43359375,0.7551020408163265,0.5938864628820961,0.515625,0.40408163265306124,0.7122302158273381
351,5,0.15,6,0.1,0.3,log2,0.6897058823529412,0.6448355011476664,0.6876631853785901,0.6070296744454048,0.6108695652173913,0.5536159600997507,0.43700787401574803,0.7551020408163265,0.6026200873362445,0.5159574468085106,0.4092827004219409,0.697841726618705
352,5,0.15,6,0.1,0.4,sqrt,0.6926470588235294,0.6494892514102759,0.6897668393782384,0.6136560069144339,0.6086956521739131,0.55,0.43478260869565216,0.7482993197278912,0.6069868995633187,0.5212765957446809,0.41350210970464135,0.7050359712230215
353,5,0.15,6,0.1,0.4,log2,0.7053475935828877,0.6523659305993691,0.7208086441268735,0.595793719389225,0.6173913043478261,0.5440414507772021,0.4393305439330544,0.7142857142857143,0.62882096069869,0.5303867403314917,0.4304932735426009,0.6906474820143885
354,5,0.15,6,0.1,0.5,sqrt,0.7065508021390374,0.6532933185910599,0.7230769230769231,0.595793719389225,0.6173913043478261,0.5440414507772021,0.4393305439330544,0.7142857142857143,0.62882096069869,0.5303867403314917,0.4304932735426009,0.6906474820143885
355,5,0.15,6,0.1,0.5,log2,0.7080213903743315,0.655085281111813,0.7249213561691716,0.5975223278594065,0.6217391304347826,0.5515463917525774,0.44398340248962653,0.7278911564625851,0.6375545851528385,0.5388888888888889,0.43891402714932126,0.697841726618705
356,5,0.15,6,0.1,0.6,sqrt,0.7050802139037433,0.6573470021745884,0.7131782945736435,0.6096225871506771,0.6195652173913043,0.5524296675191815,0.4426229508196721,0.7346938775510204,0.6266375545851528,0.5289256198347108,0.42857142857142855,0.6906474820143885
357,5,0.15,6,0.1,0.6,log2,0.6505347593582887,0.6451262557697529,0.6100128369704749,0.6845289541918755,0.5304347826086957,0.5242290748898678,0.38762214983713356,0.8095238095238095,0.5458515283842795,0.5117370892018779,0.3797909407665505,0.7841726618705036
358,5,0.15,6,0.1,0.7,sqrt,0.6951871657754011,0.6473863284874729,0.698831385642738,0.602996254681648,0.6195652173913043,0.5524296675191815,0.4426229508196721,0.7346938775510204,0.6266375545851528,0.5315068493150685,0.42920353982300885,0.697841726618705
359,5,0.15,6,0.1,0.7,log2,0.7272727272727273,0.6665576985943119,0.7703060068001512,0.5874387784500144,0.6434782608695652,0.5614973262032086,0.46255506607929514,0.7142857142857143,0.6441048034934498,0.5408450704225352,0.4444444444444444,0.6906474820143885
360,5,0.15,7,0.05,0.3,sqrt,0.7152406417112299,0.6572256195687158,0.7444403937294932,0.5883030826851051,0.6282608695652174,0.5511811023622047,0.44871794871794873,0.7142857142857143,0.6441048034934498,0.5408450704225352,0.4444444444444444,0.6906474820143885
361,5,0.15,7,0.05,0.3,log2,0.7030748663101605,0.650621362277804,0.7165627165627165,0.595793719389225,0.6173913043478261,0.5440414507772021,0.4393305439330544,0.7142857142857143,0.62882096069869,0.5303867403314917,0.4304932735426009,0.6906474820143885
362,5,0.15,7,0.05,0.4,sqrt,0.6580213903743316,0.641837020442453,0.6243530373195315,0.6603284356093345,0.5521739130434783,0.536036036036036,0.4006734006734007,0.8095238095238095,0.5545851528384279,0.5142857142857142,0.38434163701067614,0.7769784172661871
363,5,0.15,7,0.05,0.4,log2,0.7176470588235294,0.6626198083067093,0.7436357117246325,0.5975223278594065,0.6391304347826087,0.5631578947368421,0.4592274678111588,0.7278911564625851,0.6462882096069869,0.5423728813559322,0.44651162790697674,0.6906474820143885
364,5,0.15,7,0.05,0.5,sqrt,0.7577540106951872,0.7233587786259542,0.7694056511854498,0.6825122443099971,0.658695652173913,0.59846547314578,0.47950819672131145,0.7959183673469388,0.6179039301310044,0.5308310991957105,0.4230769230769231,0.7122302158273381
365,5,0.15,7,0.05,0.5,log2,0.729812834224599,0.6746095636773466,0.7645985401459854,0.6035724575050417,0.6413043478260869,0.5669291338582677,0.46153846153846156,0.7346938775510204,0.6331877729257642,0.5359116022099447,0.4349775784753363,0.697841726618705
366,5,0.15,7,0.05,0.6,sqrt,0.7505347593582887,0.7106079404466501,0.7695666778636211,0.6600403341976375,0.6413043478260869,0.5669291338582677,0.46153846153846156,0.7346938775510204,0.62882096069869,0.532967032967033,0.4311111111111111,0.697841726618705
367,5,0.15,7,0.05,0.6,log2,0.6915775401069518,0.6448036951501155,0.6924603174603174,0.6032843560933449,0.6108695652173913,0.544529262086514,0.4349593495934959,0.7278911564625851,0.6091703056768559,0.5201072386058981,0.41452991452991456,0.697841726618705
368,5,0.15,7,0.05,0.7,sqrt,0.7377005347593583,0.7022761760242792,0.7419044565565887,0.6666666666666666,0.6391304347826087,0.5631578947368421,0.4592274678111588,0.7278911564625851,0.6790393013100436,0.6016260162601627,0.4826086956521739,0.7985611510791367
369,5,0.15,7,0.05,0.7,log2,0.7239304812834224,0.6849733028222731,0.7279507133592736,0.6467876692595794,0.6130434782608696,0.5412371134020618,0.43568464730290457,0.7142857142857143,0.6441048034934498,0.5582655826558266,0.44782608695652176,0.7410071942446043
370,5,0.15,7,0.1,0.3,sqrt,0.6502673796791444,0.6517571884984026,0.6057906458797327,0.7052722558340536,0.5282608695652173,0.5353319057815846,0.390625,0.8503401360544217,0.5218340611353712,0.5011389521640092,0.36666666666666664,0.7913669064748201
371,5,0.15,7,0.1,0.3,log2,0.6433155080213904,0.6340192043895747,0.6051322335689971,0.6658023624315759,0.5413043478260869,0.532150776053215,0.39473684210526316,0.8163265306122449,0.5393013100436681,0.5058548009367682,0.375,0.7769784172661871
372,5,0.15,7,0.1,0.4,sqrt,0.7239304812834224,0.6977016542233934,0.7092261904761905,0.686545664073754,0.6021739130434782,0.5459057071960298,0.4296875,0.7482993197278912,0.6026200873362445,0.5235602094240838,0.411522633744856,0.7194244604316546
373,5,0.15,7,0.1,0.4,log2,0.7053475935828877,0.6523659305993691,0.7208086441268735,0.595793719389225,0.6173913043478261,0.5440414507772021,0.4393305439330544,0.7142857142857143,0.62882096069869,0.5303867403314917,0.4304932735426009,0.6906474820143885
374,5,0.15,7,0.1,0.5,sqrt,0.7049465240641711,0.6520573860949078,0.7200557103064067,0.595793719389225,0.6173913043478261,0.5440414507772021,0.4393305439330544,0.7142857142857143,0.6266375545851528,0.5289256198347108,0.42857142857142855,0.6906474820143885
375,5,0.15,7,0.1,0.5,log2,0.7025401069518716,0.6545567458469181,0.7097643097643098,0.6073177758571017,0.6108695652173913,0.5491183879093199,0.436,0.7414965986394558,0.6157205240174672,0.5243243243243243,0.4199134199134199,0.697841726618705
376,5,0.15,7,0.1,0.6,sqrt,0.7148395721925134,0.666353824495542,0.728952772073922,0.6136560069144339,0.6260869565217392,0.5567010309278351,0.44813278008298757,0.7346938775510204,0.6331877729257642,0.5359116022099447,0.4349775784753363,0.697841726618705
377,5,0.15,7,0.1,0.6,log2,0.7453208556149733,0.7202232339550595,0.7345715997603355,0.7064246614808413,0.6152173913043478,0.5672371638141809,0.44274809160305345,0.7891156462585034,0.6069868995633187,0.533678756476684,0.41700404858299595,0.7410071942446043
378,5,0.15,7,0.1,0.7,sqrt,0.7225935828877005,0.6624369611192452,0.7608370702541106,0.5865744742149237,0.6369565217391304,0.5546666666666666,0.45614035087719296,0.7074829931972789,0.648471615720524,0.5439093484419264,0.4485981308411215,0.6906474820143885
379,5,0.15,7,0.1,0.7,log2,0.7010695187165775,0.6482064191315292,0.7140381282495667,0.5934889080956497,0.6260869565217392,0.5567010309278351,0.44813278008298757,0.7346938775510204,0.631004366812227,0.5318559556786704,0.43243243243243246,0.6906474820143885
380,5,0.15,8,0.05,0.3,sqrt,0.7282085561497326,0.6752914869829101,0.7577060931899642,0.6090463843272832,0.6434782608695652,0.5706806282722513,0.46382978723404256,0.7414965986394558,0.6397379912663755,0.5403899721448467,0.4409090909090909,0.697841726618705
381,5,0.15,8,0.05,0.3,log2,0.717379679144385,0.6681318681318681,0.7340462228354605,0.61307980409104,0.6347826086956522,0.5647668393782384,0.4560669456066946,0.7414965986394558,0.62882096069869,0.532967032967033,0.4311111111111111,0.697841726618705
382,5,0.15,8,0.05,0.4,sqrt,0.7036096256684492,0.6549416342412452,0.7122545700744752,0.606165370210314,0.6195652173913043,0.5478036175710594,0.44166666666666665,0.7210884353741497,0.6266375545851528,0.5289256198347108,0.42857142857142855,0.6906474820143885
383,5,0.15,8,0.05,0.4,log2,0.6955882352941176,0.6510344827586206,0.6954813359528488,0.6119273984442524,0.6108695652173913,0.544529262086514,0.4349593495934959,0.7278911564625851,0.6222707423580786,0.5286103542234333,0.42543859649122806,0.697841726618705
384,5,0.15,8,0.05,0.5,sqrt,0.7066844919786096,0.6599504029758214,0.714189869171419,0.613367905502737,0.6282608695652174,0.5558441558441558,0.4495798319327731,0.7278911564625851,0.6462882096069869,0.5597826086956522,0.4497816593886463,0.7410071942446043
385,5,0.15,8,0.05,0.5,log2,0.7133689839572193,0.6597905426848619,0.734369480748852,0.5989628349178912,0.6282608695652174,0.5558441558441558,0.4495798319327731,0.7278911564625851,0.6331877729257642,0.5333333333333333,0.4343891402714932,0.6906474820143885
386,5,0.15,8,0.05,0.6,sqrt,0.7116310160427808,0.6766601708889222,0.7053125,0.6502448861999424,0.6108695652173913,0.5491183879093199,0.436,0.7414965986394558,0.6069868995633187,0.5187165775401069,0.4127659574468085,0.697841726618705
387,5,0.15,8,0.05,0.6,log2,0.7526737967914439,0.7104851330203443,0.7776635834189791,0.6539902045520023,0.6456521739130435,0.5630026809651475,0.4646017699115044,0.7142857142857143,0.6528384279475983,0.5643835616438356,0.4557522123893805,0.7410071942446043
388,5,0.15,8,0.05,0.7,sqrt,0.7413101604278075,0.6978922716627635,0.7617586912065439,0.6439066551426103,0.6347826086956522,0.5714285714285714,0.45714285714285713,0.7619047619047619,0.6397379912663755,0.5504087193460491,0.44298245614035087,0.7266187050359713
389,5,0.15,8,0.05,0.7,log2,0.7081550802139037,0.6535470560228536,0.7275618374558304,0.5932008066839527,0.6239130434782608,0.5483028720626631,0.4449152542372881,0.7142857142857143,0.631004366812227,0.5318559556786704,0.43243243243243246,0.6906474820143885
390,5,0.15,8,0.1,0.3,sqrt,0.6882352941176471,0.6505843572070722,0.6778020605682173,0.6254681647940075,0.6021739130434782,0.5481481481481482,0.43023255813953487,0.7551020408163265,0.5917030567685589,0.5117493472584856,0.4016393442622951,0.7050359712230215
391,5,0.15,8,0.1,0.3,log2,0.6409090909090909,0.6333606333606333,0.6018158236057068,0.6683952751368482,0.5304347826086957,0.5263157894736842,0.3883495145631068,0.8163265306122449,0.5305676855895196,0.5011600928074246,0.3698630136986301,0.7769784172661871
392,5,0.15,8,0.1,0.4,sqrt,0.7053475935828877,0.6523659305993691,0.7208086441268735,0.595793719389225,0.6173913043478261,0.5440414507772021,0.4393305439330544,0.7142857142857143,0.62882096069869,0.5303867403314917,0.4304932735426009,0.6906474820143885
393,5,0.15,8,0.1,0.4,log2,0.7223262032085561,0.6625507717303005,0.7596870342771982,0.5874387784500144,0.6391304347826087,0.5585106382978723,0.4585152838427948,0.7142857142857143,0.6441048034934498,0.5408450704225352,0.4444444444444444,0.6906474820143885
394,5,0.15,8,0.1,0.5,sqrt,0.7227272727272728,0.6623249755779876,0.7615125421190565,0.5859982713915298,0.6413043478260869,0.5623342175066313,0.4608695652173913,0.7210884353741497,0.648471615720524,0.5439093484419264,0.4485981308411215,0.6906474820143885
395,5,0.15,8,0.1,0.5,log2,0.6584224598930482,0.6403940886699507,0.6260319207484866,0.6554307116104869,0.558695652173913,0.5375854214123007,0.4041095890410959,0.8027210884353742,0.5567685589519651,0.5155131264916468,0.38571428571428573,0.7769784172661871
396,5,0.15,8,0.1,0.6,sqrt,0.7370320855614974,0.7113719735876742,0.7248803827751196,0.6983578219533275,0.6391304347826087,0.5829145728643216,0.46215139442231074,0.7891156462585034,0.6200873362445415,0.5445026178010471,0.4279835390946502,0.7482014388489209
397,5,0.15,8,0.1,0.6,log2,0.7225935828877005,0.680326606069943,0.7311258278145696,0.6361279170267934,0.6239130434782608,0.5728395061728395,0.4496124031007752,0.7891156462585034,0.6266375545851528,0.5488126649076517,0.43333333333333335,0.7482014388489209
398,5,0.15,8,0.1,0.7,sqrt,0.698663101604278,0.6557727550397068,0.6977575560610985,0.6185537309132815,0.6130434782608696,0.5482233502538071,0.43724696356275305,0.7346938775510204,0.6135371179039302,0.522911051212938,0.41810344827586204,0.697841726618705
399,5,0.15,8,0.1,0.7,log2,0.7233957219251337,0.6959588537839824,0.710257948410318,0.6822241428983002,0.6021739130434782,0.5714285714285714,0.4357142857142857,0.8299319727891157,0.6266375545851528,0.5692695214105793,0.437984496124031,0.8129496402877698
400,5,0.15,9,0.05,0.3,sqrt,0.7052139037433155,0.668769716088328,0.6986817325800376,0.641313742437338,0.6021739130434782,0.5590361445783133,0.43283582089552236,0.7891156462585034,0.6135371179039302,0.5378590078328982,0.42213114754098363,0.7410071942446043
401,5,0.15,9,0.05,0.3,log2,0.689572192513369,0.6643538594969645,0.6666666666666666,0.662057044079516,0.5847826086956521,0.5463182897862233,0.4197080291970803,0.782312925170068,0.5895196506550219,0.5346534653465347,0.4075471698113208,0.7769784172661871
402,5,0.15,9,0.05,0.4,sqrt,0.7044117647058824,0.662597283686861,0.7044127190136276,0.6254681647940075,0.6130434782608696,0.5505050505050505,0.43775100401606426,0.7414965986394558,0.6091703056768559,0.5226666666666666,0.4152542372881356,0.7050359712230215
403,5,0.15,9,0.05,0.4,log2,0.7274064171122995,0.6697975708502024,0.764792899408284,0.595793719389225,0.6413043478260869,0.5623342175066313,0.4608695652173913,0.7210884353741497,0.648471615720524,0.5439093484419264,0.4485981308411215,0.6906474820143885
404,5,0.15,9,0.05,0.5,sqrt,0.7616310160427807,0.7217974723045717,0.7872702518720218,0.6663785652549697,0.6434782608695652,0.5638297872340425,0.462882096069869,0.7210884353741497,0.648471615720524,0.5464788732394367,0.44907407407407407,0.697841726618705
405,5,0.15,9,0.05,0.5,log2,0.7137700534759358,0.6751631011986041,0.7131410256410257,0.6410256410256411,0.6065217391304348,0.5417721518987342,0.4314516129032258,0.7278911564625851,0.6244541484716157,0.5274725274725275,0.4266666666666667,0.6906474820143885
406,5,0.15,9,0.05,0.6,sqrt,0.7294117647058823,0.6939824614454189,0.7301940820871778,0.6611927398444253,0.6217391304347826,0.5538461538461539,0.4444444444444444,0.7346938775510204,0.6244541484716157,0.5300546448087432,0.42731277533039647,0.697841726618705
407,5,0.15,9,0.05,0.6,log2,0.7628342245989305,0.7346694585701465,0.7639191290824261,0.7075770671276289,0.6543478260869565,0.5912596401028277,0.47520661157024796,0.782312925170068,0.6506550218340611,0.5721925133689839,0.4553191489361702,0.7697841726618705
408,5,0.15,9,0.05,0.7,sqrt,0.7410427807486631,0.7132494448556624,0.7335566382460414,0.6940363007778738,0.6043478260869565,0.5380710659898477,0.4291497975708502,0.7210884353741497,0.6550218340611353,0.5863874345549738,0.4609053497942387,0.8057553956834532
409,5,0.15,9,0.05,0.7,log2,0.7334224598930481,0.6927580893682589,0.7446174229877442,0.6476519734946701,0.6347826086956522,0.5602094240837696,0.4553191489361702,0.7278911564625851,0.6593886462882096,0.5714285714285714,0.4622222222222222,0.7482014388489209
410,5,0.15,9,0.1,0.3,sqrt,0.7012032085561497,0.6517064048620851,0.709775967413442,0.6024200518582541,0.6108695652173913,0.544529262086514,0.4349593495934959,0.7278911564625851,0.6244541484716157,0.5300546448087432,0.42731277533039647,0.697841726618705
411,5,0.15,9,0.1,0.3,log2,0.6995989304812834,0.6483017686648928,0.7097326936257711,0.5966580236243157,0.6086956521739131,0.5384615384615384,0.43209876543209874,0.7142857142857143,0.6222707423580786,0.5260273972602739,0.4247787610619469,0.6906474820143885
412,5,0.15,9,0.1,0.4,sqrt,0.6963903743315508,0.6496992133271634,0.6992031872509961,0.6067415730337079,0.6195652173913043,0.5501285347043702,0.44214876033057854,0.7278911564625851,0.6200873362445415,0.5271739130434783,0.42358078602620086,0.697841726618705
413,5,0.15,9,0.1,0.4,log2,0.7053475935828877,0.6523659305993691,0.7208086441268735,0.595793719389225,0.6173913043478261,0.5440414507772021,0.4393305439330544,0.7142857142857143,0.62882096069869,0.5303867403314917,0.4304932735426009,0.6906474820143885
414,5,0.15,9,0.1,0.5,sqrt,0.6994652406417112,0.6576302162656107,0.6975767366720517,0.6220109478536445,0.6152173913043478,0.5518987341772152,0.43951612903225806,0.7414965986394558,0.6048034934497817,0.5173333333333333,0.4110169491525424,0.697841726618705
415,5,0.15,9,0.1,0.5,log2,0.7168449197860962,0.6626314112774769,0.7410046312789454,0.599250936329588,0.6304347826086957,0.5549738219895288,0.451063829787234,0.7210884353741497,0.6397379912663755,0.5378151260504201,0.44036697247706424,0.6906474820143885
416,5,0.15,9,0.1,0.6,sqrt,0.6816844919786096,0.6379808423293295,0.6754668383773342,0.6044367617401325,0.6021739130434782,0.5413533834586466,0.42857142857142855,0.7346938775510204,0.6069868995633187,0.5187165775401069,0.4127659574468085,0.697841726618705
417,5,0.15,9,0.1,0.6,log2,0.7042780748663101,0.6532915360501568,0.7163973874183568,0.6004033419763757,0.6195652173913043,0.5478036175710594,0.44166666666666665,0.7210884353741497,0.62882096069869,0.5303867403314917,0.4304932735426009,0.6906474820143885
418,5,0.15,9,0.1,0.7,sqrt,0.7089572192513369,0.6635759542574563,0.7156666666666667,0.6185537309132815,0.6217391304347826,0.5561224489795918,0.4448979591836735,0.7414965986394558,0.6222707423580786,0.5286103542234333,0.42543859649122806,0.697841726618705
419,5,0.15,9,0.1,0.7,log2,0.7184491978609626,0.662608138417174,0.7463009743774811,0.595793719389225,0.6413043478260869,0.5669291338582677,0.46153846153846156,0.7346938775510204,0.6375545851528385,0.5363128491620112,0.4383561643835616,0.6906474820143885
420,5,0.2,3,0.05,0.3,sqrt,0.722860962566845,0.6629816290034141,0.7608208955223881,0.5874387784500144,0.6391304347826087,0.5585106382978723,0.4585152838427948,0.7142857142857143,0.6441048034934498,0.5408450704225352,0.4444444444444444,0.6906474820143885
421,5,0.2,3,0.05,0.3,log2,0.6287433155080214,0.6414460942543576,0.5811885821244736,0.7156439066551427,0.5065217391304347,0.5260960334029228,0.3795180722891566,0.8571428571428571,0.5109170305676856,0.4977578475336323,0.36156351791530944,0.7985611510791367
422,5,0.2,3,0.05,0.4,sqrt,0.6901069518716577,0.6426148627813753,0.6912106135986733,0.6004033419763757,0.6130434782608696,0.5482233502538071,0.43724696356275305,0.7346938775510204,0.6179039301310044,0.5257452574525745,0.4217391304347826,0.697841726618705
423,5,0.2,3,0.05,0.4,log2,0.6963903743315508,0.650561624865364,0.6981505944517834,0.6090463843272832,0.6173913043478261,0.5487179487179488,0.4403292181069959,0.7278911564625851,0.6222707423580786,0.5260273972602739,0.4247787610619469,0.6906474820143885
424,5,0.2,3,0.05,0.5,sqrt,0.7165775401069518,0.6641318124207858,0.7377683914114749,0.6038605589167387,0.6304347826086957,0.5549738219895288,0.451063829787234,0.7210884353741497,0.6353711790393013,0.5348189415041783,0.43636363636363634,0.6906474820143885
425,5,0.2,3,0.05,0.5,log2,0.7053475935828877,0.6523659305993691,0.7208086441268735,0.595793719389225,0.6173913043478261,0.5440414507772021,0.4393305439330544,0.7142857142857143,0.62882096069869,0.5303867403314917,0.4304932735426009,0.6906474820143885
426,5,0.2,3,0.05,0.6,sqrt,0.7300802139037433,0.685072531586336,0.746938775510204,0.6326707000864304,0.6521739130434783,0.5918367346938775,0.47346938775510206,0.7891156462585034,0.648471615720524,0.5683646112600537,0.452991452991453,0.762589928057554
427,5,0.2,3,0.05,0.6,log2,0.7243315508021391,0.6842266462480857,0.7303040209218699,0.6436185537309133,0.6347826086956522,0.5602094240837696,0.4553191489361702,0.7278911564625851,0.6528384279475983,0.5643835616438356,0.4557522123893805,0.7410071942446043
428,5,0.2,3,0.05,0.7,sqrt,0.7264705882352941,0.6912164201629942,0.7258320126782885,0.6597522327859406,0.6086956521739131,0.5408163265306123,0.4326530612244898,0.7210884353741497,0.6179039301310044,0.5231607629427792,0.42105263157894735,0.6906474820143885
429,5,0.2,3,0.05,0.7,log2,0.7294117647058823,0.6913693199146081,0.7343699384515711,0.6531259003169115,0.6217391304347826,0.5538461538461539,0.4444444444444444,0.7346938775510204,0.6506550218340611,0.5675675675675675,0.45454545454545453,0.7553956834532374
430,5,0.2,3,0.1,0.3,sqrt,0.6405080213903743,0.6311891372925524,0.6023560209424084,0.6629213483146067,0.5369565217391304,0.5318681318681319,0.39285714285714285,0.8231292517006803,0.5327510917030568,0.5046296296296297,0.3720136518771331,0.7841726618705036
431,5,0.2,3,0.1,0.3,log2,0.649331550802139,0.6370554863705549,0.6128860489882854,0.6632094497263037,0.5413043478260869,0.5279642058165548,0.3933333333333333,0.8027210884353742,0.5393013100436681,0.5058548009367682,0.375,0.7769784172661871
432,5,0.2,3,0.1,0.4,sqrt,0.7124331550802139,0.6574295269947444,0.7350427350427351,0.5946413137424373,0.6260869565217392,0.5520833333333334,0.4472573839662447,0.7210884353741497,0.6397379912663755,0.5378151260504201,0.44036697247706424,0.6906474820143885
433,5,0.2,3,0.1,0.4,log2,0.6989304812834225,0.6240400667779633,0.741961095672886,0.5384615384615384,0.6282608695652174,0.5415549597855228,0.4469026548672566,0.6870748299319728,0.6419213973799127,0.5393258426966292,0.4423963133640553,0.6906474820143885
434,5,0.2,3,0.1,0.5,sqrt,0.7080213903743315,0.6544303797468355,0.7258687258687259,0.595793719389225,0.6195652173913043,0.5454545454545454,0.4411764705882353,0.7142857142857143,0.6331877729257642,0.5333333333333333,0.4343891402714932,0.6906474820143885
435,5,0.2,3,0.1,0.5,log2,0.7030748663101605,0.6539959495248481,0.7120081411126187,0.6047248631518295,0.6195652173913043,0.5501285347043702,0.44214876033057854,0.7278911564625851,0.6244541484716157,0.5274725274725275,0.4266666666666667,0.6906474820143885
436,5,0.2,3,0.1,0.6,sqrt,0.7490641711229946,0.7210581067023332,0.7446286065070595,0.6989340247767214,0.6239130434782608,0.5728395061728395,0.4496124031007752,0.7891156462585034,0.6200873362445415,0.5445026178010471,0.4279835390946502,0.7482014388489209
437,5,0.2,3,0.1,0.6,log2,0.7131016042780749,0.6525259067357513,0.744916820702403,0.5805243445692884,0.6347826086956522,0.5555555555555556,0.45454545454545453,0.7142857142857143,0.6462882096069869,0.5423728813559322,0.44651162790697674,0.6906474820143885
438,5,0.2,3,0.1,0.7,sqrt,0.7271390374331551,0.6722338204592901,0.7594339622641509,0.602996254681648,0.6413043478260869,0.5646437994722955,0.46120689655172414,0.7278911564625851,0.6506550218340611,0.5480225988700564,0.4511627906976744,0.697841726618705
439,5,0.2,3,0.1,0.7,log2,0.7073529411764706,0.652925321071825,0.7260225669957687,0.5932008066839527,0.6239130434782608,0.5483028720626631,0.4449152542372881,0.7142857142857143,0.62882096069869,0.5303867403314917,0.4304932735426009,0.6906474820143885
440,5,0.2,4,0.05,0.3,sqrt,0.6887700534759358,0.6427255985267035,0.6876847290640394,0.6032843560933449,0.6065217391304348,0.5440806045340051,0.432,0.7346938775510204,0.6179039301310044,0.5257452574525745,0.4217391304347826,0.697841726618705
441,5,0.2,4,0.05,0.3,log2,0.7053475935828877,0.6523659305993691,0.7208086441268735,0.595793719389225,0.6173913043478261,0.5440414507772021,0.4393305439330544,0.7142857142857143,0.62882096069869,0.5303867403314917,0.4304932735426009,0.6906474820143885
442,5,0.2,4,0.05,0.4,sqrt,0.6778074866310161,0.6601804850535815,0.6465064899199117,0.6744454047824834,0.5717391304347826,0.55125284738041,0.4143835616438356,0.8231292517006803,0.5567685589519651,0.517814726840855,0.38652482269503546,0.7841726618705036
443,5,0.2,4,0.05,0.4,log2,0.7053475935828877,0.6523659305993691,0.7208086441268735,0.595793719389225,0.6173913043478261,0.5440414507772021,0.4393305439330544,0.7142857142857143,0.62882096069869,0.5303867403314917,0.4304932735426009,0.6906474820143885
444,5,0.2,4,0.05,0.5,sqrt,0.7024064171122995,0.6557377049180327,0.7078464106844741,0.6107749927974647,0.6173913043478261,0.5510204081632653,0.44081632653061226,0.7346938775510204,0.6266375545851528,0.5289256198347108,0.42857142857142855,0.6906474820143885
445,5,0.2,4,0.05,0.5,log2,0.7310160427807486,0.6917892156862745,0.7386326463853451,0.6505329876116392,0.6239130434782608,0.5483028720626631,0.4449152542372881,0.7142857142857143,0.6572052401746725,0.5722070844686649,0.4605263157894737,0.7553956834532374
446,5,0.2,4,0.05,0.6,sqrt,0.7244652406417113,0.6838472158306489,0.7312992125984252,0.6421780466724287,0.6239130434782608,0.5529715762273901,0.44583333333333336,0.7278911564625851,0.6550218340611353,0.5659340659340659,0.4577777777777778,0.7410071942446043
447,5,0.2,4,0.05,0.6,log2,0.7364973262032085,0.6994968745235555,0.7428756476683938,0.6609046384327283,0.6260869565217392,0.5544041450777202,0.4476987447698745,0.7278911564625851,0.6222707423580786,0.5260273972602739,0.4247787610619469,0.6906474820143885
448,5,0.2,4,0.05,0.7,sqrt,0.7421122994652406,0.7253310551046561,0.7170608108108109,0.7337942955920485,0.5956521739130435,0.541871921182266,0.4247104247104247,0.7482993197278912,0.62882096069869,0.5618556701030928,0.43775100401606426,0.7841726618705036
449,5,0.2,4,0.05,0.7,log2,0.7160427807486631,0.6621062678969137,0.7392539964476021,0.5995390377412849,0.6304347826086957,0.5595854922279793,0.45188284518828453,0.7346938775510204,0.6331877729257642,0.5359116022099447,0.4349775784753363,0.697841726618705
450,5,0.2,4,0.1,0.3,sqrt,0.645187165775401,0.6594816525532461,0.5944945639602128,0.7404206280610774,0.508695652173913,0.5311203319502075,0.382089552238806,0.8707482993197279,0.5065502183406113,0.49777777777777776,0.36012861736334406,0.8057553956834532
451,5,0.2,4,0.1,0.3,log2,0.645187165775401,0.6133449883449883,0.6203949307397584,0.6064534716220109,0.55,0.5241379310344828,0.3958333333333333,0.7755102040816326,0.5589519650655022,0.5167464114832536,0.3870967741935484,0.7769784172661871
452,5,0.2,4,0.1,0.4,sqrt,0.6624331550802139,0.6635576282478348,0.6172533465542885,0.7173725151253241,0.5391304347826087,0.5350877192982456,0.3948220064724919,0.8299319727891157,0.5152838427947598,0.4954545454545455,0.36212624584717606,0.7841726618705036
453,5,0.2,4,0.1,0.4,log2,0.7283422459893049,0.6804026423403586,0.7492206442674056,0.6231633535004322,0.6391304347826087,0.5699481865284974,0.4602510460251046,0.7482993197278912,0.6179039301310044,0.5283018867924528,0.4224137931034483,0.7050359712230215
454,5,0.2,4,0.1,0.5,sqrt,0.7229946524064171,0.6836641221374046,0.7271841506982787,0.6450590607893979,0.6152173913043478,0.5473145780051151,0.4385245901639344,0.7278911564625851,0.631004366812227,0.5344352617079889,0.4330357142857143,0.697841726618705
455,5,0.2,4,0.1,0.5,log2,0.7152406417112299,0.6607199745141765,0.738867117919487,0.5975223278594065,0.6304347826086957,0.5549738219895288,0.451063829787234,0.7210884353741497,0.6397379912663755,0.5378151260504201,0.44036697247706424,0.6906474820143885
456,5,0.2,4,0.1,0.6,sqrt,0.7100267379679145,0.6689055106090673,0.7113636363636363,0.6312301930279458,0.6195652173913043,0.5679012345679012,0.44573643410852715,0.782312925170068,0.6004366812227074,0.5246753246753246,0.4105691056910569,0.7266187050359713
457,5,0.2,4,0.1,0.6,log2,0.7049465240641711,0.7083388396986917,0.654296875,0.7721117833477384,0.5760869565217391,0.5676274944567627,0.42105263157894735,0.8707482993197279,0.5567685589519651,0.5375854214123007,0.3933333333333333,0.8489208633093526
458,5,0.2,4,0.1,0.7,sqrt,0.7114973262032086,0.6649068322981366,0.7211182216234422,0.6168251224431,0.6260869565217392,0.5612244897959183,0.4489795918367347,0.7482993197278912,0.6200873362445415,0.5271739130434783,0.42358078602620086,0.697841726618705
459,5,0.2,4,0.1,0.7,log2,0.7163101604278075,0.6632814979371628,0.738255033557047,0.6021319504465572,0.6391304347826087,0.5631578947368421,0.4592274678111588,0.7278911564625851,0.6419213973799127,0.5393258426966292,0.4423963133640553,0.6906474820143885
460,5,0.2,5,0.05,0.3,sqrt,0.6909090909090909,0.645072152287381,0.6904370686822215,0.6053010659752233,0.6086956521739131,0.5454545454545454,0.43373493975903615,0.7346938775510204,0.6179039301310044,0.5257452574525745,0.4217391304347826,0.697841726618705
461,5,0.2,5,0.05,0.3,log2,0.682620320855615,0.6460942158616577,0.6694470188446092,0.6243157591472198,0.6,0.5467980295566502,0.42857142857142855,0.7551020408163265,0.5873362445414847,0.5116279069767442,0.39919354838709675,0.7122302158273381
462,5,0.2,5,0.05,0.4,sqrt,0.7025401069518716,0.6502122307813237,0.7155709342560553,0.595793719389225,0.6260869565217392,0.5520833333333334,0.4472573839662447,0.7210884353741497,0.6353711790393013,0.5348189415041783,0.43636363636363634,0.6906474820143885
463,5,0.2,5,0.05,0.4,log2,0.6891711229946524,0.643021649009673,0.6883629191321499,0.6032843560933449,0.6086956521739131,0.5454545454545454,0.43373493975903615,0.7346938775510204,0.6179039301310044,0.5257452574525745,0.4217391304347826,0.697841726618705
464,5,0.2,5,0.05,0.5,sqrt,0.7109625668449198,0.6692166462668299,0.7135399673735726,0.6300777873811582,0.6326086956521739,0.5743073047858942,0.456,0.7755102040816326,0.6179039301310044,0.5333333333333333,0.423728813559322,0.7194244604316546
465,5,0.2,5,0.05,0.5,log2,0.7287433155080214,0.6733215263242635,0.7631386861313869,0.6024200518582541,0.6413043478260869,0.5646437994722955,0.46120689655172414,0.7278911564625851,0.6419213973799127,0.5393258426966292,0.4423963133640553,0.6906474820143885
466,5,0.2,5,0.05,0.6,sqrt,0.7258021390374332,0.6695666183341389,0.7595029239766082,0.5986747335061942,0.6434782608695652,0.5661375661375662,0.46320346320346323,0.7278911564625851,0.6441048034934498,0.5408450704225352,0.4444444444444444,0.6906474820143885
467,5,0.2,5,0.05,0.6,log2,0.7279411764705882,0.6763162080483538,0.7549715909090909,0.6125036012676462,0.6326086956521739,0.5587467362924282,0.4533898305084746,0.7278911564625851,0.6375545851528385,0.5363128491620112,0.4383561643835616,0.6906474820143885
468,5,0.2,5,0.05,0.7,sqrt,0.731951871657754,0.7037091768878381,0.7223907766990292,0.6859694612503602,0.6326086956521739,0.5806451612903226,0.45703125,0.7959183673469388,0.6091703056768559,0.5251989389920424,0.41596638655462187,0.7122302158273381
469,5,0.2,5,0.05,0.7,log2,0.7362299465240641,0.6867756786791555,0.7648514851485149,0.6231633535004322,0.6391304347826087,0.5631578947368421,0.4592274678111588,0.7278911564625851,0.62882096069869,0.5303867403314917,0.4304932735426009,0.6906474820143885
470,5,0.2,5,0.1,0.3,sqrt,0.7108288770053476,0.6650147127148831,0.7190221031480241,0.6185537309132815,0.6130434782608696,0.5527638190954773,0.43824701195219123,0.7482993197278912,0.6135371179039302,0.5254691689008043,0.4188034188034188,0.7050359712230215
471,5,0.2,5,0.1,0.3,log2,0.6697860962566845,0.6627525942108138,0.6298987801712951,0.6992221261884183,0.5434782608695652,0.5333333333333333,0.39603960396039606,0.8163265306122449,0.5283842794759825,0.5,0.36860068259385664,0.7769784172661871
472,5,0.2,5,0.1,0.4,sqrt,0.6762032085561497,0.6727911375303972,0.6334266090053422,0.7173725151253241,0.5521739130434783,0.5401785714285714,0.4019933554817276,0.8231292517006803,0.5327510917030568,0.5069124423963134,0.3728813559322034,0.7913669064748201
473,5,0.2,5,0.1,0.4,log2,0.7105614973262032,0.6539875339619626,0.7343862167982771,0.5894554883318929,0.6239130434782608,0.5483028720626631,0.4449152542372881,0.7142857142857143,0.6353711790393013,0.5348189415041783,0.43636363636363634,0.6906474820143885
474,5,0.2,5,0.1,0.5,sqrt,0.6909090909090909,0.643979057591623,0.6916969897452862,0.6024200518582541,0.6086956521739131,0.5454545454545454,0.43373493975903615,0.7346938775510204,0.6157205240174672,0.5243243243243243,0.4199134199134199,0.697841726618705
475,5,0.2,5,0.1,0.5,log2,0.6911764705882353,0.6534653465346535,0.6816901408450704,0.6274848746758859,0.6043478260869565,0.5495049504950495,0.43190661478599224,0.7551020408163265,0.5960698689956332,0.5169712793733682,0.4057377049180328,0.7122302158273381
476,5,0.2,5,0.1,0.6,sqrt,0.7096256684491978,0.6574132492113565,0.7263855001742767,0.6004033419763757,0.6326086956521739,0.5564304461942258,0.452991452991453,0.7210884353741497,0.6397379912663755,0.5378151260504201,0.44036697247706424,0.6906474820143885
477,5,0.2,5,0.1,0.6,log2,0.7406417112299465,0.6938131313131313,0.7671902268760907,0.6332469029098242,0.6391304347826087,0.5654450261780105,0.4595744680851064,0.7346938775510204,0.6441048034934498,0.5434173669467787,0.44495412844036697,0.697841726618705
478,5,0.2,5,0.1,0.7,sqrt,0.700668449197861,0.6245178601375146,0.7471910112359551,0.53644482857966,0.6282608695652174,0.5390835579514824,0.44642857142857145,0.6802721088435374,0.648471615720524,0.5439093484419264,0.4485981308411215,0.6906474820143885
479,5,0.2,5,0.1,0.7,log2,0.7098930481283422,0.6574044837385539,0.7272092210967517,0.5998271391529818,0.6326086956521739,0.5587467362924282,0.4533898305084746,0.7278911564625851,0.6397379912663755,0.5378151260504201,0.44036697247706424,0.6906474820143885
480,5,0.2,6,0.05,0.3,sqrt,0.6790106951871657,0.6672210672210672,0.6428952991452992,0.6934600979544799,0.5717391304347826,0.5491990846681922,0.41379310344827586,0.8163265306122449,0.5611353711790393,0.5202863961813843,0.3892857142857143,0.7841726618705036
481,5,0.2,6,0.05,0.3,log2,0.6921122994652407,0.6522723841159596,0.6852791878172588,0.6222990492653414,0.6065217391304348,0.5508684863523573,0.43359375,0.7551020408163265,0.5960698689956332,0.5169712793733682,0.4057377049180328,0.7122302158273381
482,5,0.2,6,0.05,0.4,sqrt,0.6910427807486631,0.6481960724615619,0.6872175597159458,0.613367905502737,0.6108695652173913,0.5491183879093199,0.436,0.7414965986394558,0.6048034934497817,0.5173333333333333,0.4110169491525424,0.697841726618705
483,5,0.2,6,0.05,0.4,log2,0.7084224598930481,0.6604390471742176,0.7184959349593496,0.6110630942091616,0.6239130434782608,0.5552699228791774,0.4462809917355372,0.7346938775510204,0.6266375545851528,0.5315068493150685,0.42920353982300885,0.697841726618705
484,5,0.2,6,0.05,0.5,sqrt,0.7164438502673797,0.6630659253375695,0.7390226628895185,0.6012676462114664,0.6282608695652174,0.544,0.4473684210526316,0.6938775510204082,0.6419213973799127,0.5393258426966292,0.4423963133640553,0.6906474820143885
485,5,0.2,6,0.05,0.5,log2,0.703475935828877,0.6512578616352201,0.7168570439598477,0.5966580236243157,0.6282608695652174,0.5558441558441558,0.4495798319327731,0.7278911564625851,0.631004366812227,0.5318559556786704,0.43243243243243246,0.6906474820143885
486,5,0.2,6,0.05,0.6,sqrt,0.739572192513369,0.7003998769609351,0.7512372154404487,0.6560069144338807,0.6391304347826087,0.5786802030456852,0.46153846153846156,0.7755102040816326,0.6200873362445415,0.532258064516129,0.4248927038626609,0.7122302158273381
487,5,0.2,6,0.05,0.6,log2,0.7131016042780749,0.6726662599145821,0.7147487844408428,0.6352636127917026,0.6239130434782608,0.5642317380352645,0.448,0.7619047619047619,0.6069868995633187,0.5212765957446809,0.41350210970464135,0.7050359712230215
488,5,0.2,6,0.05,0.7,sqrt,0.7510695187165776,0.7236568714752152,0.746250382614019,0.7023912417170844,0.6543478260869565,0.5912596401028277,0.47520661157024796,0.782312925170068,0.665938864628821,0.5963060686015831,0.4708333333333333,0.8129496402877698
489,5,0.2,6,0.05,0.7,log2,0.7566844919786097,0.7285202863961814,0.7553356016084133,0.7035436473638721,0.6565217391304348,0.5948717948717949,0.4773662551440329,0.7891156462585034,0.6200873362445415,0.5347593582887701,0.425531914893617,0.7194244604316546
490,5,0.2,6,0.1,0.3,sqrt,0.6482620320855615,0.6366523960778898,0.6114058355437666,0.6640737539613945,0.5369565217391304,0.5256124721603563,0.39072847682119205,0.8027210884353742,0.5436681222707423,0.508235294117647,0.3776223776223776,0.7769784172661871
491,5,0.2,6,0.1,0.3,log2,0.6185828877005347,0.5990161630358398,0.5847969264544457,0.6139441083261308,0.5130434782608696,0.504424778761062,0.3737704918032787,0.7755102040816326,0.537117903930131,0.5046728971962616,0.3737024221453287,0.7769784172661871
492,5,0.2,6,0.1,0.4,sqrt,0.7160427807486631,0.6737327188940092,0.721618953603159,0.6318063958513397,0.6304347826086957,0.5572916666666666,0.45147679324894513,0.7278911564625851,0.6375545851528385,0.5388888888888889,0.43891402714932126,0.697841726618705
493,5,0.2,6,0.1,0.4,log2,0.6768716577540107,0.6566273618411707,0.6477017937219731,0.6658023624315759,0.5739130434782609,0.5525114155251142,0.41580756013745707,0.8231292517006803,0.5655021834061136,0.5134474327628362,0.3888888888888889,0.7553956834532374
494,5,0.2,6,0.1,0.5,sqrt,0.700668449197861,0.6979630379063807,0.6562658548959919,0.7453183520599251,0.558695652173913,0.5417607223476298,0.40540540540540543,0.8163265306122449,0.5393013100436681,0.5081585081585082,0.3758620689655172,0.7841726618705036
495,5,0.2,6,0.1,0.5,log2,0.6927807486631016,0.6468961278426552,0.6931182087586434,0.6064534716220109,0.6043478260869565,0.542713567839196,0.4302788844621514,0.7346938775510204,0.6091703056768559,0.5201072386058981,0.41452991452991456,0.697841726618705
496,5,0.2,6,0.1,0.6,sqrt,0.7049465240641711,0.6536952769496313,0.7177808407994487,0.6001152405646788,0.6217391304347826,0.5515463917525774,0.44398340248962653,0.7278911564625851,0.6353711790393013,0.5348189415041783,0.43636363636363634,0.6906474820143885
497,5,0.2,6,0.1,0.6,log2,0.7098930481283422,0.6554461733883773,0.7301025822426601,0.5946413137424373,0.6239130434782608,0.5506493506493506,0.44537815126050423,0.7210884353741497,0.6397379912663755,0.5378151260504201,0.44036697247706424,0.6906474820143885
498,5,0.2,6,0.1,0.7,sqrt,0.7565508021390375,0.7290581758666865,0.7538461538461538,0.7058484586574474,0.65,0.6024691358024692,0.4728682170542636,0.8299319727891157,0.6331877729257642,0.5692307692307692,0.44223107569721115,0.7985611510791367
499,5,0.2,6,0.1,0.7,log2,0.756283422459893,0.7288412910902871,0.7533825338253383,0.7058484586574474,0.6347826086956522,0.58,0.45849802371541504,0.7891156462585034,0.6179039301310044,0.5406824146981627,0.4256198347107438,0.7410071942446043
500,5,0.2,7,0.05,0.3,sqrt,0.6711229946524064,0.6509648127128264,0.6413195415152362,0.6609046384327283,0.5673913043478261,0.5466970387243736,0.410958904109589,0.8163265306122449,0.5611353711790393,0.5179856115107914,0.38848920863309355,0.7769784172661871
501,5,0.2,7,0.05,0.3,log2,0.6688502673796791,0.6475024903941938,0.639763779527559,0.6554307116104869,0.5652173913043478,0.54337899543379,0.40893470790378006,0.8095238095238095,0.5633187772925764,0.5192307692307693,0.3898916967509025,0.7769784172661871
502,5,0.2,7,0.05,0.4,sqrt,0.7053475935828877,0.6523659305993691,0.7208086441268735,0.595793719389225,0.6173913043478261,0.5440414507772021,0.4393305439330544,0.7142857142857143,0.62882096069869,0.5303867403314917,0.4304932735426009,0.6906474820143885
503,5,0.2,7,0.05,0.4,log2,0.7090909090909091,0.6611647461849891,0.7194171467299221,0.6116392970325555,0.6217391304347826,0.5515463917525774,0.44398340248962653,0.7278911564625851,0.6353711790393013,0.5373961218836565,0.4369369369369369,0.697841726618705
504,5,0.2,7,0.05,0.5,sqrt,0.7157754010695188,0.6655129011957206,0.733102253032929,0.6093344857389801,0.6260869565217392,0.5544041450777202,0.4476987447698745,0.7278911564625851,0.6222707423580786,0.5260273972602739,0.4247787610619469,0.6906474820143885
505,5,0.2,7,0.05,0.5,log2,0.7010695187165775,0.6522550544323483,0.7086853666779317,0.6041486603284356,0.6195652173913043,0.5501285347043702,0.44214876033057854,0.7278911564625851,0.6266375545851528,0.5289256198347108,0.42857142857142855,0.6906474820143885
506,5,0.2,7,0.05,0.6,sqrt,0.7072192513368984,0.6573842302878599,0.719274221157138,0.6053010659752233,0.6217391304347826,0.5515463917525774,0.44398340248962653,0.7278911564625851,0.62882096069869,0.5303867403314917,0.4304932735426009,0.6906474820143885
507,5,0.2,7,0.05,0.6,log2,0.7049465240641711,0.648174717041288,0.7255531763026409,0.5857101699798329,0.6239130434782608,0.5552699228791774,0.4462809917355372,0.7346938775510204,0.6331877729257642,0.5333333333333333,0.4343891402714932,0.6906474820143885
508,5,0.2,7,0.05,0.7,sqrt,0.7330213903743316,0.6866467911501648,0.7539627842866988,0.630365888792855,0.6391304347826087,0.5721649484536082,0.4605809128630705,0.7551020408163265,0.6200873362445415,0.532258064516129,0.4248927038626609,0.7122302158273381
509,5,0.2,7,0.05,0.7,log2,0.7094919786096257,0.6688004877305289,0.7100323624595469,0.6320944972630366,0.6065217391304348,0.5552825552825553,0.4346153846153846,0.7687074829931972,0.6222707423580786,0.5435356200527705,0.42916666666666664,0.7410071942446043
510,5,0.2,7,0.1,0.3,sqrt,0.683288770053476,0.6239085569137959,0.6948373408769448,0.5661192739844425,0.6021739130434782,0.5343511450381679,0.4268292682926829,0.7142857142857143,0.6222707423580786,0.5336927223719676,0.4267241379310345,0.7122302158273381
511,5,0.2,7,0.1,0.3,log2,0.6554812834224599,0.6403349616189812,0.6210070384407147,0.6609046384327283,0.5565217391304348,0.5405405405405406,0.40404040404040403,0.8163265306122449,0.5502183406113537,0.5118483412322274,0.38162544169611307,0.7769784172661871
512,5,0.2,7,0.1,0.4,sqrt,0.7252673796791443,0.6694547209264918,0.7578295702840495,0.5995390377412849,0.6413043478260869,0.5691906005221932,0.461864406779661,0.7414965986394558,0.6353711790393013,0.5373961218836565,0.4369369369369369,0.697841726618705
513,5,0.2,7,0.1,0.4,log2,0.6684491978609626,0.6497175141242938,0.6372956497644777,0.6626332469029098,0.5695652173913044,0.5458715596330275,0.4117647058823529,0.8095238095238095,0.5589519650655022,0.5167464114832536,0.3870967741935484,0.7769784172661871
514,5,0.2,7,0.1,0.5,sqrt,0.693716577540107,0.6503891347474439,0.691434133679429,0.6139441083261308,0.6065217391304348,0.5486284289276808,0.4330708661417323,0.7482993197278912,0.6004366812227074,0.5171503957783641,0.4083333333333333,0.7050359712230215
515,5,0.2,7,0.1,0.5,log2,0.6676470588235294,0.6557740238161174,0.6312983204478806,0.6822241428983002,0.5521739130434783,0.5442477876106194,0.40327868852459015,0.8367346938775511,0.5589519650655022,0.5213270142180095,0.38869257950530034,0.7913669064748201
516,5,0.2,7,0.1,0.6,sqrt,0.6966577540106952,0.651833665797146,0.6973079448456992,0.6119273984442524,0.6108695652173913,0.5468354430379747,0.43548387096774194,0.7346938775510204,0.6200873362445415,0.5271739130434783,0.42358078602620086,0.697841726618705
517,5,0.2,7,0.1,0.6,log2,0.6914438502673796,0.6202698256005265,0.7230533179900268,0.5430711610486891,0.6260869565217392,0.5401069518716578,0.44493392070484583,0.6870748299319728,0.6397379912663755,0.5378151260504201,0.44036697247706424,0.6906474820143885
518,5,0.2,7,0.1,0.7,sqrt,0.7340909090909091,0.6779990286546868,0.7738359201773836,0.6032843560933449,0.6456521739130435,0.5653333333333334,0.4649122807017544,0.7210884353741497,0.648471615720524,0.5439093484419264,0.4485981308411215,0.6906474820143885
519,5,0.2,7,0.1,0.7,log2,0.7462566844919786,0.7001579778830964,0.7750961874781392,0.6384327283203688,0.6456521739130435,0.5676392572944297,0.4652173913043478,0.7278911564625851,0.6462882096069869,0.5449438202247191,0.4470046082949309,0.697841726618705
520,5,0.2,8,0.05,0.3,sqrt,0.7032085561497327,0.6641452344931922,0.6992672825740682,0.6323825986747335,0.6086956521739131,0.5544554455445545,0.4357976653696498,0.7619047619047619,0.5895196506550219,0.5129533678756477,0.4008097165991903,0.7122302158273381
521,5,0.2,8,0.05,0.3,log2,0.7147058823529412,0.6641485678312874,0.7318765175164759,0.6078939786804956,0.6239130434782608,0.5529715762273901,0.44583333333333336,0.7278911564625851,0.6200873362445415,0.5245901639344263,0.42290748898678415,0.6906474820143885
522,5,0.2,8,0.05,0.4,sqrt,0.7122994652406417,0.6601389766266582,0.730513806361412,0.6021319504465572,0.6239130434782608,0.5529715762273901,0.44583333333333336,0.7278911564625851,0.6375545851528385,0.5388888888888889,0.43891402714932126,0.697841726618705
523,5,0.2,8,0.05,0.4,log2,0.7122994652406417,0.6599241466498104,0.7308365418270913,0.6015557476231633,0.6260869565217392,0.5544041450777202,0.4476987447698745,0.7278911564625851,0.6353711790393013,0.5348189415041783,0.43636363636363634,0.6906474820143885
524,5,0.2,8,0.05,0.5,sqrt,0.698663101604278,0.6501086619062403,0.7048131942107034,0.6032843560933449,0.6152173913043478,0.5449871465295629,0.4380165289256198,0.7210884353741497,0.6244541484716157,0.5274725274725275,0.4266666666666667,0.6906474820143885
525,5,0.2,8,0.05,0.5,log2,0.6870320855614973,0.6454641829471452,0.6803959131545338,0.6139441083261308,0.6086956521739131,0.5477386934673367,0.4342629482071713,0.7414965986394558,0.5982532751091703,0.5132275132275133,0.40585774058577406,0.697841726618705
526,5,0.2,8,0.05,0.6,sqrt,0.743048128342246,0.6983678593848085,0.7669769045156842,0.6410256410256411,0.6413043478260869,0.5623342175066313,0.4608695652173913,0.7210884353741497,0.6331877729257642,0.5333333333333333,0.4343891402714932,0.6906474820143885
527,5,0.2,8,0.05,0.6,log2,0.754144385026738,0.7110761979575805,0.7819626814098134,0.6519734946701239,0.6434782608695652,0.5614973262032086,0.46255506607929514,0.7142857142857143,0.6397379912663755,0.5378151260504201,0.44036697247706424,0.6906474820143885
528,5,0.2,8,0.05,0.7,sqrt,0.7120320855614973,0.6575516693163752,0.7335934728627173,0.595793719389225,0.6326086956521739,0.5587467362924282,0.4533898305084746,0.7278911564625851,0.6375545851528385,0.5363128491620112,0.4383561643835616,0.6906474820143885
529,5,0.2,8,0.05,0.7,log2,0.7295454545454545,0.6754371891545002,0.7621288921071687,0.6064534716220109,0.6434782608695652,0.5638297872340425,0.462882096069869,0.7210884353741497,0.6506550218340611,0.5480225988700564,0.4511627906976744,0.697841726618705
530,5,0.2,8,0.1,0.3,sqrt,0.6983957219251337,0.6578707916287534,0.6945244956772334,0.6248919619706137,0.6130434782608696,0.5572139303482587,0.4392156862745098,0.7619047619047619,0.5917030567685589,0.5167958656330749,0.4032258064516129,0.7194244604316546
531,5,0.2,8,0.1,0.3,log2,0.6581550802139038,0.6444166319009873,0.6228494623655914,0.6675309709017574,0.5434782608695652,0.5333333333333333,0.39603960396039606,0.8163265306122449,0.5458515283842795,0.5094339622641509,0.37894736842105264,0.7769784172661871
532,5,0.2,8,0.1,0.4,sqrt,0.7127005347593582,0.6580747812251392,0.7348969438521677,0.595793719389225,0.6217391304347826,0.546875,0.4430379746835443,0.7142857142857143,0.6353711790393013,0.5348189415041783,0.43636363636363634,0.6906474820143885
533,5,0.2,8,0.1,0.4,log2,0.6816844919786096,0.6379808423293295,0.6754668383773342,0.6044367617401325,0.6021739130434782,0.5413533834586466,0.42857142857142855,0.7346938775510204,0.6069868995633187,0.5187165775401069,0.4127659574468085,0.697841726618705
534,5,0.2,8,0.1,0.5,sqrt,0.7105614973262032,0.655199872591177,0.7325498575498576,0.5926246038605589,0.6282608695652174,0.5558441558441558,0.4495798319327731,0.7278911564625851,0.6331877729257642,0.5359116022099447,0.4349775784753363,0.697841726618705
535,5,0.2,8,0.1,0.5,log2,0.713903743315508,0.6786786786786787,0.7086861084979618,0.6511091904350331,0.6065217391304348,0.5617433414043583,0.43609022556390975,0.7891156462585034,0.611353711790393,0.5340314136125655,0.41975308641975306,0.7338129496402878
536,5,0.2,8,0.1,0.6,sqrt,0.7013368983957219,0.6456218274111675,0.7183198023296858,0.5862863728032267,0.6260869565217392,0.5520833333333334,0.4472573839662447,0.7210884353741497,0.6353711790393013,0.5348189415041783,0.43636363636363634,0.6906474820143885
537,5,0.2,8,0.1,0.6,log2,0.6989304812834225,0.6504191244954983,0.705149781218445,0.6035724575050417,0.6195652173913043,0.5501285347043702,0.44214876033057854,0.7278911564625851,0.6266375545851528,0.5289256198347108,0.42857142857142855,0.6906474820143885
538,5,0.2,8,0.1,0.7,sqrt,0.696524064171123,0.6514127764127764,0.6974679381782308,0.6110630942091616,0.6152173913043478,0.549618320610687,0.43902439024390244,0.7346938775510204,0.6091703056768559,0.5201072386058981,0.41452991452991456,0.697841726618705
539,5,0.2,8,0.1,0.7,log2,0.7185828877005348,0.6610851714699726,0.7492700729927008,0.5914721982137713,0.6434782608695652,0.5661375661375662,0.46320346320346323,0.7278911564625851,0.6462882096069869,0.5423728813559322,0.44651162790697674,0.6906474820143885
540,5,0.2,9,0.05,0.3,sqrt,0.7053475935828877,0.6523659305993691,0.7208086441268735,0.595793719389225,0.6173913043478261,0.5440414507772021,0.4393305439330544,0.7142857142857143,0.62882096069869,0.5303867403314917,0.4304932735426009,0.6906474820143885
541,5,0.2,9,0.05,0.3,log2,0.7120320855614973,0.6730418943533698,0.7112608277189605,0.6387208297320657,0.6195652173913043,0.5635910224438903,0.4448818897637795,0.7687074829931972,0.6069868995633187,0.5263157894736842,0.4149377593360996,0.7194244604316546
542,5,0.2,9,0.05,0.4,sqrt,0.7108288770053476,0.6544176386004154,0.7345767575322812,0.5900316911552866,0.6239130434782608,0.5483028720626631,0.4449152542372881,0.7142857142857143,0.6353711790393013,0.5348189415041783,0.43636363636363634,0.6906474820143885
543,5,0.2,9,0.05,0.4,log2,0.686096256684492,0.6697609001406469,0.6543006320417697,0.6859694612503602,0.5891304347826087,0.5714285714285714,0.42857142857142855,0.8571428571428571,0.5807860262008734,0.5471698113207547,0.4070175438596491,0.8345323741007195
544,5,0.2,9,0.05,0.5,sqrt,0.7053475935828877,0.6523659305993691,0.7208086441268735,0.595793719389225,0.6173913043478261,0.5440414507772021,0.4393305439330544,0.7142857142857143,0.62882096069869,0.5303867403314917,0.4304932735426009,0.6906474820143885
545,5,0.2,9,0.05,0.5,log2,0.7152406417112299,0.6660395108184384,0.7306501547987616,0.6119273984442524,0.6260869565217392,0.5544041450777202,0.4476987447698745,0.7278911564625851,0.6331877729257642,0.5333333333333333,0.4343891402714932,0.6906474820143885
546,5,0.2,9,0.05,0.6,sqrt,0.73475935828877,0.6980213089802131,0.7399161019683769,0.6606165370210314,0.6304347826086957,0.5641025641025641,0.45267489711934156,0.7482993197278912,0.6266375545851528,0.5390835579514824,0.43103448275862066,0.7194244604316546
547,5,0.2,9,0.05,0.6,log2,0.7096256684491978,0.6542502387774594,0.7310565635005336,0.592048401037165,0.6260869565217392,0.5497382198952879,0.44680851063829785,0.7142857142857143,0.6353711790393013,0.5348189415041783,0.43636363636363634,0.6906474820143885
548,5,0.2,9,0.05,0.7,sqrt,0.7243315508021391,0.6689145793192036,0.755531374682626,0.6001152405646788,0.6413043478260869,0.5623342175066313,0.4608695652173913,0.7210884353741497,0.648471615720524,0.5439093484419264,0.4485981308411215,0.6906474820143885
549,5,0.2,9,0.05,0.7,log2,0.7346256684491979,0.6872538207026941,0.7583449235048678,0.6283491789109766,0.6478260869565218,0.578125,0.46835443037974683,0.7551020408163265,0.6441048034934498,0.5459610027855153,0.44545454545454544,0.7050359712230215
550,5,0.2,9,0.1,0.3,sqrt,0.6875668449197861,0.6468188000604503,0.6802288620470439,0.6165370210314031,0.6043478260869565,0.545,0.4308300395256917,0.7414965986394558,0.6069868995633187,0.5187165775401069,0.4127659574468085,0.697841726618705
551,5,0.2,9,0.1,0.3,log2,0.6887700534759358,0.6427255985267035,0.6876847290640394,0.6032843560933449,0.6065217391304348,0.5440806045340051,0.432,0.7346938775510204,0.6179039301310044,0.5257452574525745,0.4217391304347826,0.697841726618705
552,5,0.2,9,0.1,0.4,sqrt,0.7004010695187166,0.6503354657512872,0.7093260721579305,0.6004033419763757,0.6217391304347826,0.5515463917525774,0.44398340248962653,0.7278911564625851,0.6353711790393013,0.5348189415041783,0.43636363636363634,0.6906474820143885
553,5,0.2,9,0.1,0.4,log2,0.7052139037433155,0.6647407632659267,0.7037990985189955,0.6297896859694613,0.6021739130434782,0.5525672371638142,0.4312977099236641,0.7687074829931972,0.6091703056768559,0.5277044854881267,0.4166666666666667,0.7194244604316546
554,5,0.2,9,0.1,0.5,sqrt,0.6748663101604279,0.6802524322902971,0.6256348246674728,0.7453183520599251,0.5413043478260869,0.5539112050739958,0.401840490797546,0.891156462585034,0.5480349344978166,0.5327313769751693,0.3881578947368421,0.8489208633093526
555,5,0.2,9,0.1,0.5,log2,0.6969251336898395,0.6506395438434274,0.6994698475811796,0.6081820800921924,0.6108695652173913,0.5468354430379747,0.43548387096774194,0.7346938775510204,0.6157205240174672,0.5243243243243243,0.4199134199134199,0.697841726618705
556,5,0.2,9,0.1,0.6,sqrt,0.7263368983957219,0.664920608937633,0.769901440485216,0.5851339671564391,0.6434782608695652,0.5614973262032086,0.46255506607929514,0.7142857142857143,0.6528384279475983,0.5470085470085471,0.4528301886792453,0.6906474820143885
557,5,0.2,9,0.1,0.6,log2,0.7064171122994652,0.6531901452937461,0.7228241873470814,0.595793719389225,0.6173913043478261,0.5440414507772021,0.4393305439330544,0.7142857142857143,0.6331877729257642,0.5333333333333333,0.4343891402714932,0.6906474820143885
558,5,0.2,9,0.1,0.7,sqrt,0.7172459893048129,0.6657183499288762,0.7373949579831933,0.6067415730337079,0.6347826086956522,0.5625,0.45569620253164556,0.7346938775510204,0.6331877729257642,0.5359116022099447,0.4349775784753363,0.697841726618705
559,5,0.2,9,0.1,0.7,log2,0.7399732620320856,0.6955705118171858,0.7614804660726525,0.6401613367905503,0.6413043478260869,0.5646437994722955,0.46120689655172414,0.7278911564625851,0.6441048034934498,0.5434173669467787,0.44495412844036697,0.697841726618705
560,10,0.05,3,0.05,0.3,sqrt,0.7311497326203209,0.6751736391536101,0.7683823529411765,0.6021319504465572,0.6434782608695652,0.5661375661375662,0.46320346320346323,0.7278911564625851,0.6462882096069869,0.5449438202247191,0.4470046082949309,0.697841726618705
561,10,0.05,3,0.05,0.3,log2,0.7066844919786096,0.6569731081926203,0.7182905982905983,0.6053010659752233,0.6173913043478261,0.5510204081632653,0.44081632653061226,0.7346938775510204,0.62882096069869,0.532967032967033,0.4311111111111111,0.697841726618705
562,10,0.05,3,0.05,0.4,sqrt,0.7538770053475936,0.7156756756756757,0.7713049267643143,0.6675309709017574,0.6413043478260869,0.5646437994722955,0.46120689655172414,0.7278911564625851,0.6462882096069869,0.547486033519553,0.4474885844748858,0.7050359712230215
563,10,0.05,3,0.05,0.4,log2,0.7307486631016042,0.6906298003072197,0.7397170121750576,0.6476519734946701,0.6326086956521739,0.5785536159600998,0.4566929133858268,0.7891156462585034,0.6157205240174672,0.5368421052631579,0.42323651452282157,0.7338129496402878
564,10,0.05,3,0.05,0.5,sqrt,0.7525401069518717,0.7198425911911609,0.7582908163265306,0.6851051570152694,0.6369565217391304,0.5593667546174143,0.45689655172413796,0.7210884353741497,0.6528384279475983,0.5667574931880109,0.45614035087719296,0.7482014388489209
565,10,0.05,3,0.05,0.5,log2,0.7433155080213903,0.6938775510204082,0.7768654052124241,0.6269086718524921,0.6456521739130435,0.5653333333333334,0.4649122807017544,0.7210884353741497,0.648471615720524,0.5439093484419264,0.4485981308411215,0.6906474820143885
566,10,0.05,3,0.05,0.6,sqrt,0.7352941176470589,0.6897524287057348,0.7560975609756098,0.634111207144915,0.6434782608695652,0.5661375661375662,0.46320346320346323,0.7278911564625851,0.6397379912663755,0.5378151260504201,0.44036697247706424,0.6906474820143885
567,10,0.05,3,0.05,0.6,log2,0.7558823529411764,0.7133437990580848,0.7837185236288375,0.6545664073753962,0.65,0.5706666666666667,0.4692982456140351,0.7278911564625851,0.6615720524017468,0.5706371191135734,0.46396396396396394,0.7410071942446043
568,10,0.05,3,0.05,0.7,sqrt,0.738903743315508,0.6980052574609557,0.7533377837116155,0.6502448861999424,0.6369565217391304,0.5593667546174143,0.45689655172413796,0.7210884353741497,0.6419213973799127,0.5393258426966292,0.4423963133640553,0.6906474820143885
569,10,0.05,3,0.05,0.7,log2,0.7483957219251337,0.7041810751336058,0.774818401937046,0.6453471622010948,0.6478260869565218,0.5691489361702128,0.4672489082969432,0.7278911564625851,0.6681222707423581,0.5754189944134078,0.4703196347031963,0.7410071942446043
570,10,0.05,3,0.1,0.3,sqrt,0.7041443850267379,0.6541647132364432,0.7148224043715847,0.602996254681648,0.6195652173913043,0.5501285347043702,0.44214876033057854,0.7278911564625851,0.6222707423580786,0.5260273972602739,0.4247787610619469,0.6906474820143885
571,10,0.05,3,0.1,0.3,log2,0.7017379679144385,0.659856685470346,0.7007772020725389,0.623451454912129,0.6173913043478261,0.5643564356435643,0.44357976653696496,0.7755102040816326,0.6091703056768559,0.5301837270341208,0.41735537190082644,0.7266187050359713
572,10,0.05,3,0.1,0.4,sqrt,0.7088235294117647,0.6542857142857142,0.7285259809119831,0.5937770095073466,0.6326086956521739,0.5587467362924282,0.4533898305084746,0.7278911564625851,0.6375545851528385,0.5388888888888889,0.43891402714932126,0.697841726618705
573,10,0.05,3,0.1,0.4,log2,0.7004010695187166,0.6583320628144534,0.6991580310880829,0.6220109478536445,0.6086956521739131,0.55,0.43478260869565216,0.7482993197278912,0.6048034934497817,0.519893899204244,0.4117647058823529,0.7050359712230215
574,10,0.05,3,0.1,0.5,sqrt,0.718048128342246,0.6607688595785749,0.7479970866715222,0.5917602996254682,0.6413043478260869,0.5623342175066313,0.4608695652173913,0.7210884353741497,0.6462882096069869,0.5423728813559322,0.44651162790697674,0.6906474820143885
575,10,0.05,3,0.1,0.5,log2,0.7128342245989305,0.6581795035009548,0.7351581940988269,0.595793719389225,0.6217391304347826,0.546875,0.4430379746835443,0.7142857142857143,0.6353711790393013,0.5348189415041783,0.43636363636363634,0.6906474820143885
576,10,0.05,3,0.1,0.6,sqrt,0.7064171122994652,0.6556914393226717,0.7192982456140351,0.6024200518582541,0.6195652173913043,0.5478036175710594,0.44166666666666665,0.7210884353741497,0.62882096069869,0.5303867403314917,0.4304932735426009,0.6906474820143885
577,10,0.05,3,0.1,0.6,log2,0.710427807486631,0.655862726406101,0.7311370882040382,0.5946413137424373,0.6239130434782608,0.5506493506493506,0.44537815126050423,0.7210884353741497,0.6353711790393013,0.5348189415041783,0.43636363636363634,0.6906474820143885
578,10,0.05,3,0.1,0.7,sqrt,0.7334224598930481,0.6778675282714055,0.7716072085325487,0.6044367617401325,0.6478260869565218,0.5691489361702128,0.4672489082969432,0.7278911564625851,0.648471615720524,0.5439093484419264,0.4485981308411215,0.6906474820143885
579,10,0.05,3,0.1,0.7,log2,0.6922459893048128,0.653417645287564,0.6843267108167771,0.6251800633823106,0.6043478260869565,0.5472636815920398,0.43137254901960786,0.7482993197278912,0.5982532751091703,0.5157894736842106,0.4066390041493776,0.7050359712230215
580,10,0.05,4,0.05,0.3,sqrt,0.710427807486631,0.6582518144525087,0.7275898151377747,0.6009795447997696,0.6195652173913043,0.5501285347043702,0.44214876033057854,0.7278911564625851,0.6331877729257642,0.5359116022099447,0.4349775784753363,0.697841726618705
581,10,0.05,4,0.05,0.3,log2,0.7152406417112299,0.6657250470809792,0.7311271975180972,0.6110630942091616,0.6217391304347826,0.5538461538461539,0.4444444444444444,0.7346938775510204,0.6266375545851528,0.5315068493150685,0.42920353982300885,0.697841726618705
582,10,0.05,4,0.05,0.4,sqrt,0.7433155080213903,0.6981132075471698,0.7684319833852544,0.6395851339671564,0.6413043478260869,0.5646437994722955,0.46120689655172414,0.7278911564625851,0.6441048034934498,0.5408450704225352,0.4444444444444444,0.6906474820143885
583,10,0.05,4,0.05,0.4,log2,0.723663101604278,0.6724766281096498,0.7471830985915493,0.6113511956208585,0.6369565217391304,0.5639686684073107,0.4576271186440678,0.7346938775510204,0.6266375545851528,0.5289256198347108,0.42857142857142855,0.6906474820143885
584,10,0.05,4,0.05,0.5,sqrt,0.7558823529411764,0.717774343122102,0.7742580860286762,0.668971477960242,0.6434782608695652,0.5661375661375662,0.46320346320346323,0.7278911564625851,0.6397379912663755,0.5378151260504201,0.44036697247706424,0.6906474820143885
585,10,0.05,4,0.05,0.5,log2,0.7374331550802139,0.7052821128451381,0.7359849671155653,0.6770383174877557,0.6152173913043478,0.5473145780051151,0.4385245901639344,0.7278911564625851,0.648471615720524,0.5683646112600537,0.452991452991453,0.762589928057554
586,10,0.05,4,0.05,0.6,sqrt,0.7461229946524064,0.7032348804500703,0.7684426229508197,0.648228176318064,0.6434782608695652,0.5661375661375662,0.46320346320346323,0.7278911564625851,0.6375545851528385,0.5363128491620112,0.4383561643835616,0.6906474820143885
587,10,0.05,4,0.05,0.6,log2,0.7613636363636364,0.7245795401944144,0.7800664451827243,0.6764621146643619,0.65,0.5774278215223098,0.4700854700854701,0.7482993197278912,0.6441048034934498,0.5459610027855153,0.44545454545454544,0.7050359712230215
588,10,0.05,4,0.05,0.7,sqrt,0.7268716577540107,0.6987170033918301,0.7157099697885196,0.6825122443099971,0.6434782608695652,0.5816326530612245,0.46530612244897956,0.7755102040816326,0.6441048034934498,0.5788113695090439,0.45161290322580644,0.8057553956834532
589,10,0.05,4,0.05,0.7,log2,0.7580213903743316,0.7252580449301761,0.7664420917548925,0.6882742725439355,0.6456521739130435,0.5831202046035806,0.4672131147540984,0.7755102040816326,0.6441048034934498,0.5582655826558266,0.44782608695652176,0.7410071942446043
590,10,0.05,4,0.1,0.3,sqrt,0.7029411764705882,0.6639443436176649,0.6988220312002547,0.6323825986747335,0.6130434782608696,0.5572139303482587,0.4392156862745098,0.7619047619047619,0.6091703056768559,0.5277044854881267,0.4166666666666667,0.7194244604316546
591,10,0.05,4,0.1,0.3,log2,0.678475935828877,0.6620767177181397,0.646187602852441,0.6787669259579372,0.5652173913043478,0.5454545454545454,0.40955631399317405,0.8163265306122449,0.5545851528384279,0.5142857142857142,0.38434163701067614,0.7769784172661871
592,10,0.05,4,0.1,0.4,sqrt,0.6963903743315508,0.6510984790290367,0.6974983541803819,0.6104868913857678,0.6152173913043478,0.5518987341772152,0.43951612903225806,0.7414965986394558,0.6091703056768559,0.5201072386058981,0.41452991452991456,0.697841726618705
593,10,0.05,4,0.1,0.4,log2,0.6946524064171123,0.6480739599383667,0.696588274263001,0.6058772687986171,0.6173913043478261,0.5532994923857868,0.44129554655870445,0.7414965986394558,0.611353711790393,0.521505376344086,0.41630901287553645,0.697841726618705
594,10,0.05,4,0.1,0.5,sqrt,0.702807486631016,0.6536843745131641,0.7116689280868386,0.6044367617401325,0.6195652173913043,0.5524296675191815,0.4426229508196721,0.7346938775510204,0.6222707423580786,0.5286103542234333,0.42543859649122806,0.697841726618705
595,10,0.05,4,0.1,0.5,log2,0.7054812834224599,0.652578457656521,0.7209059233449477,0.596081820800922,0.6195652173913043,0.5478036175710594,0.44166666666666665,0.7210884353741497,0.62882096069869,0.5303867403314917,0.4304932735426009,0.6906474820143885
596,10,0.05,4,0.1,0.6,sqrt,0.7086898395721926,0.6615934151265724,0.717654986522911,0.6136560069144339,0.6217391304347826,0.5538461538461539,0.4444444444444444,0.7346938775510204,0.6157205240174672,0.5217391304347826,0.4192139737991266,0.6906474820143885
597,10,0.05,4,0.1,0.6,log2,0.7312834224598931,0.6754924120116241,0.7682702901211899,0.602708153269951,0.6434782608695652,0.5638297872340425,0.462882096069869,0.7210884353741497,0.6441048034934498,0.5408450704225352,0.4444444444444444,0.6906474820143885
598,10,0.05,4,0.1,0.7,sqrt,0.7327540106951872,0.6874120406567631,0.7517099863201094,0.6332469029098242,0.6282608695652174,0.5558441558441558,0.4495798319327731,0.7278911564625851,0.6397379912663755,0.5378151260504201,0.44036697247706424,0.6906474820143885
599,10,0.05,4,0.1,0.7,log2,0.7262032085561497,0.6820863085998137,0.7394816560080781,0.6329588014981273,0.6239130434782608,0.5506493506493506,0.44537815126050423,0.7210884353741497,0.62882096069869,0.5303867403314917,0.4304932735426009,0.6906474820143885
600,10,0.05,5,0.05,0.3,sqrt,0.7060160427807487,0.6549505727286992,0.7191592005513439,0.6012676462114664,0.6195652173913043,0.5501285347043702,0.44214876033057854,0.7278911564625851,0.62882096069869,0.532967032967033,0.4311111111111111,0.697841726618705
601,10,0.05,5,0.05,0.3,log2,0.7124331550802139,0.6592745129098685,0.7322308233638283,0.5995390377412849,0.6239130434782608,0.5552699228791774,0.4462809917355372,0.7346938775510204,0.6266375545851528,0.5315068493150685,0.42920353982300885,0.697841726618705
602,10,0.05,5,0.05,0.4,sqrt,0.7557486631016043,0.7163483931066604,0.7767676767676768,0.6646499567847882,0.6456521739130435,0.5721784776902887,0.4658119658119658,0.7414965986394558,0.631004366812227,0.536986301369863,0.4336283185840708,0.7050359712230215
603,10,0.05,5,0.05,0.4,log2,0.7461229946524064,0.702024164443747,0.7708476912474156,0.644482857966004,0.6478260869565218,0.5736842105263158,0.4678111587982833,0.7414965986394558,0.6397379912663755,0.5429362880886427,0.44144144144144143,0.7050359712230215
604,10,0.05,5,0.05,0.5,sqrt,0.7505347593582887,0.7129230769230769,0.764938923737207,0.6675309709017574,0.6565217391304348,0.5927835051546392,0.47717842323651455,0.782312925170068,0.6506550218340611,0.5628415300546448,0.45374449339207046,0.7410071942446043
605,10,0.05,5,0.05,0.5,log2,0.7592245989304813,0.723221146457661,0.7750329380764164,0.6779026217228464,0.6543478260869565,0.5891472868217055,0.475,0.7755102040816326,0.6572052401746725,0.5698630136986301,0.46017699115044247,0.7482014388489209
606,10,0.05,5,0.05,0.6,sqrt,0.7613636363636364,0.7261849976990336,0.7765748031496063,0.6819360414866033,0.658695652173913,0.5943152454780362,0.4791666666666667,0.782312925170068,0.648471615720524,0.5660377358490566,0.4525862068965517,0.7553956834532374
607,10,0.05,5,0.05,0.6,log2,0.7589572192513369,0.7302916978309648,0.7594897324206596,0.7032555459521752,0.6369565217391304,0.5684754521963824,0.4583333333333333,0.7482993197278912,0.6615720524017468,0.5910290237467019,0.4666666666666667,0.8057553956834532
608,10,0.05,5,0.05,0.7,sqrt,0.7556149732620321,0.7226100151745068,0.7633857005450465,0.6859694612503602,0.6413043478260869,0.5691906005221932,0.461864406779661,0.7414965986394558,0.665938864628821,0.5941644562334217,0.47058823529411764,0.8057553956834532
609,10,0.05,5,0.05,0.7,log2,0.7689839572192514,0.7383403997577226,0.7781678902010852,0.7023912417170844,0.658695652173913,0.5900783289817232,0.4788135593220339,0.7687074829931972,0.6550218340611353,0.5683060109289617,0.4581497797356828,0.7482014388489209
610,10,0.05,5,0.1,0.3,sqrt,0.6979946524064171,0.6490601211744601,0.7043155765340526,0.6018438490348603,0.6152173913043478,0.549618320610687,0.43902439024390244,0.7346938775510204,0.6244541484716157,0.5274725274725275,0.4266666666666667,0.6906474820143885
611,10,0.05,5,0.1,0.3,log2,0.6868983957219251,0.6432053625837904,0.6825088910442936,0.6081820800921924,0.6065217391304348,0.5463659147869674,0.43253968253968256,0.7414965986394558,0.6091703056768559,0.5201072386058981,0.41452991452991456,0.697841726618705
612,10,0.05,5,0.1,0.4,sqrt,0.7114973262032086,0.6571337782014617,0.732554020545519,0.595793719389225,0.6239130434782608,0.5506493506493506,0.44537815126050423,0.7210884353741497,0.6353711790393013,0.5348189415041783,0.43636363636363634,0.6906474820143885
613,10,0.05,5,0.1,0.4,log2,0.7116310160427808,0.6590801327643433,0.7300420168067226,0.6006914433880726,0.6260869565217392,0.5544041450777202,0.4476987447698745,0.7278911564625851,0.6353711790393013,0.5348189415041783,0.43636363636363634,0.6906474820143885
614,10,0.05,5,0.1,0.5,sqrt,0.7247326203208556,0.6658010063301412,0.762453531598513,0.5908959953903774,0.6434782608695652,0.5661375661375662,0.46320346320346323,0.7278911564625851,0.6462882096069869,0.5423728813559322,0.44651162790697674,0.6906474820143885
615,10,0.05,5,0.1,0.5,log2,0.7102941176470589,0.6727080501434829,0.7069841269841269,0.6416018438490348,0.6239130434782608,0.5728395061728395,0.4496124031007752,0.7891156462585034,0.6069868995633187,0.53125,0.4163265306122449,0.7338129496402878
616,10,0.05,5,0.1,0.6,sqrt,0.7491978609625668,0.7059561128526646,0.7741491921622551,0.6488043791414578,0.6478260869565218,0.5714285714285714,0.4675324675324675,0.7346938775510204,0.6331877729257642,0.5359116022099447,0.4349775784753363,0.697841726618705
617,10,0.05,5,0.1,0.6,log2,0.7274064171122995,0.6736033295982071,0.7579250720461095,0.606165370210314,0.6326086956521739,0.5633074935400517,0.45416666666666666,0.7414965986394558,0.6462882096069869,0.55,0.4479638009049774,0.7122302158273381
618,10,0.05,5,0.1,0.7,sqrt,0.7323529411764705,0.6960218645611904,0.7357945425361155,0.6603284356093345,0.6239130434782608,0.5529715762273901,0.44583333333333336,0.7278911564625851,0.6331877729257642,0.5384615384615384,0.43555555555555553,0.7050359712230215
619,10,0.05,5,0.1,0.7,log2,0.7712566844919786,0.7454247879779795,0.7707692307692308,0.7216940363007779,0.6478260869565218,0.6029411764705882,0.47126436781609193,0.8367346938775511,0.6375545851528385,0.5699481865284974,0.44534412955465585,0.7913669064748201
620,10,0.05,6,0.05,0.3,sqrt,0.7188502673796792,0.6659253375694996,0.7422096317280453,0.6038605589167387,0.6326086956521739,0.5587467362924282,0.4533898305084746,0.7278911564625851,0.6397379912663755,0.5378151260504201,0.44036697247706424,0.6906474820143885
621,10,0.05,6,0.05,0.3,log2,0.7100267379679145,0.6570750988142292,0.7281009110021023,0.5986747335061942,0.6347826086956522,0.5602094240837696,0.4553191489361702,0.7278911564625851,0.6397379912663755,0.5378151260504201,0.44036697247706424,0.6906474820143885
622,10,0.05,6,0.05,0.4,sqrt,0.7554812834224599,0.7181383880413007,0.7720344599072233,0.6712762892538173,0.6391304347826087,0.5654450261780105,0.4595744680851064,0.7346938775510204,0.6419213973799127,0.5418994413407822,0.4429223744292237,0.697841726618705
623,10,0.05,6,0.05,0.4,log2,0.7296791443850268,0.6970332634102487,0.7261941929441149,0.6701238836070297,0.6282608695652174,0.5558441558441558,0.4495798319327731,0.7278911564625851,0.6593886462882096,0.5714285714285714,0.4622222222222222,0.7482014388489209
624,10,0.05,6,0.05,0.5,sqrt,0.7192513368983957,0.6772210267445435,0.7258649093904448,0.6346874099683089,0.6152173913043478,0.5449871465295629,0.4380165289256198,0.7210884353741497,0.62882096069869,0.5303867403314917,0.4304932735426009,0.6906474820143885
625,10,0.05,6,0.05,0.5,log2,0.7124331550802139,0.6607790569310834,0.7299651567944251,0.6035724575050417,0.6260869565217392,0.5567010309278351,0.44813278008298757,0.7346938775510204,0.6331877729257642,0.5359116022099447,0.4349775784753363,0.697841726618705
626,10,0.05,6,0.05,0.6,sqrt,0.7656417112299465,0.7328965412159073,0.7778137128072445,0.6928838951310862,0.6413043478260869,0.5646437994722955,0.46120689655172414,0.7278911564625851,0.6462882096069869,0.5597826086956522,0.4497816593886463,0.7410071942446043
627,10,0.05,6,0.05,0.6,log2,0.7524064171122995,0.7193088814792361,0.7588743204349216,0.6836646499567848,0.6326086956521739,0.561038961038961,0.453781512605042,0.7346938775510204,0.6593886462882096,0.5760869565217391,0.462882096069869,0.762589928057554
628,10,0.05,6,0.05,0.7,sqrt,0.729812834224599,0.6933697466241845,0.7323717948717948,0.6583117257274561,0.6152173913043478,0.549618320610687,0.43902439024390244,0.7346938775510204,0.648471615720524,0.5636856368563685,0.45217391304347826,0.7482014388489209
629,10,0.05,6,0.05,0.7,log2,0.7533422459893048,0.7203274215552524,0.7600767754318618,0.6845289541918755,0.6304347826086957,0.5618556701030928,0.45228215767634855,0.7414965986394558,0.6331877729257642,0.5409836065573771,0.43612334801762115,0.7122302158273381
630,10,0.05,6,0.1,0.3,sqrt,0.6866310160427808,0.6499402628434886,0.6747286821705426,0.6269086718524921,0.6086956521739131,0.5544554455445545,0.4357976653696498,0.7619047619047619,0.5873362445414847,0.5116279069767442,0.39919354838709675,0.7122302158273381
631,10,0.05,6,0.1,0.3,log2,0.6433155080213904,0.6338182816360143,0.6052424639580603,0.6652261596081821,0.532608695652174,0.5253863134657837,0.3888888888888889,0.8095238095238095,0.5327510917030568,0.5023255813953489,0.3711340206185567,0.7769784172661871
632,10,0.05,6,0.1,0.4,sqrt,0.7053475935828877,0.6523659305993691,0.7208086441268735,0.595793719389225,0.6173913043478261,0.5440414507772021,0.4393305439330544,0.7142857142857143,0.62882096069869,0.5303867403314917,0.4304932735426009,0.6906474820143885
633,10,0.05,6,0.1,0.4,log2,0.6667112299465241,0.6502034516626912,0.6337527352297593,0.6675309709017574,0.5673913043478261,0.5466970387243736,0.410958904109589,0.8163265306122449,0.5567685589519651,0.517814726840855,0.38652482269503546,0.7841726618705036
634,10,0.05,6,0.1,0.5,sqrt,0.7114973262032086,0.6571337782014617,0.732554020545519,0.595793719389225,0.6217391304347826,0.546875,0.4430379746835443,0.7142857142857143,0.6353711790393013,0.5348189415041783,0.43636363636363634,0.6906474820143885
635,10,0.05,6,0.1,0.5,log2,0.7251336898395722,0.6620644312952005,0.770761576731726,0.5802362431575915,0.6456521739130435,0.5653333333333334,0.4649122807017544,0.7210884353741497,0.6506550218340611,0.5454545454545454,0.4507042253521127,0.6906474820143885
636,10,0.05,6,0.1,0.6,sqrt,0.727807486631016,0.6711886304909561,0.7636898199191474,0.5986747335061942,0.6434782608695652,0.5661375661375662,0.46320346320346323,0.7278911564625851,0.6441048034934498,0.5408450704225352,0.4444444444444444,0.6906474820143885
637,10,0.05,6,0.1,0.6,log2,0.6994652406417112,0.6474278544542033,0.710499139414802,0.5946413137424373,0.6239130434782608,0.5529715762273901,0.44583333333333336,0.7278911564625851,0.6331877729257642,0.5333333333333333,0.4343891402714932,0.6906474820143885
638,10,0.05,6,0.1,0.7,sqrt,0.7045454545454546,0.6575766966222497,0.7113643982567884,0.6113511956208585,0.6217391304347826,0.5561224489795918,0.4448979591836735,0.7414965986394558,0.6244541484716157,0.5300546448087432,0.42731277533039647,0.697841726618705
639,10,0.05,6,0.1,0.7,log2,0.7235294117647059,0.6640675763482781,0.7612662942271881,0.588879285508499,0.6413043478260869,0.5623342175066313,0.4608695652173913,0.7210884353741497,0.6441048034934498,0.5408450704225352,0.4444444444444444,0.6906474820143885
640,10,0.05,7,0.05,0.3,sqrt,0.7372994652406417,0.6850456803974996,0.7720375722543352,0.6156727167963123,0.6478260869565218,0.5691489361702128,0.4672489082969432,0.7278911564625851,0.648471615720524,0.5439093484419264,0.4485981308411215,0.6906474820143885
641,10,0.05,7,0.05,0.3,log2,0.7209893048128342,0.6769849868441418,0.731438127090301,0.6300777873811582,0.6260869565217392,0.5544041450777202,0.4476987447698745,0.7278911564625851,0.6419213973799127,0.5418994413407822,0.4429223744292237,0.697841726618705
642,10,0.05,7,0.05,0.4,sqrt,0.7149732620320856,0.6542328900421667,0.7484230055658627,0.5811005473926822,0.6391304347826087,0.5585106382978723,0.4585152838427948,0.7142857142857143,0.6462882096069869,0.5423728813559322,0.44651162790697674,0.6906474820143885
643,10,0.05,7,0.05,0.4,log2,0.7165775401069518,0.6656151419558359,0.735447891251307,0.6078939786804956,0.6260869565217392,0.5544041450777202,0.4476987447698745,0.7278911564625851,0.6353711790393013,0.5348189415041783,0.43636363636363634,0.6906474820143885
644,10,0.05,7,0.05,0.5,sqrt,0.7414438502673797,0.7020030816640986,0.7545544882411395,0.6562950158455776,0.6304347826086957,0.5572916666666666,0.45147679324894513,0.7278911564625851,0.6266375545851528,0.5289256198347108,0.42857142857142855,0.6906474820143885
645,10,0.05,7,0.05,0.5,log2,0.7239304812834224,0.6666666666666666,0.7580763582966226,0.5949294151541342,0.6413043478260869,0.56,0.4605263157894737,0.7142857142857143,0.6506550218340611,0.5454545454545454,0.4507042253521127,0.6906474820143885
646,10,0.05,7,0.05,0.6,sqrt,0.7446524064171123,0.7129546137661557,0.7452089224002514,0.6833765485450879,0.6369565217391304,0.5772151898734177,0.4596774193548387,0.7755102040816326,0.6746724890829694,0.5983827493261455,0.47844827586206895,0.7985611510791367
647,10,0.05,7,0.05,0.6,log2,0.7594919786096257,0.7261379205358502,0.7698515171078115,0.6871218668971478,0.6413043478260869,0.5691906005221932,0.461864406779661,0.7414965986394558,0.6441048034934498,0.5630026809651475,0.44871794871794873,0.7553956834532374
648,10,0.05,7,0.05,0.7,sqrt,0.7709893048128342,0.7372296364473079,0.7883858267716536,0.6923076923076923,0.6652173913043479,0.6010362694300518,0.48535564853556484,0.7891156462585034,0.631004366812227,0.536986301369863,0.4336283185840708,0.7050359712230215
649,10,0.05,7,0.05,0.7,log2,0.7486631016042781,0.7050517728271102,0.7740268687564589,0.6473638720829732,0.6413043478260869,0.5646437994722955,0.46120689655172414,0.7278911564625851,0.6550218340611353,0.5659340659340659,0.4577777777777778,0.7410071942446043
650,10,0.05,7,0.1,0.3,sqrt,0.6724598930481284,0.6536612948826689,0.6416874826533444,0.6660904638432729,0.5717391304347826,0.5491990846681922,0.41379310344827586,0.8163265306122449,0.5611353711790393,0.5202863961813843,0.3892857142857143,0.7841726618705036
651,10,0.05,7,0.1,0.3,log2,0.7038770053475936,0.6575977739990725,0.709472981987992,0.6127917026793431,0.6173913043478261,0.5532994923857868,0.44129554655870445,0.7414965986394558,0.6157205240174672,0.5217391304347826,0.4192139737991266,0.6906474820143885
652,10,0.05,7,0.1,0.4,sqrt,0.6973262032085561,0.6480099502487562,0.7038162782843634,0.6004033419763757,0.6152173913043478,0.5426356589147286,0.4375,0.7142857142857143,0.6266375545851528,0.5289256198347108,0.42857142857142855,0.6906474820143885
653,10,0.05,7,0.1,0.4,log2,0.7225935828877005,0.6626564786213623,0.7604477611940299,0.5871506770383175,0.6391304347826087,0.5585106382978723,0.4585152838427948,0.7142857142857143,0.6441048034934498,0.5408450704225352,0.4444444444444444,0.6906474820143885
654,10,0.05,7,0.1,0.5,sqrt,0.711096256684492,0.657907234446731,0.7301475755446241,0.5986747335061942,0.6217391304347826,0.546875,0.4430379746835443,0.7142857142857143,0.6353711790393013,0.5348189415041783,0.43636363636363634,0.6906474820143885
655,10,0.05,7,0.1,0.5,log2,0.7144385026737968,0.6521172638436482,0.7500936680404646,0.5767790262172284,0.6326086956521739,0.5564304461942258,0.452991452991453,0.7210884353741497,0.6397379912663755,0.5378151260504201,0.44036697247706424,0.6906474820143885
656,10,0.05,7,0.1,0.6,sqrt,0.7127005347593582,0.6568737026983874,0.7367478510028653,0.5926246038605589,0.6304347826086957,0.5572916666666666,0.45147679324894513,0.7278911564625851,0.6419213973799127,0.5418994413407822,0.4429223744292237,0.697841726618705
657,10,0.05,7,0.1,0.6,log2,0.7135026737967914,0.663843137254902,0.7286501377410468,0.6096225871506771,0.6282608695652174,0.5581395348837209,0.45,0.7346938775510204,0.6266375545851528,0.5315068493150685,0.42920353982300885,0.697841726618705
658,10,0.05,7,0.1,0.7,sqrt,0.69451871657754,0.6479741180095517,0.6963576158940398,0.6058772687986171,0.6108695652173913,0.5468354430379747,0.43548387096774194,0.7346938775510204,0.6179039301310044,0.5231607629427792,0.42105263157894735,0.6906474820143885
659,10,0.05,7,0.1,0.7,log2,0.7290106951871658,0.6786110670683367,0.7545839210155149,0.6165370210314031,0.6413043478260869,0.5669291338582677,0.46153846153846156,0.7346938775510204,0.6375545851528385,0.5388888888888889,0.43891402714932126,0.697841726618705
660,10,0.05,8,0.05,0.3,sqrt,0.7516042780748663,0.7081369776939994,0.7785837651122626,0.6493805819648516,0.6478260869565218,0.5691489361702128,0.4672489082969432,0.7278911564625851,0.6441048034934498,0.5408450704225352,0.4444444444444444,0.6906474820143885
661,10,0.05,8,0.05,0.3,log2,0.7100267379679145,0.6546728227989174,0.7316725978647687,0.592336502448862,0.6304347826086957,0.5549738219895288,0.451063829787234,0.7210884353741497,0.6353711790393013,0.5348189415041783,0.43636363636363634,0.6906474820143885
662,10,0.05,8,0.05,0.4,sqrt,0.7060160427807487,0.6594393681276134,0.7129939718687207,0.613367905502737,0.6217391304347826,0.5538461538461539,0.4444444444444444,0.7346938775510204,0.62882096069869,0.5303867403314917,0.4304932735426009,0.6906474820143885
663,10,0.05,8,0.05,0.4,log2,0.747192513368984,0.7060469454375874,0.7667116812964213,0.6542783059636992,0.6434782608695652,0.5661375661375662,0.46320346320346323,0.7278911564625851,0.6397379912663755,0.5403899721448467,0.4409090909090909,0.697841726618705
664,10,0.05,8,0.05,0.5,sqrt,0.7560160427807486,0.7150663544106167,0.7805044308111793,0.6597522327859406,0.6630434782608695,0.5953002610966057,0.4830508474576271,0.7755102040816326,0.6637554585152838,0.5722222222222222,0.4660633484162896,0.7410071942446043
665,10,0.05,8,0.05,0.5,log2,0.7189839572192513,0.6632489586670939,0.7470227354745579,0.5963699222126189,0.6413043478260869,0.5691906005221932,0.461864406779661,0.7414965986394558,0.62882096069869,0.532967032967033,0.4311111111111111,0.697841726618705
666,10,0.05,8,0.05,0.6,sqrt,0.7455882352941177,0.7001733102253033,0.7726008344923505,0.6401613367905503,0.6347826086956522,0.5602094240837696,0.4553191489361702,0.7278911564625851,0.6397379912663755,0.5378151260504201,0.44036697247706424,0.6906474820143885
667,10,0.05,8,0.05,0.6,log2,0.7664438502673797,0.7329970961332722,0.7805989583333334,0.6908671852492078,0.6673913043478261,0.6046511627906976,0.4875,0.7959183673469388,0.6266375545851528,0.5415549597855228,0.43162393162393164,0.7266187050359713
668,10,0.05,8,0.05,0.7,sqrt,0.722860962566845,0.6755360776334325,0.7395476353666895,0.6217228464419475,0.6173913043478261,0.5487179487179488,0.4403292181069959,0.7278911564625851,0.6266375545851528,0.5289256198347108,0.42857142857142855,0.6906474820143885
669,10,0.05,8,0.05,0.7,log2,0.7275401069518717,0.692794694000603,0.7265254505216566,0.662057044079516,0.6152173913043478,0.5473145780051151,0.4385245901639344,0.7278911564625851,0.6244541484716157,0.5274725274725275,0.4266666666666667,0.6906474820143885
670,10,0.05,8,0.1,0.3,sqrt,0.7014705882352941,0.6559852102911724,0.7049668874172186,0.613367905502737,0.6217391304347826,0.565,0.44664031620553357,0.7687074829931972,0.6048034934497817,0.5249343832020997,0.4132231404958678,0.7194244604316546
671,10,0.05,8,0.1,0.3,log2,0.685427807486631,0.6483335824241518,0.6736024844720497,0.6248919619706137,0.6021739130434782,0.5503685503685504,0.4307692307692308,0.7619047619047619,0.6069868995633187,0.5287958115183246,0.4156378600823045,0.7266187050359713
672,10,0.05,8,0.1,0.4,sqrt,0.6843582887700534,0.6434073402809243,0.6761904761904762,0.6136560069144339,0.6021739130434782,0.5459057071960298,0.4296875,0.7482993197278912,0.5960698689956332,0.5144356955380578,0.4049586776859504,0.7050359712230215
673,10,0.05,8,0.1,0.4,log2,0.7114973262032086,0.664802733768251,0.7212672733400741,0.6165370210314031,0.6173913043478261,0.5532994923857868,0.44129554655870445,0.7414965986394558,0.611353711790393,0.521505376344086,0.41630901287553645,0.697841726618705
674,10,0.05,8,0.1,0.5,sqrt,0.711096256684492,0.6556175298804781,0.7335948644793152,0.5926246038605589,0.6260869565217392,0.5520833333333334,0.4472573839662447,0.7210884353741497,0.6397379912663755,0.5378151260504201,0.44036697247706424,0.6906474820143885
675,10,0.05,8,0.1,0.5,log2,0.7066844919786096,0.6562206204951426,0.7193404328409482,0.6032843560933449,0.6195652173913043,0.5478036175710594,0.44166666666666665,0.7210884353741497,0.62882096069869,0.5303867403314917,0.4304932735426009,0.6906474820143885
676,10,0.05,8,0.1,0.6,sqrt,0.7312834224598931,0.6793235481812381,0.761172685019664,0.613367905502737,0.6478260869565218,0.578125,0.46835443037974683,0.7551020408163265,0.6462882096069869,0.55,0.4479638009049774,0.7122302158273381
677,10,0.05,8,0.1,0.6,log2,0.7080213903743315,0.6562795089707271,0.7232049947970863,0.6006914433880726,0.6260869565217392,0.558974358974359,0.448559670781893,0.7414965986394558,0.6331877729257642,0.5384615384615384,0.43555555555555553,0.7050359712230215
678,10,0.05,8,0.1,0.7,sqrt,0.7118983957219251,0.6566831288832244,0.7344975053456878,0.5937770095073466,0.6304347826086957,0.5572916666666666,0.45147679324894513,0.7278911564625851,0.6375545851528385,0.5388888888888889,0.43891402714932126,0.697841726618705
679,10,0.05,8,0.1,0.7,log2,0.7101604278074867,0.6560913705583756,0.7299682315566537,0.595793719389225,0.6217391304347826,0.546875,0.4430379746835443,0.7142857142857143,0.6353711790393013,0.5348189415041783,0.43636363636363634,0.6906474820143885
680,10,0.05,9,0.05,0.3,sqrt,0.7179144385026738,0.6640127388535032,0.7422570309718761,0.6006914433880726,0.6282608695652174,0.5558441558441558,0.4495798319327731,0.7278911564625851,0.6331877729257642,0.5333333333333333,0.4343891402714932,0.6906474820143885
681,10,0.05,9,0.05,0.3,log2,0.7122994652406417,0.6569971310168952,0.7352836246878345,0.5937770095073466,0.6304347826086957,0.5549738219895288,0.451063829787234,0.7210884353741497,0.6397379912663755,0.5378151260504201,0.44036697247706424,0.6906474820143885
682,10,0.05,9,0.05,0.4,sqrt,0.7183155080213903,0.6621773288439955,0.7465654374548084,0.5949294151541342,0.6413043478260869,0.5646437994722955,0.46120689655172414,0.7278911564625851,0.6397379912663755,0.5378151260504201,0.44036697247706424,0.6906474820143885
683,10,0.05,9,0.05,0.4,log2,0.7520053475935828,0.7085624509033779,0.7791983413959918,0.6496686833765486,0.6478260869565218,0.5691489361702128,0.4672489082969432,0.7278911564625851,0.6353711790393013,0.5348189415041783,0.43636363636363634,0.6906474820143885
684,10,0.05,9,0.05,0.5,sqrt,0.7426470588235294,0.6987008921583973,0.7649074708704592,0.6430423509075195,0.6543478260869565,0.587012987012987,0.47478991596638653,0.7687074829931972,0.6419213973799127,0.5418994413407822,0.4429223744292237,0.697841726618705
685,10,0.05,9,0.05,0.5,log2,0.7510695187165776,0.7089715536105032,0.7748548001366588,0.6534140017286084,0.6543478260869565,0.5891472868217055,0.475,0.7755102040816326,0.6528384279475983,0.5619834710743802,0.45535714285714285,0.7338129496402878
686,10,0.05,9,0.05,0.6,sqrt,0.7332887700534759,0.6870588235294117,0.7541322314049587,0.6309420916162489,0.6391304347826087,0.5631578947368421,0.4592274678111588,0.7278911564625851,0.6397379912663755,0.5378151260504201,0.44036697247706424,0.6906474820143885
687,10,0.05,9,0.05,0.6,log2,0.7403743315508021,0.7097159940209268,0.7374961168064617,0.6839527513684817,0.6282608695652174,0.5626598465473146,0.45081967213114754,0.7482993197278912,0.6266375545851528,0.5340599455040872,0.4298245614035088,0.7050359712230215
688,10,0.05,9,0.05,0.7,sqrt,0.7375668449197861,0.6997093467951659,0.7459230267449446,0.6588879285508499,0.6326086956521739,0.5677749360613811,0.45491803278688525,0.7551020408163265,0.62882096069869,0.532967032967033,0.4311111111111111,0.697841726618705
689,10,0.05,9,0.05,0.7,log2,0.7628342245989305,0.7341923883727899,0.764907898844833,0.7058484586574474,0.6391304347826087,0.5699481865284974,0.4602510460251046,0.7482993197278912,0.6135371179039302,0.528,0.4194915254237288,0.7122302158273381
690,10,0.05,9,0.1,0.3,sqrt,0.6827540106951872,0.6490164176896909,0.6668693009118541,0.6320944972630366,0.5978260869565217,0.5476772616136919,0.42748091603053434,0.7619047619047619,0.5829694323144105,0.5115089514066496,0.3968253968253968,0.7194244604316546
691,10,0.05,9,0.1,0.3,log2,0.678475935828877,0.6746922764777492,0.6359000509943906,0.7185249207721118,0.5456521739130434,0.5365853658536586,0.3980263157894737,0.8231292517006803,0.5327510917030568,0.5069124423963134,0.3728813559322034,0.7913669064748201
692,10,0.05,9,0.1,0.4,sqrt,0.6981283422459893,0.6564211807668898,0.6955820702999033,0.6214347450302506,0.6152173913043478,0.556390977443609,0.44047619047619047,0.7551020408163265,0.6004366812227074,0.5196850393700787,0.4090909090909091,0.7122302158273381
693,10,0.05,9,0.1,0.4,log2,0.7114973262032086,0.6571337782014617,0.732554020545519,0.595793719389225,0.6217391304347826,0.546875,0.4430379746835443,0.7142857142857143,0.6353711790393013,0.5348189415041783,0.43636363636363634,0.6906474820143885
694,10,0.05,9,0.1,0.5,sqrt,0.7177807486631016,0.6584695033166155,0.7509225092250923,0.5862863728032267,0.6369565217391304,0.5570291777188329,0.45652173913043476,0.7142857142857143,0.6462882096069869,0.5423728813559322,0.44651162790697674,0.6906474820143885
695,10,0.05,9,0.1,0.5,log2,0.6671122994652406,0.6493945367502112,0.6350867529606169,0.6643618553730913,0.5673913043478261,0.5446224256292906,0.4103448275862069,0.8095238095238095,0.5567685589519651,0.5155131264916468,0.38571428571428573,0.7769784172661871
696,10,0.05,9,0.1,0.6,sqrt,0.7195187165775401,0.6651771465049473,0.7456171735241502,0.6004033419763757,0.6391304347826087,0.5631578947368421,0.4592274678111588,0.7278911564625851,0.6397379912663755,0.5378151260504201,0.44036697247706424,0.6906474820143885
697,10,0.05,9,0.1,0.6,log2,0.7127005347593582,0.6598068703498496,0.7322557976106817,0.6004033419763757,0.6239130434782608,0.5506493506493506,0.44537815126050423,0.7210884353741497,0.6353711790393013,0.5348189415041783,0.43636363636363634,0.6906474820143885
698,10,0.05,9,0.1,0.7,sqrt,0.7259358288770054,0.6724193032917866,0.7549336203803373,0.606165370210314,0.6413043478260869,0.5646437994722955,0.46120689655172414,0.7278911564625851,0.6419213973799127,0.5393258426966292,0.4423963133640553,0.6906474820143885
699,10,0.05,9,0.1,0.7,log2,0.7183155080213903,0.6616348161233339,0.7474600870827286,0.5934889080956497,0.6413043478260869,0.5623342175066313,0.4608695652173913,0.7210884353741497,0.6441048034934498,0.5408450704225352,0.4444444444444444,0.6906474820143885
700,10,0.1,3,0.05,0.3,sqrt,0.7033422459893048,0.6608589332110653,0.7037760416666666,0.6228752520887353,0.6152173913043478,0.5518987341772152,0.43951612903225806,0.7414965986394558,0.6004366812227074,0.5145888594164456,0.40756302521008403,0.697841726618705
701,10,0.1,3,0.05,0.3,log2,0.7371657754010695,0.687936507936508,0.7659950512548603,0.6243157591472198,0.6413043478260869,0.5714285714285714,0.46218487394957986,0.7482993197278912,0.6331877729257642,0.5384615384615384,0.43555555555555553,0.7050359712230215
702,10,0.1,3,0.05,0.4,sqrt,0.7425133689839573,0.7097649186256781,0.7440758293838863,0.6784788245462403,0.6369565217391304,0.5772151898734177,0.4596774193548387,0.7755102040816326,0.6244541484716157,0.5300546448087432,0.42731277533039647,0.697841726618705
703,10,0.1,3,0.05,0.4,log2,0.7413101604278075,0.7088912291259215,0.7418136020151134,0.6787669259579372,0.6326086956521739,0.5764411027568922,0.45634920634920634,0.782312925170068,0.62882096069869,0.5478723404255319,0.4345991561181435,0.7410071942446043
704,10,0.1,3,0.05,0.5,sqrt,0.729144385026738,0.6801389327439217,0.7523576667830947,0.6205704407951599,0.6478260869565218,0.5803108808290155,0.4686192468619247,0.7619047619047619,0.6397379912663755,0.5429362880886427,0.44144144144144143,0.7050359712230215
705,10,0.1,3,0.05,0.5,log2,0.7375668449197861,0.6989725502223585,0.7472131147540984,0.6565831172572746,0.6326086956521739,0.5633074935400517,0.45416666666666666,0.7414965986394558,0.62882096069869,0.5355191256830601,0.43171806167400884,0.7050359712230215
706,10,0.1,3,0.05,0.6,sqrt,0.7643048128342246,0.7307985952053748,0.7774528914879792,0.6894266781907231,0.6652173913043479,0.6030927835051546,0.4854771784232365,0.7959183673469388,0.6397379912663755,0.5576407506702413,0.4444444444444444,0.7482014388489209
707,10,0.1,3,0.05,0.6,log2,0.7566844919786097,0.724492885255828,0.763317384370016,0.6894266781907231,0.6326086956521739,0.5564304461942258,0.452991452991453,0.7210884353741497,0.6637554585152838,0.5860215053763441,0.4678111587982833,0.7841726618705036
708,10,0.1,3,0.05,0.7,sqrt,0.725,0.6831972893885723,0.7339510258107214,0.6390089311437626,0.6195652173913043,0.5478036175710594,0.44166666666666665,0.7210884353741497,0.6441048034934498,0.5582655826558266,0.44782608695652176,0.7410071942446043
709,10,0.1,3,0.05,0.7,log2,0.7344919786096257,0.6908468244084682,0.7514392143582798,0.6392970325554596,0.6347826086956522,0.5578947368421052,0.45493562231759654,0.7210884353741497,0.6615720524017468,0.5730027548209367,0.4642857142857143,0.7482014388489209
710,10,0.1,3,0.1,0.3,sqrt,0.6705882352941176,0.6546117185309784,0.6374556374556375,0.672716796312302,0.5673913043478261,0.5446224256292906,0.4103448275862069,0.8095238095238095,0.5458515283842795,0.5094339622641509,0.37894736842105264,0.7769784172661871
711,10,0.1,3,0.1,0.3,log2,0.671524064171123,0.653797379174299,0.6398234969663541,0.6683952751368482,0.5652173913043478,0.5454545454545454,0.40955631399317405,0.8163265306122449,0.5545851528384279,0.5142857142857142,0.38434163701067614,0.7769784172661871
712,10,0.1,3,0.1,0.4,sqrt,0.7114973262032086,0.6571337782014617,0.732554020545519,0.595793719389225,0.6217391304347826,0.546875,0.4430379746835443,0.7142857142857143,0.6353711790393013,0.5348189415041783,0.43636363636363634,0.6906474820143885
713,10,0.1,3,0.1,0.4,log2,0.699331550802139,0.6527713447583758,0.7032601463739189,0.6090463843272832,0.6173913043478261,0.5487179487179488,0.4403292181069959,0.7278911564625851,0.631004366812227,0.5344352617079889,0.4330357142857143,0.697841726618705
714,10,0.1,3,0.1,0.5,sqrt,0.7156417112299466,0.6644581164221486,0.7343096234309623,0.6067415730337079,0.6260869565217392,0.5544041450777202,0.4476987447698745,0.7278911564625851,0.6331877729257642,0.5333333333333333,0.4343891402714932,0.6906474820143885
715,10,0.1,3,0.1,0.5,log2,0.7160427807486631,0.665511811023622,0.733935394234109,0.6087582829155863,0.6260869565217392,0.5544041450777202,0.4476987447698745,0.7278911564625851,0.6331877729257642,0.5333333333333333,0.4343891402714932,0.6906474820143885
716,10,0.1,3,0.1,0.6,sqrt,0.7296791443850268,0.6755455712451861,0.7624049257515393,0.6064534716220109,0.6391304347826087,0.5631578947368421,0.4592274678111588,0.7278911564625851,0.6462882096069869,0.547486033519553,0.4474885844748858,0.7050359712230215
717,10,0.1,3,0.1,0.6,log2,0.6723262032085562,0.654642806819783,0.6406508549365693,0.6692595793719389,0.5739130434782609,0.5483870967741935,0.4146341463414634,0.8095238095238095,0.5611353711790393,0.5179856115107914,0.38848920863309355,0.7769784172661871
718,10,0.1,3,0.1,0.7,sqrt,0.7498663101604278,0.7071529190796682,0.7741603838245373,0.6508210890233362,0.6434782608695652,0.5661375661375662,0.46320346320346323,0.7278911564625851,0.6353711790393013,0.5348189415041783,0.43636363636363634,0.6906474820143885
719,10,0.1,3,0.1,0.7,log2,0.733957219251337,0.6930906847624922,0.7457683372054431,0.6473638720829732,0.6347826086956522,0.5841584158415841,0.4591439688715953,0.8027210884353742,0.6200873362445415,0.5445026178010471,0.4279835390946502,0.7482014388489209
720,10,0.1,4,0.05,0.3,sqrt,0.7124331550802139,0.6612064892108993,0.7293259207783183,0.6047248631518295,0.6239130434782608,0.5529715762273901,0.44583333333333336,0.7278911564625851,0.6375545851528385,0.5388888888888889,0.43891402714932126,0.697841726618705
721,10,0.1,4,0.05,0.3,log2,0.7259358288770054,0.6769618657421999,0.7471304347826087,0.6188418323249784,0.6282608695652174,0.5558441558441558,0.4495798319327731,0.7278911564625851,0.6397379912663755,0.5403899721448467,0.4409090909090909,0.697841726618705
722,10,0.1,4,0.05,0.4,sqrt,0.7124331550802139,0.6587339362208472,0.7330508474576272,0.5980985306828004,0.6195652173913043,0.5454545454545454,0.4411764705882353,0.7142857142857143,0.6353711790393013,0.5348189415041783,0.43636363636363634,0.6906474820143885
723,10,0.1,4,0.05,0.4,log2,0.7359625668449198,0.6977811782708493,0.7441253263707572,0.6568712186689715,0.6478260869565218,0.5759162303664922,0.46808510638297873,0.7482993197278912,0.6331877729257642,0.5409836065573771,0.43612334801762115,0.7122302158273381
724,10,0.1,4,0.05,0.5,sqrt,0.7327540106951872,0.7058996616154186,0.7212868310282622,0.6911552866609046,0.6108695652173913,0.544529262086514,0.4349593495934959,0.7278911564625851,0.6397379912663755,0.5576407506702413,0.4444444444444444,0.7482014388489209
725,10,0.1,4,0.05,0.5,log2,0.7252673796791443,0.6712525995840666,0.7546762589928058,0.6044367617401325,0.6347826086956522,0.5602094240837696,0.4553191489361702,0.7278911564625851,0.6397379912663755,0.5378151260504201,0.44036697247706424,0.6906474820143885
726,10,0.1,4,0.05,0.6,sqrt,0.7382352941176471,0.6889100730854782,0.7679773290825364,0.6246038605589167,0.6413043478260869,0.5646437994722955,0.46120689655172414,0.7278911564625851,0.6615720524017468,0.5682451253481894,0.4636363636363636,0.7338129496402878
727,10,0.1,4,0.05,0.6,log2,0.7675133689839572,0.7358347258089017,0.7782776349614395,0.6977816191299338,0.65,0.5903307888040712,0.4715447154471545,0.7891156462585034,0.6462882096069869,0.5668449197860963,0.451063829787234,0.762589928057554
728,10,0.1,4,0.05,0.7,sqrt,0.7529411764705882,0.7141973399319518,0.7709515859766277,0.6652261596081821,0.6369565217391304,0.5593667546174143,0.45689655172413796,0.7210884353741497,0.6593886462882096,0.569060773480663,0.4618834080717489,0.7410071942446043
729,10,0.1,4,0.05,0.7,log2,0.7517379679144385,0.7182521620391443,0.7586538461538461,0.6819360414866033,0.6304347826086957,0.5572916666666666,0.45147679324894513,0.7278911564625851,0.6550218340611353,0.5683060109289617,0.4581497797356828,0.7482014388489209
730,10,0.1,4,0.1,0.3,sqrt,0.693716577540107,0.6571898847822834,0.6836861768368617,0.6326707000864304,0.6065217391304348,0.5508684863523573,0.43359375,0.7551020408163265,0.5873362445414847,0.5116279069767442,0.39919354838709675,0.7122302158273381
731,10,0.1,4,0.1,0.3,log2,0.6741978609625668,0.671164485224666,0.6312182741116751,0.7165082108902333,0.5391304347826087,0.537117903930131,0.3954983922829582,0.8367346938775511,0.5414847161572053,0.5116279069767442,0.37800687285223367,0.7913669064748201
732,10,0.1,4,0.1,0.4,sqrt,0.7096256684491978,0.6711084191399153,0.7073092882221513,0.6384327283203688,0.6108695652173913,0.5536159600997507,0.43700787401574803,0.7551020408163265,0.6026200873362445,0.5185185185185185,0.4100418410041841,0.7050359712230215
733,10,0.1,4,0.1,0.4,log2,0.7124331550802139,0.6602432475122414,0.7307692307692307,0.6021319504465572,0.6239130434782608,0.5529715762273901,0.44583333333333336,0.7278911564625851,0.6375545851528385,0.5388888888888889,0.43891402714932126,0.697841726618705
734,10,0.1,4,0.1,0.5,sqrt,0.6954545454545454,0.6491065927295132,0.6974511751075803,0.6070296744454048,0.6130434782608696,0.5482233502538071,0.43724696356275305,0.7346938775510204,0.6157205240174672,0.5243243243243243,0.4199134199134199,0.697841726618705
735,10,0.1,4,0.1,0.5,log2,0.7231283422459893,0.6645067228252065,0.7590673575129534,0.5908959953903774,0.6391304347826087,0.5585106382978723,0.4585152838427948,0.7142857142857143,0.648471615720524,0.5439093484419264,0.4485981308411215,0.6906474820143885
736,10,0.1,4,0.1,0.6,sqrt,0.7268716577540107,0.6661219153456447,0.7696374622356495,0.5871506770383175,0.6413043478260869,0.5576407506702413,0.46017699115044247,0.7074829931972789,0.6462882096069869,0.5423728813559322,0.44651162790697674,0.6906474820143885
737,10,0.1,4,0.1,0.6,log2,0.717379679144385,0.6634829672078956,0.7413731768054074,0.6004033419763757,0.6347826086956522,0.5602094240837696,0.4553191489361702,0.7278911564625851,0.6462882096069869,0.5449438202247191,0.4470046082949309,0.697841726618705
738,10,0.1,4,0.1,0.7,sqrt,0.7179144385026738,0.6594577146546159,0.7497247706422019,0.5885911840968021,0.6369565217391304,0.5593667546174143,0.45689655172413796,0.7210884353741497,0.6441048034934498,0.5408450704225352,0.4444444444444444,0.6906474820143885
739,10,0.1,4,0.1,0.7,log2,0.7012032085561497,0.6677568009513899,0.6898034398034398,0.6470757706712763,0.6065217391304348,0.563855421686747,0.43656716417910446,0.7959183673469388,0.5982532751091703,0.5306122448979592,0.41106719367588934,0.7482014388489209
740,10,0.1,5,0.05,0.3,sqrt,0.7248663101604278,0.6685990338164252,0.7579408543263965,0.5980985306828004,0.6434782608695652,0.5661375661375662,0.46320346320346323,0.7278911564625851,0.6441048034934498,0.5408450704225352,0.4444444444444444,0.6906474820143885
741,10,0.1,5,0.05,0.3,log2,0.7192513368983957,0.6728971962616822,0.7324516785350966,0.6222990492653414,0.6239130434782608,0.5620253164556962,0.4475806451612903,0.7551020408163265,0.6200873362445415,0.5271739130434783,0.42358078602620086,0.697841726618705
742,10,0.1,5,0.05,0.4,sqrt,0.7362299465240641,0.6892424003780123,0.7602501737317582,0.630365888792855,0.6456521739130435,0.5676392572944297,0.4652173913043478,0.7278911564625851,0.6441048034934498,0.5408450704225352,0.4444444444444444,0.6906474820143885
743,10,0.1,5,0.05,0.4,log2,0.728475935828877,0.6861381548446917,0.74,0.6395851339671564,0.6195652173913043,0.5569620253164557,0.4435483870967742,0.7482993197278912,0.631004366812227,0.5395095367847411,0.4342105263157895,0.7122302158273381
744,10,0.1,5,0.05,0.5,sqrt,0.7366310160427807,0.6972956361401352,0.7471188673032598,0.6537021031403054,0.6282608695652174,0.5558441558441558,0.4495798319327731,0.7278911564625851,0.62882096069869,0.5303867403314917,0.4304932735426009,0.6906474820143885
745,10,0.1,5,0.05,0.5,log2,0.7497326203208556,0.7077739619107087,0.7724020442930153,0.6531259003169115,0.6434782608695652,0.5661375661375662,0.46320346320346323,0.7278911564625851,0.6397379912663755,0.5403899721448467,0.4409090909090909,0.697841726618705
746,10,0.1,5,0.05,0.6,sqrt,0.7364973262032085,0.6970954356846473,0.7470355731225297,0.6534140017286084,0.6347826086956522,0.5602094240837696,0.4553191489361702,0.7278911564625851,0.6419213973799127,0.5393258426966292,0.4423963133640553,0.6906474820143885
747,10,0.1,5,0.05,0.6,log2,0.7181818181818181,0.6868686868686869,0.708984973934376,0.6660904638432729,0.6021739130434782,0.5390428211586902,0.428,0.7278911564625851,0.62882096069869,0.5502645502645502,0.4351464435146444,0.7482014388489209
748,10,0.1,5,0.05,0.7,sqrt,0.7413101604278075,0.7010659663216438,0.7558294470353097,0.6537021031403054,0.6413043478260869,0.5646437994722955,0.46120689655172414,0.7278911564625851,0.6615720524017468,0.5730027548209367,0.4642857142857143,0.7482014388489209
749,10,0.1,5,0.05,0.7,log2,0.7681818181818182,0.7445492044784915,0.7618329816098884,0.7280322673581101,0.6326086956521739,0.5721518987341773,0.45564516129032256,0.7687074829931972,0.6506550218340611,0.5789473684210527,0.45643153526970953,0.7913669064748201
750,10,0.1,5,0.1,0.3,sqrt,0.6858288770053476,0.6524696835255841,0.6703129747797022,0.6355517142033996,0.6043478260869565,0.553921568627451,0.4329501915708812,0.7687074829931972,0.5829694323144105,0.5115089514066496,0.3968253968253968,0.7194244604316546
751,10,0.1,5,0.1,0.3,log2,0.6934491978609626,0.6567879060020955,0.6834890965732088,0.6320944972630366,0.6,0.5533980582524272,0.43018867924528303,0.7755102040816326,0.5895196506550219,0.517948717948718,0.40239043824701193,0.7266187050359713
752,10,0.1,5,0.1,0.4,sqrt,0.7252673796791443,0.6666666666666666,0.7628062360801782,0.592048401037165,0.6434782608695652,0.5661375661375662,0.46320346320346323,0.7278911564625851,0.6462882096069869,0.5423728813559322,0.44651162790697674,0.6906474820143885
753,10,0.1,5,0.1,0.4,log2,0.6885026737967914,0.648036253776435,0.6811686249603048,0.6179775280898876,0.6065217391304348,0.5508684863523573,0.43359375,0.7551020408163265,0.5917030567685589,0.5142857142857142,0.4024390243902439,0.7122302158273381
754,10,0.1,5,0.1,0.5,sqrt,0.7128342245989305,0.6659409020217729,0.7235552551537682,0.6168251224431,0.6239130434782608,0.5552699228791774,0.4462809917355372,0.7346938775510204,0.6200873362445415,0.5271739130434783,0.42358078602620086,0.697841726618705
755,10,0.1,5,0.1,0.5,log2,0.7121657754010695,0.6577650611985376,0.7336879432624114,0.596081820800922,0.6217391304347826,0.546875,0.4430379746835443,0.7142857142857143,0.6331877729257642,0.5333333333333333,0.4343891402714932,0.6906474820143885
756,10,0.1,5,0.1,0.6,sqrt,0.7017379679144385,0.6528707017270888,0.709742895805142,0.6044367617401325,0.6173913043478261,0.5487179487179488,0.4403292181069959,0.7278911564625851,0.62882096069869,0.5303867403314917,0.4304932735426009,0.6906474820143885
757,10,0.1,5,0.1,0.6,log2,0.7085561497326203,0.6580928481806776,0.7222030981067126,0.6044367617401325,0.6239130434782608,0.5506493506493506,0.44537815126050423,0.7210884353741497,0.6331877729257642,0.5333333333333333,0.4343891402714932,0.6906474820143885
758,10,0.1,5,0.1,0.7,sqrt,0.7096256684491978,0.6538093720114759,0.7317160185515519,0.5908959953903774,0.6260869565217392,0.5520833333333334,0.4472573839662447,0.7210884353741497,0.6397379912663755,0.5378151260504201,0.44036697247706424,0.6906474820143885
759,10,0.1,5,0.1,0.7,log2,0.7156417112299466,0.6575430687489937,0.7452554744525547,0.5883030826851051,0.6304347826086957,0.5549738219895288,0.451063829787234,0.7210884353741497,0.6419213973799127,0.5393258426966292,0.4423963133640553,0.6906474820143885
760,10,0.1,6,0.05,0.3,sqrt,0.706951871657754,0.6529449018366055,0.7247803163444639,0.5940651109190435,0.6239130434782608,0.5483028720626631,0.4449152542372881,0.7142857142857143,0.62882096069869,0.5303867403314917,0.4304932735426009,0.6906474820143885
761,10,0.1,6,0.05,0.3,log2,0.736096256684492,0.6928104575163399,0.7532994923857868,0.641313742437338,0.6391304347826087,0.5808080808080808,0.46184738955823296,0.782312925170068,0.631004366812227,0.546916890080429,0.4358974358974359,0.7338129496402878
762,10,0.1,6,0.05,0.4,sqrt,0.7477272727272727,0.7160270880361174,0.7495274102079396,0.6853932584269663,0.6260869565217392,0.5567010309278351,0.44813278008298757,0.7346938775510204,0.62882096069869,0.5355191256830601,0.43171806167400884,0.7050359712230215
763,10,0.1,6,0.05,0.4,log2,0.7422459893048128,0.6986558299468584,0.763580457806628,0.6439066551426103,0.6413043478260869,0.5623342175066313,0.4608695652173913,0.7210884353741497,0.6441048034934498,0.5408450704225352,0.4444444444444444,0.6906474820143885
764,10,0.1,6,0.05,0.5,sqrt,0.7423796791443851,0.6971554298286972,0.7669432918395575,0.6390089311437626,0.6434782608695652,0.5661375661375662,0.46320346320346323,0.7278911564625851,0.6593886462882096,0.569060773480663,0.4618834080717489,0.7410071942446043
765,10,0.1,6,0.05,0.5,log2,0.7255347593582888,0.6957166147917593,0.7164224664224664,0.6761740132526649,0.6326086956521739,0.561038961038961,0.453781512605042,0.7346938775510204,0.6724890829694323,0.5967741935483871,0.47639484978540775,0.7985611510791367
766,10,0.1,6,0.05,0.6,sqrt,0.7659090909090909,0.7393181479827304,0.7649414664202094,0.7153558052434457,0.6369565217391304,0.5662337662337662,0.4579831932773109,0.7414965986394558,0.6375545851528385,0.5585106382978723,0.4430379746835443,0.7553956834532374
767,10,0.1,6,0.05,0.6,log2,0.7517379679144385,0.7112424195303996,0.7726351351351352,0.6588879285508499,0.6391304347826087,0.5608465608465608,0.4588744588744589,0.7210884353741497,0.6331877729257642,0.5333333333333333,0.4343891402714932,0.6906474820143885
768,10,0.1,6,0.05,0.7,sqrt,0.7570855614973262,0.7314910595537165,0.7509101941747572,0.7130509939498704,0.6456521739130435,0.6014669926650367,0.46946564885496184,0.8367346938775511,0.631004366812227,0.5655526992287918,0.44,0.7913669064748201
769,10,0.1,6,0.05,0.7,log2,0.7651069518716578,0.7378003283092076,0.7653250773993808,0.7121866897147796,0.6195652173913043,0.5501285347043702,0.44214876033057854,0.7278911564625851,0.6462882096069869,0.5621621621621622,0.45021645021645024,0.7482014388489209
770,10,0.1,6,0.1,0.3,sqrt,0.6921122994652407,0.6441044660794313,0.6946666666666667,0.6004033419763757,0.6086956521739131,0.5454545454545454,0.43373493975903615,0.7346938775510204,0.6091703056768559,0.5201072386058981,0.41452991452991456,0.697841726618705
771,10,0.1,6,0.1,0.3,log2,0.6893048128342246,0.6420209488601355,0.6898378020523006,0.6004033419763757,0.6021739130434782,0.5413533834586466,0.42857142857142855,0.7346938775510204,0.6091703056768559,0.5201072386058981,0.41452991452991456,0.697841726618705
772,10,0.1,6,0.1,0.4,sqrt,0.7114973262032086,0.6571337782014617,0.732554020545519,0.595793719389225,0.6239130434782608,0.5506493506493506,0.44537815126050423,0.7210884353741497,0.6353711790393013,0.5348189415041783,0.43636363636363634,0.6906474820143885
773,10,0.1,6,0.1,0.4,log2,0.6676470588235294,0.6508426966292135,0.6349684845163058,0.6675309709017574,0.5630434782608695,0.54421768707483,0.40816326530612246,0.8163265306122449,0.5524017467248908,0.5153664302600472,0.38380281690140844,0.7841726618705036
774,10,0.1,6,0.1,0.5,sqrt,0.7012032085561497,0.6484190655969797,0.7141372141372141,0.5937770095073466,0.6195652173913043,0.5478036175710594,0.44166666666666665,0.7210884353741497,0.6353711790393013,0.5348189415041783,0.43636363636363634,0.6906474820143885
775,10,0.1,6,0.1,0.5,log2,0.7114973262032086,0.65865232521354,0.7302700806734479,0.5998271391529818,0.6260869565217392,0.5544041450777202,0.4476987447698745,0.7278911564625851,0.6375545851528385,0.5388888888888889,0.43891402714932126,0.697841726618705
776,10,0.1,6,0.1,0.6,sqrt,0.7350267379679144,0.6910847880299252,0.7528013582342954,0.6387208297320657,0.6347826086956522,0.5602094240837696,0.4553191489361702,0.7278911564625851,0.6462882096069869,0.5573770491803278,0.44933920704845814,0.7338129496402878
777,10,0.1,6,0.1,0.6,log2,0.7026737967914438,0.6494325346784363,0.7170205360250609,0.5934889080956497,0.6260869565217392,0.5544041450777202,0.4476987447698745,0.7278911564625851,0.6375545851528385,0.5388888888888889,0.43891402714932126,0.697841726618705
778,10,0.1,6,0.1,0.7,sqrt,0.7330213903743316,0.6940401409529646,0.7411649214659686,0.6525496974935178,0.6239130434782608,0.5529715762273901,0.44583333333333336,0.7278911564625851,0.631004366812227,0.5344352617079889,0.4330357142857143,0.697841726618705
779,10,0.1,6,0.1,0.7,log2,0.7323529411764705,0.6840277777777778,0.756369982547993,0.6243157591472198,0.6413043478260869,0.5691906005221932,0.461864406779661,0.7414965986394558,0.6353711790393013,0.5373961218836565,0.4369369369369369,0.697841726618705
780,10,0.1,7,0.05,0.3,sqrt,0.7133689839572193,0.6608668142992724,0.7327253595229744,0.6018438490348603,0.6239130434782608,0.5506493506493506,0.44537815126050423,0.7210884353741497,0.6353711790393013,0.5348189415041783,0.43636363636363634,0.6906474820143885
781,10,0.1,7,0.05,0.3,log2,0.7255347593582888,0.6687106664515088,0.76008804108584,0.5969461250360126,0.6434782608695652,0.5661375661375662,0.46320346320346323,0.7278911564625851,0.6462882096069869,0.5423728813559322,0.44651162790697674,0.6906474820143885
782,10,0.1,7,0.05,0.4,sqrt,0.7205882352941176,0.6687797147385103,0.7432194434660092,0.6078939786804956,0.6369565217391304,0.5570291777188329,0.45652173913043476,0.7142857142857143,0.6462882096069869,0.5423728813559322,0.44651162790697674,0.6906474820143885
783,10,0.1,7,0.05,0.4,log2,0.7240641711229947,0.6837266319338032,0.730278232405892,0.6427542494958225,0.6282608695652174,0.5558441558441558,0.4495798319327731,0.7278911564625851,0.6222707423580786,0.5260273972602739,0.4247787610619469,0.6906474820143885
784,10,0.1,7,0.05,0.5,sqrt,0.7524064171122995,0.7181126331811263,0.7612132946111649,0.679631230193028,0.6326086956521739,0.5587467362924282,0.4533898305084746,0.7278911564625851,0.631004366812227,0.5318559556786704,0.43243243243243246,0.6906474820143885
785,10,0.1,7,0.05,0.5,log2,0.7427807486631016,0.7020749458036544,0.7589554737194509,0.6531259003169115,0.6391304347826087,0.5786802030456852,0.46153846153846156,0.7755102040816326,0.6222707423580786,0.5361930294906166,0.42735042735042733,0.7194244604316546
786,10,0.1,7,0.05,0.6,sqrt,0.7538770053475936,0.715323952373589,0.7720293724966623,0.6663785652549697,0.6478260869565218,0.5691489361702128,0.4672489082969432,0.7278911564625851,0.6615720524017468,0.5706371191135734,0.46396396396396394,0.7410071942446043
787,10,0.1,7,0.05,0.6,log2,0.7536096256684492,0.7208844464637286,0.7598978288633461,0.6856813598386632,0.6195652173913043,0.5501285347043702,0.44214876033057854,0.7278911564625851,0.6331877729257642,0.5333333333333333,0.4343891402714932,0.6906474820143885
788,10,0.1,7,0.05,0.7,sqrt,0.7709893048128342,0.7519188993482984,0.7559697146185207,0.7479112647651973,0.6521739130434783,0.5918367346938775,0.47346938775510206,0.7891156462585034,0.648471615720524,0.5818181818181818,0.45528455284552843,0.8057553956834532
789,10,0.1,7,0.05,0.7,log2,0.767379679144385,0.7359635811836115,0.7774927861494069,0.6986459233650245,0.6608695652173913,0.5958549222797928,0.4811715481171548,0.782312925170068,0.6331877729257642,0.5409836065573771,0.43612334801762115,0.7122302158273381
790,10,0.1,7,0.1,0.3,sqrt,0.7054812834224599,0.6606069942997997,0.7099337748344371,0.6176894266781907,0.6195652173913043,0.5569620253164557,0.4435483870967742,0.7482993197278912,0.6157205240174672,0.5294117647058824,0.42127659574468085,0.7122302158273381
791,10,0.1,7,0.1,0.3,log2,0.6836898395721925,0.643889223359422,0.6741254333438387,0.6162489196197062,0.6,0.54,0.4268774703557312,0.7346938775510204,0.6004366812227074,0.5145888594164456,0.40756302521008403,0.697841726618705
792,10,0.1,7,0.1,0.4,sqrt,0.7088235294117647,0.6496138996138996,0.7355191256830601,0.581676750216076,0.6304347826086957,0.5549738219895288,0.451063829787234,0.7210884353741497,0.6353711790393013,0.5348189415041783,0.43636363636363634,0.6906474820143885
793,10,0.1,7,0.1,0.4,log2,0.7114973262032086,0.6571337782014617,0.732554020545519,0.595793719389225,0.6260869565217392,0.5544041450777202,0.4476987447698745,0.7278911564625851,0.6353711790393013,0.5348189415041783,0.43636363636363634,0.6906474820143885
794,10,0.1,7,0.1,0.5,sqrt,0.7282085561497326,0.6689464256635728,0.7692883895131086,0.5917602996254682,0.6478260869565218,0.5691489361702128,0.4672489082969432,0.7278911564625851,0.6528384279475983,0.5495750708215298,0.4532710280373832,0.697841726618705
795,10,0.1,7,0.1,0.5,log2,0.7081550802139037,0.6542056074766355,0.7266009852216748,0.5949294151541342,0.6195652173913043,0.5454545454545454,0.4411764705882353,0.7142857142857143,0.631004366812227,0.5318559556786704,0.43243243243243246,0.6906474820143885
796,10,0.1,7,0.1,0.6,sqrt,0.727807486631016,0.6779500158177791,0.7516660820764643,0.6174013252664938,0.6391304347826087,0.5699481865284974,0.4602510460251046,0.7482993197278912,0.6200873362445415,0.5297297297297298,0.42424242424242425,0.7050359712230215
797,10,0.1,7,0.1,0.6,log2,0.7100267379679145,0.6564232536036749,0.729064039408867,0.5969461250360126,0.6260869565217392,0.5544041450777202,0.4476987447698745,0.7278911564625851,0.6353711790393013,0.5348189415041783,0.43636363636363634,0.6906474820143885
798,10,0.1,7,0.1,0.7,sqrt,0.7290106951871658,0.6683030600556373,0.7734848484848484,0.5883030826851051,0.6434782608695652,0.5614973262032086,0.46255506607929514,0.7142857142857143,0.648471615720524,0.5439093484419264,0.4485981308411215,0.6906474820143885
799,10,0.1,7,0.1,0.7,log2,0.718048128342246,0.6695911013629955,0.7338598901098901,0.6156727167963123,0.6239130434782608,0.5506493506493506,0.44537815126050423,0.7210884353741497,0.6375545851528385,0.5388888888888889,0.43891402714932126,0.697841726618705
800,10,0.1,8,0.05,0.3,sqrt,0.6868983957219251,0.6454738116863458,0.6800637958532696,0.6142322097378277,0.6043478260869565,0.542713567839196,0.4302788844621514,0.7346938775510204,0.6004366812227074,0.5145888594164456,0.40756302521008403,0.697841726618705
801,10,0.1,8,0.05,0.3,log2,0.7038770053475936,0.651345820872029,0.7179042331714087,0.596081820800922,0.6195652173913043,0.5478036175710594,0.44166666666666665,0.7210884353741497,0.6266375545851528,0.5289256198347108,0.42857142857142855,0.6906474820143885
802,10,0.1,8,0.05,0.4,sqrt,0.7227272727272728,0.6664522354454808,0.7542773935202038,0.5969461250360126,0.6391304347826087,0.5631578947368421,0.4592274678111588,0.7278911564625851,0.6397379912663755,0.5378151260504201,0.44036697247706424,0.6906474820143885
803,10,0.1,8,0.05,0.4,log2,0.7334224598930481,0.6905648665425201,0.748402287251934,0.6410256410256411,0.6413043478260869,0.5669291338582677,0.46153846153846156,0.7346938775510204,0.6353711790393013,0.5373961218836565,0.4369369369369369,0.697841726618705
804,10,0.1,8,0.05,0.5,sqrt,0.7343582887700535,0.6968726163234172,0.7405966277561609,0.6580236243157591,0.6282608695652174,0.5558441558441558,0.4495798319327731,0.7278911564625851,0.6266375545851528,0.5289256198347108,0.42857142857142855,0.6906474820143885
805,10,0.1,8,0.05,0.5,log2,0.6934491978609626,0.6493347606667687,0.6919817470664928,0.6116392970325555,0.6130434782608696,0.5482233502538071,0.43724696356275305,0.7346938775510204,0.6157205240174672,0.5243243243243243,0.4199134199134199,0.697841726618705
806,10,0.1,8,0.05,0.6,sqrt,0.7274064171122995,0.6913879219010141,0.7283163265306123,0.6580236243157591,0.6152173913043478,0.549618320610687,0.43902439024390244,0.7346938775510204,0.6397379912663755,0.5576407506702413,0.4444444444444444,0.7482014388489209
807,10,0.1,8,0.05,0.6,log2,0.7423796791443851,0.7062052142094831,0.75,0.6672428694900605,0.6326086956521739,0.5587467362924282,0.4533898305084746,0.7278911564625851,0.648471615720524,0.5636856368563685,0.45217391304347826,0.7482014388489209
808,10,0.1,8,0.05,0.7,sqrt,0.7493315508021391,0.711227475743108,0.7640635340833885,0.6652261596081821,0.6456521739130435,0.5744125326370757,0.4661016949152542,0.7482993197278912,0.6441048034934498,0.5509641873278237,0.44642857142857145,0.7194244604316546
809,10,0.1,8,0.05,0.7,log2,0.743048128342246,0.7028447742733457,0.7584250917584251,0.6548545087870931,0.6391304347826087,0.5631578947368421,0.4592274678111588,0.7278911564625851,0.6572052401746725,0.5698630136986301,0.46017699115044247,0.7482014388489209
810,10,0.1,8,0.1,0.3,sqrt,0.6941176470588235,0.655421686746988,0.6866519406752919,0.6269086718524921,0.6043478260869565,0.5495049504950495,0.43190661478599224,0.7551020408163265,0.5960698689956332,0.5144356955380578,0.4049586776859504,0.7050359712230215
811,10,0.1,8,0.1,0.3,log2,0.6540106951871658,0.6450905101481075,0.6155456686731222,0.6776145203111495,0.5456521739130434,0.5365853658536586,0.3980263157894737,0.8231292517006803,0.5393013100436681,0.5081585081585082,0.3758620689655172,0.7841726618705036
812,10,0.1,8,0.1,0.4,sqrt,0.685427807486631,0.678683599617643,0.6451194184839044,0.7159320080668395,0.5782608695652174,0.5669642857142857,0.4219269102990033,0.8639455782312925,0.5502183406113537,0.5275229357798165,0.3872053872053872,0.8273381294964028
813,10,0.1,8,0.1,0.4,log2,0.6578877005347593,0.6441385064664163,0.6225806451612903,0.6672428694900605,0.5478260869565217,0.5357142857142857,0.39867109634551495,0.8163265306122449,0.5502183406113537,0.5118483412322274,0.38162544169611307,0.7769784172661871
814,10,0.1,8,0.1,0.5,sqrt,0.7127005347593582,0.6580747812251392,0.7348969438521677,0.595793719389225,0.6217391304347826,0.546875,0.4430379746835443,0.7142857142857143,0.6353711790393013,0.5348189415041783,0.43636363636363634,0.6906474820143885
815,10,0.1,8,0.1,0.5,log2,0.7247326203208556,0.6732264719885732,0.7494699646643109,0.6110630942091616,0.6413043478260869,0.5714285714285714,0.46218487394957986,0.7482993197278912,0.6244541484716157,0.532608695652174,0.4279475982532751,0.7050359712230215
816,10,0.1,8,0.1,0.6,sqrt,0.7094919786096257,0.6546956936278404,0.7299787384833452,0.5934889080956497,0.6217391304347826,0.546875,0.4430379746835443,0.7142857142857143,0.6375545851528385,0.5388888888888889,0.43891402714932126,0.697841726618705
817,10,0.1,8,0.1,0.6,log2,0.7152406417112299,0.6573359073359073,0.7442622950819672,0.5885911840968021,0.6391304347826087,0.5631578947368421,0.4592274678111588,0.7278911564625851,0.6419213973799127,0.5393258426966292,0.4423963133640553,0.6906474820143885
818,10,0.1,8,0.1,0.7,sqrt,0.7271390374331551,0.6735966735966736,0.7570093457943925,0.6067415730337079,0.6434782608695652,0.5661375661375662,0.46320346320346323,0.7278911564625851,0.648471615720524,0.5439093484419264,0.4485981308411215,0.6906474820143885
819,10,0.1,8,0.1,0.7,log2,0.7141711229946524,0.6635190431224426,0.7311827956989247,0.6073177758571017,0.6260869565217392,0.5544041450777202,0.4476987447698745,0.7278911564625851,0.6331877729257642,0.5333333333333333,0.4343891402714932,0.6906474820143885
820,10,0.1,9,0.05,0.3,sqrt,0.7335561497326203,0.693620292083013,0.7435728411338167,0.6499567847882455,0.6260869565217392,0.5544041450777202,0.4476987447698745,0.7278911564625851,0.62882096069869,0.5303867403314917,0.4304932735426009,0.6906474820143885
821,10,0.1,9,0.05,0.3,log2,0.7362299465240641,0.6878658440120234,0.7628070175438596,0.6263324690290982,0.6413043478260869,0.5623342175066313,0.4608695652173913,0.7210884353741497,0.648471615720524,0.5439093484419264,0.4485981308411215,0.6906474820143885
822,10,0.1,9,0.05,0.4,sqrt,0.7224598930481283,0.6703715465227056,0.7467279801910152,0.6081820800921924,0.6282608695652174,0.5558441558441558,0.4495798319327731,0.7278911564625851,0.6375545851528385,0.5363128491620112,0.4383561643835616,0.6906474820143885
823,10,0.1,9,0.05,0.4,log2,0.7118983957219251,0.6629125606131706,0.7251882272416154,0.6104868913857678,0.6326086956521739,0.5587467362924282,0.4533898305084746,0.7278911564625851,0.631004366812227,0.5318559556786704,0.43243243243243246,0.6906474820143885
824,10,0.1,9,0.05,0.5,sqrt,0.7330213903743316,0.6988387875131956,0.7332278481012658,0.6675309709017574,0.6108695652173913,0.5398457583547558,0.43388429752066116,0.7142857142857143,0.6179039301310044,0.5283018867924528,0.4224137931034483,0.7050359712230215
825,10,0.1,9,0.05,0.5,log2,0.7125668449197861,0.6692307692307692,0.7180587652690656,0.6266205704407951,0.6195652173913043,0.5524296675191815,0.4426229508196721,0.7346938775510204,0.62882096069869,0.5303867403314917,0.4304932735426009,0.6906474820143885
826,10,0.1,9,0.05,0.6,sqrt,0.722860962566845,0.6948329162373031,0.7104154124021673,0.6799193316047248,0.6152173913043478,0.549618320610687,0.43902439024390244,0.7346938775510204,0.6419213973799127,0.5638297872340425,0.4472573839662447,0.762589928057554
827,10,0.1,9,0.05,0.6,log2,0.741711229946524,0.7046774686640171,0.7505698469553891,0.6640737539613945,0.6565217391304348,0.5885416666666666,0.4767932489451477,0.7687074829931972,0.6637554585152838,0.5860215053763441,0.4678111587982833,0.7841726618705036
828,10,0.1,9,0.05,0.7,sqrt,0.7712566844919786,0.7415017374225714,0.7795425667090216,0.7070008643042351,0.6347826086956522,0.5602094240837696,0.4553191489361702,0.7278911564625851,0.6462882096069869,0.5621621621621622,0.45021645021645024,0.7482014388489209
829,10,0.1,9,0.05,0.7,log2,0.7526737967914439,0.712911235257604,0.7726202489068281,0.661768942667819,0.6434782608695652,0.5661375661375662,0.46320346320346323,0.7278911564625851,0.6353711790393013,0.5348189415041783,0.43636363636363634,0.6906474820143885
830,10,0.1,9,0.1,0.3,sqrt,0.6886363636363636,0.6481341592385557,0.6813850063532402,0.6179775280898876,0.6065217391304348,0.5530864197530864,0.43410852713178294,0.7619047619047619,0.5960698689956332,0.5194805194805194,0.4065040650406504,0.7194244604316546
831,10,0.1,9,0.1,0.3,log2,0.6401069518716578,0.6315357240624144,0.6015645371577575,0.6646499567847882,0.5413043478260869,0.532150776053215,0.39473684210526316,0.8163265306122449,0.5393013100436681,0.5058548009367682,0.375,0.7769784172661871
832,10,0.1,9,0.1,0.4,sqrt,0.7143048128342246,0.6591162864890732,0.7383845604002859,0.5952175165658312,0.6326086956521739,0.5587467362924282,0.4533898305084746,0.7278911564625851,0.6331877729257642,0.5333333333333333,0.4343891402714932,0.6906474820143885
833,10,0.1,9,0.1,0.4,log2,0.6731283422459893,0.652353192094412,0.6440202133632791,0.6609046384327283,0.5760869565217391,0.5517241379310345,0.4166666666666667,0.8163265306122449,0.5655021834061136,0.5227817745803357,0.3920863309352518,0.7841726618705036
834,10,0.1,9,0.1,0.5,sqrt,0.7053475935828877,0.6588235294117647,0.711943793911007,0.61307980409104,0.6195652173913043,0.5524296675191815,0.4426229508196721,0.7346938775510204,0.6244541484716157,0.5300546448087432,0.42731277533039647,0.697841726618705
835,10,0.1,9,0.1,0.5,log2,0.7240641711229947,0.6611950098489823,0.7684090041968714,0.5802362431575915,0.6434782608695652,0.5614973262032086,0.46255506607929514,0.7142857142857143,0.6528384279475983,0.5470085470085471,0.4528301886792453,0.6906474820143885
836,10,0.1,9,0.1,0.6,sqrt,0.7177807486631016,0.6660338554026262,0.7385964912280701,0.6064534716220109,0.6413043478260869,0.5714285714285714,0.46218487394957986,0.7482993197278912,0.6266375545851528,0.5340599455040872,0.4298245614035088,0.7050359712230215
837,10,0.1,9,0.1,0.6,log2,0.7216577540106952,0.662012987012987,0.7582744514689476,0.5874387784500144,0.6369565217391304,0.5570291777188329,0.45652173913043476,0.7142857142857143,0.6419213973799127,0.5393258426966292,0.4423963133640553,0.6906474820143885
838,10,0.1,9,0.1,0.7,sqrt,0.7580213903743316,0.7211953173136167,0.7749089705395564,0.6744454047824834,0.6413043478260869,0.5646437994722955,0.46120689655172414,0.7278911564625851,0.6375545851528385,0.5414364640883977,0.43946188340807174,0.7050359712230215
839,10,0.1,9,0.1,0.7,log2,0.7070855614973262,0.6630785791173305,0.7110817941952506,0.6211466436185538,0.6173913043478261,0.56,0.4426877470355731,0.7619047619047619,0.611353711790393,0.5240641711229946,0.41702127659574467,0.7050359712230215
840,10,0.15,3,0.05,0.3,sqrt,0.7189839572192513,0.6663492063492064,0.7419582891481089,0.6047248631518295,0.6304347826086957,0.5549738219895288,0.451063829787234,0.7210884353741497,0.6419213973799127,0.5393258426966292,0.4423963133640553,0.6906474820143885
841,10,0.15,3,0.05,0.3,log2,0.7025401069518716,0.6565828059885784,0.7071143617021277,0.6127917026793431,0.6152173913043478,0.549618320610687,0.43902439024390244,0.7346938775510204,0.6157205240174672,0.5243243243243243,0.4199134199134199,0.697841726618705
842,10,0.15,3,0.05,0.4,sqrt,0.7439839572192514,0.7052485762659689,0.7571050892267019,0.6600403341976375,0.6478260869565218,0.5846153846153846,0.4691358024691358,0.7755102040816326,0.631004366812227,0.5344352617079889,0.4330357142857143,0.697841726618705
843,10,0.15,3,0.05,0.4,log2,0.7240641711229947,0.6708133971291866,0.7513397642015005,0.6058772687986171,0.6347826086956522,0.5555555555555556,0.45454545454545453,0.7142857142857143,0.6419213973799127,0.5393258426966292,0.4423963133640553,0.6906474820143885
844,10,0.15,3,0.05,0.5,sqrt,0.7255347593582888,0.6823456599102584,0.7369652406417112,0.6352636127917026,0.6260869565217392,0.5544041450777202,0.4476987447698745,0.7278911564625851,0.6353711790393013,0.5348189415041783,0.43636363636363634,0.6906474820143885
845,10,0.15,3,0.05,0.5,log2,0.7082887700534759,0.6572415959786365,0.7226252158894646,0.602708153269951,0.6282608695652174,0.5558441558441558,0.4495798319327731,0.7278911564625851,0.6331877729257642,0.5333333333333333,0.4343891402714932,0.6906474820143885
846,10,0.15,3,0.05,0.6,sqrt,0.7487967914438503,0.7079123270635784,0.7687373396353815,0.6560069144338807,0.6456521739130435,0.5721784776902887,0.4658119658119658,0.7414965986394558,0.6441048034934498,0.5459610027855153,0.44545454545454544,0.7050359712230215
847,10,0.15,3,0.05,0.6,log2,0.7147058823529412,0.6726993865030675,0.7192522138406034,0.6318063958513397,0.6108695652173913,0.5398457583547558,0.43388429752066116,0.7142857142857143,0.6244541484716157,0.5274725274725275,0.4266666666666667,0.6906474820143885
848,10,0.15,3,0.05,0.7,sqrt,0.7168449197860962,0.6787014563106796,0.7167574495354053,0.644482857966004,0.6130434782608696,0.5482233502538071,0.43724696356275305,0.7346938775510204,0.631004366812227,0.5318559556786704,0.43243243243243246,0.6906474820143885
849,10,0.15,3,0.05,0.7,log2,0.7371657754010695,0.6940553999377529,0.754653130287648,0.6424661480841256,0.6434782608695652,0.5816326530612245,0.46530612244897956,0.7755102040816326,0.6397379912663755,0.555256064690027,0.44396551724137934,0.7410071942446043
850,10,0.15,3,0.1,0.3,sqrt,0.6939839572192513,0.6524973432518597,0.6896662387676509,0.6191299337366754,0.6065217391304348,0.5486284289276808,0.4330708661417323,0.7482993197278912,0.6048034934497817,0.519893899204244,0.4117647058823529,0.7050359712230215
851,10,0.15,3,0.1,0.3,log2,0.6359625668449198,0.6287661895023858,0.5967908902691511,0.6643618553730913,0.5217391304347826,0.519650655021834,0.38263665594855306,0.8095238095238095,0.5349344978165939,0.5034965034965035,0.3724137931034483,0.7769784172661871
852,10,0.15,3,0.1,0.4,sqrt,0.6955882352941176,0.6537935228827733,0.6922086284610431,0.6194180351483722,0.6065217391304348,0.5486284289276808,0.4330708661417323,0.7482993197278912,0.5982532751091703,0.5157894736842106,0.4066390041493776,0.7050359712230215
853,10,0.15,3,0.1,0.4,log2,0.6955882352941176,0.6449399656946827,0.7029231815091774,0.595793719389225,0.6152173913043478,0.5449871465295629,0.4380165289256198,0.7210884353741497,0.6244541484716157,0.5274725274725275,0.4266666666666667,0.6906474820143885
854,10,0.15,3,0.1,0.5,sqrt,0.7009358288770053,0.6496476115896632,0.7117364447494853,0.5975223278594065,0.6195652173913043,0.5478036175710594,0.44166666666666665,0.7210884353741497,0.6266375545851528,0.5289256198347108,0.42857142857142855,0.6906474820143885
855,10,0.15,3,0.1,0.5,log2,0.7147058823529412,0.6582319026265214,0.7410746483952398,0.592048401037165,0.6282608695652174,0.5511811023622047,0.44871794871794873,0.7142857142857143,0.6397379912663755,0.5378151260504201,0.44036697247706424,0.6906474820143885
856,10,0.15,3,0.1,0.6,sqrt,0.7159090909090909,0.6584150458125704,0.7447272727272727,0.5900316911552866,0.6391304347826087,0.5608465608465608,0.4588744588744589,0.7210884353741497,0.6441048034934498,0.5408450704225352,0.4444444444444444,0.6906474820143885
857,10,0.15,3,0.1,0.6,log2,0.7096256684491978,0.65248,0.733717164447643,0.5874387784500144,0.6326086956521739,0.5587467362924282,0.4533898305084746,0.7278911564625851,0.6375545851528385,0.5363128491620112,0.4383561643835616,0.6906474820143885
858,10,0.15,3,0.1,0.7,sqrt,0.7053475935828877,0.6523659305993691,0.7208086441268735,0.595793719389225,0.6173913043478261,0.5440414507772021,0.4393305439330544,0.7142857142857143,0.62882096069869,0.5303867403314917,0.4304932735426009,0.6906474820143885
859,10,0.15,3,0.1,0.7,log2,0.7132352941176471,0.6599016965276677,0.7337799717912553,0.5995390377412849,0.6260869565217392,0.5544041450777202,0.4476987447698745,0.7278911564625851,0.6353711790393013,0.5348189415041783,0.43636363636363634,0.6906474820143885
860,10,0.15,4,0.05,0.3,sqrt,0.7081550802139037,0.6586395621579358,0.7202462380300958,0.6067415730337079,0.6173913043478261,0.5487179487179488,0.4403292181069959,0.7278911564625851,0.631004366812227,0.5344352617079889,0.4330357142857143,0.697841726618705
861,10,0.15,4,0.05,0.3,log2,0.6874331550802139,0.6475731082303287,0.6791021182421751,0.6188418323249784,0.6043478260869565,0.545,0.4308300395256917,0.7414965986394558,0.6004366812227074,0.5145888594164456,0.40756302521008403,0.697841726618705
862,10,0.15,4,0.05,0.4,sqrt,0.7060160427807487,0.6535371041436899,0.7211404728789986,0.5975223278594065,0.6195652173913043,0.5478036175710594,0.44166666666666665,0.7210884353741497,0.62882096069869,0.5303867403314917,0.4304932735426009,0.6906474820143885
863,10,0.15,4,0.05,0.4,log2,0.7137700534759358,0.6660427390422711,0.7261904761904762,0.6150965139729184,0.6260869565217392,0.5567010309278351,0.44813278008298757,0.7346938775510204,0.6266375545851528,0.5340599455040872,0.4298245614035088,0.7050359712230215
864,10,0.15,4,0.05,0.5,sqrt,0.7217914438502674,0.6711960815294675,0.7431770468859342,0.6119273984442524,0.6260869565217392,0.5567010309278351,0.44813278008298757,0.7346938775510204,0.6353711790393013,0.5373961218836565,0.4369369369369369,0.697841726618705
865,10,0.15,4,0.05,0.5,log2,0.691711229946524,0.6439159975293391,0.6938435940099834,0.6006914433880726,0.6086956521739131,0.5431472081218274,0.4331983805668016,0.7278911564625851,0.6200873362445415,0.5245901639344263,0.42290748898678415,0.6906474820143885
866,10,0.15,4,0.05,0.6,sqrt,0.7207219251336898,0.6756714795839155,0.7326599326599327,0.6269086718524921,0.6239130434782608,0.5506493506493506,0.44537815126050423,0.7210884353741497,0.6397379912663755,0.5378151260504201,0.44036697247706424,0.6906474820143885
867,10,0.15,4,0.05,0.6,log2,0.7505347593582887,0.7051201011378002,0.7808890444522226,0.6427542494958225,0.65,0.5706666666666667,0.4692982456140351,0.7278911564625851,0.6441048034934498,0.5408450704225352,0.4444444444444444,0.6906474820143885
868,10,0.15,4,0.05,0.7,sqrt,0.7713903743315508,0.746064746064746,0.7698437021146185,0.7237107461826563,0.6304347826086957,0.5685279187817259,0.4534412955465587,0.7619047619047619,0.62882096069869,0.5595854922279793,0.43724696356275305,0.7769784172661871
869,10,0.15,4,0.05,0.7,log2,0.7245989304812834,0.6848225214198287,0.7301794453507341,0.6447709593777009,0.6173913043478261,0.5463917525773195,0.43983402489626555,0.7210884353741497,0.6266375545851528,0.5289256198347108,0.42857142857142855,0.6906474820143885
870,10,0.15,4,0.1,0.3,sqrt,0.6536096256684492,0.6415825148706599,0.6170835550824907,0.6681071737251513,0.5521739130434783,0.5401785714285714,0.4019933554817276,0.8231292517006803,0.5480349344978166,0.5129411764705882,0.3811188811188811,0.7841726618705036
871,10,0.15,4,0.1,0.3,log2,0.7144385026737968,0.6688372093023256,0.7240684793554885,0.6214347450302506,0.6152173913043478,0.5518987341772152,0.43951612903225806,0.7414965986394558,0.6135371179039302,0.5254691689008043,0.4188034188034188,0.7050359712230215
872,10,0.15,4,0.1,0.4,sqrt,0.7044117647058824,0.6521944313355357,0.7182952182952183,0.5972342264477096,0.6239130434782608,0.5529715762273901,0.44583333333333336,0.7278911564625851,0.6331877729257642,0.5333333333333333,0.4343891402714932,0.6906474820143885
873,10,0.15,4,0.1,0.4,log2,0.7114973262032086,0.6571337782014617,0.732554020545519,0.595793719389225,0.6217391304347826,0.546875,0.4430379746835443,0.7142857142857143,0.6353711790393013,0.5348189415041783,0.43636363636363634,0.6906474820143885
874,10,0.15,4,0.1,0.5,sqrt,0.7053475935828877,0.6523659305993691,0.7208086441268735,0.595793719389225,0.6173913043478261,0.5440414507772021,0.4393305439330544,0.7142857142857143,0.62882096069869,0.5303867403314917,0.4304932735426009,0.6906474820143885
875,10,0.15,4,0.1,0.5,log2,0.6727272727272727,0.6502857142857142,0.6449419098894871,0.6557188130221838,0.5739130434782609,0.5483870967741935,0.4146341463414634,0.8095238095238095,0.5633187772925764,0.5192307692307693,0.3898916967509025,0.7769784172661871
876,10,0.15,4,0.1,0.6,sqrt,0.7279411764705882,0.6666666666666666,0.7725892179195141,0.5862863728032267,0.6478260869565218,0.5691489361702128,0.4672489082969432,0.7278911564625851,0.6528384279475983,0.5470085470085471,0.4528301886792453,0.6906474820143885
877,10,0.15,4,0.1,0.6,log2,0.7153743315508021,0.6563357546408394,0.7463289280469897,0.5857101699798329,0.6413043478260869,0.5646437994722955,0.46120689655172414,0.7278911564625851,0.6462882096069869,0.5423728813559322,0.44651162790697674,0.6906474820143885
878,10,0.15,4,0.1,0.7,sqrt,0.7046791443850268,0.658525274385531,0.7104736490993996,0.6136560069144339,0.6217391304347826,0.5561224489795918,0.4448979591836735,0.7414965986394558,0.6157205240174672,0.5243243243243243,0.4199134199134199,0.697841726618705
879,10,0.15,4,0.1,0.7,log2,0.736096256684492,0.697239263803681,0.7454903246966218,0.6548545087870931,0.6369565217391304,0.581453634085213,0.4603174603174603,0.7891156462585034,0.62882096069869,0.5502645502645502,0.4351464435146444,0.7482014388489209
880,10,0.15,5,0.05,0.3,sqrt,0.7108288770053476,0.6581318160265529,0.7289915966386554,0.5998271391529818,0.6239130434782608,0.5506493506493506,0.44537815126050423,0.7210884353741497,0.6331877729257642,0.5333333333333333,0.4343891402714932,0.6906474820143885
881,10,0.15,5,0.05,0.3,log2,0.6725935828877005,0.6517844447604152,0.643458731049972,0.6603284356093345,0.5695652173913044,0.5458715596330275,0.4117647058823529,0.8095238095238095,0.5545851528384279,0.5142857142857142,0.38434163701067614,0.7769784172661871
882,10,0.15,5,0.05,0.4,sqrt,0.7314171122994653,0.6994764397905759,0.7274424393279403,0.6735811005473927,0.6282608695652174,0.5670886075949367,0.45161290322580644,0.7619047619047619,0.6200873362445415,0.5297297297297298,0.42424242424242425,0.7050359712230215
883,10,0.15,5,0.05,0.4,log2,0.7089572192513369,0.6604273904227109,0.7200680272108844,0.609910688562374,0.6173913043478261,0.5487179487179488,0.4403292181069959,0.7278911564625851,0.62882096069869,0.532967032967033,0.4311111111111111,0.697841726618705
884,10,0.15,5,0.05,0.5,sqrt,0.7418449197860962,0.6931511202923883,0.7728561304039688,0.6283491789109766,0.6565217391304348,0.582010582010582,0.47619047619047616,0.7482993197278912,0.6637554585152838,0.5769230769230769,0.4666666666666667,0.7553956834532374
885,10,0.15,5,0.05,0.5,log2,0.7254010695187165,0.7030075187969925,0.7056603773584905,0.700374531835206,0.6021739130434782,0.5481481481481482,0.43023255813953487,0.7551020408163265,0.6069868995633187,0.53125,0.4163265306122449,0.7338129496402878
886,10,0.15,5,0.05,0.6,sqrt,0.7407754010695187,0.701738194123981,0.7528052805280528,0.6571593200806684,0.6326086956521739,0.5587467362924282,0.4533898305084746,0.7278911564625851,0.6462882096069869,0.5597826086956522,0.4497816593886463,0.7410071942446043
887,10,0.15,5,0.05,0.6,log2,0.7422459893048128,0.6980895709364234,0.7646655231560892,0.6421780466724287,0.6521739130434783,0.5789473684210527,0.4721030042918455,0.7482993197278912,0.6266375545851528,0.5340599455040872,0.4298245614035088,0.7050359712230215
888,10,0.15,5,0.05,0.7,sqrt,0.7193850267379679,0.6752282221878385,0.7292780748663101,0.6286372803226736,0.6239130434782608,0.5529715762273901,0.44583333333333336,0.7278911564625851,0.6528384279475983,0.5667574931880109,0.45614035087719296,0.7482014388489209
889,10,0.15,5,0.05,0.7,log2,0.7312834224598931,0.6791187739463601,0.761546723952739,0.6127917026793431,0.6413043478260869,0.5646437994722955,0.46120689655172414,0.7278911564625851,0.6441048034934498,0.5434173669467787,0.44495412844036697,0.697841726618705
890,10,0.15,5,0.1,0.3,sqrt,0.6512032085561498,0.6462372881355932,0.6103995901639344,0.686545664073754,0.5434782608695652,0.5374449339207048,0.3973941368078176,0.8299319727891157,0.5240174672489083,0.5,0.367003367003367,0.7841726618705036
891,10,0.15,5,0.1,0.3,log2,0.6855614973262032,0.6411351846200793,0.6814790788193318,0.6053010659752233,0.6065217391304348,0.5463659147869674,0.43253968253968256,0.7414965986394558,0.6091703056768559,0.5201072386058981,0.41452991452991456,0.697841726618705
892,10,0.15,5,0.1,0.4,sqrt,0.6723262032085562,0.6532748620738436,0.641745414118955,0.6652261596081821,0.5695652173913044,0.5458715596330275,0.4117647058823529,0.8095238095238095,0.5524017467248908,0.5130641330166271,0.3829787234042553,0.7769784172661871
893,10,0.15,5,0.1,0.4,log2,0.6967914438502674,0.6473880597014925,0.7031408308004052,0.5998271391529818,0.6152173913043478,0.549618320610687,0.43902439024390244,0.7346938775510204,0.6157205240174672,0.5243243243243243,0.4199134199134199,0.697841726618705
894,10,0.15,5,0.1,0.5,sqrt,0.699331550802139,0.6487583945025769,0.7083901773533424,0.5983866320944973,0.6086956521739131,0.5431472081218274,0.4331983805668016,0.7278911564625851,0.6200873362445415,0.5245901639344263,0.42290748898678415,0.6906474820143885
895,10,0.15,5,0.1,0.5,log2,0.7137700534759358,0.6619295752408021,0.7323549965059399,0.6038605589167387,0.6282608695652174,0.5558441558441558,0.4495798319327731,0.7278911564625851,0.62882096069869,0.5303867403314917,0.4304932735426009,0.6906474820143885
896,10,0.15,5,0.1,0.6,sqrt,0.7283422459893049,0.6724693745970342,0.7632638126600805,0.6009795447997696,0.6413043478260869,0.5646437994722955,0.46120689655172414,0.7278911564625851,0.6419213973799127,0.5393258426966292,0.4423963133640553,0.6906474820143885
897,10,0.15,5,0.1,0.6,log2,0.7220588235294118,0.6726499763816722,0.7416666666666667,0.6153846153846154,0.6391304347826087,0.5677083333333334,0.459915611814346,0.7414965986394558,0.6266375545851528,0.5340599455040872,0.4298245614035088,0.7050359712230215
898,10,0.15,5,0.1,0.7,sqrt,0.714572192513369,0.6639382968676216,0.7317834836918806,0.6076058772687987,0.6239130434782608,0.5529715762273901,0.44583333333333336,0.7278911564625851,0.6353711790393013,0.5373961218836565,0.4369369369369369,0.697841726618705
899,10,0.15,5,0.1,0.7,log2,0.7402406417112299,0.70600696020578,0.7434671765455704,0.6721405934889081,0.6326086956521739,0.5785536159600998,0.4566929133858268,0.7891156462585034,0.6244541484716157,0.544973544973545,0.4309623430962343,0.7410071942446043
900,10,0.15,6,0.05,0.3,sqrt,0.7204545454545455,0.6664539799011007,0.7466047176554682,0.6018438490348603,0.6326086956521739,0.5564304461942258,0.452991452991453,0.7210884353741497,0.6441048034934498,0.5408450704225352,0.4444444444444444,0.6906474820143885
901,10,0.15,6,0.05,0.3,log2,0.7274064171122995,0.6725550024088647,0.7597968069666183,0.6032843560933449,0.6413043478260869,0.5646437994722955,0.46120689655172414,0.7278911564625851,0.6462882096069869,0.5449438202247191,0.4470046082949309,0.697841726618705
902,10,0.15,6,0.05,0.4,sqrt,0.7168449197860962,0.6651912741068606,0.7369527145359019,0.606165370210314,0.6239130434782608,0.5529715762273901,0.44583333333333336,0.7278911564625851,0.62882096069869,0.5303867403314917,0.4304932735426009,0.6906474820143885
903,10,0.15,6,0.05,0.4,log2,0.736764705882353,0.7019827455728772,0.7394770408163265,0.6681071737251513,0.6478260869565218,0.6029411764705882,0.47126436781609193,0.8367346938775511,0.6353711790393013,0.5684754521963824,0.4435483870967742,0.7913669064748201
904,10,0.15,6,0.05,0.5,sqrt,0.754144385026738,0.7175549070803257,0.7684210526315789,0.6730048977239989,0.6565217391304348,0.5906735751295337,0.4769874476987448,0.7755102040816326,0.6397379912663755,0.555256064690027,0.44396551724137934,0.7410071942446043
905,10,0.15,6,0.05,0.5,log2,0.7220588235294118,0.6795128718976414,0.7307692307692307,0.6349755113800057,0.6260869565217392,0.5567010309278351,0.44813278008298757,0.7346938775510204,0.631004366812227,0.5318559556786704,0.43243243243243246,0.6906474820143885
906,10,0.15,6,0.05,0.6,sqrt,0.7183155080213903,0.6688668866886689,0.73582295988935,0.61307980409104,0.6239130434782608,0.5506493506493506,0.44537815126050423,0.7210884353741497,0.6397379912663755,0.5403899721448467,0.4409090909090909,0.697841726618705
907,10,0.15,6,0.05,0.6,log2,0.7350267379679144,0.6932838130609719,0.7489134068873287,0.6453471622010948,0.6282608695652174,0.5558441558441558,0.4495798319327731,0.7278911564625851,0.6397379912663755,0.5403899721448467,0.4409090909090909,0.697841726618705
908,10,0.15,6,0.05,0.7,sqrt,0.7498663101604278,0.704376678780218,0.7799160251924423,0.6421780466724287,0.6478260869565218,0.5691489361702128,0.4672489082969432,0.7278911564625851,0.6397379912663755,0.5378151260504201,0.44036697247706424,0.6906474820143885
909,10,0.15,6,0.05,0.7,log2,0.7509358288770054,0.7106693585960553,0.77088948787062,0.6591760299625468,0.6434782608695652,0.5661375661375662,0.46320346320346323,0.7278911564625851,0.6353711790393013,0.5399449035812672,0.4375,0.7050359712230215
910,10,0.15,6,0.1,0.3,sqrt,0.7032085561497327,0.6576187538556446,0.7076003982741453,0.6142322097378277,0.6130434782608696,0.555,0.43873517786561267,0.7551020408163265,0.6026200873362445,0.5210526315789473,0.4107883817427386,0.7122302158273381
911,10,0.15,6,0.1,0.3,log2,0.6489304812834225,0.637292817679558,0.6120986999204033,0.6646499567847882,0.532608695652174,0.5232815964523282,0.3881578947368421,0.8027210884353742,0.5436681222707423,0.508235294117647,0.3776223776223776,0.7769784172661871
912,10,0.15,6,0.1,0.4,sqrt,0.6843582887700534,0.6554793521085656,0.6641040804257835,0.6470757706712763,0.5978260869565217,0.5584725536992841,0.43014705882352944,0.7959183673469388,0.5655021834061136,0.508641975308642,0.38721804511278196,0.7410071942446043
913,10,0.15,6,0.1,0.4,log2,0.6938502673796791,0.6528198908429351,0.68896,0.620282339383463,0.6065217391304348,0.5508684863523573,0.43359375,0.7551020408163265,0.5938864628820961,0.5130890052356021,0.40329218106995884,0.7050359712230215
914,10,0.15,6,0.1,0.5,sqrt,0.7101604278074867,0.6517828461291358,0.7364791288566244,0.5845577643330452,0.6304347826086957,0.5549738219895288,0.451063829787234,0.7210884353741497,0.6353711790393013,0.5348189415041783,0.43636363636363634,0.6906474820143885
915,10,0.15,6,0.1,0.5,log2,0.7036096256684492,0.6550490119807064,0.7121109607577808,0.6064534716220109,0.6173913043478261,0.5510204081632653,0.44081632653061226,0.7346938775510204,0.6200873362445415,0.5271739130434783,0.42358078602620086,0.697841726618705
916,10,0.15,6,0.1,0.6,sqrt,0.7094919786096257,0.6637784310691629,0.7169117647058824,0.6179775280898876,0.6217391304347826,0.5561224489795918,0.4448979591836735,0.7414965986394558,0.6157205240174672,0.5243243243243243,0.4199134199134199,0.697841726618705
917,10,0.15,6,0.1,0.6,log2,0.6983957219251337,0.6528162511542013,0.7006937561942518,0.6110630942091616,0.6173913043478261,0.5510204081632653,0.44081632653061226,0.7346938775510204,0.6222707423580786,0.5286103542234333,0.42543859649122806,0.697841726618705
918,10,0.15,6,0.1,0.7,sqrt,0.7033422459893048,0.6531186493668907,0.7139439507860561,0.6018438490348603,0.6173913043478261,0.5487179487179488,0.4403292181069959,0.7278911564625851,0.6266375545851528,0.5289256198347108,0.42857142857142855,0.6906474820143885
919,10,0.15,6,0.1,0.7,log2,0.7248663101604278,0.6667746113989638,0.7611829944547135,0.5932008066839527,0.6391304347826087,0.5585106382978723,0.4585152838427948,0.7142857142857143,0.6419213973799127,0.5393258426966292,0.4423963133640553,0.6906474820143885
920,10,0.15,7,0.05,0.3,sqrt,0.713903743315508,0.6619273301737757,0.732773697096887,0.6035724575050417,0.6239130434782608,0.5506493506493506,0.44537815126050423,0.7210884353741497,0.6353711790393013,0.5348189415041783,0.43636363636363634,0.6906474820143885
921,10,0.15,7,0.05,0.3,log2,0.6985294117647058,0.6517374517374518,0.7023968042609854,0.6078939786804956,0.6152173913043478,0.549618320610687,0.43902439024390244,0.7346938775510204,0.6200873362445415,0.5245901639344263,0.42290748898678415,0.6906474820143885
922,10,0.15,7,0.05,0.4,sqrt,0.7327540106951872,0.6956918861318313,0.7375726275016139,0.6583117257274561,0.6239130434782608,0.5529715762273901,0.44583333333333336,0.7278911564625851,0.62882096069869,0.5355191256830601,0.43171806167400884,0.7050359712230215
923,10,0.15,7,0.05,0.4,log2,0.7286096256684492,0.6723692704970949,0.7644036697247707,0.6001152405646788,0.6391304347826087,0.5585106382978723,0.4585152838427948,0.7142857142857143,0.6441048034934498,0.5408450704225352,0.4444444444444444,0.6906474820143885
924,10,0.15,7,0.05,0.5,sqrt,0.7204545454545455,0.6712781009275272,0.7387543252595156,0.6150965139729184,0.6369565217391304,0.5616797900262467,0.45726495726495725,0.7278911564625851,0.62882096069869,0.532967032967033,0.4311111111111111,0.697841726618705
925,10,0.15,7,0.05,0.5,log2,0.7169786096256684,0.6707108414994556,0.7288708586883029,0.6211466436185538,0.6304347826086957,0.5572916666666666,0.45147679324894513,0.7278911564625851,0.6353711790393013,0.5348189415041783,0.43636363636363634,0.6906474820143885
926,10,0.15,7,0.05,0.6,sqrt,0.7387700534759358,0.6904309252217997,0.766983456529391,0.6277729760875829,0.6413043478260869,0.5646437994722955,0.46120689655172414,0.7278911564625851,0.6572052401746725,0.5674931129476584,0.45982142857142855,0.7410071942446043
927,10,0.15,7,0.05,0.6,log2,0.7185828877005348,0.6695966096374195,0.7355172413793103,0.6145203111495247,0.6304347826086957,0.5572916666666666,0.45147679324894513,0.7278911564625851,0.631004366812227,0.5318559556786704,0.43243243243243246,0.6906474820143885
928,10,0.15,7,0.05,0.7,sqrt,0.7379679144385026,0.7018557955582598,0.7434740573638414,0.6646499567847882,0.6456521739130435,0.5676392572944297,0.4652173913043478,0.7278911564625851,0.6703056768558951,0.5929919137466307,0.47413793103448276,0.7913669064748201
929,10,0.15,7,0.05,0.7,log2,0.7566844919786097,0.7231518101612413,0.76603287141476,0.6848170556035724,0.6456521739130435,0.5653333333333334,0.4649122807017544,0.7210884353741497,0.6746724890829694,0.5962059620596206,0.4782608695652174,0.7913669064748201
930,10,0.15,7,0.1,0.3,sqrt,0.6824866310160428,0.6447270007479432,0.6705040448039826,0.6208585422068568,0.5978260869565217,0.5409429280397022,0.42578125,0.7414965986394558,0.6004366812227074,0.5145888594164456,0.40756302521008403,0.697841726618705
931,10,0.15,7,0.1,0.3,log2,0.6764705882352942,0.6386981188414452,0.6628447474434459,0.6162489196197062,0.5934782608695652,0.5382716049382716,0.42248062015503873,0.7414965986394558,0.6004366812227074,0.5145888594164456,0.40756302521008403,0.697841726618705
932,10,0.15,7,0.1,0.4,sqrt,0.7033422459893048,0.6509359760893503,0.7169092169092169,0.596081820800922,0.6239130434782608,0.5483028720626631,0.4449152542372881,0.7142857142857143,0.6375545851528385,0.5363128491620112,0.4383561643835616,0.6906474820143885
933,10,0.15,7,0.1,0.4,log2,0.7213903743315508,0.6624554583738257,0.756566777654458,0.5891673869201959,0.6434782608695652,0.5661375661375662,0.46320346320346323,0.7278911564625851,0.6441048034934498,0.5408450704225352,0.4444444444444444,0.6906474820143885
934,10,0.15,7,0.1,0.5,sqrt,0.7018716577540107,0.6516713527022805,0.7117024906175367,0.6009795447997696,0.6173913043478261,0.5487179487179488,0.4403292181069959,0.7278911564625851,0.62882096069869,0.532967032967033,0.4311111111111111,0.697841726618705
935,10,0.15,7,0.1,0.5,log2,0.7046791443850268,0.6518518518518519,0.7195546276965901,0.595793719389225,0.6173913043478261,0.5440414507772021,0.4393305439330544,0.7142857142857143,0.62882096069869,0.5303867403314917,0.4304932735426009,0.6906474820143885
936,10,0.15,7,0.1,0.6,sqrt,0.7148395721925134,0.6624465896502612,0.7349016853932584,0.602996254681648,0.6260869565217392,0.5544041450777202,0.4476987447698745,0.7278911564625851,0.6353711790393013,0.5348189415041783,0.43636363636363634,0.6906474820143885
937,10,0.15,7,0.1,0.6,log2,0.7106951871657754,0.6585673714105396,0.7279386117893268,0.6012676462114664,0.6239130434782608,0.5529715762273901,0.44583333333333336,0.7278911564625851,0.6375545851528385,0.5388888888888889,0.43891402714932126,0.697841726618705
938,10,0.15,7,0.1,0.7,sqrt,0.7084224598930481,0.6561563928740344,0.7245821727019499,0.5995390377412849,0.6217391304347826,0.5515463917525774,0.44398340248962653,0.7278911564625851,0.62882096069869,0.5303867403314917,0.4304932735426009,0.6906474820143885
939,10,0.15,7,0.1,0.7,log2,0.7336898395721925,0.7020640143583607,0.7300155520995334,0.6761740132526649,0.6347826086956522,0.5961538461538461,0.46096654275092935,0.8435374149659864,0.6200873362445415,0.5583756345177665,0.43137254901960786,0.7913669064748201
940,10,0.15,8,0.05,0.3,sqrt,0.6949197860962567,0.6474042027194067,0.6981006331222925,0.6035724575050417,0.6130434782608696,0.5482233502538071,0.43724696356275305,0.7346938775510204,0.6200873362445415,0.5271739130434783,0.42358078602620086,0.697841726618705
941,10,0.15,8,0.05,0.3,log2,0.7042780748663101,0.6551294044278142,0.7138973836221543,0.6053010659752233,0.6217391304347826,0.5515463917525774,0.44398340248962653,0.7278911564625851,0.6331877729257642,0.5359116022099447,0.4349775784753363,0.697841726618705
942,10,0.15,8,0.05,0.4,sqrt,0.720855614973262,0.6647398843930635,0.750816104461371,0.5963699222126189,0.6391304347826087,0.5631578947368421,0.4592274678111588,0.7278911564625851,0.6441048034934498,0.5408450704225352,0.4444444444444444,0.6906474820143885
943,10,0.15,8,0.05,0.4,log2,0.7288770053475936,0.683125,0.7463298053943326,0.6297896859694613,0.6391304347826087,0.5631578947368421,0.4592274678111588,0.7278911564625851,0.6397379912663755,0.5378151260504201,0.44036697247706424,0.6906474820143885
944,10,0.15,8,0.05,0.5,sqrt,0.7195187165775401,0.6662424435252943,0.7438721136767318,0.6032843560933449,0.6239130434782608,0.5529715762273901,0.44583333333333336,0.7278911564625851,0.6353711790393013,0.5348189415041783,0.43636363636363634,0.6906474820143885
945,10,0.15,8,0.05,0.5,log2,0.7328877005347594,0.6836605446485117,0.7588752196836556,0.6220109478536445,0.65,0.5774278215223098,0.4700854700854701,0.7482993197278912,0.6397379912663755,0.5429362880886427,0.44144144144144143,0.7050359712230215
946,10,0.15,8,0.05,0.6,sqrt,0.729812834224599,0.6870063496980021,0.7427997320830543,0.6390089311437626,0.6108695652173913,0.5398457583547558,0.43388429752066116,0.7142857142857143,0.631004366812227,0.5344352617079889,0.4330357142857143,0.697841726618705
947,10,0.15,8,0.05,0.6,log2,0.7270053475935829,0.6730707652897855,0.7574774774774775,0.6055891673869201,0.6413043478260869,0.5646437994722955,0.46120689655172414,0.7278911564625851,0.6441048034934498,0.5408450704225352,0.4444444444444444,0.6906474820143885
948,10,0.15,8,0.05,0.7,sqrt,0.73475935828877,0.6839757884676648,0.7648735304595654,0.6185537309132815,0.6391304347826087,0.5631578947368421,0.4592274678111588,0.7278911564625851,0.6375545851528385,0.5363128491620112,0.4383561643835616,0.6906474820143885
949,10,0.15,8,0.05,0.7,log2,0.7125668449197861,0.662903731577297,0.7272101823185414,0.6090463843272832,0.6282608695652174,0.5558441558441558,0.4495798319327731,0.7278911564625851,0.6266375545851528,0.5289256198347108,0.42857142857142855,0.6906474820143885
950,10,0.15,8,0.1,0.3,sqrt,0.6859625668449197,0.6437130289701198,0.6796925048046124,0.6113511956208585,0.6,0.5422885572139303,0.42745098039215684,0.7414965986394558,0.6069868995633187,0.5212765957446809,0.41350210970464135,0.7050359712230215
951,10,0.15,8,0.1,0.3,log2,0.6950534759358289,0.6521274973310965,0.6928062216461439,0.6159608182080092,0.6043478260869565,0.5495049504950495,0.43190661478599224,0.7551020408163265,0.6135371179039302,0.5305039787798409,0.42016806722689076,0.7194244604316546
952,10,0.15,8,0.1,0.4,sqrt,0.7053475935828877,0.6523659305993691,0.7208086441268735,0.595793719389225,0.6173913043478261,0.5440414507772021,0.4393305439330544,0.7142857142857143,0.62882096069869,0.5303867403314917,0.4304932735426009,0.6906474820143885
953,10,0.15,8,0.1,0.4,log2,0.6692513368983958,0.6479795105293114,0.6401461906100646,0.6560069144338807,0.5630434782608695,0.540045766590389,0.4068965517241379,0.8027210884353742,0.5633187772925764,0.5192307692307693,0.3898916967509025,0.7769784172661871
954,10,0.15,8,0.1,0.5,sqrt,0.7122994652406417,0.6572156737814591,0.7349483434271464,0.5943532123307405,0.6260869565217392,0.5544041450777202,0.4476987447698745,0.7278911564625851,0.6375545851528385,0.5388888888888889,0.43891402714932126,0.697841726618705
955,10,0.15,8,0.1,0.5,log2,0.7070855614973262,0.6510590858416946,0.7279202279202279,0.588879285508499,0.6304347826086957,0.5549738219895288,0.451063829787234,0.7210884353741497,0.6375545851528385,0.5363128491620112,0.4383561643835616,0.6906474820143885
956,10,0.15,8,0.1,0.6,sqrt,0.721524064171123,0.6662393847139881,0.7505415162454874,0.5989628349178912,0.6413043478260869,0.5646437994722955,0.46120689655172414,0.7278911564625851,0.6637554585152838,0.5722222222222222,0.4660633484162896,0.7410071942446043
957,10,0.15,8,0.1,0.6,log2,0.7089572192513369,0.6551560272453667,0.7276565798733287,0.595793719389225,0.6260869565217392,0.5544041450777202,0.4476987447698745,0.7278911564625851,0.6353711790393013,0.5373961218836565,0.4369369369369369,0.697841726618705
958,10,0.15,8,0.1,0.7,sqrt,0.6949197860962567,0.653296870252203,0.6910961105753777,0.6194180351483722,0.6065217391304348,0.5508684863523573,0.43359375,0.7551020408163265,0.6004366812227074,0.5171503957783641,0.4083333333333333,0.7050359712230215
959,10,0.15,8,0.1,0.7,log2,0.7073529411764706,0.655003940110323,0.7230340988169798,0.5986747335061942,0.6282608695652174,0.5558441558441558,0.4495798319327731,0.7278911564625851,0.6353711790393013,0.5373961218836565,0.4369369369369369,0.697841726618705
960,10,0.15,9,0.05,0.3,sqrt,0.7270053475935829,0.6717041800643087,0.7599126955256457,0.6018438490348603,0.6434782608695652,0.5661375661375662,0.46320346320346323,0.7278911564625851,0.6441048034934498,0.5408450704225352,0.4444444444444444,0.6906474820143885
961,10,0.15,9,0.05,0.3,log2,0.7331550802139037,0.6772315653298836,0.771839292296351,0.6032843560933449,0.6478260869565218,0.5691489361702128,0.4672489082969432,0.7278911564625851,0.648471615720524,0.5439093484419264,0.4485981308411215,0.6906474820143885
962,10,0.15,9,0.05,0.4,sqrt,0.707620320855615,0.6547750591949487,0.7241620111731844,0.5975223278594065,0.6195652173913043,0.5478036175710594,0.44166666666666665,0.7210884353741497,0.631004366812227,0.5318559556786704,0.43243243243243246,0.6906474820143885
963,10,0.15,9,0.05,0.4,log2,0.7254010695187165,0.6832202344231956,0.7351476933289081,0.6381446269086718,0.6326086956521739,0.5785536159600998,0.4566929133858268,0.7891156462585034,0.6244541484716157,0.544973544973545,0.4309623430962343,0.7410071942446043
964,10,0.15,9,0.05,0.5,sqrt,0.7386363636363636,0.6935256309766421,0.7606602475928473,0.6372803226735811,0.6391304347826087,0.5631578947368421,0.4592274678111588,0.7278911564625851,0.6550218340611353,0.5659340659340659,0.4577777777777778,0.7410071942446043
965,10,0.15,9,0.05,0.5,log2,0.7286096256684492,0.6811184417216463,0.7488773747841105,0.6246038605589167,0.6239130434782608,0.5529715762273901,0.44583333333333336,0.7278911564625851,0.6375545851528385,0.5363128491620112,0.4383561643835616,0.6906474820143885
966,10,0.15,9,0.05,0.6,sqrt,0.7487967914438503,0.7071840423874084,0.7701968771215207,0.6537021031403054,0.6413043478260869,0.5623342175066313,0.4608695652173913,0.7210884353741497,0.6397379912663755,0.5378151260504201,0.44036697247706424,0.6906474820143885
967,10,0.15,9,0.05,0.6,log2,0.7266042780748663,0.6792156862745098,0.7455234159779615,0.6237395563238259,0.6326086956521739,0.5564304461942258,0.452991452991453,0.7210884353741497,0.6353711790393013,0.5348189415041783,0.43636363636363634,0.6906474820143885
968,10,0.15,9,0.05,0.7,sqrt,0.7274064171122995,0.6919474240821877,0.727445997458704,0.6597522327859406,0.6195652173913043,0.5501285347043702,0.44214876033057854,0.7278911564625851,0.6506550218340611,0.5628415300546448,0.45374449339207046,0.7410071942446043
969,10,0.15,9,0.05,0.7,log2,0.7359625668449198,0.6861592245351978,0.7650602409638554,0.6220109478536445,0.6413043478260869,0.5646437994722955,0.46120689655172414,0.7278911564625851,0.6441048034934498,0.5408450704225352,0.4444444444444444,0.6906474820143885
970,10,0.15,9,0.1,0.3,sqrt,0.6442513368983958,0.6359283075660145,0.6055237102657635,0.6695476807836358,0.5413043478260869,0.532150776053215,0.39473684210526316,0.8163265306122449,0.5436681222707423,0.5105386416861827,0.3784722222222222,0.7841726618705036
971,10,0.15,9,0.1,0.3,log2,0.6887700534759358,0.6486568065197706,0.6811410459587955,0.6191299337366754,0.6065217391304348,0.5508684863523573,0.43359375,0.7551020408163265,0.5960698689956332,0.5169712793733682,0.4057377049180328,0.7122302158273381
972,10,0.15,9,0.1,0.4,sqrt,0.6636363636363637,0.6487014800335102,0.6293687347602276,0.6692595793719389,0.5673913043478261,0.5466970387243736,0.410958904109589,0.8163265306122449,0.5458515283842795,0.5047619047619047,0.37722419928825623,0.762589928057554
973,10,0.15,9,0.1,0.4,log2,0.7137700534759358,0.6640514671269417,0.7291523087525844,0.6096225871506771,0.6217391304347826,0.5515463917525774,0.44398340248962653,0.7278911564625851,0.6331877729257642,0.5359116022099447,0.4349775784753363,0.697841726618705
974,10,0.15,9,0.1,0.5,sqrt,0.720855614973262,0.6668793873643906,0.7472291741151234,0.6021319504465572,0.6369565217391304,0.5593667546174143,0.45689655172413796,0.7210884353741497,0.631004366812227,0.5318559556786704,0.43243243243243246,0.6906474820143885
975,10,0.15,9,0.1,0.5,log2,0.7254010695187165,0.6664501461513478,0.763676963155936,0.5911840968020743,0.6391304347826087,0.5585106382978723,0.4585152838427948,0.7142857142857143,0.648471615720524,0.5439093484419264,0.4485981308411215,0.6906474820143885
976,10,0.15,9,0.1,0.6,sqrt,0.7160427807486631,0.6615678776290631,0.7401069518716578,0.5980985306828004,0.6347826086956522,0.5602094240837696,0.4553191489361702,0.7278911564625851,0.6441048034934498,0.5408450704225352,0.4444444444444444,0.6906474820143885
977,10,0.15,9,0.1,0.6,log2,0.6947860962566845,0.6524585172781245,0.6917366042608134,0.6174013252664938,0.6130434782608696,0.5505050505050505,0.43775100401606426,0.7414965986394558,0.6048034934497817,0.5173333333333333,0.4110169491525424,0.697841726618705
978,10,0.15,9,0.1,0.7,sqrt,0.7113636363636363,0.655606954857234,0.7344531808434596,0.592048401037165,0.6260869565217392,0.5544041450777202,0.4476987447698745,0.7278911564625851,0.6353711790393013,0.5348189415041783,0.43636363636363634,0.6906474820143885
979,10,0.15,9,0.1,0.7,log2,0.7160427807486631,0.6676056338028169,0.7307297019527236,0.6145203111495247,0.6326086956521739,0.5655526992287918,0.45454545454545453,0.7482993197278912,0.6331877729257642,0.5384615384615384,0.43555555555555553,0.7050359712230215
980,10,0.2,3,0.05,0.3,sqrt,0.6850267379679145,0.6405248703082087,0.6808303600389232,0.6047248631518295,0.6086956521739131,0.5477386934673367,0.4342629482071713,0.7414965986394558,0.611353711790393,0.521505376344086,0.41630901287553645,0.697841726618705
981,10,0.2,3,0.05,0.3,log2,0.6762032085561497,0.6544935805991441,0.6482057078270698,0.6609046384327283,0.5739130434782609,0.5483870967741935,0.4146341463414634,0.8095238095238095,0.5633187772925764,0.5192307692307693,0.3898916967509025,0.7769784172661871
982,10,0.2,3,0.05,0.4,sqrt,0.7068181818181818,0.6554595443833464,0.7208016586040082,0.6009795447997696,0.6239130434782608,0.5529715762273901,0.44583333333333336,0.7278911564625851,0.6397379912663755,0.5403899721448467,0.4409090909090909,0.697841726618705
983,10,0.2,3,0.05,0.4,log2,0.7044117647058824,0.6621848739495798,0.7049446974625895,0.6243157591472198,0.6195652173913043,0.56575682382134,0.4453125,0.7755102040816326,0.6069868995633187,0.5287958115183246,0.4156378600823045,0.7266187050359713
984,10,0.2,3,0.05,0.5,sqrt,0.720855614973262,0.6643086816720257,0.7515460167333576,0.5952175165658312,0.6413043478260869,0.5646437994722955,0.46120689655172414,0.7278911564625851,0.6441048034934498,0.5408450704225352,0.4444444444444444,0.6906474820143885
985,10,0.2,3,0.05,0.5,log2,0.7029411764705882,0.6598285364360074,0.7040182946749428,0.6208585422068568,0.6152173913043478,0.5541561712846348,0.44,0.7482993197278912,0.611353711790393,0.5240641711229946,0.41702127659574467,0.7050359712230215
986,10,0.2,3,0.05,0.6,sqrt,0.7248663101604278,0.6858974358974359,0.7293086660175268,0.6473638720829732,0.6347826086956522,0.5757575757575758,0.4578313253012048,0.7755102040816326,0.6048034934497817,0.5173333333333333,0.4110169491525424,0.697841726618705
987,10,0.2,3,0.05,0.6,log2,0.7526737967914439,0.7087531486146096,0.7813259284970496,0.6485162777297608,0.6456521739130435,0.5653333333333334,0.4649122807017544,0.7210884353741497,0.6397379912663755,0.5378151260504201,0.44036697247706424,0.6906474820143885
988,10,0.2,3,0.05,0.7,sqrt,0.7441176470588236,0.7024253731343284,0.7629179331306991,0.6508210890233362,0.6413043478260869,0.5623342175066313,0.4608695652173913,0.7210884353741497,0.665938864628821,0.5761772853185596,0.46846846846846846,0.7482014388489209
989,10,0.2,3,0.05,0.7,log2,0.7434491978609625,0.697747676799496,0.7696316886726894,0.6381446269086718,0.658695652173913,0.583554376657825,0.4782608695652174,0.7482993197278912,0.6441048034934498,0.5459610027855153,0.44545454545454544,0.7050359712230215
990,10,0.2,3,0.1,0.3,sqrt,0.7084224598930481,0.6566976231701558,0.7238029146426093,0.6009795447997696,0.6217391304347826,0.5515463917525774,0.44398340248962653,0.7278911564625851,0.6353711790393013,0.5373961218836565,0.4369369369369369,0.697841726618705
991,10,0.2,3,0.1,0.3,log2,0.704812834224599,0.6569297700435053,0.7129848229342327,0.6090463843272832,0.6195652173913043,0.5569620253164557,0.4435483870967742,0.7482993197278912,0.611353711790393,0.5240641711229946,0.41702127659574467,0.7050359712230215
992,10,0.2,3,0.1,0.4,sqrt,0.7120320855614973,0.6543645699614891,0.7385005432814198,0.5874387784500144,0.6304347826086957,0.5549738219895288,0.451063829787234,0.7210884353741497,0.6353711790393013,0.5348189415041783,0.43636363636363634,0.6906474820143885
993,10,0.2,3,0.1,0.4,log2,0.6755347593582888,0.6579281183932346,0.6440397350993378,0.672428694900605,0.5739130434782609,0.5504587155963303,0.41522491349480967,0.8163265306122449,0.5567685589519651,0.5155131264916468,0.38571428571428573,0.7769784172661871
994,10,0.2,3,0.1,0.5,sqrt,0.7014705882352941,0.6359041252241969,0.7325319308790383,0.5617977528089888,0.6195652173913043,0.5358090185676393,0.4391304347826087,0.6870748299319728,0.6397379912663755,0.5378151260504201,0.44036697247706424,0.6906474820143885
995,10,0.2,3,0.1,0.5,log2,0.7259358288770054,0.6839346284304656,0.7356550580431177,0.6390089311437626,0.6282608695652174,0.5714285714285714,0.4523809523809524,0.7755102040816326,0.6244541484716157,0.5473684210526316,0.4315352697095436,0.7482014388489209
996,10,0.2,3,0.1,0.6,sqrt,0.7306149732620321,0.6748426658060351,0.7670579603815114,0.6024200518582541,0.6434782608695652,0.5661375661375662,0.46320346320346323,0.7278911564625851,0.648471615720524,0.5439093484419264,0.4485981308411215,0.6906474820143885
997,10,0.2,3,0.1,0.6,log2,0.711096256684492,0.658231851969002,0.729663394109397,0.5995390377412849,0.6239130434782608,0.5506493506493506,0.44537815126050423,0.7210884353741497,0.6353711790393013,0.5348189415041783,0.43636363636363634,0.6906474820143885
998,10,0.2,3,0.1,0.7,sqrt,0.7239304812834224,0.6684861133408252,0.7548948513415519,0.5998271391529818,0.6456521739130435,0.5676392572944297,0.4652173913043478,0.7278911564625851,0.6462882096069869,0.5423728813559322,0.44651162790697674,0.6906474820143885
999,10,0.2,3,0.1,0.7,log2,0.7335561497326203,0.6953065280538144,0.7407166123778501,0.6551426101987899,0.6326086956521739,0.5743073047858942,0.456,0.7755102040816326,0.631004366812227,0.5444743935309974,0.4353448275862069,0.7266187050359713
1000,10,0.2,4,0.05,0.3,sqrt,0.6669786096256685,0.6506801290141635,0.6338797814207651,0.6683952751368482,0.5695652173913044,0.547945205479452,0.41237113402061853,0.8163265306122449,0.5611353711790393,0.5202863961813843,0.3892857142857143,0.7841726618705036
1001,10,0.2,4,0.05,0.3,log2,0.7081550802139037,0.6516674644965693,0.7303290414878397,0.5883030826851051,0.6217391304347826,0.546875,0.4430379746835443,0.7142857142857143,0.6353711790393013,0.5348189415041783,0.43636363636363634,0.6906474820143885
1002,10,0.2,4,0.05,0.4,sqrt,0.6949197860962567,0.6529805352798054,0.6914653784219001,0.6185537309132815,0.6108695652173913,0.5513784461152882,0.4365079365079365,0.7482993197278912,0.6004366812227074,0.5145888594164456,0.40756302521008403,0.697841726618705
1003,10,0.2,4,0.05,0.4,log2,0.6887700534759358,0.6427255985267035,0.6876847290640394,0.6032843560933449,0.6065217391304348,0.5440806045340051,0.432,0.7346938775510204,0.6179039301310044,0.5257452574525745,0.4217391304347826,0.697841726618705
1004,10,0.2,4,0.05,0.5,sqrt,0.7290106951871658,0.6752123057202372,0.7606498194945849,0.6070296744454048,0.6413043478260869,0.5646437994722955,0.46120689655172414,0.7278911564625851,0.6419213973799127,0.5393258426966292,0.4423963133640553,0.6906474820143885
1005,10,0.2,4,0.05,0.5,log2,0.6955882352941176,0.6512482769183642,0.6952256376716809,0.6125036012676462,0.6130434782608696,0.5482233502538071,0.43724696356275305,0.7346938775510204,0.6179039301310044,0.5257452574525745,0.4217391304347826,0.697841726618705
1006,10,0.2,4,0.05,0.6,sqrt,0.713903743315508,0.6591271105447595,0.7370858567866049,0.596081820800922,0.6391304347826087,0.5631578947368421,0.4592274678111588,0.7278911564625851,0.6419213973799127,0.5393258426966292,0.4423963133640553,0.6906474820143885
1007,10,0.2,4,0.05,0.6,log2,0.7290106951871658,0.6704600877906032,0.7694029850746269,0.5940651109190435,0.6478260869565218,0.5691489361702128,0.4672489082969432,0.7278911564625851,0.648471615720524,0.5439093484419264,0.4485981308411215,0.6906474820143885
1008,10,0.2,4,0.05,0.7,sqrt,0.760427807486631,0.7251533742331289,0.7753361757953428,0.6810717372515125,0.658695652173913,0.5922077922077922,0.4789915966386555,0.7755102040816326,0.6703056768558951,0.5951742627345844,0.47435897435897434,0.7985611510791367
1009,10,0.2,4,0.05,0.7,log2,0.7204545454545455,0.6695116168800379,0.7415966386554622,0.6101987899740708,0.6326086956521739,0.5587467362924282,0.4533898305084746,0.7278911564625851,0.6441048034934498,0.5408450704225352,0.4444444444444444,0.6906474820143885
1010,10,0.2,4,0.1,0.3,sqrt,0.6881016042780749,0.6501724396461238,0.6779237023139462,0.6246038605589167,0.6,0.5467980295566502,0.42857142857142855,0.7551020408163265,0.5938864628820961,0.515625,0.40408163265306124,0.7122302158273381
1011,10,0.2,4,0.1,0.3,log2,0.689572192513369,0.6465753424657534,0.6853823814133592,0.6119273984442524,0.6065217391304348,0.5486284289276808,0.4330708661417323,0.7482993197278912,0.6048034934497817,0.519893899204244,0.4117647058823529,0.7050359712230215
1012,10,0.2,4,0.1,0.4,sqrt,0.6982620320855615,0.6486065701385645,0.7056233062330624,0.6001152405646788,0.6130434782608696,0.5482233502538071,0.43724696356275305,0.7346938775510204,0.6157205240174672,0.5243243243243243,0.4199134199134199,0.697841726618705
1013,10,0.2,4,0.1,0.4,log2,0.6926470588235294,0.64647085960326,0.6932717678100264,0.6055891673869201,0.6152173913043478,0.549618320610687,0.43902439024390244,0.7346938775510204,0.6135371179039302,0.522911051212938,0.41810344827586204,0.697841726618705
1014,10,0.2,4,0.1,0.5,sqrt,0.7058823529411765,0.6510152284263959,0.7243205082950935,0.5911840968020743,0.6239130434782608,0.5506493506493506,0.44537815126050423,0.7210884353741497,0.6331877729257642,0.5333333333333333,0.4343891402714932,0.6906474820143885
1015,10,0.2,4,0.1,0.5,log2,0.7252673796791443,0.6688154713940371,0.7589612289685442,0.5978104292711034,0.6369565217391304,0.5616797900262467,0.45726495726495725,0.7278911564625851,0.6353711790393013,0.5373961218836565,0.4369369369369369,0.697841726618705
1016,10,0.2,4,0.1,0.6,sqrt,0.6660427807486631,0.6477721376198533,0.6343551505109086,0.661768942667819,0.5630434782608695,0.5421412300683371,0.4075342465753425,0.8095238095238095,0.5502183406113537,0.5095238095238095,0.3807829181494662,0.7697841726618705
1017,10,0.2,4,0.1,0.6,log2,0.7143048128342246,0.6753759684034635,0.7143316195372751,0.6404494382022472,0.6152173913043478,0.5607940446650124,0.44140625,0.7687074829931972,0.611353711790393,0.5291005291005291,0.41841004184100417,0.7194244604316546
1018,10,0.2,4,0.1,0.7,sqrt,0.731951871657754,0.6950570342205323,0.7361469072164949,0.6583117257274561,0.6173913043478261,0.5463917525773195,0.43983402489626555,0.7210884353741497,0.6462882096069869,0.5621621621621622,0.45021645021645024,0.7482014388489209
1019,10,0.2,4,0.1,0.7,log2,0.7044117647058824,0.6532852438450683,0.7167928423950447,0.6001152405646788,0.6239130434782608,0.5552699228791774,0.4462809917355372,0.7346938775510204,0.6266375545851528,0.5315068493150685,0.42920353982300885,0.697841726618705
1020,10,0.2,5,0.05,0.3,sqrt,0.7255347593582888,0.6766419908647031,0.7463516330785267,0.6188418323249784,0.6391304347826087,0.5721649484536082,0.4605809128630705,0.7551020408163265,0.6200873362445415,0.532258064516129,0.4248927038626609,0.7122302158273381
1021,10,0.2,5,0.05,0.3,log2,0.704812834224599,0.6533751962323391,0.7178337357709555,0.5995390377412849,0.6195652173913043,0.5501285347043702,0.44214876033057854,0.7278911564625851,0.631004366812227,0.5344352617079889,0.4330357142857143,0.697841726618705
1022,10,0.2,5,0.05,0.4,sqrt,0.7322192513368984,0.6899860702677604,0.7454849498327759,0.6421780466724287,0.6391304347826087,0.5608465608465608,0.4588744588744589,0.7210884353741497,0.6637554585152838,0.574585635359116,0.4663677130044843,0.7482014388489209
1023,10,0.2,5,0.05,0.4,log2,0.7127005347593582,0.6858646396725625,0.6961424332344214,0.675885911840968,0.6065217391304348,0.5721040189125296,0.4384057971014493,0.8231292517006803,0.5895196506550219,0.53,0.4061302681992337,0.762589928057554
1024,10,0.2,5,0.05,0.5,sqrt,0.7282085561497326,0.6721496532817287,0.7633699633699633,0.6004033419763757,0.6413043478260869,0.5646437994722955,0.46120689655172414,0.7278911564625851,0.6419213973799127,0.5393258426966292,0.4423963133640553,0.6906474820143885
1025,10,0.2,5,0.05,0.5,log2,0.6946524064171123,0.6487234697016303,0.6958099637083471,0.6076058772687987,0.6065217391304348,0.5417721518987342,0.4314516129032258,0.7278911564625851,0.6200873362445415,0.5271739130434783,0.42358078602620086,0.697841726618705
1026,10,0.2,5,0.05,0.6,sqrt,0.7605614973262033,0.7340757238307349,0.7573529411764706,0.7121866897147796,0.6478260869565218,0.6029411764705882,0.47126436781609193,0.8367346938775511,0.62882096069869,0.5641025641025641,0.43824701195219123,0.7913669064748201
1027,10,0.2,5,0.05,0.6,log2,0.7328877005347594,0.6959829580036518,0.7375040309577555,0.6588879285508499,0.6195652173913043,0.5478036175710594,0.44166666666666665,0.7210884353741497,0.6179039301310044,0.5231607629427792,0.42105263157894735,0.6906474820143885
1028,10,0.2,5,0.05,0.7,sqrt,0.7151069518716577,0.6626563242045275,0.7354181307097681,0.602996254681648,0.6260869565217392,0.5544041450777202,0.4476987447698745,0.7278911564625851,0.631004366812227,0.5318559556786704,0.43243243243243246,0.6906474820143885
1029,10,0.2,5,0.05,0.7,log2,0.7235294117647059,0.6766729205753595,0.7398290598290598,0.623451454912129,0.6369565217391304,0.5662337662337662,0.4579831932773109,0.7414965986394558,0.6397379912663755,0.5429362880886427,0.44144144144144143,0.7050359712230215
1030,10,0.2,5,0.1,0.3,sqrt,0.7022727272727273,0.6558491732344305,0.7073333333333334,0.6113511956208585,0.6108695652173913,0.5491183879093199,0.436,0.7414965986394558,0.611353711790393,0.526595744680851,0.4177215189873418,0.7122302158273381
1031,10,0.2,5,0.1,0.3,log2,0.6823529411764706,0.676734693877551,0.6411446249033256,0.7165082108902333,0.55,0.5369127516778524,0.4,0.8163265306122449,0.5393013100436681,0.5058548009367682,0.375,0.7769784172661871
1032,10,0.2,5,0.1,0.4,sqrt,0.7121657754010695,0.6598198767577816,0.7305808257522743,0.6015557476231633,0.6260869565217392,0.5544041450777202,0.4476987447698745,0.7278911564625851,0.6375545851528385,0.5388888888888889,0.43891402714932126,0.697841726618705
1033,10,0.2,5,0.1,0.4,log2,0.6985294117647058,0.6548293280269402,0.6985630306988896,0.6162489196197062,0.6130434782608696,0.5505050505050505,0.43775100401606426,0.7414965986394558,0.5938864628820961,0.5105263157894737,0.4024896265560166,0.697841726618705
1034,10,0.2,5,0.1,0.5,sqrt,0.7121657754010695,0.6548019881353214,0.7382501807664498,0.5883030826851051,0.6304347826086957,0.5549738219895288,0.451063829787234,0.7210884353741497,0.6397379912663755,0.5378151260504201,0.44036697247706424,0.6906474820143885
1035,10,0.2,5,0.1,0.5,log2,0.7147058823529412,0.6582319026265214,0.7410746483952398,0.592048401037165,0.6282608695652174,0.5511811023622047,0.44871794871794873,0.7142857142857143,0.6397379912663755,0.5378151260504201,0.44036697247706424,0.6906474820143885
1036,10,0.2,5,0.1,0.6,sqrt,0.7185828877005348,0.6640063846767758,0.7444523979957051,0.599250936329588,0.6369565217391304,0.5639686684073107,0.4576271186440678,0.7346938775510204,0.6353711790393013,0.5399449035812672,0.4375,0.7050359712230215
1037,10,0.2,5,0.1,0.6,log2,0.7240641711229947,0.6672041277007417,0.757597949469059,0.596081820800922,0.6434782608695652,0.5661375661375662,0.46320346320346323,0.7278911564625851,0.6441048034934498,0.5408450704225352,0.4444444444444444,0.6906474820143885
1038,10,0.2,5,0.1,0.7,sqrt,0.7568181818181818,0.7181156051448938,0.7769953051643192,0.6675309709017574,0.6478260869565218,0.5714285714285714,0.4675324675324675,0.7346938775510204,0.6419213973799127,0.5418994413407822,0.4429223744292237,0.697841726618705
1039,10,0.2,5,0.1,0.7,log2,0.7050802139037433,0.6529263687853997,0.7192374350086655,0.5978104292711034,0.6239130434782608,0.5529715762273901,0.44583333333333336,0.7278911564625851,0.6331877729257642,0.5333333333333333,0.4343891402714932,0.6906474820143885
1040,10,0.2,6,0.05,0.3,sqrt,0.6882352941176471,0.6477341389728096,0.6808510638297872,0.6176894266781907,0.6086956521739131,0.5522388059701493,0.43529411764705883,0.7551020408163265,0.5960698689956332,0.5169712793733682,0.4057377049180328,0.7122302158273381
1041,10,0.2,6,0.05,0.3,log2,0.7217914438502674,0.6655953720070705,0.7525436046511628,0.5966580236243157,0.6369565217391304,0.5639686684073107,0.4576271186440678,0.7346938775510204,0.62882096069869,0.532967032967033,0.4311111111111111,0.697841726618705
1042,10,0.2,6,0.05,0.4,sqrt,0.7149732620320856,0.662444585180494,0.7353251318101933,0.602708153269951,0.6282608695652174,0.5558441558441558,0.4495798319327731,0.7278911564625851,0.6353711790393013,0.5348189415041783,0.43636363636363634,0.6906474820143885
1043,10,0.2,6,0.05,0.4,log2,0.6941176470588235,0.6500458855919241,0.6928594717965438,0.6122154998559493,0.6108695652173913,0.5468354430379747,0.43548387096774194,0.7346938775510204,0.6135371179039302,0.522911051212938,0.41810344827586204,0.697841726618705
1044,10,0.2,6,0.05,0.5,sqrt,0.7049465240641711,0.6534777830114618,0.7180814354727398,0.5995390377412849,0.6217391304347826,0.5515463917525774,0.44398340248962653,0.7278911564625851,0.62882096069869,0.5303867403314917,0.4304932735426009,0.6906474820143885
1045,10,0.2,6,0.05,0.5,log2,0.7147058823529412,0.6677047648707568,0.7265333785157574,0.6176894266781907,0.6282608695652174,0.5581395348837209,0.45,0.7346938775510204,0.631004366812227,0.5344352617079889,0.4330357142857143,0.697841726618705
1046,10,0.2,6,0.05,0.6,sqrt,0.7014705882352941,0.6480693459416864,0.7153792623521225,0.592336502448862,0.6239130434782608,0.5529715762273901,0.44583333333333336,0.7278911564625851,0.6331877729257642,0.5333333333333333,0.4343891402714932,0.6906474820143885
1047,10,0.2,6,0.05,0.6,log2,0.7287433155080214,0.6751000800640512,0.7599134823359769,0.6073177758571017,0.6434782608695652,0.5661375661375662,0.46320346320346323,0.7278911564625851,0.6419213973799127,0.5393258426966292,0.4423963133640553,0.6906474820143885
1048,10,0.2,6,0.05,0.7,sqrt,0.743048128342246,0.7001560062402497,0.7635250085062947,0.6464995678478824,0.6413043478260869,0.5646437994722955,0.46120689655172414,0.7278911564625851,0.6528384279475983,0.5643835616438356,0.4557522123893805,0.7410071942446043
1049,10,0.2,6,0.05,0.7,log2,0.7077540106951872,0.6599253266957062,0.7172810280689889,0.6110630942091616,0.6217391304347826,0.5515463917525774,0.44398340248962653,0.7278911564625851,0.62882096069869,0.5303867403314917,0.4304932735426009,0.6906474820143885
1050,10,0.2,6,0.1,0.3,sqrt,0.6899732620320855,0.6530001496333981,0.6793275217932753,0.6286372803226736,0.6086956521739131,0.5544554455445545,0.4357976653696498,0.7619047619047619,0.5873362445414847,0.5116279069767442,0.39919354838709675,0.7122302158273381
1051,10,0.2,6,0.1,0.3,log2,0.6716577540106952,0.6494433342848986,0.6435643564356436,0.6554307116104869,0.5717391304347826,0.5491990846681922,0.41379310344827586,0.8163265306122449,0.5633187772925764,0.5192307692307693,0.3898916967509025,0.7769784172661871
1052,10,0.2,6,0.1,0.4,sqrt,0.7247326203208556,0.6665587044534413,0.761094674556213,0.5929127052722558,0.6413043478260869,0.5623342175066313,0.4608695652173913,0.7210884353741497,0.6441048034934498,0.5408450704225352,0.4444444444444444,0.6906474820143885
1053,10,0.2,6,0.1,0.4,log2,0.7094919786096257,0.6558986539984165,0.7281997187060478,0.5966580236243157,0.6217391304347826,0.546875,0.4430379746835443,0.7142857142857143,0.6331877729257642,0.5333333333333333,0.4343891402714932,0.6906474820143885
1054,10,0.2,6,0.1,0.5,sqrt,0.7046791443850268,0.6530548138840898,0.7178867403314917,0.5989628349178912,0.6195652173913043,0.5478036175710594,0.44166666666666665,0.7210884353741497,0.62882096069869,0.5303867403314917,0.4304932735426009,0.6906474820143885
1055,10,0.2,6,0.1,0.5,log2,0.7267379679144385,0.6777041942604857,0.7485196795541623,0.6191299337366754,0.6326086956521739,0.5721518987341773,0.45564516129032256,0.7687074829931972,0.6331877729257642,0.5483870967741935,0.43776824034334766,0.7338129496402878
1056,10,0.2,6,0.1,0.6,sqrt,0.7081550802139037,0.656814966200283,0.7228373702422145,0.6018438490348603,0.6195652173913043,0.5478036175710594,0.44166666666666665,0.7210884353741497,0.62882096069869,0.5303867403314917,0.4304932735426009,0.6906474820143885
1057,10,0.2,6,0.1,0.6,log2,0.7450534759358288,0.7010503213669854,0.7689133425034388,0.6441947565543071,0.6413043478260869,0.5623342175066313,0.4608695652173913,0.7210884353741497,0.6462882096069869,0.5597826086956522,0.4497816593886463,0.7410071942446043
1058,10,0.2,6,0.1,0.7,sqrt,0.7378342245989304,0.6927776907410309,0.759271978021978,0.6369922212618842,0.6326086956521739,0.5655526992287918,0.45454545454545453,0.7482993197278912,0.6375545851528385,0.5439560439560439,0.44,0.7122302158273381
1059,10,0.2,6,0.1,0.7,log2,0.7283422459893049,0.6686236138290933,0.7703870725291244,0.5906078939786805,0.6478260869565218,0.5691489361702128,0.4672489082969432,0.7278911564625851,0.6441048034934498,0.5408450704225352,0.4444444444444444,0.6906474820143885
1060,10,0.2,7,0.05,0.3,sqrt,0.7053475935828877,0.6523659305993691,0.7208086441268735,0.595793719389225,0.6173913043478261,0.5440414507772021,0.4393305439330544,0.7142857142857143,0.62882096069869,0.5303867403314917,0.4304932735426009,0.6906474820143885
1061,10,0.2,7,0.05,0.3,log2,0.6887700534759358,0.6427255985267035,0.6876847290640394,0.6032843560933449,0.6065217391304348,0.5440806045340051,0.432,0.7346938775510204,0.6179039301310044,0.5257452574525745,0.4217391304347826,0.697841726618705
1062,10,0.2,7,0.05,0.4,sqrt,0.7477272727272727,0.7071240105540897,0.7664872139973082,0.6562950158455776,0.6413043478260869,0.5623342175066313,0.4608695652173913,0.7210884353741497,0.648471615720524,0.5613079019073569,0.4517543859649123,0.7410071942446043
1063,10,0.2,7,0.05,0.4,log2,0.6836898395721925,0.6672292545710268,0.6518274251167904,0.6833765485450879,0.5760869565217391,0.5517241379310345,0.4166666666666667,0.8163265306122449,0.5807860262008734,0.5471698113207547,0.4070175438596491,0.8345323741007195
1064,10,0.2,7,0.05,0.5,sqrt,0.7113636363636363,0.6605879578682597,0.7269896193771627,0.6053010659752233,0.6260869565217392,0.5544041450777202,0.4476987447698745,0.7278911564625851,0.6397379912663755,0.5403899721448467,0.4409090909090909,0.697841726618705
1065,10,0.2,7,0.05,0.5,log2,0.7122994652406417,0.6591700981944885,0.7319732676749912,0.5995390377412849,0.6260869565217392,0.5567010309278351,0.44813278008298757,0.7346938775510204,0.6375545851528385,0.5388888888888889,0.43891402714932126,0.697841726618705
1066,10,0.2,7,0.05,0.6,sqrt,0.728475935828877,0.6745713827912193,0.759927797833935,0.6064534716220109,0.6434782608695652,0.5661375661375662,0.46320346320346323,0.7278911564625851,0.6593886462882096,0.569060773480663,0.4618834080717489,0.7410071942446043
1067,10,0.2,7,0.05,0.6,log2,0.7121657754010695,0.6639612923365069,0.7244550408719346,0.6127917026793431,0.6347826086956522,0.5670103092783505,0.45643153526970953,0.7482993197278912,0.6375545851528385,0.5585106382978723,0.4430379746835443,0.7553956834532374
1068,10,0.2,7,0.05,0.7,sqrt,0.7545454545454545,0.722490931076179,0.7599364069952306,0.6885623739556324,0.6521739130434783,0.5897435897435898,0.4732510288065844,0.782312925170068,0.6353711790393013,0.5570291777188329,0.4411764705882353,0.7553956834532374
1069,10,0.2,7,0.05,0.7,log2,0.7280748663101604,0.6838669567920422,0.7424907188660141,0.6338231057332181,0.6326086956521739,0.561038961038961,0.453781512605042,0.7346938775510204,0.631004366812227,0.5318559556786704,0.43243243243243246,0.6906474820143885
1070,10,0.2,7,0.1,0.3,sqrt,0.6598930481283423,0.6585234899328859,0.6164865544106559,0.7067127628925381,0.5369565217391304,0.5318681318681319,0.39285714285714285,0.8231292517006803,0.5283842794759825,0.5023041474654378,0.3694915254237288,0.7841726618705036
1071,10,0.2,7,0.1,0.3,log2,0.6592245989304812,0.6612624584717608,0.613714849531327,0.7167963123019303,0.5260869565217391,0.5260869565217391,0.3865814696485623,0.8231292517006803,0.5240174672489083,0.502283105022831,0.36789297658862874,0.7913669064748201
1072,10,0.2,7,0.1,0.4,sqrt,0.7018716577540107,0.6497015394282124,0.71433506044905,0.595793719389225,0.6195652173913043,0.5478036175710594,0.44166666666666665,0.7210884353741497,0.62882096069869,0.5303867403314917,0.4304932735426009,0.6906474820143885
1073,10,0.2,7,0.1,0.4,log2,0.7109625668449198,0.6631349330009348,0.7220902612826603,0.61307980409104,0.6195652173913043,0.55470737913486,0.44308943089430897,0.7414965986394558,0.6200873362445415,0.5271739130434783,0.42358078602620086,0.697841726618705
1074,10,0.2,7,0.1,0.5,sqrt,0.717379679144385,0.6634829672078956,0.7413731768054074,0.6004033419763757,0.6369565217391304,0.5616797900262467,0.45726495726495725,0.7278911564625851,0.648471615720524,0.5464788732394367,0.44907407407407407,0.697841726618705
1075,10,0.2,7,0.1,0.5,log2,0.7016042780748664,0.6515766468935373,0.7110732538330494,0.6012676462114664,0.6217391304347826,0.5515463917525774,0.44398340248962653,0.7278911564625851,0.6375545851528385,0.5388888888888889,0.43891402714932126,0.697841726618705
1076,10,0.2,7,0.1,0.6,sqrt,0.7160427807486631,0.6591784338896021,0.7439333574791742,0.5917602996254682,0.6326086956521739,0.5587467362924282,0.4533898305084746,0.7278911564625851,0.6397379912663755,0.5378151260504201,0.44036697247706424,0.6906474820143885
1077,10,0.2,7,0.1,0.6,log2,0.6770053475935829,0.6580809510331164,0.6467315716272601,0.6698357821953328,0.5760869565217391,0.5517241379310345,0.4166666666666667,0.8163265306122449,0.5611353711790393,0.5179856115107914,0.38848920863309355,0.7769784172661871
1078,10,0.2,7,0.1,0.7,sqrt,0.7435828877005347,0.7000312793243666,0.7656517276770441,0.6447709593777009,0.6391304347826087,0.5608465608465608,0.4588744588744589,0.7210884353741497,0.6375545851528385,0.5363128491620112,0.4383561643835616,0.6906474820143885
1079,10,0.2,7,0.1,0.7,log2,0.729144385026738,0.6711038961038961,0.7686872443287468,0.5955056179775281,0.6456521739130435,0.5653333333333334,0.4649122807017544,0.7210884353741497,0.648471615720524,0.5439093484419264,0.4485981308411215,0.6906474820143885
1080,10,0.2,8,0.05,0.3,sqrt,0.6933155080213904,0.650198231168039,0.6906381600259152,0.6142322097378277,0.6086956521739131,0.5477386934673367,0.4342629482071713,0.7414965986394558,0.6026200873362445,0.5159574468085106,0.4092827004219409,0.697841726618705
1081,10,0.2,8,0.05,0.3,log2,0.7113636363636363,0.6570293884034948,0.7322946175637394,0.595793719389225,0.6239130434782608,0.5506493506493506,0.44537815126050423,0.7210884353741497,0.6353711790393013,0.5348189415041783,0.43636363636363634,0.6906474820143885
1082,10,0.2,8,0.05,0.4,sqrt,0.7085561497326203,0.6533078880407125,0.729144479943202,0.5917602996254682,0.6326086956521739,0.5564304461942258,0.452991452991453,0.7210884353741497,0.6397379912663755,0.5378151260504201,0.44036697247706424,0.6906474820143885
1083,10,0.2,8,0.05,0.4,log2,0.7397058823529412,0.6895232020411418,0.7721428571428571,0.6228752520887353,0.6456521739130435,0.5653333333333334,0.4649122807017544,0.7210884353741497,0.648471615720524,0.5439093484419264,0.4485981308411215,0.6906474820143885
1084,10,0.2,8,0.05,0.5,sqrt,0.7243315508021391,0.6729060913705583,0.7486763148605718,0.6110630942091616,0.6369565217391304,0.5662337662337662,0.4579831932773109,0.7414965986394558,0.62882096069869,0.532967032967033,0.4311111111111111,0.697841726618705
1085,10,0.2,8,0.05,0.5,log2,0.7025401069518716,0.6696362286562731,0.6908700980392157,0.6496686833765486,0.591304347826087,0.5502392344497608,0.42435424354243545,0.782312925170068,0.6048034934497817,0.5322997416020672,0.4153225806451613,0.7410071942446043
1086,10,0.2,8,0.05,0.6,sqrt,0.7275401069518717,0.6873274010432648,0.7351493272070889,0.6453471622010948,0.6217391304347826,0.5538461538461539,0.4444444444444444,0.7346938775510204,0.6244541484716157,0.5300546448087432,0.42731277533039647,0.697841726618705
1087,10,0.2,8,0.05,0.6,log2,0.7112299465240641,0.6609105180533752,0.7261124525698517,0.6064534716220109,0.6195652173913043,0.5501285347043702,0.44214876033057854,0.7278911564625851,0.6266375545851528,0.5289256198347108,0.42857142857142855,0.6906474820143885
1088,10,0.2,8,0.05,0.7,sqrt,0.7536096256684492,0.7166794773251345,0.7682926829268293,0.6715643906655142,0.6413043478260869,0.5646437994722955,0.46120689655172414,0.7278911564625851,0.6506550218340611,0.5628415300546448,0.45374449339207046,0.7410071942446043
1089,10,0.2,8,0.05,0.7,log2,0.7344919786096257,0.6989084293511219,0.7376,0.6640737539613945,0.6260869565217392,0.5544041450777202,0.4476987447698745,0.7278911564625851,0.648471615720524,0.5613079019073569,0.4517543859649123,0.7410071942446043
1090,10,0.2,8,0.1,0.3,sqrt,0.6934491978609626,0.6439993789784195,0.6983164983164983,0.5975223278594065,0.6086956521739131,0.5431472081218274,0.4331983805668016,0.7278911564625851,0.6179039301310044,0.5231607629427792,0.42105263157894735,0.6906474820143885
1091,10,0.2,8,0.1,0.3,log2,0.6334224598930481,0.6298596112311015,0.5925831851663703,0.6721405934889081,0.5217391304347826,0.5217391304347826,0.38338658146964855,0.8163265306122449,0.5305676855895196,0.5011600928074246,0.3698630136986301,0.7769784172661871
1092,10,0.2,8,0.1,0.4,sqrt,0.7124331550802139,0.6574295269947444,0.7350427350427351,0.5946413137424373,0.6217391304347826,0.546875,0.4430379746835443,0.7142857142857143,0.6397379912663755,0.5378151260504201,0.44036697247706424,0.6906474820143885
1093,10,0.2,8,0.1,0.4,log2,0.7092245989304813,0.6533864541832669,0.7310984308131241,0.5906078939786805,0.6217391304347826,0.5492227979274611,0.4435146443514644,0.7210884353741497,0.6397379912663755,0.5378151260504201,0.44036697247706424,0.6906474820143885
1094,10,0.2,8,0.1,0.5,sqrt,0.7114973262032086,0.6546094750320103,0.7364061937342455,0.5891673869201959,0.6347826086956522,0.5602094240837696,0.4553191489361702,0.7278911564625851,0.6397379912663755,0.5403899721448467,0.4409090909090909,0.697841726618705
1095,10,0.2,8,0.1,0.5,log2,0.714572192513369,0.6620231122368213,0.7347153900210822,0.6024200518582541,0.6326086956521739,0.5587467362924282,0.4533898305084746,0.7278911564625851,0.6331877729257642,0.5333333333333333,0.4343891402714932,0.6906474820143885
1096,10,0.2,8,0.1,0.6,sqrt,0.7231283422459893,0.6635255889520715,0.7608047690014903,0.5883030826851051,0.6413043478260869,0.5646437994722955,0.46120689655172414,0.7278911564625851,0.6441048034934498,0.5408450704225352,0.4444444444444444,0.6906474820143885
1097,10,0.2,8,0.1,0.6,log2,0.6810160427807487,0.6615602836879433,0.6515786532550992,0.6718524920772112,0.5782608695652174,0.5509259259259259,0.41754385964912283,0.8095238095238095,0.5633187772925764,0.5192307692307693,0.3898916967509025,0.7769784172661871
1098,10,0.2,8,0.1,0.7,sqrt,0.7053475935828877,0.6523659305993691,0.7208086441268735,0.595793719389225,0.6217391304347826,0.5515463917525774,0.44398340248962653,0.7278911564625851,0.62882096069869,0.5303867403314917,0.4304932735426009,0.6906474820143885
1099,10,0.2,8,0.1,0.7,log2,0.7312834224598931,0.6915285451197053,0.7399014778325124,0.6490924805531547,0.6260869565217392,0.572139303482587,0.45098039215686275,0.782312925170068,0.6222707423580786,0.5411140583554377,0.42857142857142855,0.7338129496402878
1100,10,0.2,9,0.05,0.3,sqrt,0.700668449197861,0.6534592168394985,0.7060200668896321,0.6081820800921924,0.6152173913043478,0.5518987341772152,0.43951612903225806,0.7414965986394558,0.611353711790393,0.521505376344086,0.41630901287553645,0.697841726618705
1101,10,0.2,9,0.05,0.3,log2,0.6969251336898395,0.6543680439091325,0.6949481865284974,0.6182656295015846,0.6086956521739131,0.55,0.43478260869565216,0.7482993197278912,0.6091703056768559,0.5226666666666666,0.4152542372881356,0.7050359712230215
1102,10,0.2,9,0.05,0.4,sqrt,0.7073529411764706,0.6560879811468971,0.7214927436074637,0.6015557476231633,0.6195652173913043,0.5478036175710594,0.44166666666666665,0.7210884353741497,0.62882096069869,0.5303867403314917,0.4304932735426009,0.6906474820143885
1103,10,0.2,9,0.05,0.4,log2,0.7196524064171123,0.6647482014388489,0.7467672413793104,0.5989628349178912,0.6391304347826087,0.5631578947368421,0.4592274678111588,0.7278911564625851,0.6397379912663755,0.5378151260504201,0.44036697247706424,0.6906474820143885
1104,10,0.2,9,0.05,0.5,sqrt,0.7211229946524064,0.670770202020202,0.7417102966841187,0.6122154998559493,0.6456521739130435,0.5699208443271768,0.46551724137931033,0.7346938775510204,0.6353711790393013,0.5348189415041783,0.43636363636363634,0.6906474820143885
1105,10,0.2,9,0.05,0.5,log2,0.7283422459893049,0.6743589743589744,0.7598410978692669,0.606165370210314,0.6434782608695652,0.5661375661375662,0.46320346320346323,0.7278911564625851,0.6441048034934498,0.5408450704225352,0.4444444444444444,0.6906474820143885
1106,10,0.2,9,0.05,0.6,sqrt,0.7143048128342246,0.6608474845262656,0.7356890459363957,0.5998271391529818,0.6347826086956522,0.5625,0.45569620253164556,0.7346938775510204,0.631004366812227,0.5318559556786704,0.43243243243243246,0.6906474820143885
1107,10,0.2,9,0.05,0.6,log2,0.717379679144385,0.6670866141732283,0.7356721083709621,0.6101987899740708,0.6260869565217392,0.5544041450777202,0.4476987447698745,0.7278911564625851,0.6375545851528385,0.5388888888888889,0.43891402714932126,0.697841726618705
1108,10,0.2,9,0.05,0.7,sqrt,0.7438502673796792,0.701929060360921,0.762935407507609,0.6499567847882455,0.6391304347826087,0.5631578947368421,0.4592274678111588,0.7278911564625851,0.6353711790393013,0.5348189415041783,0.43636363636363634,0.6906474820143885
1109,10,0.2,9,0.05,0.7,log2,0.717379679144385,0.6670866141732283,0.7356721083709621,0.6101987899740708,0.6239130434782608,0.5529715762273901,0.44583333333333336,0.7278911564625851,0.6375545851528385,0.5388888888888889,0.43891402714932126,0.697841726618705
1110,10,0.2,9,0.1,0.3,sqrt,0.6839572192513369,0.6787170426746398,0.642397736043221,0.7193892250072025,0.5739130434782609,0.5644444444444444,0.41914191419141916,0.8639455782312925,0.5502183406113537,0.5296803652968036,0.3879598662207358,0.8345323741007195
1111,10,0.2,9,0.1,0.3,log2,0.6941176470588235,0.6517503805175038,0.6908680219425621,0.6168251224431,0.6152173913043478,0.556390977443609,0.44047619047619047,0.7551020408163265,0.6048034934497817,0.5224274406332454,0.4125,0.7122302158273381
1112,10,0.2,9,0.1,0.4,sqrt,0.721524064171123,0.6660253326919994,0.7509038322487346,0.5983866320944973,0.6347826086956522,0.5602094240837696,0.4553191489361702,0.7278911564625851,0.6397379912663755,0.5403899721448467,0.4409090909090909,0.697841726618705
1113,10,0.2,9,0.1,0.4,log2,0.7053475935828877,0.6523659305993691,0.7208086441268735,0.595793719389225,0.6173913043478261,0.5440414507772021,0.4393305439330544,0.7142857142857143,0.62882096069869,0.5303867403314917,0.4304932735426009,0.6906474820143885
1114,10,0.2,9,0.1,0.5,sqrt,0.6934491978609626,0.6466327631376175,0.6951623591782637,0.6044367617401325,0.6130434782608696,0.5482233502538071,0.43724696356275305,0.7346938775510204,0.6179039301310044,0.5257452574525745,0.4217391304347826,0.697841726618705
1115,10,0.2,9,0.1,0.5,log2,0.7073529411764706,0.6567351419162616,0.7205781142463867,0.6032843560933449,0.6260869565217392,0.5544041450777202,0.4476987447698745,0.7278911564625851,0.62882096069869,0.5303867403314917,0.4304932735426009,0.6906474820143885
1116,10,0.2,9,0.1,0.6,sqrt,0.7113636363636363,0.6570293884034948,0.7322946175637394,0.595793719389225,0.6239130434782608,0.5506493506493506,0.44537815126050423,0.7210884353741497,0.6353711790393013,0.5348189415041783,0.43636363636363634,0.6906474820143885
1117,10,0.2,9,0.1,0.6,log2,0.7286096256684492,0.6753039027511196,0.7590794678173319,0.6081820800921924,0.6434782608695652,0.5684210526315789,0.463519313304721,0.7346938775510204,0.6375545851528385,0.5363128491620112,0.4383561643835616,0.6906474820143885
1118,10,0.2,9,0.1,0.7,sqrt,0.7463903743315508,0.714005728931102,0.7488931056293485,0.6822241428983002,0.6282608695652174,0.5692695214105793,0.452,0.7687074829931972,0.6375545851528385,0.5561497326203209,0.4425531914893617,0.7482014388489209
1119,10,0.2,9,0.1,0.7,log2,0.7135026737967914,0.6607566883014089,0.7333099086437105,0.6012676462114664,0.6326086956521739,0.5587467362924282,0.4533898305084746,0.7278911564625851,0.6331877729257642,0.5333333333333333,0.4343891402714932,0.6906474820143885
1120,15,0.05,3,0.05,0.3,sqrt,0.713903743315508,0.6621408272813388,0.7324484806147398,0.6041486603284356,0.6239130434782608,0.5529715762273901,0.44583333333333336,0.7278911564625851,0.6375545851528385,0.5388888888888889,0.43891402714932126,0.697841726618705
1121,15,0.05,3,0.05,0.3,log2,0.7172459893048129,0.6666666666666666,0.7359081419624217,0.6093344857389801,0.6260869565217392,0.5544041450777202,0.4476987447698745,0.7278911564625851,0.6375545851528385,0.5388888888888889,0.43891402714932126,0.697841726618705
1122,15,0.05,3,0.05,0.4,sqrt,0.7299465240641712,0.6742986133505321,0.7656536067374589,0.6024200518582541,0.6413043478260869,0.5646437994722955,0.46120689655172414,0.7278911564625851,0.6441048034934498,0.5408450704225352,0.4444444444444444,0.6906474820143885
1123,15,0.05,3,0.05,0.4,log2,0.7078877005347594,0.6556343577620173,0.7237299930410578,0.599250936329588,0.6173913043478261,0.5440414507772021,0.4393305439330544,0.7142857142857143,0.62882096069869,0.5303867403314917,0.4304932735426009,0.6906474820143885
1124,15,0.05,3,0.05,0.5,sqrt,0.7330213903743316,0.6898586737070974,0.7483153638814016,0.6398732353788533,0.6282608695652174,0.5558441558441558,0.4495798319327731,0.7278911564625851,0.6353711790393013,0.5348189415041783,0.43636363636363634,0.6906474820143885
1125,15,0.05,3,0.05,0.5,log2,0.7005347593582888,0.6560196560196561,0.7024005261427162,0.6153846153846154,0.6152173913043478,0.5518987341772152,0.43951612903225806,0.7414965986394558,0.6157205240174672,0.5243243243243243,0.4199134199134199,0.697841726618705
1126,15,0.05,3,0.05,0.6,sqrt,0.7292780748663101,0.677084994418753,0.7582142857142857,0.6116392970325555,0.6434782608695652,0.5661375661375662,0.46320346320346323,0.7278911564625851,0.6441048034934498,0.5434173669467787,0.44495412844036697,0.697841726618705
1127,15,0.05,3,0.05,0.6,log2,0.7438502673796792,0.7048675292667899,0.7573651108904337,0.6591760299625468,0.6347826086956522,0.5602094240837696,0.4553191489361702,0.7278911564625851,0.6593886462882096,0.5714285714285714,0.4622222222222222,0.7482014388489209
1128,15,0.05,3,0.05,0.7,sqrt,0.7510695187165776,0.7132737911918694,0.7661263645385379,0.6672428694900605,0.6326086956521739,0.5564304461942258,0.452991452991453,0.7210884353741497,0.6506550218340611,0.5628415300546448,0.45374449339207046,0.7410071942446043
1129,15,0.05,3,0.05,0.7,log2,0.7386363636363636,0.6950553735766651,0.7578231292517007,0.6418899452607317,0.6347826086956522,0.5578947368421052,0.45493562231759654,0.7210884353741497,0.6419213973799127,0.5418994413407822,0.4429223744292237,0.697841726618705
1130,15,0.05,3,0.1,0.3,sqrt,0.6989304812834225,0.6571254567600487,0.6968033580884727,0.6217228464419475,0.6130434782608696,0.5572139303482587,0.4392156862745098,0.7619047619047619,0.6004366812227074,0.5221932114882507,0.4098360655737705,0.7194244604316546
1131,15,0.05,3,0.1,0.3,log2,0.6536096256684492,0.6399888842573295,0.6180891035963499,0.6634975511380006,0.5456521739130434,0.5303370786516854,0.3959731543624161,0.8027210884353742,0.5458515283842795,0.5094339622641509,0.37894736842105264,0.7769784172661871
1132,15,0.05,3,0.1,0.4,sqrt,0.6971925133689839,0.6494350719702833,0.7016722408026755,0.6044367617401325,0.6130434782608696,0.5482233502538071,0.43724696356275305,0.7346938775510204,0.6179039301310044,0.5257452574525745,0.4217391304347826,0.697841726618705
1133,15,0.05,3,0.1,0.4,log2,0.7012032085561497,0.6498511671627761,0.7122252747252747,0.5975223278594065,0.6217391304347826,0.5515463917525774,0.44398340248962653,0.7278911564625851,0.6244541484716157,0.5274725274725275,0.4266666666666667,0.6906474820143885
1134,15,0.05,3,0.1,0.5,sqrt,0.7118983957219251,0.657447146717533,0.7333333333333333,0.595793719389225,0.6217391304347826,0.546875,0.4430379746835443,0.7142857142857143,0.6353711790393013,0.5348189415041783,0.43636363636363634,0.6906474820143885
1135,15,0.05,3,0.1,0.5,log2,0.7113636363636363,0.6586561264822134,0.7298528381219341,0.6001152405646788,0.6260869565217392,0.5544041450777202,0.4476987447698745,0.7278911564625851,0.6353711790393013,0.5348189415041783,0.43636363636363634,0.6906474820143885
1136,15,0.05,3,0.1,0.6,sqrt,0.7295454545454545,0.6750200803212851,0.7628903413217138,0.6053010659752233,0.6434782608695652,0.5661375661375662,0.46320346320346323,0.7278911564625851,0.6462882096069869,0.5423728813559322,0.44651162790697674,0.6906474820143885
1137,15,0.05,3,0.1,0.6,log2,0.7229946524064171,0.6631989596879063,0.7609101081685938,0.5877268798617113,0.6434782608695652,0.5661375661375662,0.46320346320346323,0.7278911564625851,0.6462882096069869,0.5423728813559322,0.44651162790697674,0.6906474820143885
1138,15,0.05,3,0.1,0.7,sqrt,0.7120320855614973,0.6613207547169812,0.7279335410176532,0.6058772687986171,0.6260869565217392,0.5544041450777202,0.4476987447698745,0.7278911564625851,0.6353711790393013,0.5348189415041783,0.43636363636363634,0.6906474820143885
1139,15,0.05,3,0.1,0.7,log2,0.7183155080213903,0.6712435637384927,0.7321307011572499,0.6197061365600691,0.6260869565217392,0.5612244897959183,0.4489795918367347,0.7482993197278912,0.6222707423580786,0.5311653116531165,0.4260869565217391,0.7050359712230215
1140,15,0.05,4,0.05,0.3,sqrt,0.7270053475935829,0.672020558946354,0.7593466424682396,0.602708153269951,0.6434782608695652,0.5661375661375662,0.46320346320346323,0.7278911564625851,0.6462882096069869,0.5423728813559322,0.44651162790697674,0.6906474820143885
1141,15,0.05,4,0.05,0.3,log2,0.7169786096256684,0.6624142879923457,0.7417857142857143,0.5983866320944973,0.6282608695652174,0.5535248041775457,0.4491525423728814,0.7210884353741497,0.6397379912663755,0.5378151260504201,0.44036697247706424,0.6906474820143885
1142,15,0.05,4,0.05,0.4,sqrt,0.756951871657754,0.7226967663209274,0.7679092382495948,0.6825122443099971,0.6543478260869565,0.5933503836317136,0.47540983606557374,0.7891156462585034,0.6266375545851528,0.5464190981432361,0.4327731092436975,0.7410071942446043
1143,15,0.05,4,0.05,0.4,log2,0.7081550802139037,0.656814966200283,0.7228373702422145,0.6018438490348603,0.6217391304347826,0.5515463917525774,0.44398340248962653,0.7278911564625851,0.62882096069869,0.5303867403314917,0.4304932735426009,0.6906474820143885
1144,15,0.05,4,0.05,0.5,sqrt,0.7401069518716578,0.6941472624292008,0.7646447140381283,0.6355517142033996,0.6456521739130435,0.5676392572944297,0.4652173913043478,0.7278911564625851,0.6462882096069869,0.5423728813559322,0.44651162790697674,0.6906474820143885
1145,15,0.05,4,0.05,0.5,log2,0.7294117647058823,0.68697803897309,0.7415692821368948,0.6398732353788533,0.6260869565217392,0.5544041450777202,0.4476987447698745,0.7278911564625851,0.6375545851528385,0.5388888888888889,0.43891402714932126,0.697841726618705
1146,15,0.05,4,0.05,0.6,sqrt,0.7375668449197861,0.6919817982112035,0.7598208132322536,0.6352636127917026,0.6347826086956522,0.5602094240837696,0.4553191489361702,0.7278911564625851,0.6506550218340611,0.5628415300546448,0.45374449339207046,0.7410071942446043
1147,15,0.05,4,0.05,0.6,log2,0.7470588235294118,0.7044673539518901,0.7693619924940294,0.6496686833765486,0.6347826086956522,0.5602094240837696,0.4553191489361702,0.7278911564625851,0.6397379912663755,0.5403899721448467,0.4409090909090909,0.697841726618705
1148,15,0.05,4,0.05,0.7,sqrt,0.7506684491978609,0.7186604314376226,0.7542748575047499,0.6862575626620571,0.6326086956521739,0.5587467362924282,0.4533898305084746,0.7278911564625851,0.6681222707423581,0.5957446808510638,0.47257383966244726,0.8057553956834532
1149,15,0.05,4,0.05,0.7,log2,0.7803475935828877,0.7537100884425124,0.785625,0.7242869490060502,0.6652173913043479,0.6030927835051546,0.4854771784232365,0.7959183673469388,0.6528384279475983,0.5714285714285714,0.45689655172413796,0.762589928057554
1150,15,0.05,4,0.1,0.3,sqrt,0.7042780748663101,0.6550218340611353,0.7140428425705543,0.6050129645635264,0.6086956521739131,0.5408163265306123,0.4326530612244898,0.7210884353741497,0.6244541484716157,0.5300546448087432,0.42731277533039647,0.697841726618705
1151,15,0.05,4,0.1,0.3,log2,0.6406417112299465,0.6331877729257642,0.6015037593984962,0.6683952751368482,0.5391304347826087,0.5309734513274337,0.39344262295081966,0.8163265306122449,0.537117903930131,0.5069767441860465,0.3745704467353952,0.7841726618705036
1152,15,0.05,4,0.1,0.4,sqrt,0.7102941176470589,0.6583635503704871,0.7270194986072424,0.6015557476231633,0.6217391304347826,0.5561224489795918,0.4448979591836735,0.7414965986394558,0.62882096069869,0.5355191256830601,0.43171806167400884,0.7050359712230215
1153,15,0.05,4,0.1,0.4,log2,0.6911764705882353,0.6458141674333027,0.6902654867256637,0.6067415730337079,0.6086956521739131,0.55,0.43478260869565216,0.7482993197278912,0.6069868995633187,0.5187165775401069,0.4127659574468085,0.697841726618705
1154,15,0.05,4,0.1,0.5,sqrt,0.722860962566845,0.6625427315643823,0.7616017964071856,0.5862863728032267,0.6391304347826087,0.5585106382978723,0.4585152838427948,0.7142857142857143,0.6462882096069869,0.5423728813559322,0.44651162790697674,0.6906474820143885
1155,15,0.05,4,0.1,0.5,log2,0.7232620320855615,0.6645056726094003,0.7595405705816969,0.5906078939786805,0.6434782608695652,0.5638297872340425,0.462882096069869,0.7210884353741497,0.6441048034934498,0.5408450704225352,0.4444444444444444,0.6906474820143885
1156,15,0.05,4,0.1,0.6,sqrt,0.7148395721925134,0.6613748214002223,0.7365629420084866,0.6001152405646788,0.6260869565217392,0.5544041450777202,0.4476987447698745,0.7278911564625851,0.6353711790393013,0.5348189415041783,0.43636363636363634,0.6906474820143885
1157,15,0.05,4,0.1,0.6,log2,0.7268716577540107,0.6690426048922729,0.7642487046632125,0.5949294151541342,0.65,0.5729442970822282,0.46956521739130436,0.7346938775510204,0.6441048034934498,0.5434173669467787,0.44495412844036697,0.697841726618705
1158,15,0.05,4,0.1,0.7,sqrt,0.7066844919786096,0.6551398931153726,0.7208578346592874,0.6004033419763757,0.6217391304347826,0.5515463917525774,0.44398340248962653,0.7278911564625851,0.62882096069869,0.5303867403314917,0.4304932735426009,0.6906474820143885
1159,15,0.05,4,0.1,0.7,log2,0.7274064171122995,0.6734987990392314,0.7581110310021629,0.6058772687986171,0.6434782608695652,0.5661375661375662,0.46320346320346323,0.7278911564625851,0.6593886462882096,0.5666666666666667,0.46153846153846156,0.7338129496402878
1160,15,0.05,5,0.05,0.3,sqrt,0.728475935828877,0.6751959059651368,0.7588066139468008,0.6081820800921924,0.6434782608695652,0.5661375661375662,0.46320346320346323,0.7278911564625851,0.6419213973799127,0.5393258426966292,0.4423963133640553,0.6906474820143885
1161,15,0.05,5,0.05,0.3,log2,0.7157754010695188,0.6647745190791549,0.7342389411354928,0.6073177758571017,0.6260869565217392,0.5544041450777202,0.4476987447698745,0.7278911564625851,0.6353711790393013,0.5348189415041783,0.43636363636363634,0.6906474820143885
1162,15,0.05,5,0.05,0.4,sqrt,0.7159090909090909,0.6656176239181747,0.7333564493758669,0.6093344857389801,0.6304347826086957,0.5572916666666666,0.45147679324894513,0.7278911564625851,0.6419213973799127,0.5418994413407822,0.4429223744292237,0.697841726618705
1163,15,0.05,5,0.05,0.4,log2,0.7267379679144385,0.6748329621380846,0.7534635879218472,0.6110630942091616,0.6434782608695652,0.5684210526315789,0.463519313304721,0.7346938775510204,0.6331877729257642,0.5333333333333333,0.4343891402714932,0.6906474820143885
1164,15,0.05,5,0.05,0.5,sqrt,0.7366310160427807,0.6919949968730457,0.7565811965811966,0.637568424085278,0.6391304347826087,0.5631578947368421,0.4592274678111588,0.7278911564625851,0.648471615720524,0.5490196078431373,0.44954128440366975,0.7050359712230215
1165,15,0.05,5,0.05,0.5,log2,0.7494652406417113,0.7075530586766542,0.7718760640108955,0.6531259003169115,0.6434782608695652,0.5661375661375662,0.46320346320346323,0.7278911564625851,0.6397379912663755,0.5378151260504201,0.44036697247706424,0.6906474820143885
1166,15,0.05,5,0.05,0.6,sqrt,0.7243315508021391,0.6835481890730509,0.7313628899835797,0.6416018438490348,0.6195652173913043,0.5478036175710594,0.44166666666666665,0.7210884353741497,0.62882096069869,0.5303867403314917,0.4304932735426009,0.6906474820143885
1167,15,0.05,5,0.05,0.6,log2,0.7266042780748663,0.6805186689579753,0.7433447098976109,0.6274848746758859,0.6239130434782608,0.5483028720626631,0.4449152542372881,0.7142857142857143,0.6353711790393013,0.5348189415041783,0.43636363636363634,0.6906474820143885
1168,15,0.05,5,0.05,0.7,sqrt,0.7450534759358288,0.7133623929054562,0.745757385292269,0.6836646499567848,0.6239130434782608,0.5552699228791774,0.4462809917355372,0.7346938775510204,0.62882096069869,0.5380434782608695,0.43231441048034935,0.7122302158273381
1169,15,0.05,5,0.05,0.7,log2,0.7292780748663101,0.6924829157175398,0.7321772639691715,0.6568712186689715,0.6326086956521739,0.5587467362924282,0.4533898305084746,0.7278911564625851,0.6528384279475983,0.5643835616438356,0.4557522123893805,0.7410071942446043
1170,15,0.05,5,0.1,0.3,sqrt,0.6803475935828877,0.6762356127285037,0.6379662749105774,0.7193892250072025,0.5673913043478261,0.5607064017660044,0.4150326797385621,0.8639455782312925,0.5502183406113537,0.5296803652968036,0.3879598662207358,0.8345323741007195
1171,15,0.05,5,0.1,0.3,log2,0.6893048128342246,0.6431203931203932,0.6885892798421572,0.6032843560933449,0.6086956521739131,0.5454545454545454,0.43373493975903615,0.7346938775510204,0.6179039301310044,0.5257452574525745,0.4217391304347826,0.697841726618705
1172,15,0.05,5,0.1,0.4,sqrt,0.7128342245989305,0.6657329598506069,0.7238578680203046,0.6162489196197062,0.6217391304347826,0.5538461538461539,0.4444444444444444,0.7346938775510204,0.6266375545851528,0.5315068493150685,0.42920353982300885,0.697841726618705
1173,15,0.05,5,0.1,0.4,log2,0.6971925133689839,0.6550936500685245,0.6947674418604651,0.6197061365600691,0.6086956521739131,0.5522388059701493,0.43529411764705883,0.7551020408163265,0.5982532751091703,0.5157894736842106,0.4066390041493776,0.7050359712230215
1174,15,0.05,5,0.1,0.5,sqrt,0.7118983957219251,0.657447146717533,0.7333333333333333,0.595793719389225,0.6217391304347826,0.546875,0.4430379746835443,0.7142857142857143,0.6353711790393013,0.5348189415041783,0.43636363636363634,0.6906474820143885
1175,15,0.05,5,0.1,0.5,log2,0.7113636363636363,0.6560458817906644,0.7337847469707769,0.5932008066839527,0.6304347826086957,0.5526315789473685,0.45064377682403434,0.7142857142857143,0.6331877729257642,0.5333333333333333,0.4343891402714932,0.6906474820143885
1176,15,0.05,5,0.1,0.6,sqrt,0.7235294117647059,0.6641766807405002,0.7610718273167101,0.5891673869201959,0.6413043478260869,0.5623342175066313,0.4608695652173913,0.7210884353741497,0.6441048034934498,0.5408450704225352,0.4444444444444444,0.6906474820143885
1177,15,0.05,5,0.1,0.6,log2,0.7225935828877005,0.6624369611192452,0.7608370702541106,0.5865744742149237,0.6434782608695652,0.5661375661375662,0.46320346320346323,0.7278911564625851,0.6419213973799127,0.5393258426966292,0.4423963133640553,0.6906474820143885
1178,15,0.05,5,0.1,0.7,sqrt,0.7124331550802139,0.6613131790269249,0.7291666666666666,0.6050129645635264,0.6260869565217392,0.5544041450777202,0.4476987447698745,0.7278911564625851,0.6375545851528385,0.5388888888888889,0.43891402714932126,0.697841726618705
1179,15,0.05,5,0.1,0.7,log2,0.7143048128342246,0.6618135780978003,0.7341994382022472,0.6024200518582541,0.6260869565217392,0.5544041450777202,0.4476987447698745,0.7278911564625851,0.6353711790393013,0.5348189415041783,0.43636363636363634,0.6906474820143885
1180,15,0.05,6,0.05,0.3,sqrt,0.7203208556149733,0.6664540816326531,0.7461620849696537,0.6021319504465572,0.6391304347826087,0.5631578947368421,0.4592274678111588,0.7278911564625851,0.6419213973799127,0.5418994413407822,0.4429223744292237,0.697841726618705
1181,15,0.05,6,0.05,0.3,log2,0.7149732620320856,0.6606176376950016,0.7381714692280328,0.5978104292711034,0.6326086956521739,0.5587467362924282,0.4533898305084746,0.7278911564625851,0.6353711790393013,0.5348189415041783,0.43636363636363634,0.6906474820143885
1182,15,0.05,6,0.05,0.4,sqrt,0.7254010695187165,0.6769424347279018,0.745410460685833,0.6199942379717661,0.6413043478260869,0.5736434108527132,0.4625,0.7551020408163265,0.6331877729257642,0.5384615384615384,0.43555555555555553,0.7050359712230215
1183,15,0.05,6,0.05,0.4,log2,0.7185828877005348,0.6676140849518396,0.7386443046820406,0.6090463843272832,0.6282608695652174,0.5558441558441558,0.4495798319327731,0.7278911564625851,0.6353711790393013,0.5348189415041783,0.43636363636363634,0.6906474820143885
1184,15,0.05,6,0.05,0.5,sqrt,0.7415775401069519,0.7044794373948937,0.7504885993485342,0.6637856525496975,0.6282608695652174,0.5558441558441558,0.4495798319327731,0.7278911564625851,0.6353711790393013,0.5348189415041783,0.43636363636363634,0.6906474820143885
1185,15,0.05,6,0.05,0.5,log2,0.7114973262032086,0.6641767818238407,0.722165820642978,0.6148084125612215,0.6217391304347826,0.5515463917525774,0.44398340248962653,0.7278911564625851,0.6266375545851528,0.5289256198347108,0.42857142857142855,0.6906474820143885
1186,15,0.05,6,0.05,0.6,sqrt,0.7737967914438503,0.7418370460787306,0.7885176775867662,0.700374531835206,0.6565217391304348,0.5885416666666666,0.4767932489451477,0.7687074829931972,0.6572052401746725,0.5722070844686649,0.4605263157894737,0.7553956834532374
1187,15,0.05,6,0.05,0.6,log2,0.7493315508021391,0.7092572491859203,0.7679650772330423,0.6588879285508499,0.6347826086956522,0.5602094240837696,0.4553191489361702,0.7278911564625851,0.631004366812227,0.5318559556786704,0.43243243243243246,0.6906474820143885
1188,15,0.05,6,0.05,0.7,sqrt,0.7687165775401069,0.7337642351492767,0.7875784605219689,0.6868337654854508,0.658695652173913,0.5922077922077922,0.4789915966386555,0.7755102040816326,0.6615720524017468,0.5706371191135734,0.46396396396396394,0.7410071942446043
1189,15,0.05,6,0.05,0.7,log2,0.756951871657754,0.7248789346246973,0.763468281797896,0.690002881014117,0.6260869565217392,0.5544041450777202,0.4476987447698745,0.7278911564625851,0.6244541484716157,0.5274725274725275,0.4266666666666667,0.6906474820143885
1190,15,0.05,6,0.1,0.3,sqrt,0.7020053475935829,0.6536130536130537,0.7095141700404858,0.6058772687986171,0.6195652173913043,0.5524296675191815,0.4426229508196721,0.7346938775510204,0.6200873362445415,0.5271739130434783,0.42358078602620086,0.697841726618705
1191,15,0.05,6,0.1,0.3,log2,0.6950534759358289,0.6509563886763581,0.6941906005221932,0.6127917026793431,0.6043478260869565,0.5472636815920398,0.43137254901960786,0.7482993197278912,0.6069868995633187,0.5238095238095238,0.41422594142259417,0.7122302158273381
1192,15,0.05,6,0.1,0.4,sqrt,0.7118983957219251,0.657447146717533,0.7333333333333333,0.595793719389225,0.6260869565217392,0.5544041450777202,0.4476987447698745,0.7278911564625851,0.6353711790393013,0.5348189415041783,0.43636363636363634,0.6906474820143885
1193,15,0.05,6,0.1,0.4,log2,0.6614973262032086,0.642675698560542,0.6298755186721992,0.6560069144338807,0.5695652173913044,0.547945205479452,0.41237113402061853,0.8163265306122449,0.5567685589519651,0.5155131264916468,0.38571428571428573,0.7769784172661871
1194,15,0.05,6,0.1,0.5,sqrt,0.7267379679144385,0.669362665803947,0.7631870158613058,0.596081820800922,0.6391304347826087,0.5585106382978723,0.4585152838427948,0.7142857142857143,0.6441048034934498,0.5408450704225352,0.4444444444444444,0.6906474820143885
1195,15,0.05,6,0.1,0.5,log2,0.7163101604278075,0.6693674041757557,0.7288768238887003,0.6188418323249784,0.6260869565217392,0.5567010309278351,0.44813278008298757,0.7346938775510204,0.6200873362445415,0.5245901639344263,0.42290748898678415,0.6906474820143885
1196,15,0.05,6,0.1,0.6,sqrt,0.7109625668449198,0.6557324840764331,0.7330010679957281,0.5932008066839527,0.6326086956521739,0.5587467362924282,0.4533898305084746,0.7278911564625851,0.6353711790393013,0.5373961218836565,0.4369369369369369,0.697841726618705
1197,15,0.05,6,0.1,0.6,log2,0.7157754010695188,0.6612492033142129,0.7397504456327986,0.5978104292711034,0.6304347826086957,0.5618556701030928,0.45228215767634855,0.7414965986394558,0.631004366812227,0.536986301369863,0.4336283185840708,0.7050359712230215
1198,15,0.05,6,0.1,0.7,sqrt,0.7279411764705882,0.6734071577595891,0.7601449275362319,0.6044367617401325,0.6413043478260869,0.5623342175066313,0.4608695652173913,0.7210884353741497,0.6441048034934498,0.5408450704225352,0.4444444444444444,0.6906474820143885
1199,15,0.05,6,0.1,0.7,log2,0.7128342245989305,0.6651075771749299,0.7247706422018348,0.6145203111495247,0.6260869565217392,0.5567010309278351,0.44813278008298757,0.7346938775510204,0.62882096069869,0.532967032967033,0.4311111111111111,0.697841726618705
1200,15,0.05,7,0.05,0.3,sqrt,0.7314171122994653,0.685257715807614,0.7510302197802198,0.6300777873811582,0.6391304347826087,0.5608465608465608,0.4588744588744589,0.7210884353741497,0.6441048034934498,0.5408450704225352,0.4444444444444444,0.6906474820143885
1201,15,0.05,7,0.05,0.3,log2,0.7264705882352941,0.6711668273866924,0.7589967284623773,0.6015557476231633,0.6478260869565218,0.5714285714285714,0.4675324675324675,0.7346938775510204,0.648471615720524,0.5490196078431373,0.44954128440366975,0.7050359712230215
1202,15,0.05,7,0.05,0.4,sqrt,0.7332887700534759,0.6907456208339793,0.7476510067114094,0.6418899452607317,0.6326086956521739,0.5587467362924282,0.4533898305084746,0.7278911564625851,0.6375545851528385,0.5388888888888889,0.43891402714932126,0.697841726618705
1203,15,0.05,7,0.05,0.4,log2,0.7323529411764705,0.6772009029345373,0.7689491028927133,0.6050129645635264,0.6478260869565218,0.5691489361702128,0.4672489082969432,0.7278911564625851,0.6593886462882096,0.569060773480663,0.4618834080717489,0.7410071942446043
1204,15,0.05,7,0.05,0.5,sqrt,0.7340909090909091,0.6950789514027288,0.7427916120576671,0.6531259003169115,0.6260869565217392,0.5544041450777202,0.4476987447698745,0.7278911564625851,0.62882096069869,0.5303867403314917,0.4304932735426009,0.6906474820143885
1205,15,0.05,7,0.05,0.5,log2,0.7529411764705882,0.7163033466380104,0.7666776207689779,0.6721405934889081,0.6347826086956522,0.5625,0.45569620253164556,0.7346938775510204,0.648471615720524,0.5636856368563685,0.45217391304347826,0.7482014388489209
1206,15,0.05,7,0.05,0.6,sqrt,0.7522727272727273,0.7147036181678214,0.767526455026455,0.668683376548545,0.6413043478260869,0.5623342175066313,0.4608695652173913,0.7210884353741497,0.6506550218340611,0.5628415300546448,0.45374449339207046,0.7410071942446043
1207,15,0.05,7,0.05,0.6,log2,0.7661764705882353,0.7330993438119945,0.7793640493186242,0.6920195908959954,0.6304347826086957,0.5572916666666666,0.45147679324894513,0.7278911564625851,0.6462882096069869,0.5597826086956522,0.4497816593886463,0.7410071942446043
1208,15,0.05,7,0.05,0.7,sqrt,0.743716577540107,0.7015413358243812,0.7632113821138211,0.6490924805531547,0.6413043478260869,0.5669291338582677,0.46153846153846156,0.7346938775510204,0.6375545851528385,0.5363128491620112,0.4383561643835616,0.6906474820143885
1209,15,0.05,7,0.05,0.7,log2,0.7635026737967915,0.7232045063370365,0.7914383561643835,0.6658023624315759,0.65,0.5706666666666667,0.4692982456140351,0.7278911564625851,0.6593886462882096,0.569060773480663,0.4618834080717489,0.7410071942446043
1210,15,0.05,7,0.1,0.3,sqrt,0.6819518716577541,0.640688717716357,0.6733333333333333,0.6110630942091616,0.6,0.5422885572139303,0.42745098039215684,0.7414965986394558,0.6026200873362445,0.5159574468085106,0.4092827004219409,0.697841726618705
1211,15,0.05,7,0.1,0.3,log2,0.7044117647058824,0.6606293169608596,0.7069645203679369,0.6199942379717661,0.6108695652173913,0.5513784461152882,0.4365079365079365,0.7482993197278912,0.6157205240174672,0.5268817204301075,0.4206008583690987,0.7050359712230215
1212,15,0.05,7,0.1,0.4,sqrt,0.7064171122994652,0.6550424128180962,0.7202072538860104,0.6006914433880726,0.6217391304347826,0.5492227979274611,0.4435146443514644,0.7210884353741497,0.6331877729257642,0.5333333333333333,0.4343891402714932,0.6906474820143885
1213,15,0.05,7,0.1,0.4,log2,0.7053475935828877,0.6523659305993691,0.7208086441268735,0.595793719389225,0.6173913043478261,0.5440414507772021,0.4393305439330544,0.7142857142857143,0.62882096069869,0.5303867403314917,0.4304932735426009,0.6906474820143885
1214,15,0.05,7,0.1,0.5,sqrt,0.7157754010695188,0.657317859445519,0.7460665934870107,0.5874387784500144,0.6347826086956522,0.5555555555555556,0.45454545454545453,0.7142857142857143,0.6397379912663755,0.5378151260504201,0.44036697247706424,0.6906474820143885
1215,15,0.05,7,0.1,0.5,log2,0.7093582887700535,0.6530481966166614,0.7320214669051879,0.5894554883318929,0.6282608695652174,0.5558441558441558,0.4495798319327731,0.7278911564625851,0.6353711790393013,0.5348189415041783,0.43636363636363634,0.6906474820143885
1216,15,0.05,7,0.1,0.6,sqrt,0.6998663101604278,0.6553047750652541,0.7015121630506246,0.6148084125612215,0.6130434782608696,0.5505050505050505,0.43775100401606426,0.7414965986394558,0.6135371179039302,0.522911051212938,0.41810344827586204,0.697841726618705
1217,15,0.05,7,0.1,0.6,log2,0.693716577540107,0.6445306439100078,0.6983860121049092,0.5983866320944973,0.6173913043478261,0.5487179487179488,0.4403292181069959,0.7278911564625851,0.6244541484716157,0.5274725274725275,0.4266666666666667,0.6906474820143885
1218,15,0.05,7,0.1,0.7,sqrt,0.7338235294117647,0.6964476292117701,0.7396373056994818,0.6580236243157591,0.6260869565217392,0.5544041450777202,0.4476987447698745,0.7278911564625851,0.6200873362445415,0.5245901639344263,0.42290748898678415,0.6906474820143885
1219,15,0.05,7,0.1,0.7,log2,0.721524064171123,0.6667733162693968,0.7496402877697842,0.6004033419763757,0.6434782608695652,0.5661375661375662,0.46320346320346323,0.7278911564625851,0.6419213973799127,0.5393258426966292,0.4423963133640553,0.6906474820143885
1220,15,0.05,8,0.05,0.3,sqrt,0.7163101604278075,0.6566343042071198,0.748984865263935,0.5845577643330452,0.6391304347826087,0.5631578947368421,0.4592274678111588,0.7278911564625851,0.6419213973799127,0.5393258426966292,0.4423963133640553,0.6906474820143885
1221,15,0.05,8,0.05,0.3,log2,0.7245989304812834,0.6664507772020726,0.7608133086876155,0.5929127052722558,0.6391304347826087,0.5585106382978723,0.4585152838427948,0.7142857142857143,0.6441048034934498,0.5408450704225352,0.4444444444444444,0.6906474820143885
1222,15,0.05,8,0.05,0.4,sqrt,0.7247326203208556,0.6922732028097445,0.7192546583850932,0.6672428694900605,0.6173913043478261,0.5487179487179488,0.4403292181069959,0.7278911564625851,0.6441048034934498,0.5606469002695418,0.4482758620689655,0.7482014388489209
1223,15,0.05,8,0.05,0.4,log2,0.7294117647058823,0.6864931846344485,0.7423785594639866,0.6384327283203688,0.6391304347826087,0.5631578947368421,0.4592274678111588,0.7278911564625851,0.6331877729257642,0.5333333333333333,0.4343891402714932,0.6906474820143885
1224,15,0.05,8,0.05,0.5,sqrt,0.7295454545454545,0.6861132660977501,0.7434431741761937,0.6369922212618842,0.6217391304347826,0.5515463917525774,0.44398340248962653,0.7278911564625851,0.6375545851528385,0.5363128491620112,0.4383561643835616,0.6906474820143885
1225,15,0.05,8,0.05,0.5,log2,0.7495989304812835,0.7031225233792994,0.7815362931642001,0.6390089311437626,0.6478260869565218,0.5691489361702128,0.4672489082969432,0.7278911564625851,0.6419213973799127,0.5393258426966292,0.4423963133640553,0.6906474820143885
1226,15,0.05,8,0.05,0.6,sqrt,0.7398395721925134,0.6972619788425638,0.7578626986810957,0.6456352636127917,0.6326086956521739,0.5587467362924282,0.4533898305084746,0.7278911564625851,0.6572052401746725,0.5698630136986301,0.46017699115044247,0.7482014388489209
1227,15,0.05,8,0.05,0.6,log2,0.7328877005347594,0.6912855377008653,0.7454181939353549,0.644482857966004,0.6260869565217392,0.5544041450777202,0.4476987447698745,0.7278911564625851,0.6331877729257642,0.5333333333333333,0.4343891402714932,0.6906474820143885
1228,15,0.05,8,0.05,0.7,sqrt,0.7748663101604278,0.741955255899479,0.7924713584288052,0.6974935177182369,0.6434782608695652,0.5661375661375662,0.46320346320346323,0.7278911564625851,0.6331877729257642,0.5333333333333333,0.4343891402714932,0.6906474820143885
1229,15,0.05,8,0.05,0.7,log2,0.738903743315508,0.7080281058454179,0.7358607830950901,0.6822241428983002,0.6152173913043478,0.5473145780051151,0.4385245901639344,0.7278911564625851,0.6179039301310044,0.5257452574525745,0.4217391304347826,0.697841726618705
1230,15,0.05,8,0.1,0.3,sqrt,0.6435828877005347,0.6371801850843767,0.6038173845757029,0.6744454047824834,0.5413043478260869,0.5362637362637362,0.3961038961038961,0.8299319727891157,0.5218340611353712,0.4988558352402746,0.36577181208053694,0.7841726618705036
1231,15,0.05,8,0.1,0.3,log2,0.693716577540107,0.6536659108087679,0.6876590330788804,0.6228752520887353,0.6086956521739131,0.5566502463054187,0.4362934362934363,0.7687074829931972,0.5938864628820961,0.520618556701031,0.40562248995983935,0.7266187050359713
1232,15,0.05,8,0.1,0.4,sqrt,0.7152406417112299,0.6635071090047393,0.7345225603357818,0.6050129645635264,0.6282608695652174,0.5581395348837209,0.45,0.7346938775510204,0.62882096069869,0.5303867403314917,0.4304932735426009,0.6906474820143885
1233,15,0.05,8,0.1,0.4,log2,0.693716577540107,0.6502823996336438,0.6915584415584416,0.6136560069144339,0.6086956521739131,0.55,0.43478260869565216,0.7482993197278912,0.6069868995633187,0.5212765957446809,0.41350210970464135,0.7050359712230215
1234,15,0.05,8,0.1,0.5,sqrt,0.7124331550802139,0.6597057427622212,0.7315789473684211,0.6006914433880726,0.6282608695652174,0.5558441558441558,0.4495798319327731,0.7278911564625851,0.6353711790393013,0.5373961218836565,0.4369369369369369,0.697841726618705
1235,15,0.05,8,0.1,0.5,log2,0.7114973262032086,0.6543882126841768,0.7367472051929318,0.5885911840968021,0.6304347826086957,0.5526315789473685,0.45064377682403434,0.7142857142857143,0.6353711790393013,0.5348189415041783,0.43636363636363634,0.6906474820143885
1236,15,0.05,8,0.1,0.6,sqrt,0.7084224598930481,0.6578823529411765,0.7221074380165289,0.6041486603284356,0.6217391304347826,0.5515463917525774,0.44398340248962653,0.7278911564625851,0.62882096069869,0.5303867403314917,0.4304932735426009,0.6906474820143885
1237,15,0.05,8,0.1,0.6,log2,0.7127005347593582,0.6580747812251392,0.7348969438521677,0.595793719389225,0.6217391304347826,0.546875,0.4430379746835443,0.7142857142857143,0.6353711790393013,0.5348189415041783,0.43636363636363634,0.6906474820143885
1238,15,0.05,8,0.1,0.7,sqrt,0.7161764705882353,0.6643478260869565,0.7361597757533287,0.6053010659752233,0.6260869565217392,0.5544041450777202,0.4476987447698745,0.7278911564625851,0.6353711790393013,0.5348189415041783,0.43636363636363634,0.6906474820143885
1239,15,0.05,8,0.1,0.7,log2,0.7005347593582888,0.6619378207063085,0.6950871632329636,0.6318063958513397,0.6130434782608696,0.5594059405940595,0.4396887159533074,0.7687074829931972,0.5960698689956332,0.5194805194805194,0.4065040650406504,0.7194244604316546
1240,15,0.05,9,0.05,0.3,sqrt,0.7125668449197861,0.6602402022756005,0.7311865593279664,0.6018438490348603,0.6282608695652174,0.5558441558441558,0.4495798319327731,0.7278911564625851,0.6331877729257642,0.5333333333333333,0.4343891402714932,0.6906474820143885
1241,15,0.05,9,0.05,0.3,log2,0.7168449197860962,0.6617694027467262,0.7423862414905052,0.5969461250360126,0.6391304347826087,0.5631578947368421,0.4592274678111588,0.7278911564625851,0.6419213973799127,0.5418994413407822,0.4429223744292237,0.697841726618705
1242,15,0.05,9,0.05,0.4,sqrt,0.7155080213903743,0.6638230647709321,0.7348723329835607,0.6053010659752233,0.6260869565217392,0.5544041450777202,0.4476987447698745,0.7278911564625851,0.6353711790393013,0.5348189415041783,0.43636363636363634,0.6906474820143885
1243,15,0.05,9,0.05,0.4,log2,0.732620320855615,0.6861268047708726,0.7535332643915891,0.6297896859694613,0.6369565217391304,0.5616797900262467,0.45726495726495725,0.7278911564625851,0.6397379912663755,0.5378151260504201,0.44036697247706424,0.6906474820143885
1244,15,0.05,9,0.05,0.5,sqrt,0.7560160427807486,0.7184945241400587,0.7732403718459495,0.6709881878421204,0.6630434782608695,0.5974025974025974,0.4831932773109244,0.782312925170068,0.6419213973799127,0.5469613259668509,0.4439461883408072,0.7122302158273381
1245,15,0.05,9,0.05,0.5,log2,0.7495989304812835,0.7048069345941687,0.7780097425191371,0.6441947565543071,0.6652173913043479,0.5989583333333334,0.48523206751054854,0.782312925170068,0.6462882096069869,0.5449438202247191,0.4470046082949309,0.697841726618705
1246,15,0.05,9,0.05,0.6,sqrt,0.7596256684491979,0.7244022072348253,0.7739927939731411,0.6807836358398156,0.6543478260869565,0.5891472868217055,0.475,0.7755102040816326,0.6528384279475983,0.5643835616438356,0.4557522123893805,0.7410071942446043
1247,15,0.05,9,0.05,0.6,log2,0.7524064171122995,0.7179409077063661,0.761550888529887,0.6790550273696341,0.6347826086956522,0.5602094240837696,0.4553191489361702,0.7278911564625851,0.6331877729257642,0.5333333333333333,0.4343891402714932,0.6906474820143885
1248,15,0.05,9,0.05,0.7,sqrt,0.7727272727272727,0.7422680412371134,0.78336,0.7052722558340536,0.6543478260869565,0.5912596401028277,0.47520661157024796,0.782312925170068,0.648471615720524,0.5683646112600537,0.452991452991453,0.762589928057554
1249,15,0.05,9,0.05,0.7,log2,0.772192513368984,0.7441441441441441,0.7770460959548448,0.7139152981849611,0.658695652173913,0.596401028277635,0.4793388429752066,0.7891156462585034,0.6462882096069869,0.5645161290322581,0.45064377682403434,0.7553956834532374
1250,15,0.05,9,0.1,0.3,sqrt,0.6758021390374331,0.6547059661113485,0.647240990990991,0.6623451454912129,0.5782608695652174,0.5509259259259259,0.41754385964912283,0.8095238095238095,0.5611353711790393,0.513317191283293,0.38686131386861317,0.762589928057554
1251,15,0.05,9,0.1,0.3,log2,0.6954545454545454,0.6483482556344551,0.6983704689058863,0.6050129645635264,0.6086956521739131,0.5454545454545454,0.43373493975903615,0.7346938775510204,0.6135371179039302,0.522911051212938,0.41810344827586204,0.697841726618705
1252,15,0.05,9,0.1,0.4,sqrt,0.7053475935828877,0.6523659305993691,0.7208086441268735,0.595793719389225,0.6217391304347826,0.5515463917525774,0.44398340248962653,0.7278911564625851,0.62882096069869,0.5303867403314917,0.4304932735426009,0.6906474820143885
1253,15,0.05,9,0.1,0.4,log2,0.6741978609625668,0.6545712260807938,0.6442522321428571,0.6652261596081821,0.5717391304347826,0.5471264367816092,0.4131944444444444,0.8095238095238095,0.5567685589519651,0.5155131264916468,0.38571428571428573,0.7769784172661871
1254,15,0.05,9,0.1,0.5,sqrt,0.7189839572192513,0.6620578778135048,0.7489996362313569,0.5932008066839527,0.6369565217391304,0.5570291777188329,0.45652173913043476,0.7142857142857143,0.6419213973799127,0.5393258426966292,0.4423963133640553,0.6906474820143885
1255,15,0.05,9,0.1,0.5,log2,0.7135026737967914,0.6607566883014089,0.7333099086437105,0.6012676462114664,0.6260869565217392,0.5544041450777202,0.4476987447698745,0.7278911564625851,0.6353711790393013,0.5348189415041783,0.43636363636363634,0.6906474820143885
1256,15,0.05,9,0.1,0.6,sqrt,0.7090909090909091,0.6536134988857052,0.7303450729277837,0.5914721982137713,0.6239130434782608,0.5506493506493506,0.44537815126050423,0.7210884353741497,0.6353711790393013,0.5348189415041783,0.43636363636363634,0.6906474820143885
1257,15,0.05,9,0.1,0.6,log2,0.7068181818181818,0.6531709631504032,0.7240532959326789,0.5949294151541342,0.6304347826086957,0.5572916666666666,0.45147679324894513,0.7278911564625851,0.6331877729257642,0.5333333333333333,0.4343891402714932,0.6906474820143885
1258,15,0.05,9,0.1,0.7,sqrt,0.7176470588235294,0.6677155443675268,0.735528596187175,0.6113511956208585,0.6217391304347826,0.5538461538461539,0.4444444444444444,0.7346938775510204,0.6375545851528385,0.5439560439560439,0.44,0.7122302158273381
1259,15,0.05,9,0.1,0.7,log2,0.7065508021390374,0.6570848304952351,0.7177474402730375,0.6058772687986171,0.6217391304347826,0.5538461538461539,0.4444444444444444,0.7346938775510204,0.6179039301310044,0.5257452574525745,0.4217391304347826,0.697841726618705
1260,15,0.1,3,0.05,0.3,sqrt,0.7124331550802139,0.6602432475122414,0.7307692307692307,0.6021319504465572,0.6260869565217392,0.5544041450777202,0.4476987447698745,0.7278911564625851,0.6375545851528385,0.5363128491620112,0.4383561643835616,0.6906474820143885
1261,15,0.1,3,0.05,0.3,log2,0.7159090909090909,0.6646678238914313,0.7348220516399162,0.6067415730337079,0.6239130434782608,0.5575447570332481,0.44672131147540983,0.7414965986394558,0.62882096069869,0.532967032967033,0.4311111111111111,0.697841726618705
1262,15,0.1,3,0.05,0.4,sqrt,0.7324866310160428,0.690965250965251,0.7446737683089214,0.644482857966004,0.6413043478260869,0.5669291338582677,0.46153846153846156,0.7346938775510204,0.6266375545851528,0.5340599455040872,0.4298245614035088,0.7050359712230215
1263,15,0.1,3,0.05,0.4,log2,0.7096256684491978,0.6607310215557638,0.721596724667349,0.6093344857389801,0.6217391304347826,0.5515463917525774,0.44398340248962653,0.7278911564625851,0.62882096069869,0.5303867403314917,0.4304932735426009,0.6906474820143885
1264,15,0.1,3,0.05,0.5,sqrt,0.7393048128342246,0.6940696579855664,0.761970375473648,0.6372803226735811,0.6391304347826087,0.5631578947368421,0.4592274678111588,0.7278911564625851,0.6419213973799127,0.5393258426966292,0.4423963133640553,0.6906474820143885
1265,15,0.1,3,0.05,0.5,log2,0.7545454545454545,0.7175384615384616,0.7698910531528558,0.6718524920772112,0.6456521739130435,0.5699208443271768,0.46551724137931033,0.7346938775510204,0.6375545851528385,0.5439560439560439,0.44,0.7122302158273381
1266,15,0.1,3,0.05,0.6,sqrt,0.7413101604278075,0.6951315582164802,0.7670375521557719,0.6355517142033996,0.6434782608695652,0.5661375661375662,0.46320346320346323,0.7278911564625851,0.648471615720524,0.5439093484419264,0.4485981308411215,0.6906474820143885
1267,15,0.1,3,0.05,0.6,log2,0.7406417112299465,0.696875,0.7613519972686924,0.6424661480841256,0.6434782608695652,0.5661375661375662,0.46320346320346323,0.7278911564625851,0.6462882096069869,0.5423728813559322,0.44651162790697674,0.6906474820143885
1268,15,0.1,3,0.05,0.7,sqrt,0.7581550802139038,0.7215637986763122,0.7746199603436881,0.6753097090175741,0.6478260869565218,0.5668449197860963,0.4669603524229075,0.7210884353741497,0.6746724890829694,0.6005361930294906,0.47863247863247865,0.8057553956834532
1269,15,0.1,3,0.05,0.7,log2,0.7429144385026738,0.6993903392215101,0.764524948735475,0.644482857966004,0.6391304347826087,0.5608465608465608,0.4588744588744589,0.7210884353741497,0.6375545851528385,0.5363128491620112,0.4383561643835616,0.6906474820143885
1270,15,0.1,3,0.1,0.3,sqrt,0.6843582887700534,0.6432995920833963,0.6763024142312579,0.613367905502737,0.6043478260869565,0.542713567839196,0.4302788844621514,0.7346938775510204,0.6004366812227074,0.5145888594164456,0.40756302521008403,0.697841726618705
1271,15,0.1,3,0.1,0.3,log2,0.7038770053475936,0.6630153658907653,0.7024500322372663,0.6277729760875829,0.6152173913043478,0.5586034912718204,0.4409448818897638,0.7619047619047619,0.5895196506550219,0.5129533678756477,0.4008097165991903,0.7122302158273381
1272,15,0.1,3,0.1,0.4,sqrt,0.7161764705882353,0.6610250678588536,0.7414040114613181,0.5963699222126189,0.6369565217391304,0.5662337662337662,0.4579831932773109,0.7414965986394558,0.6331877729257642,0.5359116022099447,0.4349775784753363,0.697841726618705
1273,15,0.1,3,0.1,0.4,log2,0.7082887700534759,0.6592754528419738,0.7197408796454142,0.6081820800921924,0.6239130434782608,0.5575447570332481,0.44672131147540983,0.7414965986394558,0.6244541484716157,0.5300546448087432,0.42731277533039647,0.697841726618705
1274,15,0.1,3,0.1,0.5,sqrt,0.7159090909090909,0.6633929985743704,0.7368050668543279,0.6032843560933449,0.6239130434782608,0.5529715762273901,0.44583333333333336,0.7278911564625851,0.631004366812227,0.5318559556786704,0.43243243243243246,0.6906474820143885
1275,15,0.1,3,0.1,0.5,log2,0.713903743315508,0.6669779022720199,0.7252115059221658,0.6174013252664938,0.6239130434782608,0.5597964376590331,0.44715447154471544,0.7482993197278912,0.6200873362445415,0.5297297297297298,0.42424242424242425,0.7050359712230215
1276,15,0.1,3,0.1,0.6,sqrt,0.7144385026737968,0.6588949217502396,0.7391615908276603,0.5943532123307405,0.6304347826086957,0.5549738219895288,0.451063829787234,0.7210884353741497,0.6353711790393013,0.5348189415041783,0.43636363636363634,0.6906474820143885
1277,15,0.1,3,0.1,0.6,log2,0.7125668449197861,0.6581875993640699,0.7343029443064917,0.5963699222126189,0.6326086956521739,0.5587467362924282,0.4533898305084746,0.7278911564625851,0.6353711790393013,0.5348189415041783,0.43636363636363634,0.6906474820143885
1278,15,0.1,3,0.1,0.7,sqrt,0.7128342245989305,0.6582882596245625,0.7349911190053285,0.596081820800922,0.6239130434782608,0.5506493506493506,0.44537815126050423,0.7210884353741497,0.6353711790393013,0.5348189415041783,0.43636363636363634,0.6906474820143885
1279,15,0.1,3,0.1,0.7,log2,0.7010695187165775,0.6518218623481782,0.7092511013215859,0.602996254681648,0.6195652173913043,0.5524296675191815,0.4426229508196721,0.7346938775510204,0.6244541484716157,0.5274725274725275,0.4266666666666667,0.6906474820143885
1280,15,0.1,4,0.05,0.3,sqrt,0.7320855614973262,0.6842105263157895,0.7551304347826087,0.6254681647940075,0.6434782608695652,0.5661375661375662,0.46320346320346323,0.7278911564625851,0.6419213973799127,0.5393258426966292,0.4423963133640553,0.6906474820143885
1281,15,0.1,4,0.05,0.3,log2,0.7080213903743315,0.6573580169438343,0.7216672407853945,0.6035724575050417,0.6239130434782608,0.5506493506493506,0.44537815126050423,0.7210884353741497,0.6331877729257642,0.5333333333333333,0.4343891402714932,0.6906474820143885
1282,15,0.1,4,0.05,0.4,sqrt,0.7244652406417113,0.6827766661536093,0.7329808327825512,0.6390089311437626,0.6282608695652174,0.5558441558441558,0.4495798319327731,0.7278911564625851,0.62882096069869,0.5303867403314917,0.4304932735426009,0.6906474820143885
1283,15,0.1,4,0.05,0.4,log2,0.699331550802139,0.65394676104016,0.7017833553500661,0.6122154998559493,0.6130434782608696,0.5482233502538071,0.43724696356275305,0.7346938775510204,0.6200873362445415,0.5245901639344263,0.42290748898678415,0.6906474820143885
1284,15,0.1,4,0.05,0.5,sqrt,0.7446524064171123,0.7080403546316111,0.7541517421035493,0.6672428694900605,0.6282608695652174,0.5535248041775457,0.4491525423728814,0.7210884353741497,0.631004366812227,0.5318559556786704,0.43243243243243246,0.6906474820143885
1285,15,0.1,4,0.05,0.5,log2,0.7399732620320856,0.6921981326159202,0.7679073033707865,0.6300777873811582,0.6434782608695652,0.5661375661375662,0.46320346320346323,0.7278911564625851,0.6419213973799127,0.5393258426966292,0.4423963133640553,0.6906474820143885
1286,15,0.1,4,0.05,0.6,sqrt,0.7560160427807486,0.7167468570541673,0.7769179004037685,0.6652261596081821,0.6347826086956522,0.5602094240837696,0.4553191489361702,0.7278911564625851,0.6419213973799127,0.5393258426966292,0.4423963133640553,0.6906474820143885
1287,15,0.1,4,0.05,0.6,log2,0.7574866310160427,0.7304606240713224,0.7542190856090826,0.7081532699510228,0.6260869565217392,0.5544041450777202,0.4476987447698745,0.7278911564625851,0.6266375545851528,0.5315068493150685,0.42920353982300885,0.697841726618705
1288,15,0.1,4,0.05,0.7,sqrt,0.7606951871657754,0.729852097796559,0.7664025356576862,0.6966292134831461,0.6434782608695652,0.5706806282722513,0.46382978723404256,0.7414965986394558,0.6462882096069869,0.5645161290322581,0.45064377682403434,0.7553956834532374
1289,15,0.1,4,0.05,0.7,log2,0.7598930481283422,0.7219814241486068,0.7801940448310472,0.6718524920772112,0.6434782608695652,0.5661375661375662,0.46320346320346323,0.7278911564625851,0.6397379912663755,0.5378151260504201,0.44036697247706424,0.6906474820143885
1290,15,0.1,4,0.1,0.3,sqrt,0.6967914438502674,0.6525735294117647,0.6967615309126595,0.6136560069144339,0.6021739130434782,0.5413533834586466,0.42857142857142855,0.7346938775510204,0.6091703056768559,0.5201072386058981,0.41452991452991456,0.697841726618705
1291,15,0.1,4,0.1,0.3,log2,0.6720588235294118,0.6543609976046216,0.6403750689464975,0.668971477960242,0.5695652173913044,0.55,0.4129692832764505,0.8231292517006803,0.5567685589519651,0.517814726840855,0.38652482269503546,0.7841726618705036
1292,15,0.1,4,0.1,0.4,sqrt,0.7251336898395722,0.672923958001909,0.7513321492007105,0.6093344857389801,0.6391304347826087,0.5699481865284974,0.4602510460251046,0.7482993197278912,0.6244541484716157,0.532608695652174,0.4279475982532751,0.7050359712230215
1293,15,0.1,4,0.1,0.4,log2,0.7125668449197861,0.6556694426649584,0.7381896862603678,0.5897435897435898,0.6326086956521739,0.5587467362924282,0.4533898305084746,0.7278911564625851,0.6353711790393013,0.5348189415041783,0.43636363636363634,0.6906474820143885
1294,15,0.1,4,0.1,0.5,sqrt,0.733957219251337,0.6929012345679012,0.746095048188767,0.6467876692595794,0.6413043478260869,0.5864661654135338,0.4642857142857143,0.7959183673469388,0.6244541484716157,0.5425531914893617,0.43037974683544306,0.7338129496402878
1295,15,0.1,4,0.1,0.5,log2,0.721524064171123,0.6634351268379383,0.7553348050036792,0.5914721982137713,0.6347826086956522,0.5555555555555556,0.45454545454545453,0.7142857142857143,0.6419213973799127,0.5393258426966292,0.4423963133640553,0.6906474820143885
1296,15,0.1,4,0.1,0.6,sqrt,0.7254010695187165,0.6709388016661326,0.7556838686394803,0.6032843560933449,0.6391304347826087,0.5631578947368421,0.4592274678111588,0.7278911564625851,0.6353711790393013,0.5373961218836565,0.4369369369369369,0.697841726618705
1297,15,0.1,4,0.1,0.6,log2,0.7120320855614973,0.658745247148289,0.7317845828933475,0.5989628349178912,0.6260869565217392,0.5544041450777202,0.4476987447698745,0.7278911564625851,0.6375545851528385,0.5388888888888889,0.43891402714932126,0.697841726618705
1298,15,0.1,4,0.1,0.7,sqrt,0.7144385026737968,0.6607369758576874,0.736283185840708,0.599250936329588,0.6239130434782608,0.5506493506493506,0.44537815126050423,0.7210884353741497,0.6353711790393013,0.5348189415041783,0.43636363636363634,0.6906474820143885
1299,15,0.1,4,0.1,0.7,log2,0.720855614973262,0.6648475120385233,0.7506342877854295,0.5966580236243157,0.6434782608695652,0.5661375661375662,0.46320346320346323,0.7278911564625851,0.6441048034934498,0.5408450704225352,0.4444444444444444,0.6906474820143885
1300,15,0.1,5,0.05,0.3,sqrt,0.7159090909090909,0.6607057320772792,0.7410458452722063,0.596081820800922,0.6326086956521739,0.5587467362924282,0.4533898305084746,0.7278911564625851,0.6331877729257642,0.5333333333333333,0.4343891402714932,0.6906474820143885
1301,15,0.1,5,0.05,0.3,log2,0.7188502673796792,0.6641111643507427,0.7451612903225806,0.5989628349178912,0.6434782608695652,0.5661375661375662,0.46320346320346323,0.7278911564625851,0.6397379912663755,0.5378151260504201,0.44036697247706424,0.6906474820143885
1302,15,0.1,5,0.05,0.4,sqrt,0.7586898395721925,0.7231170424911796,0.7732939632545932,0.6790550273696341,0.6413043478260869,0.5691906005221932,0.461864406779661,0.7414965986394558,0.6375545851528385,0.5439560439560439,0.44,0.7122302158273381
1303,15,0.1,5,0.05,0.4,log2,0.7348930481283422,0.6936505484319481,0.7478347768154564,0.6467876692595794,0.6456521739130435,0.5721784776902887,0.4658119658119658,0.7414965986394558,0.6353711790393013,0.5399449035812672,0.4375,0.7050359712230215
1304,15,0.1,5,0.05,0.5,sqrt,0.7235294117647059,0.6809626658438753,0.7329790767186981,0.6358398156150965,0.6217391304347826,0.5492227979274611,0.4435146443514644,0.7210884353741497,0.6462882096069869,0.5597826086956522,0.4497816593886463,0.7410071942446043
1305,15,0.1,5,0.05,0.5,log2,0.7328877005347594,0.6862437185929648,0.754228512254056,0.6295015845577643,0.6326086956521739,0.5587467362924282,0.4533898305084746,0.7278911564625851,0.6441048034934498,0.5408450704225352,0.4444444444444444,0.6906474820143885
1306,15,0.1,5,0.05,0.6,sqrt,0.7470588235294118,0.7046518888541992,0.7689948892674616,0.6502448861999424,0.6391304347826087,0.5631578947368421,0.4592274678111588,0.7278911564625851,0.6331877729257642,0.5333333333333333,0.4343891402714932,0.6906474820143885
1307,15,0.1,5,0.05,0.6,log2,0.7608288770053476,0.7248115674511614,0.7775577557755775,0.6787669259579372,0.6456521739130435,0.5676392572944297,0.4652173913043478,0.7278911564625851,0.6528384279475983,0.5643835616438356,0.4557522123893805,0.7410071942446043
1308,15,0.1,5,0.05,0.7,sqrt,0.7454545454545455,0.7129071170084439,0.7478645998101866,0.6810717372515125,0.6239130434782608,0.5529715762273901,0.44583333333333336,0.7278911564625851,0.62882096069869,0.5380434782608695,0.43231441048034935,0.7122302158273381
1309,15,0.1,5,0.05,0.7,log2,0.7537433155080214,0.7209936382914268,0.7601405301820504,0.6856813598386632,0.6434782608695652,0.5661375661375662,0.46320346320346323,0.7278911564625851,0.6681222707423581,0.5913978494623656,0.4721030042918455,0.7913669064748201
1310,15,0.1,5,0.1,0.3,sqrt,0.7062834224598931,0.6589038969104176,0.7144781144781145,0.6113511956208585,0.6239130434782608,0.5552699228791774,0.4462809917355372,0.7346938775510204,0.6200873362445415,0.5297297297297298,0.42424242424242425,0.7050359712230215
1311,15,0.1,5,0.1,0.3,log2,0.6530748663101604,0.640033291718685,0.6171749598715891,0.6646499567847882,0.5478260869565217,0.5315315315315315,0.39730639730639733,0.8027210884353742,0.5480349344978166,0.5106382978723404,0.38028169014084506,0.7769784172661871
1312,15,0.1,5,0.1,0.4,sqrt,0.7120320855614973,0.6539203084832905,0.73919360697421,0.5862863728032267,0.6304347826086957,0.5549738219895288,0.451063829787234,0.7210884353741497,0.6397379912663755,0.5378151260504201,0.44036697247706424,0.6906474820143885
1313,15,0.1,5,0.1,0.4,log2,0.7247326203208556,0.6685981007564783,0.7574762946754194,0.5983866320944973,0.6391304347826087,0.5631578947368421,0.4592274678111588,0.7278911564625851,0.6419213973799127,0.5418994413407822,0.4429223744292237,0.697841726618705
1314,15,0.1,5,0.1,0.5,sqrt,0.7124331550802139,0.6568830754506301,0.7358827734095783,0.5932008066839527,0.6304347826086957,0.5549738219895288,0.451063829787234,0.7210884353741497,0.6353711790393013,0.5348189415041783,0.43636363636363634,0.6906474820143885
1315,15,0.1,5,0.1,0.5,log2,0.70975935828877,0.6591301617208353,0.7242926155969635,0.6047248631518295,0.6282608695652174,0.5558441558441558,0.4495798319327731,0.7278911564625851,0.6331877729257642,0.5359116022099447,0.4349775784753363,0.697841726618705
1316,15,0.1,5,0.1,0.6,sqrt,0.7113636363636363,0.6567021784067419,0.7327892122072391,0.5949294151541342,0.6282608695652174,0.5558441558441558,0.4495798319327731,0.7278911564625851,0.6353711790393013,0.5348189415041783,0.43636363636363634,0.6906474820143885
1317,15,0.1,5,0.1,0.6,log2,0.7132352941176471,0.658493870402802,0.7359430604982207,0.595793719389225,0.6217391304347826,0.546875,0.4430379746835443,0.7142857142857143,0.6353711790393013,0.5348189415041783,0.43636363636363634,0.6906474820143885
1318,15,0.1,5,0.1,0.7,sqrt,0.7415775401069519,0.6980159350101547,0.7624573378839591,0.6436185537309133,0.6413043478260869,0.5646437994722955,0.46120689655172414,0.7278911564625851,0.6353711790393013,0.5348189415041783,0.43636363636363634,0.6906474820143885
1319,15,0.1,5,0.1,0.7,log2,0.717379679144385,0.6640178003814368,0.7405175469691598,0.6018438490348603,0.6304347826086957,0.5572916666666666,0.45147679324894513,0.7278911564625851,0.631004366812227,0.5318559556786704,0.43243243243243246,0.6906474820143885
1320,15,0.1,6,0.05,0.3,sqrt,0.7348930481283422,0.689913995308835,0.7544459644322845,0.6355517142033996,0.6391304347826087,0.5631578947368421,0.4592274678111588,0.7278911564625851,0.6419213973799127,0.5418994413407822,0.4429223744292237,0.697841726618705
1321,15,0.1,6,0.05,0.3,log2,0.7282085561497326,0.6750839060252517,0.7580760947595119,0.6084701815038893,0.6434782608695652,0.5661375661375662,0.46320346320346323,0.7278911564625851,0.6419213973799127,0.5393258426966292,0.4423963133640553,0.6906474820143885
1322,15,0.1,6,0.05,0.4,sqrt,0.7290106951871658,0.6918047742131671,0.7324533161622666,0.6554307116104869,0.6217391304347826,0.5515463917525774,0.44398340248962653,0.7278911564625851,0.6222707423580786,0.5260273972602739,0.4247787610619469,0.6906474820143885
1323,15,0.1,6,0.05,0.4,log2,0.7072192513368984,0.6556603773584906,0.7217030114226376,0.6006914433880726,0.6217391304347826,0.5515463917525774,0.44398340248962653,0.7278911564625851,0.62882096069869,0.5303867403314917,0.4304932735426009,0.6906474820143885
1324,15,0.1,6,0.05,0.5,sqrt,0.7609625668449198,0.7280194706419227,0.7711891717692556,0.6894266781907231,0.6304347826086957,0.5663265306122449,0.4530612244897959,0.7551020408163265,0.6506550218340611,0.5721925133689839,0.4553191489361702,0.7697841726618705
1325,15,0.1,6,0.05,0.5,log2,0.7490641711229946,0.7078599221789883,0.7698036560595802,0.6551426101987899,0.6434782608695652,0.5661375661375662,0.46320346320346323,0.7278911564625851,0.6528384279475983,0.5643835616438356,0.4557522123893805,0.7410071942446043
1326,15,0.1,6,0.05,0.6,sqrt,0.7651069518716578,0.735670227170152,0.7698362720403022,0.7044079515989629,0.65,0.5861182519280206,0.47107438016528924,0.7755102040816326,0.6353711790393013,0.5546666666666666,0.4406779661016949,0.7482014388489209
1327,15,0.1,6,0.05,0.6,log2,0.7451871657754011,0.7037612682623562,0.7640904488693891,0.6522615960818208,0.6369565217391304,0.5616797900262467,0.45726495726495725,0.7278911564625851,0.6397379912663755,0.5403899721448467,0.4409090909090909,0.697841726618705
1328,15,0.1,6,0.05,0.7,sqrt,0.76524064171123,0.7309224639901931,0.7806873977086743,0.6871218668971478,0.6543478260869565,0.5891472868217055,0.475,0.7755102040816326,0.6441048034934498,0.5582655826558266,0.44782608695652176,0.7410071942446043
1329,15,0.1,6,0.05,0.7,log2,0.7593582887700535,0.7248547844695812,0.7720612178443503,0.683088447133391,0.6565217391304348,0.5927835051546392,0.47717842323651455,0.782312925170068,0.6550218340611353,0.5683060109289617,0.4581497797356828,0.7482014388489209
1330,15,0.1,6,0.1,0.3,sqrt,0.6922459893048128,0.6470407850352653,0.6915765322844969,0.6078939786804956,0.6021739130434782,0.5459057071960298,0.4296875,0.7482993197278912,0.6069868995633187,0.5238095238095238,0.41422594142259417,0.7122302158273381
1331,15,0.1,6,0.1,0.3,log2,0.6510695187165776,0.6371976647206005,0.6156325543916197,0.6603284356093345,0.5521739130434783,0.5381165919282511,0.4013377926421405,0.8163265306122449,0.5502183406113537,0.5141509433962265,0.3824561403508772,0.7841726618705036
1332,15,0.1,6,0.1,0.4,sqrt,0.7100267379679145,0.6686019862490451,0.7117761873780091,0.630365888792855,0.6152173913043478,0.5672371638141809,0.44274809160305345,0.7891156462585034,0.6135371179039302,0.5378590078328982,0.42213114754098363,0.7410071942446043
1333,15,0.1,6,0.1,0.4,log2,0.7062834224598931,0.6537431048069346,0.721642310368824,0.5975223278594065,0.6239130434782608,0.5506493506493506,0.44537815126050423,0.7210884353741497,0.6353711790393013,0.5348189415041783,0.43636363636363634,0.6906474820143885
1334,15,0.1,6,0.1,0.5,sqrt,0.7247326203208556,0.6678496531698661,0.7587976539589443,0.5963699222126189,0.6434782608695652,0.5661375661375662,0.46320346320346323,0.7278911564625851,0.6441048034934498,0.5408450704225352,0.4444444444444444,0.6906474820143885
1335,15,0.1,6,0.1,0.5,log2,0.7143048128342246,0.6562650796203957,0.7428987618353969,0.5877268798617113,0.6369565217391304,0.5593667546174143,0.45689655172413796,0.7210884353741497,0.6419213973799127,0.5393258426966292,0.4423963133640553,0.6906474820143885
1336,15,0.1,6,0.1,0.6,sqrt,0.759090909090909,0.7312052505966588,0.7581193937519332,0.7061365600691444,0.6521739130434783,0.6059113300492611,0.4749034749034749,0.8367346938775511,0.6375545851528385,0.5699481865284974,0.44534412955465585,0.7913669064748201
1337,15,0.1,6,0.1,0.6,log2,0.7324866310160428,0.6781405822744089,0.7676620538965768,0.6073177758571017,0.6478260869565218,0.5714285714285714,0.4675324675324675,0.7346938775510204,0.6441048034934498,0.5434173669467787,0.44495412844036697,0.697841726618705
1338,15,0.1,6,0.1,0.7,sqrt,0.7090909090909091,0.6550412175015853,0.7282340500528728,0.5952175165658312,0.6369565217391304,0.5616797900262467,0.45726495726495725,0.7278911564625851,0.6441048034934498,0.5408450704225352,0.4444444444444444,0.6906474820143885
1339,15,0.1,6,0.1,0.7,log2,0.732620320855615,0.6790757381258024,0.7663889894965592,0.6096225871506771,0.65,0.5774278215223098,0.4700854700854701,0.7482993197278912,0.6462882096069869,0.5449438202247191,0.4470046082949309,0.697841726618705
1340,15,0.1,7,0.05,0.3,sqrt,0.7102941176470589,0.6599717558449709,0.7246726395589249,0.6058772687986171,0.6260869565217392,0.5544041450777202,0.4476987447698745,0.7278911564625851,0.6353711790393013,0.5348189415041783,0.43636363636363634,0.6906474820143885
1341,15,0.1,7,0.05,0.3,log2,0.7304812834224599,0.6720884840598569,0.7717594322002241,0.5952175165658312,0.6478260869565218,0.5691489361702128,0.4672489082969432,0.7278911564625851,0.6462882096069869,0.5423728813559322,0.44651162790697674,0.6906474820143885
1342,15,0.1,7,0.05,0.4,sqrt,0.7002673796791444,0.6511048863990041,0.7079526226734348,0.602708153269951,0.6130434782608696,0.5459183673469388,0.43673469387755104,0.7278911564625851,0.6222707423580786,0.5260273972602739,0.4247787610619469,0.6906474820143885
1343,15,0.1,7,0.05,0.4,log2,0.7421122994652406,0.7110977984124607,0.7404865876481597,0.6839527513684817,0.6304347826086957,0.575,0.45454545454545453,0.782312925170068,0.6200873362445415,0.5396825396825397,0.42677824267782427,0.7338129496402878
1344,15,0.1,7,0.05,0.5,sqrt,0.7318181818181818,0.6864645201625508,0.7502562350529552,0.6326707000864304,0.6413043478260869,0.5623342175066313,0.4608695652173913,0.7210884353741497,0.6419213973799127,0.5393258426966292,0.4423963133640553,0.6906474820143885
1345,15,0.1,7,0.05,0.5,log2,0.7398395721925134,0.69238065128043,0.7670753064798599,0.6309420916162489,0.6413043478260869,0.5623342175066313,0.4608695652173913,0.7210884353741497,0.6441048034934498,0.5408450704225352,0.4444444444444444,0.6906474820143885
1346,15,0.1,7,0.05,0.6,sqrt,0.7286096256684492,0.693631150015092,0.7283676703645008,0.662057044079516,0.6347826086956522,0.5602094240837696,0.4553191489361702,0.7278911564625851,0.6266375545851528,0.5289256198347108,0.42857142857142855,0.6906474820143885
1347,15,0.1,7,0.05,0.6,log2,0.7502673796791444,0.7121725731895223,0.7654852600198742,0.6658023624315759,0.6347826086956522,0.5602094240837696,0.4553191489361702,0.7278911564625851,0.648471615720524,0.5613079019073569,0.4517543859649123,0.7410071942446043
1348,15,0.1,7,0.05,0.7,sqrt,0.7756684491978609,0.7452944748026715,0.7876162977221688,0.707288965715932,0.6413043478260869,0.5623342175066313,0.4608695652173913,0.7210884353741497,0.6703056768558951,0.5929919137466307,0.47413793103448276,0.7913669064748201
1349,15,0.1,7,0.05,0.7,log2,0.7589572192513369,0.7166430928807166,0.7883817427385892,0.6568712186689715,0.6434782608695652,0.5661375661375662,0.46320346320346323,0.7278911564625851,0.6550218340611353,0.5659340659340659,0.4577777777777778,0.7410071942446043
1350,15,0.1,7,0.1,0.3,sqrt,0.7025401069518716,0.6525066375136654,0.7124829467939973,0.6018438490348603,0.6086956521739131,0.5384615384615384,0.43209876543209874,0.7142857142857143,0.62882096069869,0.532967032967033,0.4311111111111111,0.697841726618705
1351,15,0.1,7,0.1,0.3,log2,0.6491978609625668,0.6455969746083198,0.6076786168319349,0.6885623739556324,0.5413043478260869,0.5362637362637362,0.3961038961038961,0.8299319727891157,0.5262008733624454,0.5011494252873563,0.36824324324324326,0.7841726618705036
1352,15,0.1,7,0.1,0.4,sqrt,0.6915775401069518,0.6507191521574565,0.6857051691129546,0.6191299337366754,0.6065217391304348,0.5486284289276808,0.4330708661417323,0.7482993197278912,0.6026200873362445,0.5185185185185185,0.4100418410041841,0.7050359712230215
1353,15,0.1,7,0.1,0.4,log2,0.7106951871657754,0.6565079365079365,0.7310003534817957,0.595793719389225,0.6195652173913043,0.5454545454545454,0.4411764705882353,0.7142857142857143,0.6353711790393013,0.5348189415041783,0.43636363636363634,0.6906474820143885
1354,15,0.1,7,0.1,0.5,sqrt,0.7118983957219251,0.657447146717533,0.7333333333333333,0.595793719389225,0.6217391304347826,0.546875,0.4430379746835443,0.7142857142857143,0.6353711790393013,0.5348189415041783,0.43636363636363634,0.6906474820143885
1355,15,0.1,7,0.1,0.5,log2,0.7089572192513369,0.6568951930654058,0.7251217814892137,0.6004033419763757,0.6260869565217392,0.5544041450777202,0.4476987447698745,0.7278911564625851,0.6375545851528385,0.5388888888888889,0.43891402714932126,0.697841726618705
1356,15,0.1,7,0.1,0.6,sqrt,0.7274064171122995,0.6720283094740228,0.7607428987618354,0.6018438490348603,0.6434782608695652,0.5661375661375662,0.46320346320346323,0.7278911564625851,0.6441048034934498,0.5408450704225352,0.4444444444444444,0.6906474820143885
1357,15,0.1,7,0.1,0.6,log2,0.722860962566845,0.6626525630593979,0.7614061331338818,0.5865744742149237,0.6434782608695652,0.5661375661375662,0.46320346320346323,0.7278911564625851,0.6462882096069869,0.5423728813559322,0.44651162790697674,0.6906474820143885
1358,15,0.1,7,0.1,0.7,sqrt,0.7336898395721925,0.6808715155398911,0.7668711656441718,0.6122154998559493,0.6521739130434783,0.5767195767195767,0.47186147186147187,0.7414965986394558,0.6462882096069869,0.547486033519553,0.4474885844748858,0.7050359712230215
1359,15,0.1,7,0.1,0.7,log2,0.7188502673796792,0.6619514547500401,0.7487272727272727,0.5932008066839527,0.6369565217391304,0.5593667546174143,0.45689655172413796,0.7210884353741497,0.6375545851528385,0.5363128491620112,0.4383561643835616,0.6906474820143885
1360,15,0.1,8,0.05,0.3,sqrt,0.7147058823529412,0.6649921507064365,0.7305967575025871,0.6101987899740708,0.6260869565217392,0.5544041450777202,0.4476987447698745,0.7278911564625851,0.6353711790393013,0.5348189415041783,0.43636363636363634,0.6906474820143885
1361,15,0.1,8,0.05,0.3,log2,0.717379679144385,0.6678189817724701,0.7345316280677497,0.6122154998559493,0.6347826086956522,0.5625,0.45569620253164556,0.7346938775510204,0.631004366812227,0.5344352617079889,0.4330357142857143,0.697841726618705
1362,15,0.1,8,0.05,0.4,sqrt,0.7368983957219252,0.6828875281985176,0.7747714808043875,0.6104868913857678,0.65,0.5729442970822282,0.46956521739130436,0.7346938775510204,0.648471615720524,0.5464788732394367,0.44907407407407407,0.697841726618705
1363,15,0.1,8,0.05,0.4,log2,0.7216577540106952,0.6799877036581617,0.728830313014827,0.6372803226735811,0.6217391304347826,0.5515463917525774,0.44398340248962653,0.7278911564625851,0.62882096069869,0.5303867403314917,0.4304932735426009,0.6906474820143885
1364,15,0.1,8,0.05,0.5,sqrt,0.7540106951871658,0.7158739962940086,0.7713810316139768,0.6678190723134544,0.6413043478260869,0.5646437994722955,0.46120689655172414,0.7278911564625851,0.6375545851528385,0.5388888888888889,0.43891402714932126,0.697841726618705
1365,15,0.1,8,0.05,0.5,log2,0.7197860962566844,0.6649616368286445,0.7468581687612208,0.599250936329588,0.6391304347826087,0.5631578947368421,0.4592274678111588,0.7278911564625851,0.6375545851528385,0.5363128491620112,0.4383561643835616,0.6906474820143885
1366,15,0.1,8,0.05,0.6,sqrt,0.7401069518716578,0.6912325285895807,0.7702654867256638,0.6269086718524921,0.6434782608695652,0.5661375661375662,0.46320346320346323,0.7278911564625851,0.6462882096069869,0.5423728813559322,0.44651162790697674,0.6906474820143885
1367,15,0.1,8,0.05,0.6,log2,0.7407754010695187,0.6976454077654763,0.7603670972127804,0.644482857966004,0.6434782608695652,0.5706806282722513,0.46382978723404256,0.7414965986394558,0.6397379912663755,0.5429362880886427,0.44144144144144143,0.7050359712230215
1368,15,0.1,8,0.05,0.7,sqrt,0.7502673796791444,0.7208607292289301,0.7488357652902825,0.6949006050129646,0.6391304347826087,0.5631578947368421,0.4592274678111588,0.7278911564625851,0.6550218340611353,0.572972972972973,0.4588744588744589,0.762589928057554
1369,15,0.1,8,0.05,0.7,log2,0.7656417112299465,0.7328151196463953,0.7779935275080906,0.6925957937193892,0.65,0.575197889182058,0.4698275862068966,0.7414965986394558,0.6419213973799127,0.5494505494505495,0.4444444444444444,0.7194244604316546
1370,15,0.1,8,0.1,0.3,sqrt,0.698663101604278,0.6604398915335945,0.6921376697189769,0.6315182944396428,0.6130434782608696,0.5637254901960784,0.44061302681992337,0.782312925170068,0.5938864628820961,0.520618556701031,0.40562248995983935,0.7266187050359713
1371,15,0.1,8,0.1,0.3,log2,0.6830213903743315,0.6463832960477256,0.6700680272108843,0.6243157591472198,0.5934782608695652,0.5472154963680388,0.424812030075188,0.7687074829931972,0.5960698689956332,0.5219638242894057,0.40725806451612906,0.7266187050359713
1372,15,0.1,8,0.1,0.4,sqrt,0.703475935828877,0.6509285489455461,0.7173083593479015,0.595793719389225,0.6195652173913043,0.5454545454545454,0.4411764705882353,0.7142857142857143,0.6331877729257642,0.5333333333333333,0.4343891402714932,0.6906474820143885
1373,15,0.1,8,0.1,0.4,log2,0.7125668449197861,0.6679023787457522,0.71994671994672,0.6228752520887353,0.6369565217391304,0.5793450881612091,0.46,0.782312925170068,0.6157205240174672,0.5368421052631579,0.42323651452282157,0.7338129496402878
1374,15,0.1,8,0.1,0.5,sqrt,0.7073529411764706,0.6505985634477255,0.7294201861130994,0.5871506770383175,0.6326086956521739,0.5587467362924282,0.4533898305084746,0.7278911564625851,0.6375545851528385,0.5363128491620112,0.4383561643835616,0.6906474820143885
1375,15,0.1,8,0.1,0.5,log2,0.7153743315508021,0.6573314018992436,0.7447118891320205,0.5883030826851051,0.6369565217391304,0.5593667546174143,0.45689655172413796,0.7210884353741497,0.6441048034934498,0.5408450704225352,0.4444444444444444,0.6906474820143885
1376,15,0.1,8,0.1,0.6,sqrt,0.7125668449197861,0.6578612348822406,0.7348027017419125,0.5955056179775281,0.6326086956521739,0.5587467362924282,0.4533898305084746,0.7278911564625851,0.6353711790393013,0.5348189415041783,0.43636363636363634,0.6906474820143885
1377,15,0.1,8,0.1,0.6,log2,0.705614973262032,0.6527909176915799,0.7210031347962382,0.5963699222126189,0.6217391304347826,0.5515463917525774,0.44398340248962653,0.7278911564625851,0.62882096069869,0.5303867403314917,0.4304932735426009,0.6906474820143885
1378,15,0.1,8,0.1,0.7,sqrt,0.7266042780748663,0.6712747146760971,0.7592727272727273,0.6015557476231633,0.6434782608695652,0.5661375661375662,0.46320346320346323,0.7278911564625851,0.6462882096069869,0.5423728813559322,0.44651162790697674,0.6906474820143885
1379,15,0.1,8,0.1,0.7,log2,0.7207219251336898,0.6645254536695038,0.7507256894049347,0.596081820800922,0.6391304347826087,0.5608465608465608,0.4588744588744589,0.7210884353741497,0.6441048034934498,0.5408450704225352,0.4444444444444444,0.6906474820143885
1380,15,0.1,9,0.05,0.3,sqrt,0.7135026737967914,0.6607566883014089,0.7333099086437105,0.6012676462114664,0.6260869565217392,0.5544041450777202,0.4476987447698745,0.7278911564625851,0.6353711790393013,0.5348189415041783,0.43636363636363634,0.6906474820143885
1381,15,0.1,9,0.05,0.3,log2,0.7192513368983957,0.662379421221865,0.7493634048744998,0.5934889080956497,0.6434782608695652,0.5661375661375662,0.46320346320346323,0.7278911564625851,0.6441048034934498,0.5408450704225352,0.4444444444444444,0.6906474820143885
1382,15,0.1,9,0.05,0.4,sqrt,0.7494652406417113,0.7107131830811979,0.7655470568673096,0.6632094497263037,0.6413043478260869,0.5646437994722955,0.46120689655172414,0.7278911564625851,0.6353711790393013,0.5348189415041783,0.43636363636363634,0.6906474820143885
1383,15,0.1,9,0.05,0.4,log2,0.7156417112299466,0.6663529411764706,0.731404958677686,0.6119273984442524,0.6304347826086957,0.5572916666666666,0.45147679324894513,0.7278911564625851,0.6331877729257642,0.5359116022099447,0.4349775784753363,0.697841726618705
1384,15,0.1,9,0.05,0.5,sqrt,0.7461229946524064,0.7010861010546199,0.7727272727272727,0.6416018438490348,0.6456521739130435,0.5676392572944297,0.4652173913043478,0.7278911564625851,0.6419213973799127,0.5393258426966292,0.4423963133640553,0.6906474820143885
1385,15,0.1,9,0.05,0.5,log2,0.7401069518716578,0.6938582677165355,0.7651962486974644,0.6346874099683089,0.6434782608695652,0.5661375661375662,0.46320346320346323,0.7278911564625851,0.648471615720524,0.5490196078431373,0.44954128440366975,0.7050359712230215
1386,15,0.1,9,0.05,0.6,sqrt,0.7368983957219252,0.7065314643602744,0.7323029366306028,0.6825122443099971,0.6217391304347826,0.5515463917525774,0.44398340248962653,0.7278911564625851,0.6637554585152838,0.5882352941176471,0.46808510638297873,0.7913669064748201
1387,15,0.1,9,0.05,0.6,log2,0.7536096256684492,0.7109019607843138,0.7803030303030303,0.6528377989052147,0.6456521739130435,0.5676392572944297,0.4652173913043478,0.7278911564625851,0.6353711790393013,0.5348189415041783,0.43636363636363634,0.6906474820143885
1388,15,0.1,9,0.05,0.7,sqrt,0.7704545454545455,0.7394141751403855,0.7812700449005773,0.7018150388936906,0.6565217391304348,0.5927835051546392,0.47717842323651455,0.782312925170068,0.6506550218340611,0.5652173913043478,0.45414847161572053,0.7482014388489209
1389,15,0.1,9,0.05,0.7,log2,0.7446524064171123,0.7023067331670823,0.7650254668930391,0.6490924805531547,0.6434782608695652,0.5661375661375662,0.46320346320346323,0.7278911564625851,0.6768558951965066,0.5978260869565217,0.48034934497816595,0.7913669064748201
1390,15,0.1,9,0.1,0.3,sqrt,0.7052139037433155,0.6580865250426423,0.712558764271323,0.6113511956208585,0.6130434782608696,0.5505050505050505,0.43775100401606426,0.7414965986394558,0.6135371179039302,0.522911051212938,0.41810344827586204,0.697841726618705
1391,15,0.1,9,0.1,0.3,log2,0.6977272727272728,0.6498373857828713,0.7026121902210315,0.6044367617401325,0.6130434782608696,0.5505050505050505,0.43775100401606426,0.7414965986394558,0.6244541484716157,0.532608695652174,0.4279475982532751,0.7050359712230215
1392,15,0.1,9,0.1,0.4,sqrt,0.7102941176470589,0.6634570585494642,0.7196765498652291,0.6153846153846154,0.6173913043478261,0.5510204081632653,0.44081632653061226,0.7346938775510204,0.6222707423580786,0.5286103542234333,0.42543859649122806,0.697841726618705
1393,15,0.1,9,0.1,0.4,log2,0.6644385026737968,0.6442743764172335,0.6340306834030683,0.6548545087870931,0.5608695652173913,0.5409090909090909,0.4061433447098976,0.8095238095238095,0.5567685589519651,0.5155131264916468,0.38571428571428573,0.7769784172661871
1394,15,0.1,9,0.1,0.5,sqrt,0.711764705882353,0.6575603557814486,0.7327433628318584,0.5963699222126189,0.6239130434782608,0.5506493506493506,0.44537815126050423,0.7210884353741497,0.6353711790393013,0.5348189415041783,0.43636363636363634,0.6906474820143885
1395,15,0.1,9,0.1,0.5,log2,0.7065508021390374,0.6518636003172086,0.7251235003528581,0.592048401037165,0.6260869565217392,0.5544041450777202,0.4476987447698745,0.7278911564625851,0.6375545851528385,0.5388888888888889,0.43891402714932126,0.697841726618705
1396,15,0.1,9,0.1,0.6,sqrt,0.717379679144385,0.6658235852039204,0.7376532399299475,0.6067415730337079,0.6260869565217392,0.5544041450777202,0.4476987447698745,0.7278911564625851,0.6353711790393013,0.5348189415041783,0.43636363636363634,0.6906474820143885
1397,15,0.1,9,0.1,0.6,log2,0.7343582887700535,0.6796711268740931,0.7715959004392386,0.6073177758571017,0.6434782608695652,0.5684210526315789,0.463519313304721,0.7346938775510204,0.6397379912663755,0.5403899721448467,0.4409090909090909,0.697841726618705
1398,15,0.1,9,0.1,0.7,sqrt,0.7462566844919786,0.7025078369905956,0.7703678239944999,0.6456352636127917,0.6565217391304348,0.5885416666666666,0.4767932489451477,0.7687074829931972,0.6572052401746725,0.5674931129476584,0.45982142857142855,0.7410071942446043
1399,15,0.1,9,0.1,0.7,log2,0.7009358288770053,0.6556872402647376,0.7038995373430271,0.6136560069144339,0.6195652173913043,0.5524296675191815,0.4426229508196721,0.7346938775510204,0.6135371179039302,0.522911051212938,0.41810344827586204,0.697841726618705
1400,15,0.15,3,0.05,0.3,sqrt,0.7098930481283422,0.6567541917114837,0.7281655559452823,0.5980985306828004,0.6239130434782608,0.5506493506493506,0.44537815126050423,0.7210884353741497,0.6331877729257642,0.5333333333333333,0.4343891402714932,0.6906474820143885
1401,15,0.15,3,0.05,0.3,log2,0.7159090909090909,0.6660380323746661,0.7327109266943291,0.6104868913857678,0.6239130434782608,0.5529715762273901,0.44583333333333336,0.7278911564625851,0.6375545851528385,0.5388888888888889,0.43891402714932126,0.697841726618705
1402,15,0.15,3,0.05,0.4,sqrt,0.7276737967914438,0.6789598108747045,0.7494780793319415,0.6205704407951599,0.6326086956521739,0.5564304461942258,0.452991452991453,0.7210884353741497,0.6353711790393013,0.5348189415041783,0.43636363636363634,0.6906474820143885
1403,15,0.15,3,0.05,0.4,log2,0.7229946524064171,0.6715282181357007,0.7465632710609799,0.6101987899740708,0.6347826086956522,0.5602094240837696,0.4553191489361702,0.7278911564625851,0.6353711790393013,0.5348189415041783,0.43636363636363634,0.6906474820143885
1404,15,0.15,3,0.05,0.5,sqrt,0.7160427807486631,0.6640303701360329,0.7362329007365837,0.6047248631518295,0.6326086956521739,0.5587467362924282,0.4533898305084746,0.7278911564625851,0.6397379912663755,0.5403899721448467,0.4409090909090909,0.697841726618705
1405,15,0.15,3,0.05,0.5,log2,0.7262032085561497,0.6770734783979817,0.7478230581678857,0.6185537309132815,0.6391304347826087,0.5743589743589743,0.4609053497942387,0.7619047619047619,0.6331877729257642,0.5384615384615384,0.43555555555555553,0.7050359712230215
1406,15,0.15,3,0.05,0.6,sqrt,0.7505347593582887,0.7141544117647058,0.7625122669283612,0.6715643906655142,0.6478260869565218,0.5824742268041238,0.46887966804979253,0.7687074829931972,0.6506550218340611,0.5628415300546448,0.45374449339207046,0.7410071942446043
1407,15,0.15,3,0.05,0.6,log2,0.7259358288770054,0.6679624230644639,0.7628560858305586,0.5940651109190435,0.6478260869565218,0.5691489361702128,0.4672489082969432,0.7278911564625851,0.6462882096069869,0.5423728813559322,0.44651162790697674,0.6906474820143885
1408,15,0.15,3,0.05,0.7,sqrt,0.739572192513369,0.692938209331652,0.7650539505743126,0.6332469029098242,0.6456521739130435,0.5699208443271768,0.46551724137931033,0.7346938775510204,0.6462882096069869,0.547486033519553,0.4474885844748858,0.7050359712230215
1409,15,0.15,3,0.05,0.7,log2,0.7140374331550802,0.6683206698712979,0.7236400268636669,0.6208585422068568,0.6152173913043478,0.5473145780051151,0.4385245901639344,0.7278911564625851,0.62882096069869,0.532967032967033,0.4311111111111111,0.697841726618705
1410,15,0.15,3,0.1,0.3,sqrt,0.7002673796791444,0.6583358732093874,0.6988029763830476,0.6222990492653414,0.6086956521739131,0.55,0.43478260869565216,0.7482993197278912,0.6091703056768559,0.5251989389920424,0.41596638655462187,0.7122302158273381
1411,15,0.15,3,0.1,0.3,log2,0.6844919786096256,0.6705750977107761,0.6504197129704847,0.6920195908959954,0.5673913043478261,0.5466970387243736,0.410958904109589,0.8163265306122449,0.5545851528384279,0.5142857142857142,0.38434163701067614,0.7769784172661871
1412,15,0.15,3,0.1,0.4,sqrt,0.7002673796791444,0.6486994672516453,0.7110958433527997,0.5963699222126189,0.6173913043478261,0.5487179487179488,0.4403292181069959,0.7278911564625851,0.631004366812227,0.5344352617079889,0.4330357142857143,0.697841726618705
1413,15,0.15,3,0.1,0.4,log2,0.66524064171123,0.645727221279004,0.6344175701973868,0.6574474214923653,0.5717391304347826,0.5491990846681922,0.41379310344827586,0.8163265306122449,0.5589519650655022,0.5190476190476191,0.3879003558718861,0.7841726618705036
1414,15,0.15,3,0.1,0.5,sqrt,0.7082887700534759,0.6567023285084959,0.7233968804159445,0.6012676462114664,0.6239130434782608,0.5529715762273901,0.44583333333333336,0.7278911564625851,0.6375545851528385,0.5388888888888889,0.43891402714932126,0.697841726618705
1415,15,0.15,3,0.1,0.5,log2,0.7189839572192513,0.6643244969658256,0.7452525976352562,0.599250936329588,0.6326086956521739,0.5564304461942258,0.452991452991453,0.7210884353741497,0.6397379912663755,0.5378151260504201,0.44036697247706424,0.6906474820143885
1416,15,0.15,3,0.1,0.6,sqrt,0.7128342245989305,0.6582882596245625,0.7349911190053285,0.596081820800922,0.6260869565217392,0.5544041450777202,0.4476987447698745,0.7278911564625851,0.6353711790393013,0.5348189415041783,0.43636363636363634,0.6906474820143885
1417,15,0.15,3,0.1,0.6,log2,0.7262032085561497,0.6746107403876708,0.7520368402408785,0.6116392970325555,0.6326086956521739,0.5655526992287918,0.45454545454545453,0.7482993197278912,0.62882096069869,0.5380434782608695,0.43231441048034935,0.7122302158273381
1418,15,0.15,3,0.1,0.7,sqrt,0.7407754010695187,0.6917819106660308,0.7716312056737589,0.6269086718524921,0.6456521739130435,0.5676392572944297,0.4652173913043478,0.7278911564625851,0.648471615720524,0.5464788732394367,0.44907407407407407,0.697841726618705
1419,15,0.15,3,0.1,0.7,log2,0.7164438502673797,0.6637069922308546,0.7380112834978844,0.602996254681648,0.6260869565217392,0.5544041450777202,0.4476987447698745,0.7278911564625851,0.6353711790393013,0.5348189415041783,0.43636363636363634,0.6906474820143885
1420,15,0.15,4,0.05,0.3,sqrt,0.7264705882352941,0.6696803358088472,0.7616599338964377,0.5975223278594065,0.6413043478260869,0.5646437994722955,0.46120689655172414,0.7278911564625851,0.6397379912663755,0.5378151260504201,0.44036697247706424,0.6906474820143885
1421,15,0.15,4,0.05,0.3,log2,0.7136363636363636,0.6593511450381679,0.7358892438764644,0.5972342264477096,0.6239130434782608,0.5506493506493506,0.44537815126050423,0.7210884353741497,0.6353711790393013,0.5348189415041783,0.43636363636363634,0.6906474820143885
1422,15,0.15,4,0.05,0.4,sqrt,0.7068181818181818,0.6555677713208733,0.7206491712707183,0.6012676462114664,0.6260869565217392,0.5544041450777202,0.4476987447698745,0.7278911564625851,0.631004366812227,0.5318559556786704,0.43243243243243246,0.6906474820143885
1423,15,0.15,4,0.05,0.4,log2,0.7252673796791443,0.6669907632474478,0.7622222222222222,0.5929127052722558,0.6434782608695652,0.5661375661375662,0.46320346320346323,0.7278911564625851,0.6441048034934498,0.5408450704225352,0.4444444444444444,0.6906474820143885
1424,15,0.15,4,0.05,0.5,sqrt,0.7295454545454545,0.6743924030259134,0.7640408460977389,0.6035724575050417,0.6413043478260869,0.5646437994722955,0.46120689655172414,0.7278911564625851,0.6419213973799127,0.5393258426966292,0.4423963133640553,0.6906474820143885
1425,15,0.15,4,0.05,0.5,log2,0.7212566844919787,0.6652753250923101,0.751269035532995,0.5969461250360126,0.6391304347826087,0.5631578947368421,0.4592274678111588,0.7278911564625851,0.6375545851528385,0.5363128491620112,0.4383561643835616,0.6906474820143885
1426,15,0.15,4,0.05,0.6,sqrt,0.7243315508021391,0.6648244473342002,0.762775083923909,0.5891673869201959,0.6413043478260869,0.5623342175066313,0.4608695652173913,0.7210884353741497,0.6462882096069869,0.5423728813559322,0.44651162790697674,0.6906474820143885
1427,15,0.15,4,0.05,0.6,log2,0.7506684491978609,0.7090937451255654,0.7731292517006803,0.6548545087870931,0.6434782608695652,0.5661375661375662,0.46320346320346323,0.7278911564625851,0.6550218340611353,0.5659340659340659,0.4577777777777778,0.7410071942446043
1428,15,0.15,4,0.05,0.7,sqrt,0.7520053475935828,0.7157959246208059,0.7643979057591623,0.6730048977239989,0.6369565217391304,0.5662337662337662,0.4579831932773109,0.7414965986394558,0.6441048034934498,0.5630026809651475,0.44871794871794873,0.7553956834532374
1429,15,0.15,4,0.05,0.7,log2,0.7394385026737967,0.6873094817904701,0.775524981897176,0.6171132238547969,0.658695652173913,0.5922077922077922,0.4789915966386555,0.7755102040816326,0.6615720524017468,0.5706371191135734,0.46396396396396394,0.7410071942446043
1430,15,0.15,4,0.1,0.3,sqrt,0.7010695187165775,0.6551511412708205,0.7049452373050116,0.6119273984442524,0.6065217391304348,0.5440806045340051,0.432,0.7346938775510204,0.6135371179039302,0.5254691689008043,0.4188034188034188,0.7050359712230215
1431,15,0.15,4,0.1,0.3,log2,0.6409090909090909,0.6316511245200219,0.6027218005757655,0.6634975511380006,0.5304347826086957,0.5242290748898678,0.38762214983713356,0.8095238095238095,0.537117903930131,0.5046728971962616,0.3737024221453287,0.7769784172661871
1432,15,0.15,4,0.1,0.4,sqrt,0.7114973262032086,0.6571337782014617,0.732554020545519,0.595793719389225,0.6217391304347826,0.546875,0.4430379746835443,0.7142857142857143,0.6353711790393013,0.5348189415041783,0.43636363636363634,0.6906474820143885
1433,15,0.15,4,0.1,0.4,log2,0.6700534759358289,0.6530784368850154,0.6376612681855613,0.6692595793719389,0.5673913043478261,0.5487528344671202,0.41156462585034015,0.8231292517006803,0.5524017467248908,0.5153664302600472,0.38380281690140844,0.7841726618705036
1434,15,0.15,4,0.1,0.5,sqrt,0.7175133689839572,0.6583670169765562,0.7501842299189388,0.5865744742149237,0.6369565217391304,0.5570291777188329,0.45652173913043476,0.7142857142857143,0.6441048034934498,0.5408450704225352,0.4444444444444444,0.6906474820143885
1435,15,0.15,4,0.1,0.5,log2,0.7231283422459893,0.6692221689825907,0.7508960573476703,0.6035724575050417,0.6369565217391304,0.5639686684073107,0.4576271186440678,0.7346938775510204,0.6244541484716157,0.532608695652174,0.4279475982532751,0.7050359712230215
1436,15,0.15,4,0.1,0.6,sqrt,0.7133689839572193,0.658707418019739,0.736036997509783,0.596081820800922,0.6239130434782608,0.5506493506493506,0.44537815126050423,0.7210884353741497,0.6353711790393013,0.5348189415041783,0.43636363636363634,0.6906474820143885
1437,15,0.15,4,0.1,0.6,log2,0.7057486631016042,0.6519057409457536,0.7226507713884993,0.5937770095073466,0.6239130434782608,0.5483028720626631,0.4449152542372881,0.7142857142857143,0.62882096069869,0.5303867403314917,0.4304932735426009,0.6906474820143885
1438,15,0.15,4,0.1,0.7,sqrt,0.7445187165775401,0.6968110423607806,0.7754237288135594,0.6326707000864304,0.6478260869565218,0.5691489361702128,0.4672489082969432,0.7278911564625851,0.648471615720524,0.5439093484419264,0.4485981308411215,0.6906474820143885
1439,15,0.15,4,0.1,0.7,log2,0.7421122994652406,0.6978856695379796,0.7645847632120796,0.6418899452607317,0.6413043478260869,0.578005115089514,0.46311475409836067,0.7687074829931972,0.6506550218340611,0.5628415300546448,0.45374449339207046,0.7410071942446043
1440,15,0.15,5,0.05,0.3,sqrt,0.718716577540107,0.6779920416284053,0.7231472412667319,0.6381446269086718,0.6173913043478261,0.5643564356435643,0.44357976653696496,0.7755102040816326,0.6244541484716157,0.5425531914893617,0.43037974683544306,0.7338129496402878
1441,15,0.15,5,0.05,0.3,log2,0.711764705882353,0.6595072646873026,0.7298147500873821,0.6015557476231633,0.6239130434782608,0.5529715762273901,0.44583333333333336,0.7278911564625851,0.6375545851528385,0.5388888888888889,0.43891402714932126,0.697841726618705
1442,15,0.15,5,0.05,0.4,sqrt,0.7308823529411764,0.6777653273571315,0.7626080691642652,0.609910688562374,0.6434782608695652,0.5661375661375662,0.46320346320346323,0.7278911564625851,0.6441048034934498,0.5408450704225352,0.4444444444444444,0.6906474820143885
1443,15,0.15,5,0.05,0.4,log2,0.7299465240641712,0.6776252792850304,0.7595706618962433,0.6116392970325555,0.6434782608695652,0.5661375661375662,0.46320346320346323,0.7278911564625851,0.6397379912663755,0.5378151260504201,0.44036697247706424,0.6906474820143885
1444,15,0.15,5,0.05,0.5,sqrt,0.7177807486631016,0.6666666666666666,0.7375960866526904,0.6081820800921924,0.6260869565217392,0.5544041450777202,0.4476987447698745,0.7278911564625851,0.6331877729257642,0.5333333333333333,0.4343891402714932,0.6906474820143885
1445,15,0.15,5,0.05,0.5,log2,0.7292780748663101,0.6690635724791633,0.773036253776435,0.5897435897435898,0.6434782608695652,0.5661375661375662,0.46320346320346323,0.7278911564625851,0.648471615720524,0.5439093484419264,0.4485981308411215,0.6906474820143885
1446,15,0.15,5,0.05,0.6,sqrt,0.7422459893048128,0.700341933478396,0.7603779952750591,0.6490924805531547,0.6282608695652174,0.5558441558441558,0.4495798319327731,0.7278911564625851,0.6266375545851528,0.5289256198347108,0.42857142857142855,0.6906474820143885
1447,15,0.15,5,0.05,0.6,log2,0.7614973262032085,0.7228953091022057,0.784293899561847,0.6704119850187266,0.6652173913043479,0.5989583333333334,0.48523206751054854,0.782312925170068,0.6550218340611353,0.5706521739130435,0.4585152838427948,0.7553956834532374
1448,15,0.15,5,0.05,0.7,sqrt,0.7454545454545455,0.7001574803149606,0.7721431052448767,0.6404494382022472,0.6456521739130435,0.5676392572944297,0.4652173913043478,0.7278911564625851,0.6397379912663755,0.5378151260504201,0.44036697247706424,0.6906474820143885
1449,15,0.15,5,0.05,0.7,log2,0.7618983957219251,0.7247720599598207,0.7816666666666666,0.6755978104292711,0.658695652173913,0.5900783289817232,0.4788135593220339,0.7687074829931972,0.6397379912663755,0.5403899721448467,0.4409090909090909,0.697841726618705
1450,15,0.15,5,0.1,0.3,sqrt,0.682620320855615,0.6382200548613227,0.6774506632157877,0.6032843560933449,0.6021739130434782,0.5413533834586466,0.42857142857142855,0.7346938775510204,0.6048034934497817,0.5173333333333333,0.4110169491525424,0.697841726618705
1451,15,0.15,5,0.1,0.3,log2,0.6970588235294117,0.6537286063569682,0.6960624796615685,0.6162489196197062,0.6086956521739131,0.55,0.43478260869565216,0.7482993197278912,0.6179039301310044,0.5333333333333333,0.423728813559322,0.7194244604316546
1452,15,0.15,5,0.1,0.4,sqrt,0.6878342245989305,0.6374786523831704,0.6912457912457912,0.5914721982137713,0.6065217391304348,0.5417721518987342,0.4314516129032258,0.7278911564625851,0.6179039301310044,0.5231607629427792,0.42105263157894735,0.6906474820143885
1453,15,0.15,5,0.1,0.4,log2,0.6691176470588235,0.6523388116308471,0.6365131578947368,0.668971477960242,0.5608695652173913,0.5429864253393665,0.4067796610169492,0.8163265306122449,0.5589519650655022,0.5190476190476191,0.3879003558718861,0.7841726618705036
1454,15,0.15,5,0.1,0.5,sqrt,0.7058823529411765,0.6548478192657672,0.7189114708921805,0.6012676462114664,0.6217391304347826,0.5515463917525774,0.44398340248962653,0.7278911564625851,0.62882096069869,0.5303867403314917,0.4304932735426009,0.6906474820143885
1455,15,0.15,5,0.1,0.5,log2,0.7201871657754011,0.6624737945492662,0.7523809523809524,0.5917602996254682,0.6413043478260869,0.5646437994722955,0.46120689655172414,0.7278911564625851,0.6462882096069869,0.5423728813559322,0.44651162790697674,0.6906474820143885
1456,15,0.15,5,0.1,0.6,sqrt,0.7114973262032086,0.655161393416427,0.7355579476139218,0.5906078939786805,0.6260869565217392,0.5520833333333334,0.4472573839662447,0.7210884353741497,0.6353711790393013,0.5348189415041783,0.43636363636363634,0.6906474820143885
1457,15,0.15,5,0.1,0.6,log2,0.7132352941176471,0.655421686746988,0.7407407407407407,0.5877268798617113,0.6304347826086957,0.5549738219895288,0.451063829787234,0.7210884353741497,0.6353711790393013,0.5348189415041783,0.43636363636363634,0.6906474820143885
1458,15,0.15,5,0.1,0.7,sqrt,0.7143048128342246,0.6644685193907992,0.7301587301587301,0.6096225871506771,0.6260869565217392,0.5544041450777202,0.4476987447698745,0.7278911564625851,0.6397379912663755,0.5403899721448467,0.4409090909090909,0.697841726618705
1459,15,0.15,5,0.1,0.7,log2,0.7276737967914438,0.6716105110430437,0.7624450951683748,0.6001152405646788,0.6434782608695652,0.5661375661375662,0.46320346320346323,0.7278911564625851,0.6419213973799127,0.5393258426966292,0.4423963133640553,0.6906474820143885
1460,15,0.15,6,0.05,0.3,sqrt,0.7271390374331551,0.6747410358565737,0.7549928673323824,0.609910688562374,0.65,0.5818181818181818,0.47058823529411764,0.7619047619047619,0.6331877729257642,0.5384615384615384,0.43555555555555553,0.7050359712230215
1461,15,0.15,6,0.05,0.3,log2,0.7252673796791443,0.6771406127258445,0.7446440912232205,0.6208585422068568,0.6282608695652174,0.5648854961832062,0.45121951219512196,0.7551020408163265,0.6419213973799127,0.5494505494505495,0.4444444444444444,0.7194244604316546
1462,15,0.15,6,0.05,0.4,sqrt,0.7270053475935829,0.6744260204081632,0.7550874687611567,0.6093344857389801,0.6347826086956522,0.5602094240837696,0.4553191489361702,0.7278911564625851,0.6397379912663755,0.5378151260504201,0.44036697247706424,0.6906474820143885
1463,15,0.15,6,0.05,0.4,log2,0.7033422459893048,0.6569794404081002,0.7088058705803869,0.6122154998559493,0.6239130434782608,0.5575447570332481,0.44672131147540983,0.7414965986394558,0.6200873362445415,0.5271739130434783,0.42358078602620086,0.697841726618705
1464,15,0.15,6,0.05,0.5,sqrt,0.7296791443850268,0.6736604260813428,0.7658715596330276,0.6012676462114664,0.6434782608695652,0.5661375661375662,0.46320346320346323,0.7278911564625851,0.6462882096069869,0.5423728813559322,0.44651162790697674,0.6906474820143885
1465,15,0.15,6,0.05,0.5,log2,0.7566844919786097,0.7198275862068966,0.7728925619834711,0.6735811005473927,0.6478260869565218,0.5736842105263158,0.4678111587982833,0.7414965986394558,0.6331877729257642,0.5384615384615384,0.43555555555555553,0.7050359712230215
1466,15,0.15,6,0.05,0.6,sqrt,0.7312834224598931,0.6762242268041238,0.7668980635732554,0.6047248631518295,0.6434782608695652,0.5661375661375662,0.46320346320346323,0.7278911564625851,0.6462882096069869,0.5423728813559322,0.44651162790697674,0.6906474820143885
1467,15,0.15,6,0.05,0.6,log2,0.7307486631016042,0.6799109980928163,0.7582417582417582,0.6162489196197062,0.6434782608695652,0.5661375661375662,0.46320346320346323,0.7278911564625851,0.6375545851528385,0.5363128491620112,0.4383561643835616,0.6906474820143885
1468,15,0.15,6,0.05,0.7,sqrt,0.7447860962566845,0.7013921476615048,0.7672826830937713,0.6459233650244887,0.658695652173913,0.5922077922077922,0.4789915966386555,0.7755102040816326,0.6441048034934498,0.5459610027855153,0.44545454545454544,0.7050359712230215
1469,15,0.15,6,0.05,0.7,log2,0.7340909090909091,0.6798647996137132,0.7702407002188184,0.6084701815038893,0.6456521739130435,0.5676392572944297,0.4652173913043478,0.7278911564625851,0.6441048034934498,0.5408450704225352,0.4444444444444444,0.6906474820143885
1470,15,0.15,6,0.1,0.3,sqrt,0.6578877005347593,0.6454205348482749,0.6217298451681794,0.6709881878421204,0.5543478260869565,0.5393258426966292,0.40268456375838924,0.8163265306122449,0.5524017467248908,0.5153664302600472,0.38380281690140844,0.7841726618705036
1471,15,0.15,6,0.1,0.3,log2,0.6700534759358289,0.6483328583642063,0.6413870876797293,0.6554307116104869,0.5630434782608695,0.540045766590389,0.4068965517241379,0.8027210884353742,0.5633187772925764,0.5192307692307693,0.3898916967509025,0.7769784172661871
1472,15,0.15,6,0.1,0.4,sqrt,0.7077540106951872,0.6542233470420753,0.725359522974395,0.595793719389225,0.6217391304347826,0.5492227979274611,0.4435146443514644,0.7210884353741497,0.62882096069869,0.5303867403314917,0.4304932735426009,0.6906474820143885
1473,15,0.15,6,0.1,0.4,log2,0.7157754010695188,0.6669799498746867,0.7308616546515619,0.613367905502737,0.6282608695652174,0.5581395348837209,0.45,0.7346938775510204,0.6222707423580786,0.5286103542234333,0.42543859649122806,0.697841726618705
1474,15,0.15,6,0.1,0.5,sqrt,0.7224598930481283,0.6645119586296057,0.7567169672432831,0.592336502448862,0.6326086956521739,0.5564304461942258,0.452991452991453,0.7210884353741497,0.6419213973799127,0.5393258426966292,0.4423963133640553,0.6906474820143885
1475,15,0.15,6,0.1,0.5,log2,0.7209893048128342,0.6618052179549506,0.7562962962962962,0.5883030826851051,0.6413043478260869,0.5623342175066313,0.4608695652173913,0.7210884353741497,0.6441048034934498,0.5408450704225352,0.4444444444444444,0.6906474820143885
1476,15,0.15,6,0.1,0.6,sqrt,0.7225935828877005,0.6712090001584535,0.745774647887324,0.6101987899740708,0.6391304347826087,0.5631578947368421,0.4592274678111588,0.7278911564625851,0.6331877729257642,0.5333333333333333,0.4343891402714932,0.6906474820143885
1477,15,0.15,6,0.1,0.6,log2,0.718716577540107,0.6618450658952105,0.7484551072337332,0.5932008066839527,0.6347826086956522,0.5555555555555556,0.45454545454545453,0.7142857142857143,0.6375545851528385,0.5363128491620112,0.4383561643835616,0.6906474820143885
1478,15,0.15,6,0.1,0.7,sqrt,0.7124331550802139,0.658950372601871,0.732722143864598,0.5986747335061942,0.6260869565217392,0.5544041450777202,0.4476987447698745,0.7278911564625851,0.6353711790393013,0.5348189415041783,0.43636363636363634,0.6906474820143885
1479,15,0.15,6,0.1,0.7,log2,0.7176470588235294,0.667610953729934,0.7356919875130072,0.6110630942091616,0.6195652173913043,0.5501285347043702,0.44214876033057854,0.7278911564625851,0.6375545851528385,0.5388888888888889,0.43891402714932126,0.697841726618705
1480,15,0.15,7,0.05,0.3,sqrt,0.7109625668449198,0.6583438685208597,0.7290864543227161,0.6001152405646788,0.6304347826086957,0.5526315789473685,0.45064377682403434,0.7142857142857143,0.6331877729257642,0.5333333333333333,0.4343891402714932,0.6906474820143885
1481,15,0.15,7,0.05,0.3,log2,0.671524064171123,0.6534066864155734,0.6401326699834162,0.6672428694900605,0.5717391304347826,0.5491990846681922,0.41379310344827586,0.8163265306122449,0.5545851528384279,0.5142857142857142,0.38434163701067614,0.7769784172661871
1482,15,0.15,7,0.05,0.4,sqrt,0.721524064171123,0.665488999518227,0.7518142235123367,0.5969461250360126,0.6391304347826087,0.5631578947368421,0.4592274678111588,0.7278911564625851,0.6397379912663755,0.5378151260504201,0.44036697247706424,0.6906474820143885
1483,15,0.15,7,0.05,0.4,log2,0.7290106951871658,0.6808376633601008,0.7506944444444444,0.6228752520887353,0.6391304347826087,0.5677083333333334,0.459915611814346,0.7414965986394558,0.62882096069869,0.532967032967033,0.4311111111111111,0.697841726618705
1484,15,0.15,7,0.05,0.5,sqrt,0.7340909090909091,0.6827245174669007,0.7648320228734811,0.6165370210314031,0.6434782608695652,0.5661375661375662,0.46320346320346323,0.7278911564625851,0.6441048034934498,0.5408450704225352,0.4444444444444444,0.6906474820143885
1485,15,0.15,7,0.05,0.5,log2,0.7352941176470589,0.6956655395019982,0.7456342668863262,0.6519734946701239,0.6326086956521739,0.561038961038961,0.453781512605042,0.7346938775510204,0.6528384279475983,0.5643835616438356,0.4557522123893805,0.7410071942446043
1486,15,0.15,7,0.05,0.6,sqrt,0.7462566844919786,0.7092524509803921,0.7572783774942754,0.6669547680783636,0.6347826086956522,0.5625,0.45569620253164556,0.7346938775510204,0.6353711790393013,0.5399449035812672,0.4375,0.7050359712230215
1487,15,0.15,7,0.05,0.6,log2,0.7449197860962566,0.6974310180780209,0.7756613756613756,0.6335350043215212,0.6434782608695652,0.5661375661375662,0.46320346320346323,0.7278911564625851,0.6462882096069869,0.5423728813559322,0.44651162790697674,0.6906474820143885
1488,15,0.15,7,0.05,0.7,sqrt,0.7355614973262032,0.6844288449266114,0.7668930997497319,0.6179775280898876,0.6434782608695652,0.5661375661375662,0.46320346320346323,0.7278911564625851,0.6397379912663755,0.5378151260504201,0.44036697247706424,0.6906474820143885
1489,15,0.15,7,0.05,0.7,log2,0.7466577540106952,0.7063381373004805,0.7642521797451375,0.6565831172572746,0.6391304347826087,0.5608465608465608,0.4588744588744589,0.7210884353741497,0.6353711790393013,0.5348189415041783,0.43636363636363634,0.6906474820143885
1490,15,0.15,7,0.1,0.3,sqrt,0.6840909090909091,0.6785471364440212,0.6427835051546392,0.7185249207721118,0.5739130434782609,0.5644444444444444,0.41914191419141916,0.8639455782312925,0.5480349344978166,0.5284738041002278,0.38666666666666666,0.8345323741007195
1491,15,0.15,7,0.1,0.3,log2,0.6581550802139038,0.6483289781323064,0.6202631578947368,0.6790550273696341,0.5456521739130434,0.5365853658536586,0.3980263157894737,0.8231292517006803,0.5414847161572053,0.5093457943925234,0.3771626297577855,0.7841726618705036
1492,15,0.15,7,0.1,0.4,sqrt,0.7144385026737968,0.6642565231059415,0.7308889657557939,0.6087582829155863,0.6239130434782608,0.5575447570332481,0.44672131147540983,0.7414965986394558,0.62882096069869,0.5355191256830601,0.43171806167400884,0.7050359712230215
1493,15,0.15,7,0.1,0.4,log2,0.7046791443850268,0.6519615566409327,0.7194019471488178,0.596081820800922,0.6173913043478261,0.5440414507772021,0.4393305439330544,0.7142857142857143,0.62882096069869,0.5303867403314917,0.4304932735426009,0.6906474820143885
1494,15,0.15,7,0.1,0.5,sqrt,0.725668449197861,0.6712592117910926,0.7560447491880188,0.6035724575050417,0.6434782608695652,0.5684210526315789,0.463519313304721,0.7346938775510204,0.6397379912663755,0.5403899721448467,0.4409090909090909,0.697841726618705
1495,15,0.15,7,0.1,0.5,log2,0.7216577540106952,0.6627793974732751,0.7569367369589345,0.5894554883318929,0.6413043478260869,0.5623342175066313,0.4608695652173913,0.7210884353741497,0.6375545851528385,0.5363128491620112,0.4383561643835616,0.6906474820143885
1496,15,0.15,7,0.1,0.6,sqrt,0.7127005347593582,0.6587263776401461,0.7338995046001415,0.5975223278594065,0.6260869565217392,0.5544041450777202,0.4476987447698745,0.7278911564625851,0.6353711790393013,0.5348189415041783,0.43636363636363634,0.6906474820143885
1497,15,0.15,7,0.1,0.6,log2,0.7127005347593582,0.6587263776401461,0.7338995046001415,0.5975223278594065,0.6260869565217392,0.5544041450777202,0.4476987447698745,0.7278911564625851,0.6266375545851528,0.5315068493150685,0.42920353982300885,0.697841726618705
1498,15,0.15,7,0.1,0.7,sqrt,0.738903743315508,0.7011476664116297,0.7477154046997389,0.6600403341976375,0.6369565217391304,0.581453634085213,0.4603174603174603,0.7891156462585034,0.6244541484716157,0.5425531914893617,0.43037974683544306,0.7338129496402878
1499,15,0.15,7,0.1,0.7,log2,0.7159090909090909,0.6638190159784845,0.736140350877193,0.6044367617401325,0.6326086956521739,0.5587467362924282,0.4533898305084746,0.7278911564625851,0.6353711790393013,0.5348189415041783,0.43636363636363634,0.6906474820143885
1500,15,0.15,8,0.05,0.3,sqrt,0.7061497326203209,0.6580584940883634,0.7152519445383835,0.6093344857389801,0.6217391304347826,0.5515463917525774,0.44398340248962653,0.7278911564625851,0.62882096069869,0.5303867403314917,0.4304932735426009,0.6906474820143885
1501,15,0.15,8,0.05,0.3,log2,0.7244652406417113,0.6807126258714175,0.7362600536193029,0.6329588014981273,0.6326086956521739,0.5785536159600998,0.4566929133858268,0.7891156462585034,0.6266375545851528,0.5488126649076517,0.43333333333333335,0.7482014388489209
1502,15,0.15,8,0.05,0.4,sqrt,0.7295454545454545,0.6752287686627066,0.7625090645395214,0.6058772687986171,0.6434782608695652,0.5661375661375662,0.46320346320346323,0.7278911564625851,0.6397379912663755,0.5378151260504201,0.44036697247706424,0.6906474820143885
1503,15,0.15,8,0.05,0.4,log2,0.7402406417112299,0.6906543544021653,0.7718861209964413,0.6248919619706137,0.6652173913043479,0.5989583333333334,0.48523206751054854,0.782312925170068,0.665938864628821,0.5785123966942148,0.46875,0.7553956834532374
1504,15,0.15,8,0.05,0.5,sqrt,0.7391711229946524,0.6892817327599936,0.7706552706552706,0.623451454912129,0.6434782608695652,0.5638297872340425,0.462882096069869,0.7210884353741497,0.6462882096069869,0.5423728813559322,0.44651162790697674,0.6906474820143885
1505,15,0.15,8,0.05,0.5,log2,0.743716577540107,0.695375814396949,0.7753366406803686,0.630365888792855,0.6478260869565218,0.5691489361702128,0.4672489082969432,0.7278911564625851,0.6550218340611353,0.5511363636363636,0.45539906103286387,0.697841726618705
1506,15,0.15,8,0.05,0.6,sqrt,0.7455882352941177,0.6968296957145133,0.7794012829650748,0.6300777873811582,0.6478260869565218,0.5691489361702128,0.4672489082969432,0.7278911564625851,0.648471615720524,0.5439093484419264,0.4485981308411215,0.6906474820143885
1507,15,0.15,8,0.05,0.6,log2,0.710427807486631,0.6605015673981192,0.7243038844963905,0.6070296744454048,0.6217391304347826,0.5515463917525774,0.44398340248962653,0.7278911564625851,0.62882096069869,0.5303867403314917,0.4304932735426009,0.6906474820143885
1508,15,0.15,8,0.05,0.7,sqrt,0.7216577540106952,0.6666666666666666,0.7502702702702703,0.5998271391529818,0.6304347826086957,0.5549738219895288,0.451063829787234,0.7210884353741497,0.6331877729257642,0.5333333333333333,0.4343891402714932,0.6906474820143885
1509,15,0.15,8,0.05,0.7,log2,0.7522727272727273,0.7104235036724488,0.7762978142076503,0.6548545087870931,0.6434782608695652,0.5661375661375662,0.46320346320346323,0.7278911564625851,0.6441048034934498,0.5408450704225352,0.4444444444444444,0.6906474820143885
1510,15,0.15,8,0.1,0.3,sqrt,0.6839572192513369,0.6431159420289855,0.6755470980019029,0.6136560069144339,0.5978260869565217,0.5454545454545454,0.4269230769230769,0.7551020408163265,0.5873362445414847,0.5116279069767442,0.39919354838709675,0.7122302158273381
1511,15,0.15,8,0.1,0.3,log2,0.6600267379679144,0.6497727585731993,0.6224274406332454,0.679631230193028,0.5478260869565217,0.5377777777777778,0.39933993399339934,0.8231292517006803,0.5414847161572053,0.5093457943925234,0.3771626297577855,0.7841726618705036
1512,15,0.15,8,0.1,0.4,sqrt,0.7050802139037433,0.6569206842923795,0.7137546468401487,0.6084701815038893,0.6239130434782608,0.5575447570332481,0.44672131147540983,0.7414965986394558,0.6091703056768559,0.5226666666666666,0.4152542372881356,0.7050359712230215
1513,15,0.15,8,0.1,0.4,log2,0.718716577540107,0.6618450658952105,0.7484551072337332,0.5932008066839527,0.6369565217391304,0.5662337662337662,0.4579831932773109,0.7414965986394558,0.648471615720524,0.554016620498615,0.45045045045045046,0.7194244604316546
1514,15,0.15,8,0.1,0.5,sqrt,0.7127005347593582,0.6580747812251392,0.7348969438521677,0.595793719389225,0.6217391304347826,0.546875,0.4430379746835443,0.7142857142857143,0.6353711790393013,0.5348189415041783,0.43636363636363634,0.6906474820143885
1515,15,0.15,8,0.1,0.5,log2,0.7106951871657754,0.6565079365079365,0.7310003534817957,0.595793719389225,0.6239130434782608,0.5506493506493506,0.44537815126050423,0.7210884353741497,0.6353711790393013,0.5348189415041783,0.43636363636363634,0.6906474820143885
1516,15,0.15,8,0.1,0.6,sqrt,0.7141711229946524,0.6577009285943004,0.7401801801801802,0.5917602996254682,0.6326086956521739,0.5587467362924282,0.4533898305084746,0.7278911564625851,0.6375545851528385,0.5363128491620112,0.4383561643835616,0.6906474820143885
1517,15,0.15,8,0.1,0.6,log2,0.7220588235294118,0.6625547800681707,0.7587360594795539,0.5880149812734082,0.6434782608695652,0.5661375661375662,0.46320346320346323,0.7278911564625851,0.648471615720524,0.5439093484419264,0.4485981308411215,0.6906474820143885
1518,15,0.15,8,0.1,0.7,sqrt,0.7072192513368984,0.6582397003745318,0.7180796731358529,0.6076058772687987,0.6195652173913043,0.5478036175710594,0.44166666666666665,0.7210884353741497,0.62882096069869,0.5303867403314917,0.4304932735426009,0.6906474820143885
1519,15,0.15,8,0.1,0.7,log2,0.7219251336898396,0.6612377850162866,0.760584488572499,0.5848458657447422,0.6434782608695652,0.5661375661375662,0.46320346320346323,0.7278911564625851,0.6441048034934498,0.5408450704225352,0.4444444444444444,0.6906474820143885
1520,15,0.15,9,0.05,0.3,sqrt,0.7122994652406417,0.6640649391195754,0.7247018739352641,0.6127917026793431,0.6239130434782608,0.5552699228791774,0.4462809917355372,0.7346938775510204,0.62882096069869,0.532967032967033,0.4311111111111111,0.697841726618705
1521,15,0.15,9,0.05,0.3,log2,0.6782085561497326,0.6576589389844972,0.6494382022471911,0.6660904638432729,0.5760869565217391,0.5517241379310345,0.4166666666666667,0.8163265306122449,0.5633187772925764,0.5192307692307693,0.3898916967509025,0.7769784172661871
1522,15,0.15,9,0.05,0.4,sqrt,0.7216577540106952,0.6705696202531646,0.7437697437697438,0.6104868913857678,0.6326086956521739,0.5587467362924282,0.4533898305084746,0.7278911564625851,0.6441048034934498,0.5434173669467787,0.44495412844036697,0.697841726618705
1523,15,0.15,9,0.05,0.4,log2,0.7266042780748663,0.6676418007476028,0.7658463832960477,0.5917602996254682,0.6434782608695652,0.5638297872340425,0.462882096069869,0.7210884353741497,0.648471615720524,0.5439093484419264,0.4485981308411215,0.6906474820143885
1524,15,0.15,9,0.05,0.5,sqrt,0.7287433155080214,0.6736368023162297,0.7625637290604516,0.6032843560933449,0.6413043478260869,0.5623342175066313,0.4608695652173913,0.7210884353741497,0.6441048034934498,0.5408450704225352,0.4444444444444444,0.6906474820143885
1525,15,0.15,9,0.05,0.5,log2,0.7418449197860962,0.691286970423661,0.7765804597701149,0.6228752520887353,0.6478260869565218,0.5691489361702128,0.4672489082969432,0.7278911564625851,0.648471615720524,0.5439093484419264,0.4485981308411215,0.6906474820143885
1526,15,0.15,9,0.05,0.6,sqrt,0.741711229946524,0.6959395656279509,0.7669094693028096,0.6369922212618842,0.6434782608695652,0.5661375661375662,0.46320346320346323,0.7278911564625851,0.6462882096069869,0.5423728813559322,0.44651162790697674,0.6906474820143885
1527,15,0.15,9,0.05,0.6,log2,0.7366310160427807,0.6879949318973709,0.7639817094618361,0.6257562662057045,0.6413043478260869,0.5646437994722955,0.46120689655172414,0.7278911564625851,0.6441048034934498,0.5408450704225352,0.4444444444444444,0.6906474820143885
1528,15,0.15,9,0.05,0.7,sqrt,0.7443850267379679,0.6986128625472888,0.7713191785589976,0.6384327283203688,0.6413043478260869,0.5623342175066313,0.4608695652173913,0.7210884353741497,0.6572052401746725,0.5650969529085873,0.4594594594594595,0.7338129496402878
1529,15,0.15,9,0.05,0.7,log2,0.7300802139037433,0.6922725194330133,0.7349514563106796,0.6542783059636992,0.6260869565217392,0.5612244897959183,0.4489795918367347,0.7482993197278912,0.6441048034934498,0.5630026809651475,0.44871794871794873,0.7553956834532374
1530,15,0.15,9,0.1,0.3,sqrt,0.6978609625668449,0.6492861576660459,0.7036663303060882,0.602708153269951,0.6130434782608696,0.5482233502538071,0.43724696356275305,0.7346938775510204,0.6222707423580786,0.5286103542234333,0.42543859649122806,0.697841726618705
1531,15,0.15,9,0.1,0.3,log2,0.674331550802139,0.6548597336355908,0.6442709785335935,0.6658023624315759,0.5717391304347826,0.5471264367816092,0.4131944444444444,0.8095238095238095,0.5589519650655022,0.5167464114832536,0.3870967741935484,0.7769784172661871
1532,15,0.15,9,0.1,0.4,sqrt,0.693716577540107,0.6479176271707392,0.69433465085639,0.6073177758571017,0.6108695652173913,0.5468354430379747,0.43548387096774194,0.7346938775510204,0.6157205240174672,0.5243243243243243,0.4199134199134199,0.697841726618705
1533,15,0.15,9,0.1,0.4,log2,0.6687165775401069,0.6504936530324401,0.6371925946394031,0.6643618553730913,0.5717391304347826,0.5491990846681922,0.41379310344827586,0.8163265306122449,0.5589519650655022,0.5167464114832536,0.3870967741935484,0.7769784172661871
1534,15,0.15,9,0.1,0.5,sqrt,0.7096256684491978,0.6566550742965539,0.7274956217162872,0.5983866320944973,0.6260869565217392,0.5544041450777202,0.4476987447698745,0.7278911564625851,0.6375545851528385,0.5388888888888889,0.43891402714932126,0.697841726618705
1535,15,0.15,9,0.1,0.5,log2,0.7252673796791443,0.667529525966672,0.7612546125461255,0.5943532123307405,0.6413043478260869,0.5646437994722955,0.46120689655172414,0.7278911564625851,0.6419213973799127,0.5393258426966292,0.4423963133640553,0.6906474820143885
1536,15,0.15,9,0.1,0.6,sqrt,0.7161764705882353,0.6810875769866306,0.7115505335844319,0.6531259003169115,0.6195652173913043,0.5721271393643031,0.44656488549618323,0.7959183673469388,0.611353711790393,0.5340314136125655,0.41975308641975306,0.7338129496402878
1537,15,0.15,9,0.1,0.6,log2,0.7259358288770054,0.6678548282566429,0.7630507219548316,0.5937770095073466,0.6434782608695652,0.5661375661375662,0.46320346320346323,0.7278911564625851,0.6441048034934498,0.5408450704225352,0.4444444444444444,0.6906474820143885
1538,15,0.15,9,0.1,0.7,sqrt,0.7248663101604278,0.6667746113989638,0.7611829944547135,0.5932008066839527,0.6434782608695652,0.5661375661375662,0.46320346320346323,0.7278911564625851,0.6441048034934498,0.5408450704225352,0.4444444444444444,0.6906474820143885
1539,15,0.15,9,0.1,0.7,log2,0.7445187165775401,0.7047736752664916,0.7598267821452365,0.6571593200806684,0.6391304347826087,0.5721649484536082,0.4605809128630705,0.7551020408163265,0.6462882096069869,0.5524861878453039,0.4484304932735426,0.7194244604316546
1540,15,0.2,3,0.05,0.3,sqrt,0.716711229946524,0.6693711967545639,0.7300884955752213,0.6179775280898876,0.6217391304347826,0.5583756345177665,0.44534412955465585,0.7482993197278912,0.6200873362445415,0.5297297297297298,0.42424242424242425,0.7050359712230215
1541,15,0.2,3,0.05,0.3,log2,0.6913101604278075,0.6456958723338959,0.690741956664478,0.606165370210314,0.6108695652173913,0.5513784461152882,0.4365079365079365,0.7482993197278912,0.6069868995633187,0.5212765957446809,0.41350210970464135,0.7050359712230215
1542,15,0.2,3,0.05,0.4,sqrt,0.711096256684492,0.6577988915281077,0.730309423347398,0.5983866320944973,0.6260869565217392,0.5544041450777202,0.4476987447698745,0.7278911564625851,0.6375545851528385,0.5388888888888889,0.43891402714932126,0.697841726618705
1543,15,0.2,3,0.05,0.4,log2,0.7295454545454545,0.6742875543390758,0.7642335766423358,0.6032843560933449,0.6456521739130435,0.5676392572944297,0.4652173913043478,0.7278911564625851,0.648471615720524,0.5439093484419264,0.4485981308411215,0.6906474820143885
1544,15,0.2,3,0.05,0.5,sqrt,0.6990641711229947,0.6533189588787925,0.7018530774321642,0.6110630942091616,0.6173913043478261,0.5510204081632653,0.44081632653061226,0.7346938775510204,0.6266375545851528,0.5315068493150685,0.42920353982300885,0.697841726618705
1545,15,0.2,3,0.05,0.5,log2,0.7181818181818181,0.6660329531051965,0.7398803238296374,0.6055891673869201,0.6326086956521739,0.5587467362924282,0.4533898305084746,0.7278911564625851,0.6375545851528385,0.5388888888888889,0.43891402714932126,0.697841726618705
1546,15,0.2,3,0.05,0.6,sqrt,0.7122994652406417,0.6600315955766193,0.7306750612102134,0.6018438490348603,0.6304347826086957,0.5572916666666666,0.45147679324894513,0.7278911564625851,0.6397379912663755,0.5378151260504201,0.44036697247706424,0.6906474820143885
1547,15,0.2,3,0.05,0.6,log2,0.7204545454545455,0.6665603571998087,0.7464285714285714,0.6021319504465572,0.6413043478260869,0.5646437994722955,0.46120689655172414,0.7278911564625851,0.6441048034934498,0.5408450704225352,0.4444444444444444,0.6906474820143885
1548,15,0.2,3,0.05,0.7,sqrt,0.7315508021390374,0.6877138413685847,0.7472118959107806,0.6369922212618842,0.6326086956521739,0.5587467362924282,0.4533898305084746,0.7278911564625851,0.6419213973799127,0.5393258426966292,0.4423963133640553,0.6906474820143885
1549,15,0.2,3,0.05,0.7,log2,0.7295454545454545,0.6747065444605242,0.7634643377001455,0.6044367617401325,0.6478260869565218,0.5714285714285714,0.4675324675324675,0.7346938775510204,0.6397379912663755,0.5378151260504201,0.44036697247706424,0.6906474820143885
1550,15,0.2,3,0.1,0.3,sqrt,0.6558823529411765,0.6464285714285715,0.6177474402730375,0.6779026217228464,0.5478260869565217,0.5357142857142857,0.39867109634551495,0.8163265306122449,0.5393013100436681,0.5081585081585082,0.3758620689655172,0.7841726618705036
1551,15,0.2,3,0.1,0.3,log2,0.6538770053475936,0.6451966561600658,0.6152639832723471,0.6781907231345433,0.5347826086956522,0.5286343612334802,0.39087947882736157,0.8163265306122449,0.537117903930131,0.5069767441860465,0.3745704467353952,0.7841726618705036
1552,15,0.2,3,0.1,0.4,sqrt,0.7040106951871657,0.6513385826771654,0.7183049670024314,0.595793719389225,0.6195652173913043,0.5478036175710594,0.44166666666666665,0.7210884353741497,0.62882096069869,0.5303867403314917,0.4304932735426009,0.6906474820143885
1553,15,0.2,3,0.1,0.4,log2,0.7165775401069518,0.6634920634920635,0.7387769529869211,0.6021319504465572,0.6326086956521739,0.5587467362924282,0.4533898305084746,0.7278911564625851,0.62882096069869,0.5303867403314917,0.4304932735426009,0.6906474820143885
1554,15,0.2,3,0.1,0.5,sqrt,0.7177807486631016,0.6698983580922596,0.7325581395348837,0.6171132238547969,0.6326086956521739,0.5721518987341773,0.45564516129032256,0.7687074829931972,0.62882096069869,0.543010752688172,0.4334763948497854,0.7266187050359713
1555,15,0.2,3,0.1,0.5,log2,0.7179144385026738,0.656910569105691,0.7540126913027249,0.581964851627773,0.6413043478260869,0.5623342175066313,0.4608695652173913,0.7210884353741497,0.6462882096069869,0.5423728813559322,0.44651162790697674,0.6906474820143885
1556,15,0.2,3,0.1,0.6,sqrt,0.7192513368983957,0.6649649010848756,0.7450840185913479,0.6004033419763757,0.6326086956521739,0.5587467362924282,0.4533898305084746,0.7278911564625851,0.6397379912663755,0.5378151260504201,0.44036697247706424,0.6906474820143885
1557,15,0.2,3,0.1,0.6,log2,0.7105614973262032,0.6622991732958977,0.722108843537415,0.6116392970325555,0.6195652173913043,0.5524296675191815,0.4426229508196721,0.7346938775510204,0.6244541484716157,0.5300546448087432,0.42731277533039647,0.697841726618705
1558,15,0.2,3,0.1,0.7,sqrt,0.716711229946524,0.6663517556290348,0.7347222222222223,0.6096225871506771,0.6282608695652174,0.5558441558441558,0.4495798319327731,0.7278911564625851,0.6331877729257642,0.5359116022099447,0.4349775784753363,0.697841726618705
1559,15,0.2,3,0.1,0.7,log2,0.7022727272727273,0.6557427732261555,0.7074716477651768,0.6110630942091616,0.6173913043478261,0.5510204081632653,0.44081632653061226,0.7346938775510204,0.6266375545851528,0.5315068493150685,0.42920353982300885,0.697841726618705
1560,15,0.2,4,0.05,0.3,sqrt,0.7118983957219251,0.657447146717533,0.7333333333333333,0.595793719389225,0.6217391304347826,0.546875,0.4430379746835443,0.7142857142857143,0.6353711790393013,0.5348189415041783,0.43636363636363634,0.6906474820143885
1561,15,0.2,4,0.05,0.3,log2,0.7106951871657754,0.6543130990415336,0.7343133739691646,0.5900316911552866,0.6217391304347826,0.546875,0.4430379746835443,0.7142857142857143,0.6353711790393013,0.5348189415041783,0.43636363636363634,0.6906474820143885
1562,15,0.2,4,0.05,0.4,sqrt,0.7101604278074867,0.6619893981914562,0.7213727488956847,0.6116392970325555,0.6195652173913043,0.55470737913486,0.44308943089430897,0.7414965986394558,0.6200873362445415,0.5245901639344263,0.42290748898678415,0.6906474820143885
1563,15,0.2,4,0.05,0.4,log2,0.7251336898395722,0.6833025261860751,0.7341939755047997,0.6390089311437626,0.6326086956521739,0.5785536159600998,0.4566929133858268,0.7891156462585034,0.6266375545851528,0.5464190981432361,0.4327731092436975,0.7410071942446043
1564,15,0.2,4,0.05,0.5,sqrt,0.7374331550802139,0.6889452011403231,0.7650369328174463,0.6266205704407951,0.6434782608695652,0.5661375661375662,0.46320346320346323,0.7278911564625851,0.648471615720524,0.5439093484419264,0.4485981308411215,0.6906474820143885
1565,15,0.2,4,0.05,0.5,log2,0.7279411764705882,0.672882173284038,0.761090909090909,0.602996254681648,0.6434782608695652,0.5661375661375662,0.46320346320346323,0.7278911564625851,0.6462882096069869,0.5423728813559322,0.44651162790697674,0.6906474820143885
1566,15,0.2,4,0.05,0.6,sqrt,0.7225935828877005,0.6810146041506533,0.7300593276203032,0.6381446269086718,0.6173913043478261,0.5510204081632653,0.44081632653061226,0.7346938775510204,0.6331877729257642,0.5333333333333333,0.4343891402714932,0.6906474820143885
1567,15,0.2,4,0.05,0.6,log2,0.6979946524064171,0.6499302649930265,0.7032193158953722,0.6041486603284356,0.6152173913043478,0.549618320610687,0.43902439024390244,0.7346938775510204,0.6244541484716157,0.5300546448087432,0.42731277533039647,0.697841726618705
1568,15,0.2,4,0.05,0.7,sqrt,0.7557486631016043,0.7153762268266085,0.7788331071913162,0.6614808412561222,0.6521739130434783,0.5767195767195767,0.47186147186147187,0.7414965986394558,0.6419213973799127,0.5469613259668509,0.4439461883408072,0.7122302158273381
1569,15,0.2,4,0.05,0.7,log2,0.7394385026737967,0.6862018998550958,0.7777372262773723,0.6139441083261308,0.6478260869565218,0.5691489361702128,0.4672489082969432,0.7278911564625851,0.6506550218340611,0.5454545454545454,0.4507042253521127,0.6906474820143885
1570,15,0.2,4,0.1,0.3,sqrt,0.6962566844919786,0.6472049689440994,0.7019198383294039,0.6004033419763757,0.6130434782608696,0.5482233502538071,0.43724696356275305,0.7346938775510204,0.6157205240174672,0.5243243243243243,0.4199134199134199,0.697841726618705
1571,15,0.2,4,0.1,0.3,log2,0.7188502673796792,0.67440780306549,0.7289156626506024,0.6274848746758859,0.6326086956521739,0.5764411027568922,0.45634920634920634,0.782312925170068,0.6157205240174672,0.5368421052631579,0.42323651452282157,0.7338129496402878
1572,15,0.2,4,0.1,0.4,sqrt,0.7054812834224599,0.6524688436661934,0.7210599721059973,0.595793719389225,0.6173913043478261,0.5440414507772021,0.4393305439330544,0.7142857142857143,0.62882096069869,0.5303867403314917,0.4304932735426009,0.6906474820143885
1573,15,0.2,4,0.1,0.4,log2,0.6482620320855615,0.6392431098313451,0.6098901098901099,0.6715643906655142,0.5456521739130434,0.5365853658536586,0.3980263157894737,0.8231292517006803,0.5305676855895196,0.5034642032332564,0.3707482993197279,0.7841726618705036
1574,15,0.2,4,0.1,0.5,sqrt,0.711764705882353,0.6571246819338422,0.7334043308484203,0.5952175165658312,0.6304347826086957,0.5549738219895288,0.451063829787234,0.7210884353741497,0.6353711790393013,0.5348189415041783,0.43636363636363634,0.6906474820143885
1575,15,0.2,4,0.1,0.5,log2,0.7041443850267379,0.6520987266153121,0.7176470588235294,0.5975223278594065,0.6239130434782608,0.5506493506493506,0.44537815126050423,0.7210884353741497,0.631004366812227,0.5318559556786704,0.43243243243243246,0.6906474820143885
1576,15,0.2,4,0.1,0.6,sqrt,0.7100267379679145,0.6564232536036749,0.729064039408867,0.5969461250360126,0.6260869565217392,0.5544041450777202,0.4476987447698745,0.7278911564625851,0.6353711790393013,0.5348189415041783,0.43636363636363634,0.6906474820143885
1577,15,0.2,4,0.1,0.6,log2,0.7084224598930481,0.6523194643711143,0.7301927194860813,0.5894554883318929,0.6260869565217392,0.5520833333333334,0.4472573839662447,0.7210884353741497,0.6353711790393013,0.5348189415041783,0.43636363636363634,0.6906474820143885
1578,15,0.2,4,0.1,0.7,sqrt,0.7165775401069518,0.669884771099346,0.7289054557777025,0.6197061365600691,0.6195652173913043,0.5569620253164557,0.4435483870967742,0.7482993197278912,0.6244541484716157,0.532608695652174,0.4279475982532751,0.7050359712230215
1579,15,0.2,4,0.1,0.7,log2,0.7311497326203209,0.6729549520247194,0.7725914861837192,0.596081820800922,0.6478260869565218,0.5691489361702128,0.4672489082969432,0.7278911564625851,0.6462882096069869,0.5423728813559322,0.44651162790697674,0.6906474820143885
1580,15,0.2,5,0.05,0.3,sqrt,0.7053475935828877,0.652475559760328,0.7206548241031,0.596081820800922,0.6195652173913043,0.5478036175710594,0.44166666666666665,0.7210884353741497,0.62882096069869,0.5303867403314917,0.4304932735426009,0.6906474820143885
1581,15,0.2,5,0.05,0.3,log2,0.7127005347593582,0.6598068703498496,0.7322557976106817,0.6004033419763757,0.6239130434782608,0.5529715762273901,0.44583333333333336,0.7278911564625851,0.6375545851528385,0.5388888888888889,0.43891402714932126,0.697841726618705
1582,15,0.2,5,0.05,0.4,sqrt,0.7264705882352941,0.6707434824589636,0.7597520962449872,0.6004033419763757,0.6434782608695652,0.5661375661375662,0.46320346320346323,0.7278911564625851,0.6441048034934498,0.5408450704225352,0.4444444444444444,0.6906474820143885
1583,15,0.2,5,0.05,0.4,log2,0.7040106951871657,0.6585441085749537,0.7085960836375705,0.6150965139729184,0.6217391304347826,0.5606060606060606,0.4457831325301205,0.7551020408163265,0.62882096069869,0.5380434782608695,0.43231441048034935,0.7122302158273381
1584,15,0.2,5,0.05,0.5,sqrt,0.7438502673796792,0.6979823455233292,0.7706230421162548,0.6378565254969749,0.6434782608695652,0.5661375661375662,0.46320346320346323,0.7278911564625851,0.6353711790393013,0.5348189415041783,0.43636363636363634,0.6906474820143885
1585,15,0.2,5,0.05,0.5,log2,0.718716577540107,0.6701160238319223,0.7351221190230478,0.6156727167963123,0.6239130434782608,0.5529715762273901,0.44583333333333336,0.7278911564625851,0.6375545851528385,0.5388888888888889,0.43891402714932126,0.697841726618705
1586,15,0.2,5,0.05,0.6,sqrt,0.728475935828877,0.6745713827912193,0.759927797833935,0.6064534716220109,0.6413043478260869,0.5646437994722955,0.46120689655172414,0.7278911564625851,0.6462882096069869,0.5449438202247191,0.4470046082949309,0.697841726618705
1587,15,0.2,5,0.05,0.6,log2,0.7192513368983957,0.6634615384615384,0.7475622968580715,0.5963699222126189,0.6413043478260869,0.5623342175066313,0.4608695652173913,0.7210884353741497,0.6462882096069869,0.5423728813559322,0.44651162790697674,0.6906474820143885
1588,15,0.2,5,0.05,0.7,sqrt,0.7530748663101604,0.7137765380443205,0.7723004694835681,0.6634975511380006,0.6608695652173913,0.59375,0.4810126582278481,0.7755102040816326,0.6506550218340611,0.5628415300546448,0.45374449339207046,0.7410071942446043
1589,15,0.2,5,0.05,0.7,log2,0.7161764705882353,0.6655112651646448,0.7343532684283728,0.6084701815038893,0.6260869565217392,0.558974358974359,0.448559670781893,0.7414965986394558,0.62882096069869,0.532967032967033,0.4311111111111111,0.697841726618705
1590,15,0.2,5,0.1,0.3,sqrt,0.7046791443850268,0.6519615566409327,0.7194019471488178,0.596081820800922,0.6173913043478261,0.5440414507772021,0.4393305439330544,0.7142857142857143,0.62882096069869,0.5303867403314917,0.4304932735426009,0.6906474820143885
1591,15,0.2,5,0.1,0.3,log2,0.6852941176470588,0.6522895125553915,0.6692937253713247,0.6361279170267934,0.6021739130434782,0.5590361445783133,0.43283582089552236,0.7891156462585034,0.5851528384279476,0.5177664974619289,0.4,0.7338129496402878
1592,15,0.2,5,0.1,0.4,sqrt,0.7131016042780749,0.6581713921631093,0.7360171001068757,0.5952175165658312,0.6326086956521739,0.5587467362924282,0.4533898305084746,0.7278911564625851,0.62882096069869,0.5303867403314917,0.4304932735426009,0.6906474820143885
1593,15,0.2,5,0.1,0.4,log2,0.7100267379679145,0.6547827470953366,0.7315078236130867,0.5926246038605589,0.6260869565217392,0.5520833333333334,0.4472573839662447,0.7210884353741497,0.6375545851528385,0.5363128491620112,0.4383561643835616,0.6906474820143885
1594,15,0.2,5,0.1,0.5,sqrt,0.7147058823529412,0.6588874680306905,0.7400359066427289,0.5937770095073466,0.6304347826086957,0.5549738219895288,0.451063829787234,0.7210884353741497,0.6353711790393013,0.5348189415041783,0.43636363636363634,0.6906474820143885
1595,15,0.2,5,0.1,0.5,log2,0.7205882352941176,0.6611543450064851,0.7560252131998517,0.5874387784500144,0.6391304347826087,0.5585106382978723,0.4585152838427948,0.7142857142857143,0.6441048034934498,0.5408450704225352,0.4444444444444444,0.6906474820143885
1596,15,0.2,5,0.1,0.6,sqrt,0.723663101604278,0.6666666666666666,0.7571428571428571,0.5955056179775281,0.6413043478260869,0.5623342175066313,0.4608695652173913,0.7210884353741497,0.6419213973799127,0.5393258426966292,0.4423963133640553,0.6906474820143885
1597,15,0.2,5,0.1,0.6,log2,0.7324866310160428,0.678037007240547,0.7678571428571429,0.6070296744454048,0.6434782608695652,0.5706806282722513,0.46382978723404256,0.7414965986394558,0.6419213973799127,0.5418994413407822,0.4429223744292237,0.697841726618705
1598,15,0.2,5,0.1,0.7,sqrt,0.7318181818181818,0.6795527156549521,0.7626389386877017,0.6127917026793431,0.6434782608695652,0.5661375661375662,0.46320346320346323,0.7278911564625851,0.6419213973799127,0.5393258426966292,0.4423963133640553,0.6906474820143885
1599,15,0.2,5,0.1,0.7,log2,0.7008021390374332,0.6539888682745826,0.7057057057057057,0.6093344857389801,0.6130434782608696,0.5482233502538071,0.43724696356275305,0.7346938775510204,0.6244541484716157,0.5300546448087432,0.42731277533039647,0.697841726618705
1600,15,0.2,6,0.05,0.3,sqrt,0.7243315508021391,0.6663430420711974,0.7600590623846438,0.5932008066839527,0.6369565217391304,0.5570291777188329,0.45652173913043476,0.7142857142857143,0.6419213973799127,0.5393258426966292,0.4423963133640553,0.6906474820143885
1601,15,0.2,6,0.05,0.3,log2,0.6731283422459893,0.6511627906976745,0.6449971735443754,0.6574474214923653,0.5739130434782609,0.5483870967741935,0.4146341463414634,0.8095238095238095,0.5633187772925764,0.5192307692307693,0.3898916967509025,0.7769784172661871
1602,15,0.2,6,0.05,0.4,sqrt,0.7041443850267379,0.6599047179960043,0.7071805006587615,0.6185537309132815,0.6152173913043478,0.5518987341772152,0.43951612903225806,0.7414965986394558,0.6135371179039302,0.522911051212938,0.41810344827586204,0.697841726618705
1603,15,0.2,6,0.05,0.4,log2,0.6942513368983957,0.6472312201141447,0.6965471447543161,0.6044367617401325,0.6108695652173913,0.5468354430379747,0.43548387096774194,0.7346938775510204,0.6179039301310044,0.5257452574525745,0.4217391304347826,0.697841726618705
1604,15,0.2,6,0.05,0.5,sqrt,0.7192513368983957,0.6675110829639012,0.7409490333919156,0.6073177758571017,0.6391304347826087,0.5631578947368421,0.4592274678111588,0.7278911564625851,0.6397379912663755,0.5403899721448467,0.4409090909090909,0.697841726618705
1605,15,0.2,6,0.05,0.5,log2,0.729812834224599,0.6855453555313521,0.7452638700947226,0.6346874099683089,0.6326086956521739,0.5587467362924282,0.4533898305084746,0.7278911564625851,0.6353711790393013,0.5348189415041783,0.43636363636363634,0.6906474820143885
1606,15,0.2,6,0.05,0.6,sqrt,0.7213903743315508,0.6700443318556049,0.7437609841827768,0.6096225871506771,0.6391304347826087,0.5654450261780105,0.4595744680851064,0.7346938775510204,0.6375545851528385,0.5388888888888889,0.43891402714932126,0.697841726618705
1607,15,0.2,6,0.05,0.6,log2,0.7141711229946524,0.6671855541718555,0.725702675245513,0.6174013252664938,0.6173913043478261,0.5487179487179488,0.4403292181069959,0.7278911564625851,0.6266375545851528,0.5315068493150685,0.42920353982300885,0.697841726618705
1608,15,0.2,6,0.05,0.7,sqrt,0.7525401069518717,0.7100109666301112,0.7781593406593407,0.6528377989052147,0.6456521739130435,0.5676392572944297,0.4652173913043478,0.7278911564625851,0.6441048034934498,0.5434173669467787,0.44495412844036697,0.697841726618705
1609,15,0.2,6,0.05,0.7,log2,0.7483957219251337,0.7015540754836663,0.7802469135802469,0.6372803226735811,0.6456521739130435,0.5676392572944297,0.4652173913043478,0.7278911564625851,0.648471615720524,0.5464788732394367,0.44907407407407407,0.697841726618705
1610,15,0.2,6,0.1,0.3,sqrt,0.7046791443850268,0.656934306569343,0.7126010781671159,0.6093344857389801,0.6152173913043478,0.5518987341772152,0.43951612903225806,0.7414965986394558,0.6069868995633187,0.5212765957446809,0.41350210970464135,0.7050359712230215
1611,15,0.2,6,0.1,0.3,log2,0.6564171122994652,0.6420612813370473,0.6214613103262335,0.6640737539613945,0.5456521739130434,0.5324384787472036,0.39666666666666667,0.8095238095238095,0.5502183406113537,0.5118483412322274,0.38162544169611307,0.7769784172661871
1612,15,0.2,6,0.1,0.4,sqrt,0.7112299465240641,0.6513879922530665,0.7405504587155963,0.5813886488043791,0.6304347826086957,0.5526315789473685,0.45064377682403434,0.7142857142857143,0.6375545851528385,0.5363128491620112,0.4383561643835616,0.6906474820143885
1613,15,0.2,6,0.1,0.4,log2,0.7221925133689839,0.6674135723431498,0.7508102268635218,0.6006914433880726,0.6391304347826087,0.5677083333333334,0.459915611814346,0.7414965986394558,0.6266375545851528,0.5340599455040872,0.4298245614035088,0.7050359712230215
1614,15,0.2,6,0.1,0.5,sqrt,0.7108288770053476,0.6563939634630659,0.7315864022662889,0.5952175165658312,0.6260869565217392,0.5544041450777202,0.4476987447698745,0.7278911564625851,0.6353711790393013,0.5348189415041783,0.43636363636363634,0.6906474820143885
1615,15,0.2,6,0.1,0.5,log2,0.7057486631016042,0.6535495041712577,0.7203331020124913,0.5980985306828004,0.6239130434782608,0.5506493506493506,0.44537815126050423,0.7210884353741497,0.6353711790393013,0.5373961218836565,0.4369369369369369,0.697841726618705
1616,15,0.2,6,0.1,0.6,sqrt,0.7262032085561497,0.6703155183515775,0.7595767967894929,0.5998271391529818,0.6413043478260869,0.5623342175066313,0.4608695652173913,0.7210884353741497,0.6441048034934498,0.5408450704225352,0.4444444444444444,0.6906474820143885
1617,15,0.2,6,0.1,0.6,log2,0.7081550802139037,0.6533269811021121,0.7278839348903043,0.5926246038605589,0.6282608695652174,0.5558441558441558,0.4495798319327731,0.7278911564625851,0.6331877729257642,0.5333333333333333,0.4343891402714932,0.6906474820143885
1618,15,0.2,6,0.1,0.7,sqrt,0.7168449197860962,0.664873417721519,0.7374517374517374,0.6053010659752233,0.6304347826086957,0.5549738219895288,0.451063829787234,0.7210884353741497,0.6331877729257642,0.5333333333333333,0.4343891402714932,0.6906474820143885
1619,15,0.2,6,0.1,0.7,log2,0.725,0.6895094339622642,0.7241597970830691,0.6580236243157591,0.6239130434782608,0.5811138014527845,0.45112781954887216,0.8163265306122449,0.5982532751091703,0.5329949238578681,0.4117647058823529,0.7553956834532374
1620,15,0.2,7,0.05,0.3,sqrt,0.7046791443850268,0.6518518518518519,0.7195546276965901,0.595793719389225,0.6239130434782608,0.5529715762273901,0.44583333333333336,0.7278911564625851,0.6331877729257642,0.5333333333333333,0.4343891402714932,0.6906474820143885
1621,15,0.2,7,0.05,0.3,log2,0.7041443850267379,0.6514411718380847,0.718554551772064,0.595793719389225,0.6195652173913043,0.5478036175710594,0.44166666666666665,0.7210884353741497,0.62882096069869,0.5303867403314917,0.4304932735426009,0.6906474820143885
1622,15,0.2,7,0.05,0.4,sqrt,0.7156417112299466,0.6650921114785073,0.7333333333333333,0.6084701815038893,0.6260869565217392,0.5544041450777202,0.4476987447698745,0.7278911564625851,0.6353711790393013,0.5348189415041783,0.43636363636363634,0.6906474820143885
1623,15,0.2,7,0.05,0.4,log2,0.6684491978609626,0.6507042253521127,0.6365389914577019,0.665514261019879,0.5608695652173913,0.5429864253393665,0.4067796610169492,0.8163265306122449,0.5545851528384279,0.5142857142857142,0.38434163701067614,0.7769784172661871
1624,15,0.2,7,0.05,0.5,sqrt,0.713903743315508,0.6608557844690967,0.7344135258893977,0.6006914433880726,0.6239130434782608,0.5506493506493506,0.44537815126050423,0.7210884353741497,0.6353711790393013,0.5348189415041783,0.43636363636363634,0.6906474820143885
1625,15,0.2,7,0.05,0.5,log2,0.7084224598930481,0.6577749882316021,0.7222605099931082,0.6038605589167387,0.6260869565217392,0.5544041450777202,0.4476987447698745,0.7278911564625851,0.6375545851528385,0.5388888888888889,0.43891402714932126,0.697841726618705
1626,15,0.2,7,0.05,0.6,sqrt,0.7260695187165775,0.6841375057807924,0.7357427055702918,0.6392970325554596,0.6260869565217392,0.5520833333333334,0.4472573839662447,0.7210884353741497,0.6572052401746725,0.5698630136986301,0.46017699115044247,0.7482014388489209
1627,15,0.2,7,0.05,0.6,log2,0.7259358288770054,0.6851965601965602,0.7336402499177902,0.6427542494958225,0.6239130434782608,0.5552699228791774,0.4462809917355372,0.7346938775510204,0.6441048034934498,0.5606469002695418,0.4482758620689655,0.7482014388489209
1628,15,0.2,7,0.05,0.7,sqrt,0.7290106951871658,0.675835598912522,0.7595255212077642,0.6087582829155863,0.6413043478260869,0.5623342175066313,0.4608695652173913,0.7210884353741497,0.6419213973799127,0.5393258426966292,0.4423963133640553,0.6906474820143885
1629,15,0.2,7,0.05,0.7,log2,0.7435828877005347,0.6939036067666773,0.7778175313059034,0.6263324690290982,0.6478260869565218,0.5691489361702128,0.4672489082969432,0.7278911564625851,0.6462882096069869,0.5423728813559322,0.44651162790697674,0.6906474820143885
1630,15,0.2,7,0.1,0.3,sqrt,0.6622994652406418,0.6550122917235728,0.622695403791223,0.6908671852492078,0.5478260869565217,0.5377777777777778,0.39933993399339934,0.8231292517006803,0.5393013100436681,0.5081585081585082,0.3758620689655172,0.7841726618705036
1631,15,0.2,7,0.1,0.3,log2,0.7001336898395721,0.6515457511263011,0.7070128118678355,0.6041486603284356,0.6043478260869565,0.5404040404040404,0.42971887550200805,0.7278911564625851,0.6135371179039302,0.522911051212938,0.41810344827586204,0.697841726618705
1632,15,0.2,7,0.1,0.4,sqrt,0.6887700534759358,0.6427255985267035,0.6876847290640394,0.6032843560933449,0.6065217391304348,0.5440806045340051,0.432,0.7346938775510204,0.6179039301310044,0.5257452574525745,0.4217391304347826,0.697841726618705
1633,15,0.2,7,0.1,0.4,log2,0.7160427807486631,0.6689526184538653,0.7286926994906622,0.6182656295015846,0.6260869565217392,0.558974358974359,0.448559670781893,0.7414965986394558,0.6091703056768559,0.5226666666666666,0.4152542372881356,0.7050359712230215
1634,15,0.2,7,0.1,0.5,sqrt,0.7131016042780749,0.6618342262842736,0.7304347826086957,0.6050129645635264,0.6239130434782608,0.5529715762273901,0.44583333333333336,0.7278911564625851,0.6353711790393013,0.5373961218836565,0.4369369369369369,0.697841726618705
1635,15,0.2,7,0.1,0.5,log2,0.723663101604278,0.666774141544414,0.7569546120058566,0.595793719389225,0.6413043478260869,0.5646437994722955,0.46120689655172414,0.7278911564625851,0.6419213973799127,0.5393258426966292,0.4423963133640553,0.6906474820143885
1636,15,0.2,7,0.1,0.6,sqrt,0.7171122994652407,0.6664564943253468,0.735816219979116,0.6090463843272832,0.6239130434782608,0.5529715762273901,0.44583333333333336,0.7278911564625851,0.6397379912663755,0.5403899721448467,0.4409090909090909,0.697841726618705
1637,15,0.2,7,0.1,0.6,log2,0.7033422459893048,0.651921568627451,0.7155647382920111,0.5986747335061942,0.6239130434782608,0.5506493506493506,0.44537815126050423,0.7210884353741497,0.631004366812227,0.5318559556786704,0.43243243243243246,0.6906474820143885
1638,15,0.2,7,0.1,0.7,sqrt,0.7314171122994653,0.6746558704453441,0.7703402366863905,0.6001152405646788,0.6478260869565218,0.5691489361702128,0.4672489082969432,0.7278911564625851,0.648471615720524,0.5439093484419264,0.4485981308411215,0.6906474820143885
1639,15,0.2,7,0.1,0.7,log2,0.7203208556149733,0.6608300907911803,0.7556544308490916,0.5871506770383175,0.6413043478260869,0.5623342175066313,0.4608695652173913,0.7210884353741497,0.6375545851528385,0.5363128491620112,0.4383561643835616,0.6906474820143885
1640,15,0.2,8,0.05,0.3,sqrt,0.7144385026737968,0.6621322366339766,0.7341283760084181,0.602996254681648,0.6260869565217392,0.5544041450777202,0.4476987447698745,0.7278911564625851,0.62882096069869,0.5303867403314917,0.4304932735426009,0.6906474820143885
1641,15,0.2,8,0.05,0.3,log2,0.6843582887700534,0.6538630699310951,0.6656716417910448,0.6424661480841256,0.6,0.5576923076923077,0.4312267657992565,0.7891156462585034,0.5764192139737991,0.5125628140703518,0.3938223938223938,0.7338129496402878
1642,15,0.2,8,0.05,0.4,sqrt,0.6918449197860963,0.644783479734936,0.6931742876076872,0.602708153269951,0.6108695652173913,0.5468354430379747,0.43548387096774194,0.7346938775510204,0.6222707423580786,0.5286103542234333,0.42543859649122806,0.697841726618705
1643,15,0.2,8,0.05,0.4,log2,0.7283422459893049,0.6760204081632653,0.7568725455194574,0.6107749927974647,0.6391304347826087,0.5631578947368421,0.4592274678111588,0.7278911564625851,0.6397379912663755,0.5403899721448467,0.4409090909090909,0.697841726618705
1644,15,0.2,8,0.05,0.5,sqrt,0.7267379679144385,0.6694695989650712,0.7629929966826391,0.5963699222126189,0.6434782608695652,0.5661375661375662,0.46320346320346323,0.7278911564625851,0.6441048034934498,0.5408450704225352,0.4444444444444444,0.6906474820143885
1645,15,0.2,8,0.05,0.5,log2,0.7109625668449198,0.661128526645768,0.724991405981437,0.6076058772687987,0.6217391304347826,0.5515463917525774,0.44398340248962653,0.7278911564625851,0.62882096069869,0.5303867403314917,0.4304932735426009,0.6906474820143885
1646,15,0.2,8,0.05,0.6,sqrt,0.7179144385026738,0.6663504111321948,0.7385208552400981,0.6070296744454048,0.6347826086956522,0.5602094240837696,0.4553191489361702,0.7278911564625851,0.631004366812227,0.5318559556786704,0.43243243243243246,0.6906474820143885
1647,15,0.2,8,0.05,0.6,log2,0.718048128342246,0.6688648139425342,0.7349896480331263,0.6136560069144339,0.6260869565217392,0.5544041450777202,0.4476987447698745,0.7278911564625851,0.6353711790393013,0.5348189415041783,0.43636363636363634,0.6906474820143885
1648,15,0.2,8,0.05,0.7,sqrt,0.7489304812834224,0.7115207373271889,0.7620927936821322,0.6672428694900605,0.6456521739130435,0.5744125326370757,0.4661016949152542,0.7482993197278912,0.62882096069869,0.5405405405405406,0.4329004329004329,0.7194244604316546
1649,15,0.2,8,0.05,0.7,log2,0.7482620320855615,0.7077448393605463,0.7671601615074024,0.6568712186689715,0.6543478260869565,0.5826771653543307,0.47435897435897434,0.7551020408163265,0.6375545851528385,0.5414364640883977,0.43946188340807174,0.7050359712230215
1650,15,0.2,8,0.1,0.3,sqrt,0.7005347593582888,0.6544276457883369,0.704417137163733,0.6110630942091616,0.6152173913043478,0.5473145780051151,0.4385245901639344,0.7278911564625851,0.6200873362445415,0.5271739130434783,0.42358078602620086,0.697841726618705
1651,15,0.2,8,0.1,0.3,log2,0.7045454545454546,0.6634176058483094,0.7037156704361874,0.6274848746758859,0.6152173913043478,0.5607940446650124,0.44140625,0.7687074829931972,0.6026200873362445,0.5260416666666666,0.4122448979591837,0.7266187050359713
1652,15,0.2,8,0.1,0.4,sqrt,0.7153743315508021,0.6685349525144013,0.7273035230352304,0.6185537309132815,0.6239130434782608,0.5575447570332481,0.44672131147540983,0.7414965986394558,0.6200873362445415,0.5271739130434783,0.42358078602620086,0.697841726618705
1653,15,0.2,8,0.1,0.4,log2,0.7264705882352941,0.6709552910903828,0.7593738623953403,0.6009795447997696,0.6434782608695652,0.5661375661375662,0.46320346320346323,0.7278911564625851,0.6375545851528385,0.5363128491620112,0.4383561643835616,0.6906474820143885
1654,15,0.2,8,0.1,0.5,sqrt,0.7106951871657754,0.6599622878692646,0.7258900795022468,0.6050129645635264,0.6260869565217392,0.5544041450777202,0.4476987447698745,0.7278911564625851,0.6331877729257642,0.5333333333333333,0.4343891402714932,0.6906474820143885
1655,15,0.2,8,0.1,0.5,log2,0.7118983957219251,0.6564642117009405,0.7348322626695217,0.5932008066839527,0.6326086956521739,0.5587467362924282,0.4533898305084746,0.7278911564625851,0.6353711790393013,0.5348189415041783,0.43636363636363634,0.6906474820143885
1656,15,0.2,8,0.1,0.6,sqrt,0.7073529411764706,0.6558717182832888,0.7217993079584775,0.6009795447997696,0.6239130434782608,0.5529715762273901,0.44583333333333336,0.7278911564625851,0.631004366812227,0.5344352617079889,0.4330357142857143,0.697841726618705
1657,15,0.2,8,0.1,0.6,log2,0.7207219251336898,0.6695143173548489,0.7424561403508771,0.6096225871506771,0.6369565217391304,0.5684754521963824,0.4583333333333333,0.7482993197278912,0.6353711790393013,0.5424657534246575,0.43805309734513276,0.7122302158273381
1658,15,0.2,8,0.1,0.7,sqrt,0.7135026737967914,0.6682148939464313,0.7222222222222222,0.6217228464419475,0.6217391304347826,0.5561224489795918,0.4448979591836735,0.7414965986394558,0.6266375545851528,0.5340599455040872,0.4298245614035088,0.7050359712230215
1659,15,0.2,8,0.1,0.7,log2,0.7165775401069518,0.6612336209651646,0.7423753139576605,0.596081820800922,0.6347826086956522,0.5602094240837696,0.4553191489361702,0.7278911564625851,0.6375545851528385,0.5363128491620112,0.4383561643835616,0.6906474820143885
1660,15,0.2,9,0.05,0.3,sqrt,0.7053475935828877,0.6523659305993691,0.7208086441268735,0.595793719389225,0.6173913043478261,0.5440414507772021,0.4393305439330544,0.7142857142857143,0.62882096069869,0.5303867403314917,0.4304932735426009,0.6906474820143885
1661,15,0.2,9,0.05,0.3,log2,0.711096256684492,0.6564934032745191,0.7322695035460993,0.5949294151541342,0.6217391304347826,0.546875,0.4430379746835443,0.7142857142857143,0.6353711790393013,0.5348189415041783,0.43636363636363634,0.6906474820143885
1662,15,0.2,9,0.05,0.4,sqrt,0.710427807486631,0.6597549481621112,0.7253886010362695,0.6050129645635264,0.6239130434782608,0.5506493506493506,0.44537815126050423,0.7210884353741497,0.6353711790393013,0.5348189415041783,0.43636363636363634,0.6906474820143885
1663,15,0.2,9,0.05,0.4,log2,0.711096256684492,0.6604870384917517,0.7263303386316516,0.6055891673869201,0.6282608695652174,0.5626598465473146,0.45081967213114754,0.7482993197278912,0.6244541484716157,0.5300546448087432,0.42731277533039647,0.697841726618705
1664,15,0.2,9,0.05,0.5,sqrt,0.7203208556149733,0.6657078938958133,0.7473986365267312,0.6001152405646788,0.6326086956521739,0.5587467362924282,0.4533898305084746,0.7278911564625851,0.6419213973799127,0.5393258426966292,0.4423963133640553,0.6906474820143885
1665,15,0.2,9,0.05,0.5,log2,0.7066844919786096,0.6570803376055018,0.7181414417492313,0.6055891673869201,0.6239130434782608,0.5529715762273901,0.44583333333333336,0.7278911564625851,0.6331877729257642,0.5333333333333333,0.4343891402714932,0.6906474820143885
1666,15,0.2,9,0.05,0.6,sqrt,0.7312834224598931,0.6740188128446318,0.7710575139146568,0.5986747335061942,0.6456521739130435,0.5676392572944297,0.4652173913043478,0.7278911564625851,0.6506550218340611,0.5454545454545454,0.4507042253521127,0.6906474820143885
1667,15,0.2,9,0.05,0.6,log2,0.7283422459893049,0.6728911783644559,0.7624954396205764,0.6021319504465572,0.6434782608695652,0.5661375661375662,0.46320346320346323,0.7278911564625851,0.6462882096069869,0.5423728813559322,0.44651162790697674,0.6906474820143885
1668,15,0.2,9,0.05,0.7,sqrt,0.7699197860962567,0.7372920164860327,0.7840909090909091,0.6957649092480553,0.6695652173913044,0.6020942408376964,0.48936170212765956,0.782312925170068,0.6375545851528385,0.5414364640883977,0.43946188340807174,0.7050359712230215
1669,15,0.2,9,0.05,0.7,log2,0.7372994652406417,0.6909891492373015,0.7607340720221607,0.6329588014981273,0.6434782608695652,0.5661375661375662,0.46320346320346323,0.7278911564625851,0.6462882096069869,0.5423728813559322,0.44651162790697674,0.6906474820143885
1670,15,0.2,9,0.1,0.3,sqrt,0.7041443850267379,0.6523173605655931,0.7173462335867312,0.5980985306828004,0.6195652173913043,0.5501285347043702,0.44214876033057854,0.7278911564625851,0.631004366812227,0.5344352617079889,0.4330357142857143,0.697841726618705
1671,15,0.2,9,0.1,0.3,log2,0.6741978609625668,0.6654770075497598,0.6355532249606712,0.6983578219533275,0.5434782608695652,0.53125,0.3953488372093023,0.8095238095238095,0.5414847161572053,0.5070422535211268,0.37630662020905925,0.7769784172661871
1672,15,0.2,9,0.1,0.4,sqrt,0.674331550802139,0.6547619047619048,0.6443514644351465,0.665514261019879,0.5739130434782609,0.5504587155963303,0.41522491349480967,0.8163265306122449,0.5589519650655022,0.5167464114832536,0.3870967741935484,0.7769784172661871
1673,15,0.2,9,0.1,0.4,log2,0.7060160427807487,0.6574232746533728,0.7157394843962008,0.6078939786804956,0.6195652173913043,0.55470737913486,0.44308943089430897,0.7414965986394558,0.6222707423580786,0.5286103542234333,0.42543859649122806,0.697841726618705
1674,15,0.2,9,0.1,0.5,sqrt,0.7053475935828877,0.6523659305993691,0.7208086441268735,0.595793719389225,0.6217391304347826,0.5515463917525774,0.44398340248962653,0.7278911564625851,0.62882096069869,0.5303867403314917,0.4304932735426009,0.6906474820143885
1675,15,0.2,9,0.1,0.5,log2,0.6994652406417112,0.6485303314571608,0.709059829059829,0.5975223278594065,0.6195652173913043,0.5478036175710594,0.44166666666666665,0.7210884353741497,0.6222707423580786,0.5260273972602739,0.4247787610619469,0.6906474820143885
1676,15,0.2,9,0.1,0.6,sqrt,0.7205882352941176,0.6651714194168535,0.7491880187657886,0.5980985306828004,0.6391304347826087,0.5631578947368421,0.4592274678111588,0.7278911564625851,0.6441048034934498,0.5408450704225352,0.4444444444444444,0.6906474820143885
1677,15,0.2,9,0.1,0.6,log2,0.7131016042780749,0.6553164150337295,0.7404718693284936,0.5877268798617113,0.6282608695652174,0.5511811023622047,0.44871794871794873,0.7142857142857143,0.6353711790393013,0.5348189415041783,0.43636363636363634,0.6906474820143885
1678,15,0.2,9,0.1,0.7,sqrt,0.7169786096256684,0.66927042649586,0.7310580204778157,0.6171132238547969,0.6282608695652174,0.5581395348837209,0.45,0.7346938775510204,0.62882096069869,0.5303867403314917,0.4304932735426009,0.6906474820143885
1679,15,0.2,9,0.1,0.7,log2,0.7125668449197861,0.6585133418043202,0.7338053097345133,0.5972342264477096,0.6260869565217392,0.5544041450777202,0.4476987447698745,0.7278911564625851,0.6353711790393013,0.5348189415041783,0.43636363636363634,0.6906474820143885
