SIM,n_estimators,min_samples_split,max_depth,min_samples_leaf,max_samples,max_features,acc_train,f1_train,prec_train,rec_train,acc_val,f1_val,prec_val,rec_val,acc_test,f1_test,prec_test,rec_test
0,5,0.05,3,0.05,0.3,sqrt,0.7296990346394094,0.7333333333333333,0.7488558352402745,0.7184412733260154,0.7372262773722628,0.41935483870967744,0.3170731707317073,0.6190476190476191,0.6824324324324325,0.45977011494252873,0.3225806451612903,0.8
1,5,0.05,3,0.05,0.3,log2,0.7333901192504259,0.760398060729778,0.7105388650453028,0.8177826564215148,0.635036496350365,0.375,0.2542372881355932,0.7142857142857143,0.581081081081081,0.41509433962264153,0.2716049382716049,0.88
2,5,0.05,3,0.05,0.4,sqrt,0.7450312322544009,0.7656576200417536,0.7298507462686568,0.8051591657519209,0.635036496350365,0.358974358974359,0.24561403508771928,0.6666666666666666,0.581081081081081,0.41509433962264153,0.2716049382716049,0.88
3,5,0.05,3,0.05,0.4,log2,0.7558205565019875,0.7591036414565826,0.7751716247139588,0.743688254665203,0.7226277372262774,0.40625,0.3023255813953488,0.6190476190476191,0.6081081081081081,0.40816326530612246,0.273972602739726,0.8
4,5,0.05,3,0.05,0.5,sqrt,0.779954571266326,0.7785081451843384,0.8121645796064401,0.747530186608123,0.7737226277372263,0.43636363636363634,0.35294117647058826,0.5714285714285714,0.6148648648648649,0.27848101265822783,0.2037037037037037,0.44
5,5,0.05,3,0.05,0.5,log2,0.7995457126632595,0.818041237113402,0.7711370262390671,0.8710208562019759,0.6934306569343066,0.4166666666666667,0.29411764705882354,0.7142857142857143,0.5945945945945946,0.4117647058823529,0.2727272727272727,0.84
6,5,0.05,3,0.05,0.6,sqrt,0.793015332197615,0.7933087609866742,0.8205278592375367,0.7678375411635565,0.8029197080291971,0.5423728813559322,0.42105263157894735,0.7619047619047619,0.6554054054054054,0.42696629213483145,0.296875,0.76
7,5,0.05,3,0.05,0.6,log2,0.7808063600227144,0.7804323094425484,0.8099173553719008,0.7530186608122942,0.7737226277372263,0.4745762711864407,0.3684210526315789,0.6666666666666666,0.6959459459459459,0.4578313253012048,0.3275862068965517,0.76
8,5,0.05,3,0.05,0.7,sqrt,0.7671777399204998,0.7559523809523809,0.8257477243172952,0.6970362239297475,0.781021897810219,0.4642857142857143,0.37142857142857144,0.6190476190476191,0.668918918918919,0.4235294117647059,0.3,0.72
9,5,0.05,3,0.05,0.7,log2,0.7879045996592845,0.806426535371858,0.7638684339715267,0.854006586169045,0.7007299270072993,0.4057971014492754,0.2916666666666667,0.6666666666666666,0.6013513513513513,0.4158415841584158,0.27631578947368424,0.84
10,5,0.05,3,0.1,0.3,sqrt,0.6467915956842702,0.6550194120909595,0.6619955156950673,0.6481888035126235,0.5912408759124088,0.2631578947368421,0.18181818181818182,0.47619047619047616,0.5337837837837838,0.34285714285714286,0.225,0.72
11,5,0.05,3,0.1,0.3,log2,0.7084043157296991,0.7504252733900365,0.6733536851286525,0.8474204171240395,0.5328467153284672,0.30434782608695654,0.19718309859154928,0.6666666666666666,0.5135135135135135,0.3793103448275862,0.24175824175824176,0.88
12,5,0.05,3,0.1,0.4,sqrt,0.6450880181714934,0.6537396121883656,0.6599552572706935,0.6476399560922064,0.5912408759124088,0.2631578947368421,0.18181818181818182,0.47619047619047616,0.527027027027027,0.33962264150943394,0.2222222222222222,0.72
13,5,0.05,3,0.1,0.4,log2,0.6714934696195344,0.6681961571551477,0.6996996996996997,0.6394072447859495,0.6131386861313869,0.2318840579710145,0.16666666666666666,0.38095238095238093,0.5540540540540541,0.35294117647058826,0.23376623376623376,0.72
14,5,0.05,3,0.1,0.5,sqrt,0.7555366269165247,0.7887116564417178,0.713271193963604,0.8819978046103183,0.6277372262773723,0.4,0.265625,0.8095238095238095,0.5067567567567568,0.37606837606837606,0.2391304347826087,0.88
15,5,0.05,3,0.1,0.5,log2,0.6453719477569563,0.6541124342287455,0.660145332588038,0.6481888035126235,0.5912408759124088,0.2631578947368421,0.18181818181818182,0.47619047619047616,0.527027027027027,0.33962264150943394,0.2222222222222222,0.72
16,5,0.05,3,0.1,0.6,sqrt,0.7703009653605906,0.7909020418712845,0.7474352711284807,0.8397365532381997,0.6642335766423357,0.39473684210526316,0.2727272727272727,0.7142857142857143,0.6013513513513513,0.4158415841584158,0.27631578947368424,0.84
17,5,0.05,3,0.1,0.6,log2,0.7955706984667802,0.7928653624856157,0.8331318016928658,0.756311745334797,0.781021897810219,0.5,0.38461538461538464,0.7142857142857143,0.6959459459459459,0.4444444444444444,0.32142857142857145,0.72
18,5,0.05,3,0.1,0.7,sqrt,0.7410562180579217,0.762993762993763,0.7245804540967423,0.8057080131723381,0.656934306569343,0.38961038961038963,0.26785714285714285,0.7142857142857143,0.5135135135135135,0.28,0.18666666666666668,0.56
19,5,0.05,3,0.1,0.7,log2,0.7362294151050539,0.7647505697644973,0.7099200752233192,0.8287596048298573,0.583941605839416,0.3448275862068966,0.22727272727272727,0.7142857142857143,0.5540540540540541,0.4,0.25882352941176473,0.88
20,5,0.05,4,0.05,0.3,sqrt,0.7771152754116979,0.7904990659194022,0.7693506493506493,0.8128430296377607,0.7299270072992701,0.463768115942029,0.3333333333333333,0.7619047619047619,0.6216216216216216,0.42857142857142855,0.2876712328767123,0.84
21,5,0.05,4,0.05,0.3,log2,0.7691652470187393,0.79680079980005,0.7315282239559431,0.8748627881448957,0.6496350364963503,0.4146341463414634,0.2786885245901639,0.8095238095238095,0.5472972972972973,0.3853211009174312,0.25,0.84
22,5,0.05,4,0.05,0.4,sqrt,0.7842135150482681,0.8010471204188482,0.7657657657657657,0.8397365532381997,0.708029197080292,0.4117647058823529,0.2978723404255319,0.6666666666666666,0.6148648648648649,0.42424242424242425,0.28378378378378377,0.84
23,5,0.05,4,0.05,0.4,log2,0.7589437819420783,0.7822518594511413,0.7342320654790563,0.8369923161361141,0.6715328467153284,0.43037974683544306,0.29310344827586204,0.8095238095238095,0.5743243243243243,0.42201834862385323,0.27380952380952384,0.92
24,5,0.05,4,0.05,0.5,sqrt,0.7779670641680864,0.7693215339233038,0.8316326530612245,0.7156970362239298,0.8175182481751825,0.5098039215686274,0.43333333333333335,0.6190476190476191,0.6486486486486487,0.2972972972972973,0.22448979591836735,0.44
25,5,0.05,4,0.05,0.5,log2,0.7765474162407723,0.791633571617686,0.7647058823529411,0.8205268935236004,0.6861313868613139,0.410958904109589,0.28846153846153844,0.7142857142857143,0.5743243243243243,0.411214953271028,0.2682926829268293,0.88
26,5,0.05,4,0.05,0.6,sqrt,0.7612152186257808,0.7578462424416931,0.7970926711084192,0.7222832052689352,0.7445255474452555,0.4067796610169492,0.3157894736842105,0.5714285714285714,0.6621621621621622,0.375,0.2727272727272727,0.6
27,5,0.05,4,0.05,0.6,log2,0.7805224304372516,0.7931495852287932,0.7738903394255875,0.8133918770581778,0.7591240875912408,0.49230769230769234,0.36363636363636365,0.7619047619047619,0.5540540540540541,0.2826086956521739,0.19402985074626866,0.52
28,5,0.05,4,0.05,0.7,sqrt,0.8310618966496309,0.8407813754348408,0.8203655352480418,0.8622392974753018,0.7591240875912408,0.47619047619047616,0.35714285714285715,0.7142857142857143,0.6283783783783784,0.42105263157894735,0.2857142857142857,0.8
29,5,0.05,4,0.05,0.7,log2,0.8057921635434412,0.8144329896907216,0.8052575107296137,0.8238199780461032,0.7518248175182481,0.45161290322580644,0.34146341463414637,0.6666666666666666,0.581081081081081,0.2619047619047619,0.1864406779661017,0.44
30,5,0.05,4,0.1,0.3,sqrt,0.7064168086314594,0.72367717797969,0.7052083333333333,0.743139407244786,0.6277372262773723,0.32,0.2222222222222222,0.5714285714285714,0.5540540540540541,0.35294117647058826,0.23376623376623376,0.72
31,5,0.05,4,0.1,0.3,log2,0.7314026121521863,0.7566872427983539,0.7120038722168441,0.8073545554335895,0.6131386861313869,0.3291139240506329,0.22413793103448276,0.6190476190476191,0.5405405405405406,0.39285714285714285,0.25287356321839083,0.88
32,5,0.05,4,0.1,0.4,sqrt,0.7155025553662692,0.7247252747252747,0.7255225522552256,0.7239297475301866,0.6642335766423357,0.3783783783783784,0.2641509433962264,0.6666666666666666,0.49324324324324326,0.1935483870967742,0.1323529411764706,0.36
33,5,0.05,4,0.1,0.4,log2,0.7427597955706985,0.7463605823068309,0.7617142857142857,0.7316136114160263,0.7226277372262774,0.3870967741935484,0.2926829268292683,0.5714285714285714,0.5945945945945946,0.3023255813953488,0.21311475409836064,0.52
34,5,0.05,4,0.1,0.5,sqrt,0.644236229415105,0.6522342492367471,0.6597417181358787,0.6448957189901208,0.5912408759124088,0.2631578947368421,0.18181818181818182,0.47619047619047616,0.5405405405405406,0.34615384615384615,0.22784810126582278,0.72
35,5,0.05,4,0.1,0.5,log2,0.6439522998296422,0.6522462562396006,0.6591928251121076,0.6454445664105378,0.5912408759124088,0.2631578947368421,0.18181818181818182,0.47619047619047616,0.527027027027027,0.33962264150943394,0.2222222222222222,0.72
36,5,0.05,4,0.1,0.6,sqrt,0.7583759227711527,0.7694391763749662,0.7597645799892991,0.7793633369923162,0.7007299270072993,0.3880597014925373,0.2826086956521739,0.6190476190476191,0.6013513513513513,0.4158415841584158,0.27631578947368424,0.84
37,5,0.05,4,0.1,0.6,log2,0.7819420783645656,0.7955271565495208,0.7724922440537746,0.8199780461031834,0.6642335766423357,0.3611111111111111,0.2549019607843137,0.6190476190476191,0.5878378378378378,0.4077669902912621,0.2692307692307692,0.84
38,5,0.05,4,0.1,0.7,sqrt,0.787052810902896,0.7883747178329571,0.8112659698025552,0.7667398463227223,0.8029197080291971,0.5263157894736842,0.4166666666666667,0.7142857142857143,0.6418918918918919,0.4175824175824176,0.2878787878787879,0.76
39,5,0.05,4,0.1,0.7,log2,0.7566723452583759,0.7659109532914504,0.7623708537248505,0.7694840834248079,0.708029197080292,0.375,0.27906976744186046,0.5714285714285714,0.6418918918918919,0.4421052631578947,0.3,0.84
40,5,0.05,5,0.05,0.3,sqrt,0.7416240772288473,0.7548491379310345,0.7412698412698413,0.7689352360043907,0.708029197080292,0.3939393939393939,0.28888888888888886,0.6190476190476191,0.6891891891891891,0.4772727272727273,0.3333333333333333,0.84
41,5,0.05,5,0.05,0.3,log2,0.7737081203861442,0.7695865857184158,0.8130726939523518,0.7305159165751921,0.7956204379562044,0.5333333333333333,0.41025641025641024,0.7619047619047619,0.7027027027027027,0.45,0.32727272727272727,0.72
42,5,0.05,5,0.05,0.4,sqrt,0.7981260647359455,0.8138256087981147,0.7781672508763144,0.8529088913282108,0.6788321167883211,0.3888888888888889,0.27450980392156865,0.6666666666666666,0.6216216216216216,0.42857142857142855,0.2876712328767123,0.84
43,5,0.05,5,0.05,0.4,log2,0.7921635434412265,0.8006535947712419,0.7945945945945946,0.8068057080131723,0.7445255474452555,0.46153846153846156,0.3409090909090909,0.7142857142857143,0.668918918918919,0.449438202247191,0.3125,0.8
44,5,0.05,5,0.05,0.5,sqrt,0.7620670073821693,0.7781895182636316,0.7515337423312883,0.8068057080131723,0.6496350364963503,0.3684210526315789,0.2545454545454545,0.6666666666666666,0.6351351351351351,0.4375,0.29577464788732394,0.84
45,5,0.05,5,0.05,0.5,log2,0.7927314026121521,0.8015225666122893,0.7941810344827587,0.8090010976948409,0.7226277372262774,0.42424242424242425,0.3111111111111111,0.6666666666666666,0.6486486486486487,0.44680851063829785,0.30434782608695654,0.84
46,5,0.05,5,0.05,0.6,sqrt,0.845542305508234,0.8556263269639066,0.828365878725591,0.884742041712404,0.7518248175182481,0.48484848484848486,0.35555555555555557,0.7619047619047619,0.6216216216216216,0.391304347826087,0.26865671641791045,0.72
47,5,0.05,5,0.05,0.6,log2,0.7938671209540034,0.7976588628762542,0.8103057757644394,0.7854006586169044,0.7372262773722628,0.41935483870967744,0.3170731707317073,0.6190476190476191,0.6891891891891891,0.4523809523809524,0.3220338983050847,0.76
48,5,0.05,5,0.05,0.7,sqrt,0.8273708120386144,0.8344226579520697,0.8281081081081081,0.8408342480790341,0.7445255474452555,0.46153846153846156,0.3409090909090909,0.7142857142857143,0.722972972972973,0.5060240963855421,0.3620689655172414,0.84
49,5,0.05,5,0.05,0.7,log2,0.7961385576377058,0.8057359307359307,0.7945570971184632,0.8172338090010977,0.7153284671532847,0.417910447761194,0.30434782608695654,0.6666666666666666,0.6148648648648649,0.3595505617977528,0.25,0.64
50,5,0.05,5,0.1,0.3,sqrt,0.6961953435547984,0.6984216459977453,0.7178447276940904,0.6800219538968166,0.635036496350365,0.2647058823529412,0.19148936170212766,0.42857142857142855,0.527027027027027,0.20454545454545456,0.14285714285714285,0.36
51,5,0.05,5,0.1,0.3,log2,0.6771720613287905,0.6743053566313377,0.7052127022168964,0.645993413830955,0.7007299270072993,0.4225352112676056,0.3,0.7142857142857143,0.5945945945945946,0.23076923076923078,0.16981132075471697,0.36
52,5,0.05,5,0.1,0.4,sqrt,0.7206132879045997,0.7193382772390188,0.748812351543943,0.6920965971459934,0.7153284671532847,0.38095238095238093,0.2857142857142857,0.5714285714285714,0.6756756756756757,0.45454545454545453,0.31746031746031744,0.8
53,5,0.05,5,0.1,0.4,log2,0.7126632595116411,0.7305644302449414,0.7094105480868665,0.7530186608122942,0.6204379562043796,0.3157894736842105,0.21818181818181817,0.5714285714285714,0.527027027027027,0.3,0.2,0.6
54,5,0.05,5,0.1,0.5,sqrt,0.7632027257240205,0.790557508789553,0.7287037037037037,0.8638858397365532,0.6204379562043796,0.38095238095238093,0.25396825396825395,0.7619047619047619,0.5067567567567568,0.27722772277227725,0.18421052631578946,0.56
55,5,0.05,5,0.1,0.5,log2,0.7058489494605338,0.7107761027359017,0.7232954545454545,0.6986827661909989,0.7226277372262774,0.3870967741935484,0.2926829268292683,0.5714285714285714,0.6081081081081081,0.2926829268292683,0.21052631578947367,0.48
56,5,0.05,5,0.1,0.6,sqrt,0.7881885292447472,0.8,0.7819706498951782,0.818880351262349,0.7664233576642335,0.5,0.37209302325581395,0.7619047619047619,0.6554054054054054,0.37037037037037035,0.26785714285714285,0.6
57,5,0.05,5,0.1,0.6,log2,0.749290176036343,0.7473533619456366,0.7806335923490735,0.716794731064764,0.7299270072992701,0.4126984126984127,0.30952380952380953,0.6190476190476191,0.6824324324324325,0.45977011494252873,0.3225806451612903,0.8
58,5,0.05,5,0.1,0.7,sqrt,0.7265758091993185,0.7495448634590377,0.7123084527928819,0.7908891328210758,0.6058394160583942,0.34146341463414637,0.22950819672131148,0.6666666666666666,0.527027027027027,0.2857142857142857,0.1917808219178082,0.56
59,5,0.05,5,0.1,0.7,log2,0.7793867120954003,0.779699461298554,0.8064516129032258,0.7546652030735456,0.7591240875912408,0.4406779661016949,0.34210526315789475,0.6190476190476191,0.6351351351351351,0.41304347826086957,0.2835820895522388,0.76
60,5,0.05,6,0.05,0.3,sqrt,0.7072685973878479,0.7451174289245983,0.6779127305443094,0.827113062568606,0.5474452554744526,0.32608695652173914,0.2112676056338028,0.7142857142857143,0.5067567567567568,0.37606837606837606,0.2391304347826087,0.88
61,5,0.05,6,0.05,0.3,log2,0.7495741056218058,0.7502831257078143,0.7748538011695907,0.7272228320526893,0.708029197080292,0.375,0.27906976744186046,0.5714285714285714,0.6013513513513513,0.40404040404040403,0.2702702702702703,0.8
62,5,0.05,6,0.05,0.4,sqrt,0.7825099375354913,0.7902519167579408,0.7885245901639344,0.79198682766191,0.7299270072992701,0.4307692307692308,0.3181818181818182,0.6666666666666666,0.6148648648648649,0.42424242424242425,0.28378378378378377,0.84
63,5,0.05,6,0.05,0.4,log2,0.7913117546848382,0.8005427408412483,0.7917337627482555,0.8095499451152579,0.7153284671532847,0.4,0.29545454545454547,0.6190476190476191,0.6283783783783784,0.42105263157894735,0.2857142857142857,0.8
64,5,0.05,6,0.05,0.5,sqrt,0.760931289040318,0.7574884792626728,0.796969696969697,0.7217343578485181,0.7518248175182481,0.41379310344827586,0.32432432432432434,0.5714285714285714,0.6418918918918919,0.43010752688172044,0.29411764705882354,0.8
65,5,0.05,6,0.05,0.5,log2,0.7759795570698467,0.7878461952137671,0.77227200843437,0.8040614709110867,0.7445255474452555,0.46153846153846156,0.3409090909090909,0.7142857142857143,0.5472972972972973,0.26373626373626374,0.18181818181818182,0.48
66,5,0.05,6,0.05,0.6,sqrt,0.806076093128904,0.8228274967574578,0.780127889818003,0.8704720087815587,0.6934306569343066,0.4166666666666667,0.29411764705882354,0.7142857142857143,0.581081081081081,0.38,0.25333333333333335,0.76
67,5,0.05,6,0.05,0.6,log2,0.8350369108461102,0.8475465757019155,0.811965811965812,0.8863885839736553,0.7299270072992701,0.4307692307692308,0.3181818181818182,0.6666666666666666,0.6148648648648649,0.4,0.2714285714285714,0.76
68,5,0.05,6,0.05,0.7,sqrt,0.7853492333901193,0.7911602209944751,0.796440489432703,0.7859495060373216,0.7299270072992701,0.4307692307692308,0.3181818181818182,0.6666666666666666,0.6554054054054054,0.42696629213483145,0.296875,0.76
69,5,0.05,6,0.05,0.7,log2,0.8304940374787053,0.8375510204081633,0.8305450620615219,0.8446761800219539,0.7737226277372263,0.5079365079365079,0.38095238095238093,0.7619047619047619,0.6418918918918919,0.4175824175824176,0.2878787878787879,0.76
70,5,0.05,6,0.1,0.3,sqrt,0.6450880181714934,0.6529705719044975,0.6606741573033708,0.6454445664105378,0.5912408759124088,0.2631578947368421,0.18181818181818182,0.47619047619047616,0.5337837837837838,0.34285714285714286,0.225,0.72
71,5,0.05,6,0.1,0.3,log2,0.6263486655309484,0.6229226361031519,0.6516786570743405,0.5965971459934138,0.6277372262773723,0.2153846153846154,0.1590909090909091,0.3333333333333333,0.5067567567567568,0.26262626262626265,0.17567567567567569,0.52
72,5,0.05,6,0.1,0.4,sqrt,0.6479273140261215,0.6221815965874467,0.6993150684931507,0.5603732162458837,0.7445255474452555,0.4262295081967213,0.325,0.6190476190476191,0.6283783783783784,0.22535211267605634,0.17391304347826086,0.32
73,5,0.05,6,0.1,0.4,log2,0.645655877342419,0.6542936288088642,0.6605145413870246,0.6481888035126235,0.5912408759124088,0.2631578947368421,0.18181818181818182,0.47619047619047616,0.5337837837837838,0.34285714285714286,0.225,0.72
74,5,0.05,6,0.1,0.5,sqrt,0.6436683702441794,0.6520654283337954,0.6588235294117647,0.6454445664105378,0.5912408759124088,0.2631578947368421,0.18181818181818182,0.47619047619047616,0.5337837837837838,0.3300970873786408,0.21794871794871795,0.68
75,5,0.05,6,0.1,0.5,log2,0.7393526405451448,0.7405313736574336,0.7634032634032634,0.7189901207464325,0.7153284671532847,0.43478260869565216,0.3125,0.7142857142857143,0.6824324324324325,0.47191011235955055,0.328125,0.84
76,5,0.05,6,0.1,0.6,sqrt,0.7589437819420783,0.7804499612102405,0.7378973105134474,0.8282107574094402,0.6423357664233577,0.379746835443038,0.25862068965517243,0.7142857142857143,0.6013513513513513,0.3917525773195876,0.2638888888888889,0.76
77,5,0.05,6,0.1,0.6,log2,0.7833617262918796,0.8027914189713105,0.7586712261846604,0.8523600439077936,0.6715328467153284,0.4155844155844156,0.2857142857142857,0.7619047619047619,0.5540540540540541,0.36538461538461536,0.24050632911392406,0.76
78,5,0.05,6,0.1,0.7,sqrt,0.7251561612720046,0.7549367088607595,0.7006578947368421,0.818331503841932,0.583941605839416,0.3448275862068966,0.22727272727272727,0.7142857142857143,0.5135135135135135,0.32075471698113206,0.20987654320987653,0.68
79,5,0.05,6,0.1,0.7,log2,0.7654741624077229,0.7577712609970675,0.8136020151133502,0.7091108671789242,0.8175182481751825,0.5614035087719298,0.4444444444444444,0.7619047619047619,0.6891891891891891,0.4523809523809524,0.3220338983050847,0.76
80,5,0.05,7,0.05,0.3,sqrt,0.7467348097671778,0.7531820697288323,0.7594866071428571,0.7469813391877058,0.708029197080292,0.3939393939393939,0.28888888888888886,0.6190476190476191,0.581081081081081,0.39215686274509803,0.2597402597402597,0.8
81,5,0.05,7,0.05,0.3,log2,0.7558205565019875,0.7663043478260869,0.7588805166846071,0.7738748627881449,0.6788321167883211,0.35294117647058826,0.2553191489361702,0.5714285714285714,0.6959459459459459,0.4827586206896552,0.3387096774193548,0.84
82,5,0.05,7,0.05,0.4,sqrt,0.7896081771720613,0.8078817733990148,0.7656019656019656,0.8551042810098792,0.708029197080292,0.4594594594594595,0.32075471698113206,0.8095238095238095,0.6486486486486487,0.4583333333333333,0.30985915492957744,0.88
83,5,0.05,7,0.05,0.4,log2,0.7737081203861442,0.784885290148448,0.7721720658523632,0.7980241492864983,0.7226277372262774,0.42424242424242425,0.3111111111111111,0.6666666666666666,0.6216216216216216,0.40425531914893614,0.2753623188405797,0.76
84,5,0.05,7,0.05,0.5,sqrt,0.80465644520159,0.8147549811523963,0.7996828752642706,0.8304061470911087,0.7372262773722628,0.4375,0.32558139534883723,0.6666666666666666,0.668918918918919,0.449438202247191,0.3125,0.8
85,5,0.05,7,0.05,0.5,log2,0.7995457126632595,0.8105206655931294,0.7930672268907563,0.8287596048298573,0.7299270072992701,0.4126984126984127,0.30952380952380953,0.6190476190476191,0.6418918918918919,0.43010752688172044,0.29411764705882354,0.8
86,5,0.05,7,0.05,0.6,sqrt,0.8114707552526973,0.8200542005420054,0.8099571734475375,0.8304061470911087,0.7153284671532847,0.4507042253521127,0.32,0.7619047619047619,0.722972972972973,0.5176470588235295,0.36666666666666664,0.88
87,5,0.05,7,0.05,0.6,log2,0.78137421919364,0.7830985915492957,0.8043981481481481,0.7628979143798024,0.7956204379562044,0.48148148148148145,0.3939393939393939,0.6190476190476191,0.6418918918918919,0.43010752688172044,0.29411764705882354,0.8
88,5,0.05,7,0.05,0.7,sqrt,0.8336172629187961,0.8364042434394193,0.8511363636363637,0.8221734357848518,0.7591240875912408,0.4406779661016949,0.34210526315789475,0.6190476190476191,0.7027027027027027,0.3333333333333333,0.2682926829268293,0.44
89,5,0.05,7,0.05,0.7,log2,0.8358886996024986,0.8455371459112774,0.8239583333333333,0.8682766190998902,0.7299270072992701,0.4307692307692308,0.3181818181818182,0.6666666666666666,0.6351351351351351,0.4375,0.29577464788732394,0.84
90,5,0.05,7,0.1,0.3,sqrt,0.6453719477569563,0.6541124342287455,0.660145332588038,0.6481888035126235,0.5912408759124088,0.2631578947368421,0.18181818181818182,0.47619047619047616,0.527027027027027,0.33962264150943394,0.2222222222222222,0.72
91,5,0.05,7,0.1,0.3,log2,0.6445201590005678,0.6524153248195447,0.6601123595505618,0.6448957189901208,0.5912408759124088,0.2631578947368421,0.18181818181818182,0.47619047619047616,0.5405405405405406,0.34615384615384615,0.22784810126582278,0.72
92,5,0.05,7,0.1,0.4,sqrt,0.6450880181714934,0.6539313399778516,0.6597765363128492,0.6481888035126235,0.5912408759124088,0.2631578947368421,0.18181818181818182,0.47619047619047616,0.527027027027027,0.33962264150943394,0.2222222222222222,0.72
93,5,0.05,7,0.1,0.4,log2,0.6428165814877911,0.6501668520578421,0.6589627959413754,0.641602634467618,0.5985401459854015,0.26666666666666666,0.18518518518518517,0.47619047619047616,0.5202702702702703,0.3364485981308411,0.21951219512195122,0.72
94,5,0.05,7,0.1,0.5,sqrt,0.7277115275411697,0.7251361421610777,0.7588482303539292,0.6942919868276619,0.7299270072992701,0.39344262295081966,0.3,0.5714285714285714,0.6283783783783784,0.4329896907216495,0.2916666666666667,0.84
95,5,0.05,7,0.1,0.5,log2,0.771152754116979,0.7954314720812182,0.7398489140698773,0.8600439077936334,0.6715328467153284,0.4155844155844156,0.2857142857142857,0.7619047619047619,0.5,0.27450980392156865,0.18181818181818182,0.56
96,5,0.05,7,0.1,0.6,sqrt,0.7362294151050539,0.7618559343758011,0.7147667147667147,0.8155872667398463,0.6131386861313869,0.3764705882352941,0.25,0.7619047619047619,0.5472972972972973,0.3853211009174312,0.25,0.84
97,5,0.05,7,0.1,0.6,log2,0.7575241340147644,0.7747890295358649,0.7456852791878172,0.8062568605927553,0.6861313868613139,0.410958904109589,0.28846153846153844,0.7142857142857143,0.5540540540540541,0.2826086956521739,0.19402985074626866,0.52
98,5,0.05,7,0.1,0.7,sqrt,0.7575241340147644,0.7780665280665281,0.7388943731490621,0.8216245883644346,0.6715328467153284,0.4,0.2777777777777778,0.7142857142857143,0.5675675675675675,0.39622641509433965,0.25925925925925924,0.84
99,5,0.05,7,0.1,0.7,log2,0.7467348097671778,0.7792079207920792,0.7096483318304779,0.8638858397365532,0.6058394160583942,0.35714285714285715,0.23809523809523808,0.7142857142857143,0.5405405405405406,0.38181818181818183,0.24705882352941178,0.84
100,5,0.05,8,0.05,0.3,sqrt,0.779954571266326,0.7711839385887216,0.8345047923322684,0.716794731064764,0.8029197080291971,0.509090909090909,0.4117647058823529,0.6666666666666666,0.6959459459459459,0.4578313253012048,0.3275862068965517,0.76
101,5,0.05,8,0.05,0.3,log2,0.7765474162407723,0.7977383705988178,0.750120831319478,0.8518111964873765,0.6715328467153284,0.4155844155844156,0.2857142857142857,0.7619047619047619,0.581081081081081,0.39215686274509803,0.2597402597402597,0.8
102,5,0.05,8,0.05,0.4,sqrt,0.7862010221465077,0.7928473177441541,0.794815223386652,0.7908891328210758,0.7153284671532847,0.38095238095238093,0.2857142857142857,0.5714285714285714,0.6554054054054054,0.43956043956043955,0.30303030303030304,0.8
103,5,0.05,8,0.05,0.4,log2,0.7796706416808632,0.7956819378620327,0.7646761133603239,0.8293084522502744,0.6934306569343066,0.4166666666666667,0.29411764705882354,0.7142857142857143,0.5878378378378378,0.3711340206185567,0.25,0.72
104,5,0.05,8,0.05,0.5,sqrt,0.8145939806927882,0.8252609044688253,0.8052219321148825,0.8463227222832053,0.7372262773722628,0.47058823529411764,0.3404255319148936,0.7619047619047619,0.6216216216216216,0.4166666666666667,0.28169014084507044,0.8
105,5,0.05,8,0.05,0.5,log2,0.78137421919364,0.7885777045579352,0.789010989010989,0.7881448957189902,0.7153284671532847,0.4,0.29545454545454547,0.6190476190476191,0.6283783783783784,0.42105263157894735,0.2857142857142857,0.8
106,5,0.05,8,0.05,0.6,sqrt,0.8282226007950029,0.8419127253723543,0.8034912718204489,0.8841931942919868,0.7591240875912408,0.5074626865671642,0.3695652173913043,0.8095238095238095,0.6486486486486487,0.43478260869565216,0.29850746268656714,0.8
107,5,0.05,8,0.05,0.6,log2,0.7955706984667802,0.8057204533189423,0.7924628450106157,0.8194291986827662,0.7299270072992701,0.4126984126984127,0.30952380952380953,0.6190476190476191,0.5608108108108109,0.2696629213483146,0.1875,0.48
108,5,0.05,8,0.05,0.7,sqrt,0.7856331629755821,0.7917241379310345,0.7958957293399889,0.787596048298573,0.7372262773722628,0.45454545454545453,0.3333333333333333,0.7142857142857143,0.6621621621621622,0.4318181818181818,0.30158730158730157,0.76
109,5,0.05,8,0.05,0.7,log2,0.8228279386712095,0.8329764453961456,0.812957157784744,0.854006586169045,0.7299270072992701,0.4126984126984127,0.30952380952380953,0.6190476190476191,0.6554054054054054,0.43956043956043955,0.30303030303030304,0.8
110,5,0.05,8,0.1,0.3,sqrt,0.6428165814877911,0.6524861878453039,0.6568409343715239,0.6481888035126235,0.5912408759124088,0.2631578947368421,0.18181818181818182,0.47619047619047616,0.5337837837837838,0.35514018691588783,0.23170731707317074,0.76
111,5,0.05,8,0.1,0.3,log2,0.6453719477569563,0.6541124342287455,0.660145332588038,0.6481888035126235,0.5912408759124088,0.2631578947368421,0.18181818181818182,0.47619047619047616,0.527027027027027,0.33962264150943394,0.2222222222222222,0.72
112,5,0.05,8,0.1,0.4,sqrt,0.6453719477569563,0.6541124342287455,0.660145332588038,0.6481888035126235,0.5912408759124088,0.2631578947368421,0.18181818181818182,0.47619047619047616,0.527027027027027,0.33962264150943394,0.2222222222222222,0.72
113,5,0.05,8,0.1,0.4,log2,0.6996024985803521,0.7443209279845336,0.6649395509499136,0.845225027442371,0.5693430656934306,0.3516483516483517,0.22857142857142856,0.7619047619047619,0.4391891891891892,0.25225225225225223,0.16279069767441862,0.56
114,5,0.05,8,0.1,0.5,sqrt,0.6890971039182283,0.7091633466135459,0.6870818322182193,0.7327113062568605,0.5912408759124088,0.3,0.2033898305084746,0.5714285714285714,0.5337837837837838,0.3669724770642202,0.23809523809523808,0.8
115,5,0.05,8,0.1,0.5,log2,0.6766042021578649,0.665884423584629,0.7151858853182105,0.6229418221734357,0.6715328467153284,0.2857142857142857,0.21428571428571427,0.42857142857142855,0.5878378378378378,0.3711340206185567,0.25,0.72
116,5,0.05,8,0.1,0.6,sqrt,0.7646223736513345,0.7767304066792351,0.7625594923320994,0.7914379802414928,0.7226277372262774,0.42424242424242425,0.3111111111111111,0.6666666666666666,0.6081081081081081,0.43137254901960786,0.2857142857142857,0.88
117,5,0.05,8,0.1,0.6,log2,0.74190800681431,0.7431477818592823,0.7658707047175306,0.7217343578485181,0.7226277372262774,0.36666666666666664,0.28205128205128205,0.5238095238095238,0.6621621621621622,0.32432432432432434,0.24489795918367346,0.48
118,5,0.05,8,0.1,0.7,sqrt,0.7842135150482681,0.7900552486187845,0.7953281423804227,0.7848518111964874,0.7372262773722628,0.41935483870967744,0.3170731707317073,0.6190476190476191,0.6351351351351351,0.425531914893617,0.2898550724637681,0.8
119,5,0.05,8,0.1,0.7,log2,0.7620670073821693,0.7759358288770053,0.7565172054223149,0.796377607025247,0.656934306569343,0.3561643835616438,0.25,0.6190476190476191,0.6081081081081081,0.42,0.28,0.84
120,5,0.05,9,0.05,0.3,sqrt,0.7526973310618966,0.7527675276752768,0.7795414462081128,0.7277716794731065,0.7299270072992701,0.4126984126984127,0.30952380952380953,0.6190476190476191,0.5878378378378378,0.32967032967032966,0.22727272727272727,0.6
121,5,0.05,9,0.05,0.3,log2,0.768313458262351,0.7957957957957958,0.7313707451701932,0.8726673984632273,0.635036496350365,0.358974358974359,0.24561403508771928,0.6666666666666666,0.581081081081081,0.40384615384615385,0.26582278481012656,0.84
122,5,0.05,9,0.05,0.4,sqrt,0.8043725156161272,0.8031990859754355,0.8374032162001191,0.7716794731064764,0.7883211678832117,0.5084745762711864,0.39473684210526316,0.7142857142857143,0.6824324324324325,0.43373493975903615,0.3103448275862069,0.72
123,5,0.05,9,0.05,0.4,log2,0.7680295286768881,0.7915284511354937,0.7396280400572246,0.8512623490669594,0.7007299270072993,0.4225352112676056,0.3,0.7142857142857143,0.6148648648648649,0.42424242424242425,0.28378378378378377,0.84
124,5,0.05,9,0.05,0.5,sqrt,0.778534923339012,0.7861842105263158,0.7853231106243155,0.7870472008781558,0.708029197080292,0.4117647058823529,0.2978723404255319,0.6666666666666666,0.6216216216216216,0.42857142857142855,0.2876712328767123,0.84
125,5,0.05,9,0.05,0.5,log2,0.7370812038614424,0.7565720294426919,0.7260343087790111,0.7897914379802415,0.6642335766423357,0.39473684210526316,0.2727272727272727,0.7142857142857143,0.6148648648648649,0.42424242424242425,0.28378378378378377,0.84
126,5,0.05,9,0.05,0.6,sqrt,0.8083475298126065,0.821664464993395,0.7921548650025472,0.8534577387486278,0.6861313868613139,0.39436619718309857,0.28,0.6666666666666666,0.6081081081081081,0.40816326530612246,0.273972602739726,0.8
127,5,0.05,9,0.05,0.6,log2,0.7796706416808632,0.7882096069868996,0.7839305103148752,0.7925356750823271,0.7591240875912408,0.45901639344262296,0.35,0.6666666666666666,0.6351351351351351,0.4489795918367347,0.3013698630136986,0.88
128,5,0.05,9,0.05,0.7,sqrt,0.8089153889835321,0.8117482517482517,0.8277239018824871,0.796377607025247,0.8175182481751825,0.5454545454545454,0.4411764705882353,0.7142857142857143,0.668918918918919,0.4367816091954023,0.3064516129032258,0.76
129,5,0.05,9,0.05,0.7,log2,0.8006814310051107,0.8051082731815657,0.8146067415730337,0.7958287596048299,0.7372262773722628,0.45454545454545453,0.3333333333333333,0.7142857142857143,0.6756756756756757,0.4418604651162791,0.3114754098360656,0.76
130,5,0.05,9,0.1,0.3,sqrt,0.641396933560477,0.6515862068965518,0.6550194120909595,0.6481888035126235,0.583941605839416,0.2597402597402597,0.17857142857142858,0.47619047619047616,0.5337837837837838,0.34285714285714286,0.225,0.72
131,5,0.05,9,0.1,0.3,log2,0.6334469051675184,0.6339665438049333,0.6557184750733138,0.6136114160263447,0.6131386861313869,0.2535211267605634,0.18,0.42857142857142855,0.4594594594594595,0.16666666666666666,0.11267605633802817,0.32
132,5,0.05,9,0.1,0.4,sqrt,0.5900056785917093,0.5841013824884793,0.6145454545454545,0.5565312843029637,0.5766423357664233,0.275,0.1864406779661017,0.5238095238095238,0.47297297297297297,0.11363636363636363,0.07936507936507936,0.2
133,5,0.05,9,0.1,0.4,log2,0.6649630891538898,0.6653431650595576,0.6883802816901409,0.6437980241492866,0.6131386861313869,0.273972602739726,0.19230769230769232,0.47619047619047616,0.5472972972972973,0.32323232323232326,0.21621621621621623,0.64
134,5,0.05,9,0.1,0.5,sqrt,0.6462237365133446,0.6546563192904656,0.6612541993281075,0.6481888035126235,0.5912408759124088,0.2631578947368421,0.18181818181818182,0.47619047619047616,0.5337837837837838,0.34285714285714286,0.225,0.72
135,5,0.05,9,0.1,0.5,log2,0.6936399772856332,0.7216920299200412,0.6807785888077859,0.7678375411635565,0.5693430656934306,0.3218390804597701,0.21212121212121213,0.6666666666666666,0.5,0.3148148148148148,0.20481927710843373,0.68
136,5,0.05,9,0.1,0.6,sqrt,0.7314026121521863,0.7558079504388229,0.7134502923976608,0.8035126234906695,0.5985401459854015,0.3373493975903614,0.22580645161290322,0.6666666666666666,0.5202702702702703,0.3106796116504854,0.20512820512820512,0.64
137,5,0.05,9,0.1,0.6,log2,0.759511641113004,0.7722506050013445,0.7569847127042699,0.7881448957189902,0.6788321167883211,0.37142857142857144,0.2653061224489796,0.6190476190476191,0.5608108108108109,0.2857142857142857,0.19696969696969696,0.52
138,5,0.05,9,0.1,0.7,sqrt,0.7614991482112436,0.7841726618705036,0.7371980676328502,0.8375411635565313,0.6861313868613139,0.410958904109589,0.28846153846153844,0.7142857142857143,0.6013513513513513,0.4158415841584158,0.27631578947368424,0.84
139,5,0.05,9,0.1,0.7,log2,0.7734241908006815,0.7784564131038312,0.7876404494382022,0.7694840834248079,0.7153284671532847,0.417910447761194,0.30434782608695654,0.6666666666666666,0.6216216216216216,0.4166666666666667,0.28169014084507044,0.8
140,5,0.1,3,0.05,0.3,sqrt,0.8077796706416809,0.8205671879141266,0.7934392619169657,0.849615806805708,0.708029197080292,0.42857142857142855,0.30612244897959184,0.7142857142857143,0.6216216216216216,0.44,0.29333333333333333,0.88
141,5,0.1,3,0.05,0.3,log2,0.7424758659852356,0.7685634090329165,0.7181688125894135,0.8265642151481888,0.6131386861313869,0.3764705882352941,0.25,0.7619047619047619,0.527027027027027,0.36363636363636365,0.23529411764705882,0.8
142,5,0.1,3,0.05,0.4,sqrt,0.7592277115275412,0.7775445960125918,0.7447236180904523,0.8133918770581778,0.6496350364963503,0.3684210526315789,0.2545454545454545,0.6666666666666666,0.5878378378378378,0.4077669902912621,0.2692307692307692,0.84
143,5,0.1,3,0.05,0.4,log2,0.7808063600227144,0.7966280295047419,0.7659574468085106,0.8298572996706916,0.708029197080292,0.4444444444444444,0.3137254901960784,0.7619047619047619,0.5945945945945946,0.4117647058823529,0.2727272727272727,0.84
144,5,0.1,3,0.05,0.5,sqrt,0.8015332197614992,0.8088597210828548,0.8059945504087194,0.8117453347969265,0.7445255474452555,0.4444444444444444,0.3333333333333333,0.6666666666666666,0.6621621621621622,0.4444444444444444,0.3076923076923077,0.8
145,5,0.1,3,0.05,0.5,log2,0.768313458262351,0.7715565509518477,0.7874285714285715,0.756311745334797,0.7372262773722628,0.4375,0.32558139534883723,0.6666666666666666,0.6418918918918919,0.4421052631578947,0.3,0.84
146,5,0.1,3,0.05,0.6,sqrt,0.8106189664963089,0.8241497495386237,0.7929984779299848,0.8578485181119648,0.7372262773722628,0.4375,0.32558139534883723,0.6666666666666666,0.5945945945945946,0.3617021276595745,0.2463768115942029,0.68
147,5,0.1,3,0.05,0.6,log2,0.7612152186257808,0.7723951285520975,0.7618793379604912,0.783205268935236,0.6788321167883211,0.3888888888888889,0.27450980392156865,0.6666666666666666,0.6621621621621622,0.4318181818181818,0.30158730158730157,0.76
148,5,0.1,3,0.05,0.7,sqrt,0.8009653605905735,0.8048984135819649,0.8164878599661208,0.7936333699231614,0.7664233576642335,0.4666666666666667,0.358974358974359,0.6666666666666666,0.6621621621621622,0.4444444444444444,0.3076923076923077,0.8
149,5,0.1,3,0.05,0.7,log2,0.7768313458262351,0.7891630901287554,0.7717733473242392,0.8073545554335895,0.7226277372262774,0.42424242424242425,0.3111111111111111,0.6666666666666666,0.6148648648648649,0.42424242424242425,0.28378378378378377,0.84
150,5,0.1,3,0.1,0.3,sqrt,0.6303236797274276,0.6452316076294278,0.6406926406926406,0.6498353457738749,0.5620437956204379,0.25,0.1694915254237288,0.47619047619047616,0.5067567567567568,0.3302752293577982,0.21428571428571427,0.72
151,5,0.1,3,0.1,0.3,log2,0.6467915956842702,0.6550194120909595,0.6619955156950673,0.6481888035126235,0.5912408759124088,0.2631578947368421,0.18181818181818182,0.47619047619047616,0.527027027027027,0.33962264150943394,0.2222222222222222,0.72
152,5,0.1,3,0.1,0.4,sqrt,0.644236229415105,0.6530047078371642,0.6590273896031302,0.6470911086717892,0.5912408759124088,0.2631578947368421,0.18181818181818182,0.47619047619047616,0.527027027027027,0.33962264150943394,0.2222222222222222,0.72
153,5,0.1,3,0.1,0.4,log2,0.6592844974446337,0.6519721577726219,0.6912669126691267,0.6169045005488474,0.635036496350365,0.32432432432432434,0.22641509433962265,0.5714285714285714,0.4864864864864865,0.11627906976744186,0.08196721311475409,0.2
154,5,0.1,3,0.1,0.5,sqrt,0.7342419080068143,0.7620742247076767,0.7097537878787878,0.822722283205269,0.6131386861313869,0.3614457831325301,0.24193548387096775,0.7142857142857143,0.5540540540540541,0.3888888888888889,0.25301204819277107,0.84
155,5,0.1,3,0.1,0.5,log2,0.7583759227711527,0.7728849746463837,0.7522077922077922,0.7947310647639956,0.6861313868613139,0.39436619718309857,0.28,0.6666666666666666,0.5472972972972973,0.29473684210526313,0.2,0.56
156,5,0.1,3,0.1,0.6,sqrt,0.7487223168654173,0.7437011294526499,0.7872470876762723,0.7047200878155873,0.7445255474452555,0.4444444444444444,0.3333333333333333,0.6666666666666666,0.6418918918918919,0.4421052631578947,0.3,0.84
157,5,0.1,3,0.1,0.6,log2,0.7342419080068143,0.7641129032258065,0.706430568499534,0.8320526893523601,0.6058394160583942,0.37209302325581395,0.24615384615384617,0.7619047619047619,0.5405405405405406,0.39285714285714285,0.25287356321839083,0.88
158,5,0.1,3,0.1,0.7,sqrt,0.712947189097104,0.75287215839648,0.6787130894667255,0.845225027442371,0.5766423357664233,0.3695652173913043,0.23943661971830985,0.8095238095238095,0.4864864864864865,0.36666666666666664,0.23157894736842105,0.88
159,5,0.1,3,0.1,0.7,log2,0.7518455423055083,0.7505707762557078,0.781807372175981,0.7217343578485181,0.7518248175182481,0.45161290322580644,0.34146341463414637,0.6666666666666666,0.6283783783783784,0.42105263157894735,0.2857142857142857,0.8
160,5,0.1,4,0.05,0.3,sqrt,0.7981260647359455,0.8073692766188025,0.7972177635098984,0.8177826564215148,0.7445255474452555,0.4444444444444444,0.3333333333333333,0.6666666666666666,0.6756756756756757,0.45454545454545453,0.31746031746031744,0.8
161,5,0.1,4,0.05,0.3,log2,0.7427597955706985,0.7610759493670886,0.73248730964467,0.79198682766191,0.6715328467153284,0.4,0.2777777777777778,0.7142857142857143,0.5540540540540541,0.2826086956521739,0.19402985074626866,0.52
162,5,0.1,4,0.05,0.4,sqrt,0.8165814877910278,0.8347826086956521,0.7816091954022989,0.8957189901207464,0.6934306569343066,0.43243243243243246,0.3018867924528302,0.7619047619047619,0.6013513513513513,0.4158415841584158,0.27631578947368424,0.84
163,5,0.1,4,0.05,0.4,log2,0.7634866553094832,0.7624750499001997,0.7934718100890208,0.7338090010976949,0.7372262773722628,0.41935483870967744,0.3170731707317073,0.6190476190476191,0.6216216216216216,0.3488372093023256,0.2459016393442623,0.6
164,5,0.1,4,0.05,0.5,sqrt,0.7677455990914254,0.7778381314502988,0.7698924731182796,0.7859495060373216,0.7445255474452555,0.46153846153846156,0.3409090909090909,0.7142857142857143,0.6418918918918919,0.43010752688172044,0.29411764705882354,0.8
165,5,0.1,4,0.05,0.5,log2,0.8038046564452016,0.8146956288549209,0.7965390665967488,0.8336992316136114,0.7518248175182481,0.45161290322580644,0.34146341463414637,0.6666666666666666,0.581081081081081,0.27906976744186046,0.19672131147540983,0.48
166,5,0.1,4,0.05,0.6,sqrt,0.7756956274843839,0.7769621682665161,0.8,0.7552140504939627,0.7518248175182481,0.45161290322580644,0.34146341463414637,0.6666666666666666,0.5405405405405406,0.24444444444444444,0.16923076923076924,0.44
167,5,0.1,4,0.05,0.6,log2,0.8188529244747302,0.8369120654396728,0.7832535885167464,0.898463227222832,0.708029197080292,0.4444444444444444,0.3137254901960784,0.7619047619047619,0.6418918918918919,0.43010752688172044,0.29411764705882354,0.8
168,5,0.1,4,0.05,0.7,sqrt,0.7950028392958546,0.8045479155387114,0.7938034188034188,0.8155872667398463,0.7737226277372263,0.5079365079365079,0.38095238095238093,0.7619047619047619,0.6351351351351351,0.37209302325581395,0.26229508196721313,0.64
169,5,0.1,4,0.05,0.7,log2,0.7992617830777967,0.8136040073820195,0.7828513444951801,0.8468715697036224,0.6861313868613139,0.37681159420289856,0.2708333333333333,0.6190476190476191,0.6148648648648649,0.41237113402061853,0.2777777777777778,0.8
170,5,0.1,4,0.1,0.3,sqrt,0.7160704145371948,0.7566909975669099,0.6796328671328671,0.8534577387486278,0.5766423357664233,0.35555555555555557,0.2318840579710145,0.7619047619047619,0.5067567567567568,0.3047619047619048,0.2,0.64
171,5,0.1,4,0.1,0.3,log2,0.6467915956842702,0.6550194120909595,0.6619955156950673,0.6481888035126235,0.5912408759124088,0.2631578947368421,0.18181818181818182,0.47619047619047616,0.527027027027027,0.33962264150943394,0.2222222222222222,0.72
172,5,0.1,4,0.1,0.4,sqrt,0.6692220329358319,0.6533769711395419,0.7134502923976608,0.6026344676180022,0.635036496350365,0.2647058823529412,0.19148936170212766,0.42857142857142855,0.6351351351351351,0.38636363636363635,0.2698412698412698,0.68
173,5,0.1,4,0.1,0.4,log2,0.7515616127200454,0.7782002534854245,0.7230334432406971,0.8424807903402854,0.6642335766423357,0.41025641025641024,0.2807017543859649,0.7619047619047619,0.5405405405405406,0.38181818181818183,0.24705882352941178,0.84
174,5,0.1,4,0.1,0.5,sqrt,0.7058489494605338,0.7318840579710145,0.692458374142997,0.7760702524698134,0.5620437956204379,0.3023255813953488,0.2,0.6190476190476191,0.5067567567567568,0.27722772277227725,0.18421052631578946,0.56
175,5,0.1,4,0.1,0.5,log2,0.7126632595116411,0.7359081419624217,0.7014925373134329,0.7738748627881449,0.6423357664233577,0.36363636363636365,0.25,0.6666666666666666,0.4864864864864865,0.2549019607843137,0.16883116883116883,0.52
176,5,0.1,4,0.1,0.6,sqrt,0.7643384440658717,0.7771213748657357,0.7607781282860148,0.7941822173435785,0.7153284671532847,0.4,0.29545454545454547,0.6190476190476191,0.6351351351351351,0.425531914893617,0.2898550724637681,0.8
177,5,0.1,4,0.1,0.6,log2,0.7385008517887564,0.7626900283432105,0.718795531811559,0.8122941822173436,0.6058394160583942,0.325,0.22033898305084745,0.6190476190476191,0.49324324324324326,0.25742574257425743,0.17105263157894737,0.52
178,5,0.1,4,0.1,0.7,sqrt,0.7294151050539466,0.7478168827732204,0.7220235053653551,0.7755214050493963,0.6423357664233577,0.36363636363636365,0.25,0.6666666666666666,0.5202702702702703,0.2828282828282828,0.1891891891891892,0.56
179,5,0.1,4,0.1,0.7,log2,0.7396365701306076,0.7632326361993287,0.7206240858117992,0.8111964873765093,0.6131386861313869,0.345679012345679,0.23333333333333334,0.6666666666666666,0.5,0.24489795918367346,0.1643835616438356,0.48
180,5,0.1,5,0.05,0.3,sqrt,0.7853492333901193,0.7864406779661017,0.810244470314319,0.7639956092206367,0.7445255474452555,0.4262295081967213,0.325,0.6190476190476191,0.6351351351351351,0.2894736842105263,0.21568627450980393,0.44
181,5,0.1,5,0.05,0.3,log2,0.7714366837024418,0.7724059937800396,0.7965014577259475,0.7497255762897914,0.7445255474452555,0.4444444444444444,0.3333333333333333,0.6666666666666666,0.6959459459459459,0.47058823529411764,0.3333333333333333,0.8
182,5,0.1,5,0.05,0.4,sqrt,0.7512776831345827,0.7689873417721519,0.7401015228426396,0.8002195389681669,0.6277372262773723,0.35443037974683544,0.2413793103448276,0.6666666666666666,0.6013513513513513,0.4158415841584158,0.27631578947368424,0.84
183,5,0.1,5,0.05,0.4,log2,0.782793867120954,0.7908121410992617,0.7880108991825613,0.7936333699231614,0.7518248175182481,0.45161290322580644,0.34146341463414637,0.6666666666666666,0.6283783783783784,0.40860215053763443,0.27941176470588236,0.76
184,5,0.1,5,0.05,0.5,sqrt,0.7666098807495741,0.7730535615681944,0.7777777777777778,0.7683863885839737,0.6934306569343066,0.4,0.2857142857142857,0.6666666666666666,0.5675675675675675,0.28888888888888886,0.2,0.52
185,5,0.1,5,0.05,0.5,log2,0.8066439522998297,0.8261424559611948,0.7723150357995227,0.8880351262349067,0.6861313868613139,0.410958904109589,0.28846153846153844,0.7142857142857143,0.6148648648648649,0.42424242424242425,0.28378378378378377,0.84
186,5,0.1,5,0.05,0.6,sqrt,0.7441794434980125,0.7537578573380705,0.7506804572672836,0.756860592755214,0.6934306569343066,0.38235294117647056,0.2765957446808511,0.6190476190476191,0.6013513513513513,0.4158415841584158,0.27631578947368424,0.84
187,5,0.1,5,0.05,0.6,log2,0.7901760363429869,0.7998916869753588,0.78941742383752,0.8106476399560922,0.7299270072992701,0.44776119402985076,0.32608695652173914,0.7142857142857143,0.581081081081081,0.27906976744186046,0.19672131147540983,0.48
188,5,0.1,5,0.05,0.7,sqrt,0.7677455990914254,0.7734072022160665,0.7807606263982103,0.7661909989023051,0.7299270072992701,0.4307692307692308,0.3181818181818182,0.6666666666666666,0.5743243243243243,0.29213483146067415,0.203125,0.52
189,5,0.1,5,0.05,0.7,log2,0.7910278250993753,0.8017241379310345,0.7873015873015873,0.8166849615806806,0.708029197080292,0.3939393939393939,0.28888888888888886,0.6190476190476191,0.5945945945945946,0.2682926829268293,0.19298245614035087,0.44
190,5,0.1,5,0.1,0.3,sqrt,0.6445201590005678,0.6533776301218162,0.659217877094972,0.6476399560922064,0.5912408759124088,0.2631578947368421,0.18181818181818182,0.47619047619047616,0.527027027027027,0.33962264150943394,0.2222222222222222,0.72
191,5,0.1,5,0.1,0.3,log2,0.6260647359454855,0.6358860934476085,0.6406685236768802,0.6311745334796927,0.6058394160583942,0.325,0.22033898305084745,0.6190476190476191,0.46621621621621623,0.20202020202020202,0.13513513513513514,0.4
192,5,0.1,5,0.1,0.4,sqrt,0.6905167518455423,0.7034820457018498,0.6974110032362459,0.7096597145993414,0.6423357664233577,0.379746835443038,0.25862068965517243,0.7142857142857143,0.49324324324324326,0.21052631578947367,0.14285714285714285,0.4
193,5,0.1,5,0.1,0.4,log2,0.6811470755252698,0.7343269458244618,0.6453222453222454,0.8518111964873765,0.5255474452554745,0.3434343434343434,0.21794871794871795,0.8095238095238095,0.41216216216216217,0.24347826086956523,0.15555555555555556,0.56
194,5,0.1,5,0.1,0.5,sqrt,0.6746166950596252,0.7154915590863953,0.6532184950135993,0.7908891328210758,0.5255474452554745,0.3010752688172043,0.19444444444444445,0.6666666666666666,0.4527027027027027,0.25688073394495414,0.16666666666666666,0.56
195,5,0.1,5,0.1,0.5,log2,0.6433844406587166,0.6497490239821528,0.6604308390022676,0.6394072447859495,0.6058394160583942,0.2702702702702703,0.18867924528301888,0.47619047619047616,0.5472972972972973,0.34951456310679613,0.23076923076923078,0.72
196,5,0.1,5,0.1,0.6,sqrt,0.740488358886996,0.7431141090500281,0.761520737327189,0.725576289791438,0.7153284671532847,0.38095238095238093,0.2857142857142857,0.5714285714285714,0.5945945945945946,0.2857142857142857,0.2033898305084746,0.48
197,5,0.1,5,0.1,0.6,log2,0.7356615559341283,0.7536385287112993,0.7276443536024527,0.7815587266739846,0.6715328467153284,0.4155844155844156,0.2857142857142857,0.7619047619047619,0.581081081081081,0.41509433962264153,0.2716049382716049,0.88
198,5,0.1,5,0.1,0.7,sqrt,0.7535491198182851,0.7783452502553626,0.7277936962750716,0.8364434687156971,0.6131386861313869,0.3614457831325301,0.24193548387096775,0.7142857142857143,0.5540540540540541,0.3888888888888889,0.25301204819277107,0.84
199,5,0.1,5,0.1,0.7,log2,0.7501419647927314,0.7469810235767682,0.7844202898550725,0.7129527991218442,0.7226277372262774,0.3870967741935484,0.2926829268292683,0.5714285714285714,0.668918918918919,0.449438202247191,0.3125,0.8
200,5,0.1,6,0.05,0.3,sqrt,0.7552526973310619,0.7709883103081828,0.747167868177137,0.796377607025247,0.7372262773722628,0.45454545454545453,0.3333333333333333,0.7142857142857143,0.5675675675675675,0.38461538461538464,0.25316455696202533,0.8
201,5,0.1,6,0.05,0.3,log2,0.7663259511641113,0.7822175178618682,0.7552376085845682,0.8111964873765093,0.6934306569343066,0.4,0.2857142857142857,0.6666666666666666,0.5202702702702703,0.26804123711340205,0.18055555555555555,0.52
202,5,0.1,6,0.05,0.4,sqrt,0.826519023282226,0.8340124966041836,0.8257127487896718,0.8424807903402854,0.7007299270072993,0.3880597014925373,0.2826086956521739,0.6190476190476191,0.6486486486486487,0.4222222222222222,0.2923076923076923,0.76
203,5,0.1,6,0.05,0.4,log2,0.7694491766042022,0.7754424778761062,0.7814938684503902,0.7694840834248079,0.7737226277372263,0.5079365079365079,0.38095238095238093,0.7619047619047619,0.5945945945945946,0.4117647058823529,0.2727272727272727,0.84
204,5,0.1,6,0.05,0.5,sqrt,0.7947189097103918,0.7919424460431654,0.8324258923169994,0.7552140504939627,0.7956204379562044,0.5172413793103449,0.40540540540540543,0.7142857142857143,0.6283783783783784,0.3037974683544304,0.2222222222222222,0.48
205,5,0.1,6,0.05,0.5,log2,0.7921635434412265,0.8025889967637541,0.7889713679745494,0.8166849615806806,0.7518248175182481,0.45161290322580644,0.34146341463414637,0.6666666666666666,0.6418918918918919,0.43010752688172044,0.29411764705882354,0.8
206,5,0.1,6,0.05,0.6,sqrt,0.8319136854060193,0.8393051031487514,0.8302900107411385,0.8485181119648738,0.7956204379562044,0.5172413793103449,0.40540540540540543,0.7142857142857143,0.6621621621621622,0.4444444444444444,0.3076923076923077,0.8
207,5,0.1,6,0.05,0.6,log2,0.7663259511641113,0.7699189264746995,0.7846153846153846,0.7557628979143798,0.7153284671532847,0.4,0.29545454545454547,0.6190476190476191,0.6621621621621622,0.4318181818181818,0.30158730158730157,0.76
208,5,0.1,6,0.05,0.7,sqrt,0.7907438955139126,0.7976942080702718,0.7979132344865458,0.7974753018660812,0.7445255474452555,0.4067796610169492,0.3157894736842105,0.5714285714285714,0.6283783783783784,0.42105263157894735,0.2857142857142857,0.8
209,5,0.1,6,0.05,0.7,log2,0.8197047132311187,0.826265389876881,0.8237861429350791,0.8287596048298573,0.7883211678832117,0.4528301886792453,0.375,0.5714285714285714,0.7094594594594594,0.4819277108433735,0.3448275862068966,0.8
210,5,0.1,6,0.1,0.3,sqrt,0.6445201590005678,0.6535694521306032,0.6590401785714286,0.6481888035126235,0.5912408759124088,0.2631578947368421,0.18181818181818182,0.47619047619047616,0.527027027027027,0.33962264150943394,0.2222222222222222,0.72
211,5,0.1,6,0.1,0.3,log2,0.6439522998296422,0.6522462562396006,0.6591928251121076,0.6454445664105378,0.5912408759124088,0.2631578947368421,0.18181818181818182,0.47619047619047616,0.527027027027027,0.33962264150943394,0.2222222222222222,0.72
212,5,0.1,6,0.1,0.4,sqrt,0.7739920499716071,0.7984810126582278,0.7410714285714286,0.8655323819978046,0.656934306569343,0.41975308641975306,0.2833333333333333,0.8095238095238095,0.5,0.27450980392156865,0.18181818181818182,0.56
213,5,0.1,6,0.1,0.4,log2,0.6453719477569563,0.6541124342287455,0.660145332588038,0.6481888035126235,0.5912408759124088,0.2631578947368421,0.18181818181818182,0.47619047619047616,0.527027027027027,0.33962264150943394,0.2222222222222222,0.72
214,5,0.1,6,0.1,0.5,sqrt,0.7237365133446905,0.7524802849147799,0.701280227596017,0.8117453347969265,0.6058394160583942,0.35714285714285715,0.23809523809523808,0.7142857142857143,0.5337837837837838,0.3893805309734513,0.25,0.88
215,5,0.1,6,0.1,0.5,log2,0.7237365133446905,0.7434748220406011,0.715372907153729,0.7738748627881449,0.635036496350365,0.358974358974359,0.24561403508771928,0.6666666666666666,0.5135135135135135,0.28,0.18666666666666668,0.56
216,5,0.1,6,0.1,0.6,sqrt,0.7481544576944917,0.7795177728063634,0.71240345297592,0.8605927552140505,0.5912408759124088,0.3488372093023256,0.23076923076923078,0.7142857142857143,0.49324324324324326,0.24242424242424243,0.16216216216216217,0.48
217,5,0.1,6,0.1,0.6,log2,0.7700170357751278,0.7830744509908945,0.7646443514644351,0.8024149286498353,0.6861313868613139,0.410958904109589,0.28846153846153844,0.7142857142857143,0.5945945945945946,0.4117647058823529,0.2727272727272727,0.84
218,5,0.1,6,0.1,0.7,sqrt,0.7430437251561612,0.7538754419363611,0.7471698113207547,0.7607025246981339,0.7007299270072993,0.3880597014925373,0.2826086956521739,0.6190476190476191,0.6081081081081081,0.40816326530612246,0.273972602739726,0.8
219,5,0.1,6,0.1,0.7,log2,0.768313458262351,0.7815845824411135,0.7628004179728317,0.8013172338090011,0.7372262773722628,0.45454545454545453,0.3333333333333333,0.7142857142857143,0.5675675675675675,0.39622641509433965,0.25925925925925924,0.84
220,5,0.1,7,0.05,0.3,sqrt,0.7898921067575241,0.8163771712158809,0.7450181159420289,0.9028540065861691,0.6788321167883211,0.42105263157894735,0.2909090909090909,0.7619047619047619,0.5675675675675675,0.41818181818181815,0.27058823529411763,0.92
221,5,0.1,7,0.05,0.3,log2,0.727427597955707,0.7349530646051905,0.7394444444444445,0.7305159165751921,0.6715328467153284,0.36619718309859156,0.26,0.6190476190476191,0.527027027027027,0.2708333333333333,0.18309859154929578,0.52
222,5,0.1,7,0.05,0.4,sqrt,0.7751277683134583,0.7763975155279503,0.7994186046511628,0.7546652030735456,0.7591240875912408,0.4406779661016949,0.34210526315789475,0.6190476190476191,0.6486486486486487,0.4222222222222222,0.2923076923076923,0.76
223,5,0.1,7,0.05,0.4,log2,0.7759795570698467,0.7712380400115976,0.8174554394591272,0.7299670691547749,0.7956204379562044,0.5,0.4,0.6666666666666666,0.6891891891891891,0.46511627906976744,0.32786885245901637,0.8
224,5,0.1,7,0.05,0.5,sqrt,0.817717206132879,0.8291644491750931,0.8047520661157025,0.8551042810098792,0.7445255474452555,0.46153846153846156,0.3409090909090909,0.7142857142857143,0.5878378378378378,0.3838383838383838,0.25675675675675674,0.76
225,5,0.1,7,0.05,0.5,log2,0.7765474162407723,0.7903010924593659,0.7679958570688762,0.813940724478595,0.7299270072992701,0.44776119402985076,0.32608695652173914,0.7142857142857143,0.6351351351351351,0.4375,0.29577464788732394,0.84
226,5,0.1,7,0.05,0.6,sqrt,0.7808063600227144,0.7908992416034669,0.7807486631016043,0.8013172338090011,0.7445255474452555,0.4444444444444444,0.3333333333333333,0.6666666666666666,0.6621621621621622,0.4318181818181818,0.30158730158730157,0.76
227,5,0.1,7,0.05,0.6,log2,0.7964224872231687,0.7976291278577476,0.821034282393957,0.7755214050493963,0.7664233576642335,0.4666666666666667,0.358974358974359,0.6666666666666666,0.6891891891891891,0.46511627906976744,0.32786885245901637,0.8
228,5,0.1,7,0.05,0.7,sqrt,0.8205565019875071,0.8317358892438764,0.8076525336091003,0.8572996706915478,0.7445255474452555,0.47761194029850745,0.34782608695652173,0.7619047619047619,0.6351351351351351,0.41304347826086957,0.2835820895522388,0.76
229,5,0.1,7,0.05,0.7,log2,0.8182850653038046,0.8232044198895028,0.8286985539488321,0.8177826564215148,0.7664233576642335,0.4074074074074074,0.3333333333333333,0.5238095238095238,0.6486486486486487,0.3157894736842105,0.23529411764705882,0.48
230,5,0.1,7,0.1,0.3,sqrt,0.6377058489494606,0.5870550161812298,0.7152996845425867,0.4978046103183315,0.7153284671532847,0.20408163265306123,0.17857142857142858,0.23809523809523808,0.7027027027027027,0.4358974358974359,0.32075471698113206,0.68
231,5,0.1,7,0.1,0.3,log2,0.6453719477569563,0.6541124342287455,0.660145332588038,0.6481888035126235,0.5912408759124088,0.2631578947368421,0.18181818181818182,0.47619047619047616,0.527027027027027,0.33962264150943394,0.2222222222222222,0.72
232,5,0.1,7,0.1,0.4,sqrt,0.682282793867121,0.6935086277732129,0.6921815199562602,0.6948408342480791,0.6058394160583942,0.2894736842105263,0.2,0.5238095238095238,0.5337837837837838,0.35514018691588783,0.23170731707317074,0.76
233,5,0.1,7,0.1,0.4,log2,0.7260079500283929,0.7308228730822873,0.7430516165626773,0.7189901207464325,0.7591240875912408,0.47619047619047616,0.35714285714285715,0.7142857142857143,0.5743243243243243,0.29213483146067415,0.203125,0.52
234,5,0.1,7,0.1,0.5,sqrt,0.7552526973310619,0.774581589958159,0.7397602397602397,0.8128430296377607,0.6788321167883211,0.40540540540540543,0.2830188679245283,0.7142857142857143,0.6081081081081081,0.40816326530612246,0.273972602739726,0.8
235,5,0.1,7,0.1,0.5,log2,0.7268597387847814,0.7232451093210587,0.7599758162031439,0.6899012074643249,0.708029197080292,0.375,0.27906976744186046,0.5714285714285714,0.6756756756756757,0.4666666666666667,0.3230769230769231,0.84
236,5,0.1,7,0.1,0.6,sqrt,0.7526973310618966,0.7523457492180836,0.7805309734513274,0.7261251372118551,0.7737226277372263,0.4918032786885246,0.375,0.7142857142857143,0.6216216216216216,0.4166666666666667,0.28169014084507044,0.8
237,5,0.1,7,0.1,0.6,log2,0.7277115275411697,0.7290194970330602,0.7513104251601631,0.70801317233809,0.6934306569343066,0.38235294117647056,0.2765957446808511,0.6190476190476191,0.6756756756756757,0.4666666666666667,0.3230769230769231,0.84
238,5,0.1,7,0.1,0.7,sqrt,0.7651902328222601,0.768152509111298,0.7851002865329513,0.75192096597146,0.6934306569343066,0.38235294117647056,0.2765957446808511,0.6190476190476191,0.6824324324324325,0.47191011235955055,0.328125,0.84
239,5,0.1,7,0.1,0.7,log2,0.7603634298693924,0.7594070695553021,0.7900355871886121,0.7310647639956093,0.7664233576642335,0.4666666666666667,0.358974358974359,0.6666666666666666,0.6216216216216216,0.3170731707317073,0.22807017543859648,0.52
240,5,0.1,8,0.05,0.3,sqrt,0.7600795002839296,0.7718066432622198,0.7597022860180755,0.7843029637760702,0.656934306569343,0.3380281690140845,0.24,0.5714285714285714,0.5945945945945946,0.4230769230769231,0.27848101265822783,0.88
241,5,0.1,8,0.05,0.3,log2,0.7430437251561612,0.7666924465068317,0.7228974234321828,0.8161361141602634,0.5912408759124088,0.3488372093023256,0.23076923076923078,0.7142857142857143,0.5608108108108109,0.3925233644859813,0.25609756097560976,0.84
242,5,0.1,8,0.05,0.4,sqrt,0.7844974446337308,0.8060311781242013,0.7541846006695361,0.8655323819978046,0.6788321167883211,0.40540540540540543,0.2830188679245283,0.7142857142857143,0.5540540540540541,0.2826086956521739,0.19402985074626866,0.52
243,5,0.1,8,0.05,0.4,log2,0.7583759227711527,0.7562303065024348,0.7908927501497903,0.7244785949506037,0.781021897810219,0.5161290322580645,0.3902439024390244,0.7619047619047619,0.6824324324324325,0.45977011494252873,0.3225806451612903,0.8
244,5,0.1,8,0.05,0.5,sqrt,0.747870528109029,0.7477272727272727,0.7750294464075382,0.7222832052689352,0.7518248175182481,0.45161290322580644,0.34146341463414637,0.6666666666666666,0.6486486486486487,0.44680851063829785,0.30434782608695654,0.84
245,5,0.1,8,0.05,0.5,log2,0.817717206132879,0.8353846153846154,0.7839268527430221,0.894072447859495,0.708029197080292,0.42857142857142855,0.30612244897959184,0.7142857142857143,0.6013513513513513,0.40404040404040403,0.2702702702702703,0.8
246,5,0.1,8,0.05,0.6,sqrt,0.816297558205565,0.8296920242168991,0.7971674253920081,0.8649835345773875,0.7226277372262774,0.4411764705882353,0.3191489361702128,0.7142857142857143,0.6486486486486487,0.43478260869565216,0.29850746268656714,0.8
247,5,0.1,8,0.05,0.6,log2,0.7989778534923339,0.7998869417750142,0.8245920745920746,0.7766190998902305,0.7737226277372263,0.45614035087719296,0.3611111111111111,0.6190476190476191,0.5945945945945946,0.2682926829268293,0.19298245614035087,0.44
248,5,0.1,8,0.05,0.7,sqrt,0.7981260647359455,0.801673640167364,0.8150879183210437,0.7886937431394072,0.7956204379562044,0.5,0.4,0.6666666666666666,0.6486486486486487,0.43478260869565216,0.29850746268656714,0.8
249,5,0.1,8,0.05,0.7,log2,0.8219761499148212,0.8308605341246291,0.8169761273209549,0.845225027442371,0.7518248175182481,0.46875,0.3488372093023256,0.7142857142857143,0.6621621621621622,0.4444444444444444,0.3076923076923077,0.8
250,5,0.1,8,0.1,0.3,sqrt,0.6394094264622374,0.6418499717992103,0.660092807424594,0.6245883644346871,0.6058394160583942,0.2702702702702703,0.18867924528301888,0.47619047619047616,0.49324324324324326,0.25742574257425743,0.17105263157894737,0.52
251,5,0.1,8,0.1,0.3,log2,0.6689381033503691,0.7016376663254862,0.6572387344199425,0.752469813391877,0.5255474452554745,0.23529411764705882,0.15625,0.47619047619047616,0.527027027027027,0.375,0.2413793103448276,0.84
252,5,0.1,8,0.1,0.4,sqrt,0.7024417944349801,0.7128767123287671,0.7117067833698031,0.7140504939626784,0.6423357664233577,0.3466666666666667,0.24074074074074073,0.6190476190476191,0.5608108108108109,0.3434343434343434,0.22972972972972974,0.68
253,5,0.1,8,0.1,0.4,log2,0.6476433844406587,0.6331658291457286,0.6860986547085202,0.5878155872667399,0.6496350364963503,0.2727272727272727,0.2,0.42857142857142855,0.5135135135135135,0.2,0.13846153846153847,0.36
254,5,0.1,8,0.1,0.5,sqrt,0.6663827370812039,0.6634202234316815,0.6938286399041342,0.6355653128430296,0.6204379562043796,0.2777777777777778,0.19607843137254902,0.47619047619047616,0.5472972972972973,0.33663366336633666,0.2236842105263158,0.68
255,5,0.1,8,0.1,0.5,log2,0.7524134014764339,0.7799091367995962,0.7219626168224299,0.8479692645444566,0.6423357664233577,0.3950617283950617,0.26666666666666666,0.7619047619047619,0.5135135135135135,0.2653061224489796,0.1780821917808219,0.52
256,5,0.1,8,0.1,0.6,sqrt,0.740488358886996,0.7616066770996348,0.7256461232604374,0.8013172338090011,0.6204379562043796,0.35,0.23728813559322035,0.6666666666666666,0.5067567567567568,0.27722772277227725,0.18421052631578946,0.56
257,5,0.1,8,0.1,0.6,log2,0.7671777399204998,0.7747252747252747,0.7755775577557755,0.7738748627881449,0.7445255474452555,0.4444444444444444,0.3333333333333333,0.6666666666666666,0.6283783783783784,0.4329896907216495,0.2916666666666667,0.84
258,5,0.1,8,0.1,0.7,sqrt,0.7961385576377058,0.7998885172798216,0.8125707814269536,0.787596048298573,0.7591240875912408,0.45901639344262296,0.35,0.6666666666666666,0.6283783783783784,0.35294117647058826,0.25,0.6
259,5,0.1,8,0.1,0.7,log2,0.7353776263486655,0.7483801295896328,0.7364505844845909,0.7607025246981339,0.6861313868613139,0.4266666666666667,0.2962962962962963,0.7619047619047619,0.6081081081081081,0.3958333333333333,0.2676056338028169,0.76
260,5,0.1,9,0.05,0.3,sqrt,0.8145939806927882,0.8277499340543393,0.7968511934992382,0.8611416026344676,0.7226277372262774,0.4411764705882353,0.3191489361702128,0.7142857142857143,0.6216216216216216,0.40425531914893614,0.2753623188405797,0.76
261,5,0.1,9,0.05,0.3,log2,0.759511641113004,0.7625455564900476,0.7793696275071633,0.7464324917672887,0.7226277372262774,0.40625,0.3023255813953488,0.6190476190476191,0.6621621621621622,0.4186046511627907,0.29508196721311475,0.72
262,5,0.1,9,0.05,0.4,sqrt,0.7910278250993753,0.8150753768844221,0.7516218721037998,0.8902305159165752,0.656934306569343,0.4050632911392405,0.27586206896551724,0.7619047619047619,0.5945945945945946,0.4117647058823529,0.2727272727272727,0.84
263,5,0.1,9,0.05,0.4,log2,0.7791027825099376,0.7844875346260388,0.7919463087248322,0.7771679473106476,0.7591240875912408,0.47619047619047616,0.35714285714285715,0.7142857142857143,0.6283783783783784,0.42105263157894735,0.2857142857142857,0.8
264,5,0.1,9,0.05,0.5,sqrt,0.7986939239068711,0.8103771061781225,0.7902973395931142,0.8315038419319429,0.7518248175182481,0.48484848484848486,0.35555555555555557,0.7619047619047619,0.6216216216216216,0.44,0.29333333333333333,0.88
265,5,0.1,9,0.05,0.5,log2,0.7668938103350369,0.7565965016305959,0.8226950354609929,0.7003293084522503,0.7956204379562044,0.46153846153846156,0.3870967741935484,0.5714285714285714,0.668918918918919,0.4367816091954023,0.3064516129032258,0.76
266,5,0.1,9,0.05,0.6,sqrt,0.7887563884156729,0.7873070325900514,0.8215990453460621,0.7557628979143798,0.7883211678832117,0.4727272727272727,0.38235294117647056,0.6190476190476191,0.6824324324324325,0.4470588235294118,0.31666666666666665,0.76
267,5,0.1,9,0.05,0.6,log2,0.7850653038046564,0.7973226238286479,0.7783585990590696,0.8172338090010977,0.7372262773722628,0.41935483870967744,0.3170731707317073,0.6190476190476191,0.6554054054054054,0.45161290322580644,0.3088235294117647,0.84
268,5,0.1,9,0.05,0.7,sqrt,0.7805224304372516,0.7885088919288645,0.7861429350791053,0.7908891328210758,0.7299270072992701,0.4307692307692308,0.3181818181818182,0.6666666666666666,0.6351351351351351,0.35714285714285715,0.2542372881355932,0.6
269,5,0.1,9,0.05,0.7,log2,0.7938671209540034,0.7952622673434856,0.8178654292343387,0.7738748627881449,0.7883211678832117,0.5084745762711864,0.39473684210526316,0.7142857142857143,0.6891891891891891,0.46511627906976744,0.32786885245901637,0.8
270,5,0.1,9,0.1,0.3,sqrt,0.6323111868256672,0.5871852087982149,0.7003802281368822,0.5054884742041712,0.7153284671532847,0.3389830508474576,0.2631578947368421,0.47619047619047616,0.581081081081081,0.18421052631578946,0.13725490196078433,0.28
271,5,0.1,9,0.1,0.3,log2,0.6374219193639977,0.6490794174223687,0.6499724821133737,0.6481888035126235,0.5766423357664233,0.2564102564102564,0.17543859649122806,0.47619047619047616,0.5202702702702703,0.3364485981308411,0.21951219512195122,0.72
272,5,0.1,9,0.1,0.4,sqrt,0.7217490062464509,0.7095435684647303,0.7712628865979382,0.6569703622392975,0.7737226277372263,0.45614035087719296,0.3611111111111111,0.6190476190476191,0.7094594594594594,0.45569620253164556,0.3333333333333333,0.72
273,5,0.1,9,0.1,0.4,log2,0.6604202157864849,0.6425582785415421,0.7053805774278216,0.5900109769484083,0.6934306569343066,0.27586206896551724,0.21621621621621623,0.38095238095238093,0.5675675675675675,0.2558139534883721,0.18032786885245902,0.44
274,5,0.1,9,0.1,0.5,sqrt,0.7745599091425327,0.7780883174958078,0.7927107061503417,0.7639956092206367,0.7664233576642335,0.4666666666666667,0.358974358974359,0.6666666666666666,0.5945945945945946,0.3181818181818182,0.2222222222222222,0.56
275,5,0.1,9,0.1,0.5,log2,0.7356615559341283,0.7495291902071564,0.7350923482849604,0.7645444566410537,0.6788321167883211,0.37142857142857144,0.2653061224489796,0.6190476190476191,0.6418918918918919,0.4536082474226804,0.3055555555555556,0.88
276,5,0.1,9,0.1,0.6,sqrt,0.7538330494037478,0.7420410592085689,0.8102664067576348,0.6844127332601537,0.781021897810219,0.4827586206896552,0.3783783783783784,0.6666666666666666,0.668918918918919,0.449438202247191,0.3125,0.8
277,5,0.1,9,0.1,0.6,log2,0.7850653038046564,0.7984021304926764,0.7754785307811691,0.822722283205269,0.7518248175182481,0.5,0.3617021276595745,0.8095238095238095,0.5743243243243243,0.4,0.2625,0.84
278,5,0.1,9,0.1,0.7,sqrt,0.7731402612152186,0.7725590663250783,0.8024837374334713,0.7447859495060373,0.7591240875912408,0.45901639344262296,0.35,0.6666666666666666,0.6756756756756757,0.4418604651162791,0.3114754098360656,0.76
279,5,0.1,9,0.1,0.7,log2,0.768313458262351,0.7928934010152284,0.7374881964117092,0.8572996706915478,0.6423357664233577,0.379746835443038,0.25862068965517243,0.7142857142857143,0.581081081081081,0.41509433962264153,0.2716049382716049,0.88
280,5,0.15,3,0.05,0.3,sqrt,0.663259511641113,0.6210862619808307,0.7431192660550459,0.5334796926454446,0.7007299270072993,0.2545454545454545,0.20588235294117646,0.3333333333333333,0.6216216216216216,0.391304347826087,0.26865671641791045,0.72
281,5,0.15,3,0.05,0.3,log2,0.7759795570698467,0.7821043910521955,0.7871039466370205,0.7771679473106476,0.7226277372262774,0.40625,0.3023255813953488,0.6190476190476191,0.6013513513513513,0.4158415841584158,0.27631578947368424,0.84
282,5,0.15,3,0.05,0.4,sqrt,0.7762634866553095,0.7996949669547534,0.7447916666666666,0.8633369923161361,0.6715328467153284,0.4155844155844156,0.2857142857142857,0.7619047619047619,0.5540540540540541,0.3125,0.2112676056338028,0.6
283,5,0.15,3,0.05,0.4,log2,0.737649063032368,0.7302977232924693,0.779925187032419,0.6866081229418222,0.7445255474452555,0.4444444444444444,0.3333333333333333,0.6666666666666666,0.6554054054054054,0.4,0.2833333333333333,0.68
284,5,0.15,3,0.05,0.5,sqrt,0.7708688245315162,0.7702818104184458,0.8001182732111177,0.7425905598243688,0.7591240875912408,0.47619047619047616,0.35714285714285715,0.7142857142857143,0.6351351351351351,0.41304347826086957,0.2835820895522388,0.76
285,5,0.15,3,0.05,0.5,log2,0.7498580352072686,0.7321374277896017,0.8207225630538514,0.6608122941822173,0.781021897810219,0.4230769230769231,0.3548387096774194,0.5238095238095238,0.6283783783783784,0.3037974683544304,0.2222222222222222,0.48
286,5,0.15,3,0.05,0.6,sqrt,0.7651902328222601,0.7709775685405704,0.7780883174958078,0.7639956092206367,0.7226277372262774,0.40625,0.3023255813953488,0.6190476190476191,0.581081081081081,0.29545454545454547,0.20634920634920634,0.52
287,5,0.15,3,0.05,0.6,log2,0.816297558205565,0.8265880461002412,0.8077527501309586,0.8463227222832053,0.7664233576642335,0.4838709677419355,0.36585365853658536,0.7142857142857143,0.6351351351351351,0.4489795918367347,0.3013698630136986,0.88
288,5,0.15,3,0.05,0.7,sqrt,0.7791027825099376,0.7876637554585153,0.7833876221498371,0.79198682766191,0.7226277372262774,0.40625,0.3023255813953488,0.6190476190476191,0.6148648648648649,0.42424242424242425,0.28378378378378377,0.84
289,5,0.15,3,0.05,0.7,log2,0.7907438955139126,0.8046647230320699,0.7780625320348539,0.8331503841931943,0.6715328467153284,0.3835616438356164,0.2692307692307692,0.6666666666666666,0.5675675675675675,0.2558139534883721,0.18032786885245902,0.44
290,5,0.15,3,0.1,0.3,sqrt,0.6450880181714934,0.6539313399778516,0.6597765363128492,0.6481888035126235,0.5912408759124088,0.2631578947368421,0.18181818181818182,0.47619047619047616,0.5337837837837838,0.34285714285714286,0.225,0.72
291,5,0.15,3,0.1,0.3,log2,0.6501987507098239,0.6995121951219512,0.6294995610184372,0.7870472008781558,0.5036496350364964,0.2916666666666667,0.18666666666666668,0.6666666666666666,0.4797297297297297,0.37398373983739835,0.23469387755102042,0.92
292,5,0.15,3,0.1,0.4,sqrt,0.644236229415105,0.6531967893717132,0.6588498045784478,0.6476399560922064,0.5912408759124088,0.2631578947368421,0.18181818181818182,0.47619047619047616,0.527027027027027,0.33962264150943394,0.2222222222222222,0.72
293,5,0.15,3,0.1,0.4,log2,0.6658148779102783,0.6830056558039321,0.6705446853516658,0.6959385290889133,0.6277372262773723,0.23880597014925373,0.17391304347826086,0.38095238095238093,0.5472972972972973,0.3619047619047619,0.2375,0.76
294,5,0.15,3,0.1,0.5,sqrt,0.7407722884724588,0.7683329104288251,0.7144879660217084,0.8309549945115258,0.6058394160583942,0.35714285714285715,0.23809523809523808,0.7142857142857143,0.5540540540540541,0.4,0.25882352941176473,0.88
295,5,0.15,3,0.1,0.5,log2,0.740488358886996,0.746392896781354,0.754769921436588,0.7381997804610319,0.7153284671532847,0.417910447761194,0.30434782608695654,0.6666666666666666,0.5878378378378378,0.4077669902912621,0.2692307692307692,0.84
296,5,0.15,3,0.1,0.6,sqrt,0.7612152186257808,0.768127929418252,0.7717451523545706,0.7645444566410537,0.7372262773722628,0.45454545454545453,0.3333333333333333,0.7142857142857143,0.668918918918919,0.46153846153846156,0.3181818181818182,0.84
297,5,0.15,3,0.1,0.6,log2,0.7498580352072686,0.7539793353811785,0.7674815235929505,0.7409440175631175,0.7518248175182481,0.45161290322580644,0.34146341463414637,0.6666666666666666,0.6554054054054054,0.45161290322580644,0.3088235294117647,0.84
298,5,0.15,3,0.1,0.7,sqrt,0.7986939239068711,0.8107819589004537,0.7890909090909091,0.8336992316136114,0.7226277372262774,0.42424242424242425,0.3111111111111111,0.6666666666666666,0.6216216216216216,0.42857142857142855,0.2876712328767123,0.84
299,5,0.15,3,0.1,0.7,log2,0.7731402612152186,0.7760022427810485,0.7931232091690544,0.7596048298572997,0.7518248175182481,0.43333333333333335,0.3333333333333333,0.6190476190476191,0.5743243243243243,0.25882352941176473,0.18333333333333332,0.44
300,5,0.15,4,0.05,0.3,sqrt,0.7220329358319136,0.7364737550471063,0.722662440570523,0.7508232711306256,0.6642335766423357,0.39473684210526316,0.2727272727272727,0.7142857142857143,0.6013513513513513,0.2891566265060241,0.20689655172413793,0.48
301,5,0.15,4,0.05,0.3,log2,0.6981828506530381,0.6923299565846599,0.7323943661971831,0.6564215148188803,0.6715328467153284,0.36619718309859156,0.26,0.6190476190476191,0.6216216216216216,0.3170731707317073,0.22807017543859648,0.52
302,5,0.15,4,0.05,0.4,sqrt,0.7703009653605906,0.7828187919463088,0.766158696794535,0.8002195389681669,0.6861313868613139,0.410958904109589,0.28846153846153844,0.7142857142857143,0.5945945945945946,0.4117647058823529,0.2727272727272727,0.84
303,5,0.15,4,0.05,0.4,log2,0.7473026689381034,0.7504206393718452,0.7672018348623854,0.7343578485181119,0.6934306569343066,0.36363636363636365,0.26666666666666666,0.5714285714285714,0.5945945945945946,0.2857142857142857,0.2033898305084746,0.48
304,5,0.15,4,0.05,0.5,sqrt,0.7859170925610448,0.7832087406555491,0.822463768115942,0.747530186608123,0.7956204379562044,0.5,0.4,0.6666666666666666,0.6824324324324325,0.4470588235294118,0.31666666666666665,0.76
305,5,0.15,4,0.05,0.5,log2,0.779954571266326,0.8011290736463946,0.752289156626506,0.8567508232711306,0.6715328467153284,0.43037974683544306,0.29310344827586204,0.8095238095238095,0.6013513513513513,0.4158415841584158,0.27631578947368424,0.84
306,5,0.15,4,0.05,0.6,sqrt,0.8063600227143668,0.8227650727650727,0.7813425468904245,0.8688254665203073,0.7226277372262774,0.4411764705882353,0.3191489361702128,0.7142857142857143,0.5608108108108109,0.2857142857142857,0.19696969696969696,0.52
307,5,0.15,4,0.05,0.6,log2,0.778534923339012,0.7792869269949066,0.804322429906542,0.7557628979143798,0.7518248175182481,0.45161290322580644,0.34146341463414637,0.6666666666666666,0.6554054054054054,0.42696629213483145,0.296875,0.76
308,5,0.15,4,0.05,0.7,sqrt,0.7359454855195912,0.7243627741553053,0.7873711340206185,0.6706915477497256,0.781021897810219,0.4827586206896552,0.3783783783783784,0.6666666666666666,0.6554054054054054,0.32,0.24,0.48
309,5,0.15,4,0.05,0.7,log2,0.7637705848949461,0.7790759426447159,0.7546296296296297,0.8051591657519209,0.6496350364963503,0.3684210526315789,0.2545454545454545,0.6666666666666666,0.6216216216216216,0.4166666666666667,0.28169014084507044,0.8
310,5,0.15,4,0.1,0.3,sqrt,0.6445201590005678,0.6535694521306032,0.6590401785714286,0.6481888035126235,0.5912408759124088,0.2631578947368421,0.18181818181818182,0.47619047619047616,0.527027027027027,0.33962264150943394,0.2222222222222222,0.72
311,5,0.15,4,0.1,0.3,log2,0.6448040885860307,0.6537503459728757,0.6594081518704634,0.6481888035126235,0.5912408759124088,0.2631578947368421,0.18181818181818182,0.47619047619047616,0.527027027027027,0.33962264150943394,0.2222222222222222,0.72
312,5,0.15,4,0.1,0.4,sqrt,0.661839863713799,0.6392002423508027,0.7133198106828939,0.5790340285400659,0.7518248175182481,0.41379310344827586,0.32432432432432434,0.5714285714285714,0.6081081081081081,0.2564102564102564,0.18867924528301888,0.4
313,5,0.15,4,0.1,0.4,log2,0.7101078932424759,0.7211144496039333,0.7177814029363785,0.7244785949506037,0.6496350364963503,0.3333333333333333,0.23529411764705882,0.5714285714285714,0.5878378378378378,0.4077669902912621,0.2692307692307692,0.84
314,5,0.15,4,0.1,0.5,sqrt,0.7296990346394094,0.746673762639702,0.7246900826446281,0.7700329308452251,0.6715328467153284,0.3283582089552239,0.2391304347826087,0.5238095238095238,0.5608108108108109,0.3010752688172043,0.20588235294117646,0.56
315,5,0.15,4,0.1,0.5,log2,0.7438955139125497,0.753551912568306,0.750272034820457,0.756860592755214,0.7007299270072993,0.36923076923076925,0.2727272727272727,0.5714285714285714,0.6148648648648649,0.42424242424242425,0.28378378378378377,0.84
316,5,0.15,4,0.1,0.6,sqrt,0.6757524134014764,0.6488314883148831,0.7377622377622378,0.5790340285400659,0.7591240875912408,0.42105263157894735,0.3333333333333333,0.5714285714285714,0.6351351351351351,0.22857142857142856,0.17777777777777778,0.32
317,5,0.15,4,0.1,0.6,log2,0.720045428733674,0.7496190959878111,0.6975425330812854,0.8100987925356751,0.6058394160583942,0.37209302325581395,0.24615384615384617,0.7619047619047619,0.5337837837837838,0.3669724770642202,0.23809523809523808,0.8
318,5,0.15,4,0.1,0.7,sqrt,0.7450312322544009,0.7419540229885058,0.778648974668275,0.7085620197585072,0.7518248175182481,0.43333333333333335,0.3333333333333333,0.6190476190476191,0.6013513513513513,0.2716049382716049,0.19642857142857142,0.44
319,5,0.15,4,0.1,0.7,log2,0.7640545144804088,0.7600346520358071,0.8019500304692261,0.7222832052689352,0.7299270072992701,0.39344262295081966,0.3,0.5714285714285714,0.6081081081081081,0.275,0.2,0.44
320,5,0.15,5,0.05,0.3,sqrt,0.7473026689381034,0.7507002801120448,0.7665903890160183,0.7354555433589463,0.6642335766423357,0.34285714285714286,0.24489795918367346,0.5714285714285714,0.581081081081081,0.2619047619047619,0.1864406779661017,0.44
321,5,0.15,5,0.05,0.3,log2,0.6467915956842702,0.6550194120909595,0.6619955156950673,0.6481888035126235,0.5912408759124088,0.2631578947368421,0.18181818181818182,0.47619047619047616,0.5337837837837838,0.34285714285714286,0.225,0.72
322,5,0.15,5,0.05,0.4,sqrt,0.7546848381601363,0.7574396406513195,0.7752873563218391,0.7403951701427003,0.7372262773722628,0.4375,0.32558139534883723,0.6666666666666666,0.6148648648648649,0.3870967741935484,0.2647058823529412,0.72
323,5,0.15,5,0.05,0.4,log2,0.7135150482680296,0.7176042541281836,0.732153055396916,0.703622392974753,0.7153284671532847,0.36065573770491804,0.275,0.5238095238095238,0.5945945945945946,0.4117647058823529,0.2727272727272727,0.84
324,5,0.15,5,0.05,0.5,sqrt,0.7941510505394662,0.8158496316992634,0.759338061465721,0.8814489571899012,0.6496350364963503,0.3684210526315789,0.2545454545454545,0.6666666666666666,0.5675675675675675,0.39622641509433965,0.25925925925925924,0.84
325,5,0.15,5,0.05,0.5,log2,0.7734241908006815,0.7852529601722282,0.7703273495248152,0.8007683863885839,0.7299270072992701,0.4307692307692308,0.3181818181818182,0.6666666666666666,0.5472972972972973,0.27956989247311825,0.19117647058823528,0.52
326,5,0.15,5,0.05,0.6,sqrt,0.7649063032367973,0.7717750826901875,0.7751937984496124,0.7683863885839737,0.7007299270072993,0.36923076923076925,0.2727272727272727,0.5714285714285714,0.6959459459459459,0.4827586206896552,0.3387096774193548,0.84
327,5,0.15,5,0.05,0.6,log2,0.8080636002271436,0.8180839612486545,0.8025343189017952,0.8342480790340285,0.7445255474452555,0.4444444444444444,0.3333333333333333,0.6666666666666666,0.6013513513513513,0.3516483516483517,0.24242424242424243,0.64
328,5,0.15,5,0.05,0.7,sqrt,0.7365133446905168,0.7371104815864022,0.7617096018735363,0.7140504939626784,0.7299270072992701,0.4126984126984127,0.30952380952380953,0.6190476190476191,0.6283783783783784,0.4329896907216495,0.2916666666666667,0.84
329,5,0.15,5,0.05,0.7,log2,0.8293583191368541,0.8393477679764769,0.8181344450234497,0.8616904500548848,0.7591240875912408,0.47619047619047616,0.35714285714285715,0.7142857142857143,0.6621621621621622,0.4318181818181818,0.30158730158730157,0.76
330,5,0.15,5,0.1,0.3,sqrt,0.6436683702441794,0.6512920255626563,0.6595385481148002,0.6432491767288694,0.583941605839416,0.2597402597402597,0.17857142857142858,0.47619047619047616,0.5202702702702703,0.3364485981308411,0.21951219512195122,0.72
331,5,0.15,5,0.1,0.3,log2,0.6570130607609312,0.6465769455822118,0.6923558897243107,0.606476399560922,0.656934306569343,0.25396825396825395,0.19047619047619047,0.38095238095238093,0.6013513513513513,0.3917525773195876,0.2638888888888889,0.76
332,5,0.15,5,0.1,0.4,sqrt,0.6453719477569563,0.6541124342287455,0.660145332588038,0.6481888035126235,0.5912408759124088,0.2631578947368421,0.18181818181818182,0.47619047619047616,0.527027027027027,0.33962264150943394,0.2222222222222222,0.72
333,5,0.15,5,0.1,0.4,log2,0.6087450312322544,0.5831820931639443,0.6495956873315364,0.5290889132821076,0.635036496350365,0.1935483870967742,0.14634146341463414,0.2857142857142857,0.5135135135135135,0.2,0.13846153846153847,0.36
334,5,0.15,5,0.1,0.5,sqrt,0.7155025553662692,0.7400103788271926,0.7017716535433071,0.7826564215148188,0.6131386861313869,0.3614457831325301,0.24193548387096775,0.7142857142857143,0.5608108108108109,0.4036697247706422,0.2619047619047619,0.88
335,5,0.15,5,0.1,0.5,log2,0.7226007950028392,0.7514627321292292,0.7003319108582267,0.8106476399560922,0.6277372262773723,0.3855421686746988,0.25806451612903225,0.7619047619047619,0.527027027027027,0.2857142857142857,0.1917808219178082,0.56
336,5,0.15,5,0.1,0.6,sqrt,0.752129471890971,0.7551192145862553,0.7722317842799771,0.7387486278814489,0.7153284671532847,0.38095238095238093,0.2857142857142857,0.5714285714285714,0.6959459459459459,0.4827586206896552,0.3387096774193548,0.84
337,5,0.15,5,0.1,0.6,log2,0.7671777399204998,0.7933467741935484,0.7334575955265611,0.8638858397365532,0.6642335766423357,0.41025641025641024,0.2807017543859649,0.7619047619047619,0.5337837837837838,0.28865979381443296,0.19444444444444445,0.56
338,5,0.15,5,0.1,0.7,sqrt,0.7597955706984668,0.7754777070063694,0.7507708119218911,0.8018660812294183,0.6715328467153284,0.3835616438356164,0.2692307692307692,0.6666666666666666,0.5675675675675675,0.30434782608695654,0.208955223880597,0.56
339,5,0.15,5,0.1,0.7,log2,0.7924474730266894,0.7916785408948418,0.8233550681683461,0.7623490669593853,0.8029197080291971,0.49056603773584906,0.40625,0.6190476190476191,0.6013513513513513,0.2891566265060241,0.20689655172413793,0.48
340,5,0.15,6,0.05,0.3,sqrt,0.7189097103918228,0.7182697780307342,0.7458628841607565,0.6926454445664105,0.6861313868613139,0.31746031746031744,0.23809523809523808,0.47619047619047616,0.6216216216216216,0.40425531914893614,0.2753623188405797,0.76
341,5,0.15,6,0.05,0.3,log2,0.7501419647927314,0.7703549060542797,0.7343283582089553,0.8100987925356751,0.6131386861313869,0.345679012345679,0.23333333333333334,0.6666666666666666,0.5540540540540541,0.4,0.25882352941176473,0.88
342,5,0.15,6,0.05,0.4,sqrt,0.749290176036343,0.7588090685605026,0.7553017944535073,0.7623490669593853,0.6788321167883211,0.3888888888888889,0.27450980392156865,0.6666666666666666,0.6418918918918919,0.4421052631578947,0.3,0.84
343,5,0.15,6,0.05,0.4,log2,0.7668938103350369,0.7787658313123147,0.7649550026469031,0.7930845225027442,0.6788321167883211,0.37142857142857144,0.2653061224489796,0.6190476190476191,0.6418918918918919,0.43010752688172044,0.29411764705882354,0.8
344,5,0.15,6,0.05,0.5,sqrt,0.7490062464508802,0.7552602436323367,0.7620111731843575,0.7486278814489572,0.708029197080292,0.3939393939393939,0.28888888888888886,0.6190476190476191,0.6148648648648649,0.42424242424242425,0.28378378378378377,0.84
345,5,0.15,6,0.05,0.5,log2,0.782793867120954,0.7976725733932822,0.7697805002552323,0.827661909989023,0.7226277372262774,0.42424242424242425,0.3111111111111111,0.6666666666666666,0.6216216216216216,0.42857142857142855,0.2876712328767123,0.84
346,5,0.15,6,0.05,0.6,sqrt,0.7629187961385576,0.766171940632876,0.7821612349914236,0.7508232711306256,0.7153284671532847,0.417910447761194,0.30434782608695654,0.6666666666666666,0.5675675675675675,0.28888888888888886,0.2,0.52
347,5,0.15,6,0.05,0.6,log2,0.7771152754116979,0.7947712418300653,0.7588617074388417,0.8342480790340285,0.7299270072992701,0.44776119402985076,0.32608695652173914,0.7142857142857143,0.5743243243243243,0.411214953271028,0.2682926829268293,0.88
348,5,0.15,6,0.05,0.7,sqrt,0.7864849517319704,0.7971952535059331,0.7836691410392365,0.8111964873765093,0.7299270072992701,0.463768115942029,0.3333333333333333,0.7619047619047619,0.6148648648648649,0.42424242424242425,0.28378378378378377,0.84
349,5,0.15,6,0.05,0.7,log2,0.7836456558773425,0.7840136054421769,0.8106682297772567,0.7590559824368825,0.781021897810219,0.4642857142857143,0.37142857142857144,0.6190476190476191,0.6148648648648649,0.3870967741935484,0.2647058823529412,0.72
350,5,0.15,6,0.1,0.3,sqrt,0.6467915956842702,0.6550194120909595,0.6619955156950673,0.6481888035126235,0.5912408759124088,0.2631578947368421,0.18181818181818182,0.47619047619047616,0.527027027027027,0.33962264150943394,0.2222222222222222,0.72
351,5,0.15,6,0.1,0.3,log2,0.6536059057353776,0.6578799775659002,0.6725917431192661,0.6437980241492866,0.5985401459854015,0.26666666666666666,0.18518518518518517,0.47619047619047616,0.527027027027027,0.33962264150943394,0.2222222222222222,0.72
352,5,0.15,6,0.1,0.4,sqrt,0.6277683134582623,0.6174496644295302,0.659190031152648,0.5806805708013172,0.6204379562043796,0.2571428571428571,0.1836734693877551,0.42857142857142855,0.5,0.2127659574468085,0.14492753623188406,0.4
353,5,0.15,6,0.1,0.4,log2,0.6155593412833618,0.6371918542336549,0.6225130890052356,0.6525795828759605,0.5985401459854015,0.3373493975903614,0.22580645161290322,0.6666666666666666,0.5067567567567568,0.21505376344086022,0.14705882352941177,0.4
354,5,0.15,6,0.1,0.5,sqrt,0.762350936967632,0.7782781456953642,0.7521761392729135,0.8062568605927553,0.7007299270072993,0.4057971014492754,0.2916666666666667,0.6666666666666666,0.6081081081081081,0.42,0.28,0.84
355,5,0.15,6,0.1,0.5,log2,0.664679159568427,0.6975672215108835,0.6538646183389343,0.747530186608123,0.5620437956204379,0.3181818181818182,0.208955223880597,0.6666666666666666,0.44594594594594594,0.16326530612244897,0.1095890410958904,0.32
356,5,0.15,6,0.1,0.6,sqrt,0.7688813174332766,0.7731326644370122,0.7853907134767837,0.7612513721185511,0.7153284671532847,0.417910447761194,0.30434782608695654,0.6666666666666666,0.6486486486486487,0.43478260869565216,0.29850746268656714,0.8
357,5,0.15,6,0.1,0.6,log2,0.759511641113004,0.778677815521296,0.743142144638404,0.8177826564215148,0.656934306569343,0.37333333333333335,0.25925925925925924,0.6666666666666666,0.581081081081081,0.40384615384615385,0.26582278481012656,0.84
358,5,0.15,6,0.1,0.7,sqrt,0.7407722884724588,0.753043007844198,0.7424,0.7639956092206367,0.7007299270072993,0.4057971014492754,0.2916666666666667,0.6666666666666666,0.5878378378378378,0.39603960396039606,0.2631578947368421,0.8
359,5,0.15,6,0.1,0.7,log2,0.7932992617830777,0.8101199791340636,0.7718687872763419,0.8523600439077936,0.6788321167883211,0.3888888888888889,0.27450980392156865,0.6666666666666666,0.6013513513513513,0.4158415841584158,0.27631578947368424,0.84
360,5,0.15,7,0.05,0.3,sqrt,0.7495741056218058,0.7523862998315554,0.7701149425287356,0.7354555433589463,0.7007299270072993,0.3492063492063492,0.2619047619047619,0.5238095238095238,0.5878378378378378,0.2988505747126437,0.20967741935483872,0.52
361,5,0.15,7,0.05,0.3,log2,0.7064168086314594,0.6964180857310628,0.7487373737373737,0.6509330406147091,0.6861313868613139,0.37681159420289856,0.2708333333333333,0.6190476190476191,0.6283783783783784,0.38202247191011235,0.265625,0.68
362,5,0.15,7,0.05,0.4,sqrt,0.759511641113004,0.7711429343420697,0.7594465141032464,0.783205268935236,0.6715328467153284,0.3835616438356164,0.2692307692307692,0.6666666666666666,0.6283783783783784,0.40860215053763443,0.27941176470588236,0.76
363,5,0.15,7,0.05,0.4,log2,0.7524134014764339,0.7726798748696558,0.7358490566037735,0.8133918770581778,0.6642335766423357,0.39473684210526316,0.2727272727272727,0.7142857142857143,0.5472972972972973,0.27956989247311825,0.19117647058823528,0.52
364,5,0.15,7,0.05,0.5,sqrt,0.7751277683134583,0.7792642140468228,0.7916194790486977,0.7672886937431395,0.781021897810219,0.5,0.38461538461538464,0.7142857142857143,0.6621621621621622,0.4318181818181818,0.30158730158730157,0.76
365,5,0.15,7,0.05,0.5,log2,0.7399204997160704,0.7559936068193926,0.734472049689441,0.778814489571899,0.6788321167883211,0.3888888888888889,0.27450980392156865,0.6666666666666666,0.5472972972972973,0.26373626373626374,0.18181818181818182,0.48
366,5,0.15,7,0.05,0.6,sqrt,0.7373651334469051,0.7434119278779473,0.7515423443634324,0.7354555433589463,0.6934306569343066,0.36363636363636365,0.26666666666666666,0.5714285714285714,0.5675675675675675,0.28888888888888886,0.2,0.52
367,5,0.15,7,0.05,0.6,log2,0.8069278818852924,0.821522309711286,0.7872233400402414,0.8589462129527992,0.7372262773722628,0.45454545454545453,0.3333333333333333,0.7142857142857143,0.6418918918918919,0.4175824175824176,0.2878787878787879,0.76
368,5,0.15,7,0.05,0.7,sqrt,0.8091993185689949,0.8208955223880597,0.7979274611398963,0.845225027442371,0.7226277372262774,0.4411764705882353,0.3191489361702128,0.7142857142857143,0.5743243243243243,0.29213483146067415,0.203125,0.52
369,5,0.15,7,0.05,0.7,log2,0.7762634866553095,0.8025062656641604,0.7384686346863468,0.8787047200878156,0.6277372262773723,0.37037037037037035,0.25,0.7142857142857143,0.581081081081081,0.41509433962264153,0.2716049382716049,0.88
370,5,0.15,7,0.1,0.3,sqrt,0.6519023282226007,0.6389870435806831,0.6893265565438373,0.5954994511525796,0.6861313868613139,0.2711864406779661,0.21052631578947367,0.38095238095238093,0.6081081081081081,0.3829787234042553,0.2608695652173913,0.72
371,5,0.15,7,0.1,0.3,log2,0.6408290743895514,0.6340757882557131,0.6703363914373088,0.601536772777168,0.6277372262773723,0.2153846153846154,0.1590909090909091,0.3333333333333333,0.6283783783783784,0.3956043956043956,0.2727272727272727,0.72
372,5,0.15,7,0.1,0.4,sqrt,0.7220329358319136,0.7239921060050747,0.7443478260869565,0.7047200878155873,0.6788321167883211,0.37142857142857144,0.2653061224489796,0.6190476190476191,0.5878378378378378,0.22784810126582278,0.16666666666666666,0.36
373,5,0.15,7,0.1,0.4,log2,0.6453719477569563,0.6541124342287455,0.660145332588038,0.6481888035126235,0.5912408759124088,0.2631578947368421,0.18181818181818182,0.47619047619047616,0.527027027027027,0.33962264150943394,0.2222222222222222,0.72
374,5,0.15,7,0.1,0.5,sqrt,0.6467915956842702,0.6550194120909595,0.6619955156950673,0.6481888035126235,0.5912408759124088,0.2631578947368421,0.18181818181818182,0.47619047619047616,0.527027027027027,0.33962264150943394,0.2222222222222222,0.72
375,5,0.15,7,0.1,0.5,log2,0.7237365133446905,0.7505767751858498,0.7041847041847041,0.8035126234906695,0.6496350364963503,0.38461538461538464,0.2631578947368421,0.7142857142857143,0.4797297297297297,0.2524271844660194,0.16666666666666666,0.52
376,5,0.15,7,0.1,0.6,sqrt,0.7251561612720046,0.7520491803278688,0.7050912584053795,0.8057080131723381,0.6277372262773723,0.41379310344827586,0.2727272727272727,0.8571428571428571,0.5405405405405406,0.39285714285714285,0.25287356321839083,0.88
377,5,0.15,7,0.1,0.6,log2,0.7515616127200454,0.7579529737206085,0.7640825432236475,0.75192096597146,0.7153284671532847,0.417910447761194,0.30434782608695654,0.6666666666666666,0.6013513513513513,0.3917525773195876,0.2638888888888889,0.76
378,5,0.15,7,0.1,0.7,sqrt,0.752129471890971,0.7410264016612281,0.8063266623628147,0.685510428100988,0.7737226277372263,0.4918032786885246,0.375,0.7142857142857143,0.6621621621621622,0.4318181818181818,0.30158730158730157,0.76
379,5,0.15,7,0.1,0.7,log2,0.7438955139125497,0.743019943019943,0.7725118483412322,0.7156970362239298,0.7591240875912408,0.45901639344262296,0.35,0.6666666666666666,0.6554054054054054,0.42696629213483145,0.296875,0.76
380,5,0.15,8,0.05,0.3,sqrt,0.7387847813742192,0.7594142259414226,0.7252747252747253,0.7969264544456641,0.6131386861313869,0.3291139240506329,0.22413793103448276,0.6190476190476191,0.5608108108108109,0.3434343434343434,0.22972972972972974,0.68
381,5,0.15,8,0.05,0.3,log2,0.7359454855195912,0.7315242494226328,0.771619975639464,0.6953896816684961,0.7299270072992701,0.4126984126984127,0.30952380952380953,0.6190476190476191,0.6486486486486487,0.3953488372093023,0.2786885245901639,0.68
382,5,0.15,8,0.05,0.4,sqrt,0.7370812038614424,0.7601036269430052,0.7198233562315997,0.8051591657519209,0.635036496350365,0.375,0.2542372881355932,0.7142857142857143,0.5540540540540541,0.37735849056603776,0.24691358024691357,0.8
383,5,0.15,8,0.05,0.4,log2,0.7742759795570698,0.7756138865368332,0.7983730389308542,0.7541163556531284,0.7518248175182481,0.43333333333333335,0.3333333333333333,0.6190476190476191,0.6418918918918919,0.4044943820224719,0.28125,0.72
384,5,0.15,8,0.05,0.5,sqrt,0.7876206700738216,0.7894144144144144,0.8104046242774566,0.7694840834248079,0.7445255474452555,0.4262295081967213,0.325,0.6190476190476191,0.6283783783783784,0.40860215053763443,0.27941176470588236,0.76
385,5,0.15,8,0.05,0.5,log2,0.7583759227711527,0.7602141448295294,0.7811233352634627,0.7403951701427003,0.7518248175182481,0.45161290322580644,0.34146341463414637,0.6666666666666666,0.5540540540540541,0.2826086956521739,0.19402985074626866,0.52
386,5,0.15,8,0.05,0.6,sqrt,0.7873367404883589,0.7906066536203522,0.8056980056980056,0.7760702524698134,0.7518248175182481,0.45161290322580644,0.34146341463414637,0.6666666666666666,0.5743243243243243,0.29213483146067415,0.203125,0.52
387,5,0.15,8,0.05,0.6,log2,0.7467348097671778,0.7483069977426636,0.7700348432055749,0.7277716794731065,0.7007299270072993,0.3880597014925373,0.2826086956521739,0.6190476190476191,0.6418918918918919,0.43010752688172044,0.29411764705882354,0.8
388,5,0.15,8,0.05,0.7,sqrt,0.7961385576377058,0.8052088985349973,0.796137339055794,0.814489571899012,0.7372262773722628,0.4375,0.32558139534883723,0.6666666666666666,0.6216216216216216,0.42857142857142855,0.2876712328767123,0.84
389,5,0.15,8,0.05,0.7,log2,0.782793867120954,0.7770329350043719,0.8284648850217526,0.7316136114160263,0.7299270072992701,0.3508771929824561,0.2777777777777778,0.47619047619047616,0.6891891891891891,0.46511627906976744,0.32786885245901637,0.8
390,5,0.15,8,0.1,0.3,sqrt,0.6553094832481544,0.6755745590593266,0.6583333333333333,0.6937431394072447,0.5766423357664233,0.275,0.1864406779661017,0.5238095238095238,0.5878378378378378,0.3838383838383838,0.25675675675675674,0.76
391,5,0.15,8,0.1,0.3,log2,0.6169789892106757,0.6237099023709902,0.6341463414634146,0.6136114160263447,0.5912408759124088,0.2631578947368421,0.18181818181818182,0.47619047619047616,0.4797297297297297,0.2524271844660194,0.16666666666666666,0.52
392,5,0.15,8,0.1,0.4,sqrt,0.6462237365133446,0.6542730299667037,0.6616161616161617,0.6470911086717892,0.5912408759124088,0.2631578947368421,0.18181818181818182,0.47619047619047616,0.5337837837837838,0.34285714285714286,0.225,0.72
393,5,0.15,8,0.1,0.4,log2,0.6808631459398069,0.7246447819696228,0.654424778761062,0.8117453347969265,0.5328467153284672,0.30434782608695654,0.19718309859154928,0.6666666666666666,0.5067567567567568,0.37606837606837606,0.2391304347826087,0.88
394,5,0.15,8,0.1,0.5,sqrt,0.7152186257808063,0.7555447233731416,0.6795265234546252,0.8507135016465422,0.5766423357664233,0.3409090909090909,0.22388059701492538,0.7142857142857143,0.4391891891891892,0.25225225225225223,0.16279069767441862,0.56
395,5,0.15,8,0.1,0.5,log2,0.7524134014764339,0.7679616817456094,0.7453512396694215,0.79198682766191,0.7153284671532847,0.43478260869565216,0.3125,0.7142857142857143,0.5540540540540541,0.2978723404255319,0.2028985507246377,0.56
396,5,0.15,8,0.1,0.6,sqrt,0.7407722884724588,0.7690361750569188,0.7132801501642422,0.8342480790340285,0.5912408759124088,0.3488372093023256,0.23076923076923078,0.7142857142857143,0.5743243243243243,0.4,0.2625,0.84
397,5,0.15,8,0.1,0.6,log2,0.7211811470755253,0.7205463858850313,0.74822695035461,0.6948408342480791,0.6788321167883211,0.3125,0.23255813953488372,0.47619047619047616,0.6824324324324325,0.47191011235955055,0.328125,0.84
398,5,0.15,8,0.1,0.7,sqrt,0.7373651334469051,0.758800521512386,0.7228017883755589,0.7985729967069155,0.6058394160583942,0.325,0.22033898305084745,0.6190476190476191,0.5135135135135135,0.2653061224489796,0.1780821917808219,0.52
399,5,0.15,8,0.1,0.7,log2,0.7518455423055083,0.754769921436588,0.7721010332950632,0.7381997804610319,0.7299270072992701,0.44776119402985076,0.32608695652173914,0.7142857142857143,0.6013513513513513,0.3917525773195876,0.2638888888888889,0.76
400,5,0.15,9,0.05,0.3,sqrt,0.7345258375922771,0.7399165507649513,0.7501410039481106,0.7299670691547749,0.708029197080292,0.4117647058823529,0.2978723404255319,0.6666666666666666,0.6148648648648649,0.42424242424242425,0.28378378378378377,0.84
401,5,0.15,9,0.05,0.3,log2,0.7620670073821693,0.7786582144743793,0.7505091649694501,0.8090010976948409,0.656934306569343,0.37333333333333335,0.25925925925925924,0.6666666666666666,0.5540540540540541,0.26666666666666666,0.18461538461538463,0.48
402,5,0.15,9,0.05,0.4,sqrt,0.728847245883021,0.7155198093535895,0.7824104234527687,0.6591657519209659,0.7299270072992701,0.39344262295081966,0.3,0.5714285714285714,0.6486486486486487,0.38095238095238093,0.2711864406779661,0.64
403,5,0.15,9,0.05,0.4,log2,0.7563884156729132,0.7733755942947702,0.745417515274949,0.8035126234906695,0.6861313868613139,0.39436619718309857,0.28,0.6666666666666666,0.581081081081081,0.40384615384615385,0.26582278481012656,0.84
404,5,0.15,9,0.05,0.5,sqrt,0.7779670641680864,0.7917997870074548,0.7688728024819028,0.8161361141602634,0.7153284671532847,0.4507042253521127,0.32,0.7619047619047619,0.6081081081081081,0.40816326530612246,0.273972602739726,0.8
405,5,0.15,9,0.05,0.5,log2,0.7708688245315162,0.7736325385694249,0.7911646586345381,0.756860592755214,0.7518248175182481,0.45161290322580644,0.34146341463414637,0.6666666666666666,0.581081081081081,0.29545454545454547,0.20634920634920634,0.52
406,5,0.15,9,0.05,0.6,sqrt,0.8140261215218626,0.8232118758434548,0.8098778544875199,0.8369923161361141,0.7372262773722628,0.41935483870967744,0.3170731707317073,0.6190476190476191,0.6283783783783784,0.35294117647058826,0.25,0.6
407,5,0.15,9,0.05,0.6,log2,0.8171493469619534,0.8287234042553191,0.803921568627451,0.8551042810098792,0.7737226277372263,0.5079365079365079,0.38095238095238093,0.7619047619047619,0.6216216216216216,0.4166666666666667,0.28169014084507044,0.8
408,5,0.15,9,0.05,0.7,sqrt,0.8021010789324248,0.8103401360544218,0.8035617916891528,0.8172338090010977,0.7591240875912408,0.4406779661016949,0.34210526315789475,0.6190476190476191,0.6418918918918919,0.4175824175824176,0.2878787878787879,0.76
409,5,0.15,9,0.05,0.7,log2,0.7967064168086314,0.8059620596205962,0.7960385438972163,0.8161361141602634,0.7518248175182481,0.46875,0.3488372093023256,0.7142857142857143,0.6621621621621622,0.4318181818181818,0.30158730158730157,0.76
410,5,0.15,9,0.1,0.3,sqrt,0.6263486655309484,0.6278280542986425,0.6476079346557759,0.6092206366630076,0.6058394160583942,0.25,0.17647058823529413,0.42857142857142855,0.4391891891891892,0.1941747572815534,0.1282051282051282,0.4
411,5,0.15,9,0.1,0.3,log2,0.6467915956842702,0.6550194120909595,0.6619955156950673,0.6481888035126235,0.5912408759124088,0.2631578947368421,0.18181818181818182,0.47619047619047616,0.527027027027027,0.33962264150943394,0.2222222222222222,0.72
412,5,0.15,9,0.1,0.4,sqrt,0.6666666666666666,0.7033855482566953,0.651685393258427,0.7639956092206367,0.5547445255474452,0.2988505747126437,0.19696969696969696,0.6190476190476191,0.44594594594594594,0.2545454545454545,0.16470588235294117,0.56
413,5,0.15,9,0.1,0.4,log2,0.7538330494037478,0.7713004484304933,0.7425088877602845,0.8024149286498353,0.6861313868613139,0.4266666666666667,0.2962962962962963,0.7619047619047619,0.527027027027027,0.2708333333333333,0.18309859154929578,0.52
414,5,0.15,9,0.1,0.5,sqrt,0.7243043725156161,0.754363774348596,0.699671515720319,0.818331503841932,0.5766423357664233,0.3409090909090909,0.22388059701492538,0.7142857142857143,0.5337837837837838,0.3893805309734513,0.25,0.88
415,5,0.15,9,0.1,0.5,log2,0.6592844974446337,0.6226415094339622,0.7290132547864506,0.5433589462129528,0.7737226277372263,0.41509433962264153,0.34375,0.5238095238095238,0.6283783783783784,0.22535211267605634,0.17391304347826086,0.32
416,5,0.15,9,0.1,0.6,sqrt,0.7614991482112436,0.7743148844707146,0.758421052631579,0.7908891328210758,0.7007299270072993,0.4533333333333333,0.3148148148148148,0.8095238095238095,0.6216216216216216,0.4166666666666667,0.28169014084507044,0.8
417,5,0.15,9,0.1,0.6,log2,0.7649063032367973,0.7724024189114899,0.7736784140969163,0.7711306256860593,0.7007299270072993,0.4057971014492754,0.2916666666666667,0.6666666666666666,0.5743243243243243,0.27586206896551724,0.1935483870967742,0.48
418,5,0.15,9,0.1,0.7,sqrt,0.7737081203861442,0.778426466499861,0.7887323943661971,0.7683863885839737,0.7299270072992701,0.39344262295081966,0.3,0.5714285714285714,0.6216216216216216,0.4166666666666667,0.28169014084507044,0.8
419,5,0.15,9,0.1,0.7,log2,0.7600795002839296,0.7844937515939812,0.7327298713673178,0.8441273326015367,0.6788321167883211,0.42105263157894735,0.2909090909090909,0.7619047619047619,0.5472972972972973,0.3853211009174312,0.25,0.84
420,5,0.2,3,0.05,0.3,sqrt,0.7277115275411697,0.7297830374753451,0.7498552403011002,0.7107574094401756,0.6715328467153284,0.36619718309859156,0.26,0.6190476190476191,0.5743243243243243,0.25882352941176473,0.18333333333333332,0.44
421,5,0.2,3,0.05,0.3,log2,0.7688813174332766,0.7756339581036383,0.7790697674418605,0.7722283205268935,0.7007299270072993,0.4383561643835616,0.3076923076923077,0.7619047619047619,0.6013513513513513,0.3917525773195876,0.2638888888888889,0.76
422,5,0.2,3,0.05,0.4,sqrt,0.7640545144804088,0.7698698421489892,0.7769703745108999,0.7628979143798024,0.708029197080292,0.4117647058823529,0.2978723404255319,0.6666666666666666,0.6351351351351351,0.425531914893617,0.2898550724637681,0.8
423,5,0.2,3,0.05,0.4,log2,0.7260079500283929,0.7248360422013117,0.7543026706231454,0.6975850713501647,0.7153284671532847,0.4,0.29545454545454547,0.6190476190476191,0.6148648648648649,0.41237113402061853,0.2777777777777778,0.8
424,5,0.2,3,0.05,0.5,sqrt,0.7421919363997729,0.7583821181479511,0.7360537190082644,0.7821075740944018,0.656934306569343,0.38961038961038963,0.26785714285714285,0.7142857142857143,0.527027027027027,0.2553191489361702,0.17391304347826086,0.48
425,5,0.2,3,0.05,0.5,log2,0.7367972742759795,0.7153822536076143,0.8118466898954704,0.6394072447859495,0.8175182481751825,0.4897959183673469,0.42857142857142855,0.5714285714285714,0.6283783783783784,0.3037974683544304,0.2222222222222222,0.48
426,5,0.2,3,0.05,0.6,sqrt,0.7575241340147644,0.7564175698802054,0.7874109263657957,0.7277716794731065,0.7445255474452555,0.4262295081967213,0.325,0.6190476190476191,0.6148648648648649,0.42424242424242425,0.28378378378378377,0.84
427,5,0.2,3,0.05,0.6,log2,0.7331061896649631,0.7151515151515152,0.7983761840324763,0.6476399560922064,0.7737226277372263,0.43636363636363634,0.35294117647058826,0.5714285714285714,0.6756756756756757,0.4418604651162791,0.3114754098360656,0.76
428,5,0.2,3,0.05,0.7,sqrt,0.7714366837024418,0.7822558831484988,0.7712,0.7936333699231614,0.6934306569343066,0.4,0.2857142857142857,0.6666666666666666,0.5945945945945946,0.4117647058823529,0.2727272727272727,0.84
429,5,0.2,3,0.05,0.7,log2,0.779954571266326,0.7819971870604782,0.8020773225620311,0.7628979143798024,0.7737226277372263,0.4745762711864407,0.3684210526315789,0.6666666666666666,0.6283783783783784,0.42105263157894735,0.2857142857142857,0.8
430,5,0.2,3,0.1,0.3,sqrt,0.6428165814877911,0.6458333333333334,0.6630057803468208,0.6295279912184413,0.6058394160583942,0.2702702702702703,0.18867924528301888,0.47619047619047616,0.49324324324324326,0.25742574257425743,0.17105263157894737,0.52
431,5,0.2,3,0.1,0.3,log2,0.6445201590005678,0.6533776301218162,0.659217877094972,0.6476399560922064,0.5912408759124088,0.2631578947368421,0.18181818181818182,0.47619047619047616,0.5337837837837838,0.34285714285714286,0.225,0.72
432,5,0.2,3,0.1,0.4,sqrt,0.7174900624645087,0.7304253589813059,0.7212413055109684,0.7398463227222832,0.6642335766423357,0.3235294117647059,0.23404255319148937,0.5238095238095238,0.6013513513513513,0.40404040404040403,0.2702702702702703,0.8
433,5,0.2,3,0.1,0.4,log2,0.6609880749574105,0.6857894736842105,0.6587462082912032,0.7151481888035126,0.5766423357664233,0.275,0.1864406779661017,0.5238095238095238,0.5067567567567568,0.34234234234234234,0.22093023255813954,0.76
434,5,0.2,3,0.1,0.5,sqrt,0.7086882453151618,0.736788096459723,0.6917148362235067,0.7881448957189902,0.5985401459854015,0.35294117647058826,0.234375,0.7142857142857143,0.5405405405405406,0.39285714285714285,0.25287356321839083,0.88
435,5,0.2,3,0.1,0.5,log2,0.7549687677455991,0.7750847015897837,0.7379652605459057,0.8161361141602634,0.6861313868613139,0.37681159420289856,0.2708333333333333,0.6190476190476191,0.5675675675675675,0.3469387755102041,0.2328767123287671,0.68
436,5,0.2,3,0.1,0.6,sqrt,0.7691652470187393,0.7791361043194784,0.771382463690156,0.7870472008781558,0.7226277372262774,0.45714285714285713,0.32653061224489793,0.7619047619047619,0.5743243243243243,0.3076923076923077,0.21212121212121213,0.56
437,5,0.2,3,0.1,0.6,log2,0.7867688813174333,0.7943029307039168,0.7927829414980864,0.7958287596048299,0.7664233576642335,0.5151515151515151,0.37777777777777777,0.8095238095238095,0.6148648648648649,0.41237113402061853,0.2777777777777778,0.8
438,5,0.2,3,0.1,0.7,sqrt,0.7833617262918796,0.7780040733197556,0.8278637770897833,0.7338090010976949,0.781021897810219,0.4827586206896552,0.3783783783783784,0.6666666666666666,0.6554054054054054,0.41379310344827586,0.2903225806451613,0.72
439,5,0.2,3,0.1,0.7,log2,0.7782509937535491,0.7849077389148995,0.7877280265339967,0.7821075740944018,0.7226277372262774,0.42424242424242425,0.3111111111111111,0.6666666666666666,0.6216216216216216,0.4166666666666667,0.28169014084507044,0.8
440,5,0.2,4,0.05,0.3,sqrt,0.7455990914253265,0.7549234135667396,0.752453653217012,0.7574094401756312,0.6934306569343066,0.4473684210526316,0.3090909090909091,0.8095238095238095,0.5945945945945946,0.3877551020408163,0.2602739726027397,0.76
441,5,0.2,4,0.05,0.3,log2,0.6342986939239069,0.5499650593990216,0.7567307692307692,0.4319429198682766,0.7883211678832117,0.32558139534883723,0.3181818181818182,0.3333333333333333,0.6959459459459459,0.34782608695652173,0.2727272727272727,0.48
442,5,0.2,4,0.05,0.4,sqrt,0.7240204429301533,0.7527975584944049,0.7014218009478673,0.8122941822173436,0.5693430656934306,0.3218390804597701,0.21212121212121213,0.6666666666666666,0.4797297297297297,0.26666666666666666,0.175,0.56
443,5,0.2,4,0.05,0.4,log2,0.740488358886996,0.7311764705882353,0.7877059569074778,0.6822173435784852,0.7445255474452555,0.4067796610169492,0.3157894736842105,0.5714285714285714,0.6621621621621622,0.4318181818181818,0.30158730158730157,0.76
444,5,0.2,4,0.05,0.5,sqrt,0.7705848949460534,0.7720090293453724,0.794425087108014,0.7508232711306256,0.7737226277372263,0.45614035087719296,0.3611111111111111,0.6190476190476191,0.6554054054054054,0.42696629213483145,0.296875,0.76
445,5,0.2,4,0.05,0.5,log2,0.7572402044293015,0.741925747057048,0.824279007377599,0.6745334796926454,0.7956204379562044,0.46153846153846156,0.3870967741935484,0.5714285714285714,0.6891891891891891,0.4523809523809524,0.3220338983050847,0.76
446,5,0.2,4,0.05,0.6,sqrt,0.7759795570698467,0.7819839734733351,0.7874234835837507,0.7766190998902305,0.7226277372262774,0.40625,0.3023255813953488,0.6190476190476191,0.6756756756756757,0.4418604651162791,0.3114754098360656,0.76
447,5,0.2,4,0.05,0.6,log2,0.7566723452583759,0.7678136006502303,0.7581594435527019,0.7777167947310648,0.7226277372262774,0.4411764705882353,0.3191489361702128,0.7142857142857143,0.5878378378378378,0.4077669902912621,0.2692307692307692,0.84
448,5,0.2,4,0.05,0.7,sqrt,0.7436115843270868,0.7311699910687705,0.7989590110605075,0.6739846322722283,0.7664233576642335,0.42857142857142855,0.34285714285714286,0.5714285714285714,0.6621621621621622,0.4444444444444444,0.3076923076923077,0.8
449,5,0.2,4,0.05,0.7,log2,0.7864849517319704,0.783410138248848,0.8242424242424242,0.7464324917672887,0.7518248175182481,0.43333333333333335,0.3333333333333333,0.6190476190476191,0.6283783783783784,0.3037974683544304,0.2222222222222222,0.48
450,5,0.2,4,0.1,0.3,sqrt,0.6010789324247586,0.5766797228080747,0.6392785571142284,0.5252469813391877,0.5985401459854015,0.22535211267605634,0.16,0.38095238095238093,0.5,0.13953488372093023,0.09836065573770492,0.24
451,5,0.2,4,0.1,0.3,log2,0.644236229415105,0.6526199057388411,0.6593837535014005,0.645993413830955,0.5912408759124088,0.2631578947368421,0.18181818181818182,0.47619047619047616,0.5337837837837838,0.34285714285714286,0.225,0.72
452,5,0.2,4,0.1,0.4,sqrt,0.6465076660988075,0.6437768240343348,0.6724447101016139,0.6174533479692645,0.6204379562043796,0.2777777777777778,0.19607843137254902,0.47619047619047616,0.49324324324324326,0.13793103448275862,0.0967741935483871,0.24
453,5,0.2,4,0.1,0.4,log2,0.6507666098807495,0.6568080357142857,0.6679909194097616,0.645993413830955,0.5985401459854015,0.26666666666666666,0.18518518518518517,0.47619047619047616,0.5337837837837838,0.34285714285714286,0.225,0.72
454,5,0.2,4,0.1,0.5,sqrt,0.78137421919364,0.8002075765438506,0.7588582677165354,0.8463227222832053,0.656934306569343,0.3561643835616438,0.25,0.6190476190476191,0.6081081081081081,0.3958333333333333,0.2676056338028169,0.76
455,5,0.2,4,0.1,0.5,log2,0.7152186257808063,0.7410276271624064,0.6996587030716723,0.787596048298573,0.5985401459854015,0.35294117647058826,0.234375,0.7142857142857143,0.5067567567567568,0.3177570093457944,0.2073170731707317,0.68
456,5,0.2,4,0.1,0.6,sqrt,0.7680295286768881,0.7840338355802273,0.7562468128505865,0.813940724478595,0.6715328467153284,0.4155844155844156,0.2857142857142857,0.7619047619047619,0.6148648648648649,0.41237113402061853,0.2777777777777778,0.8
457,5,0.2,4,0.1,0.6,log2,0.7819420783645656,0.8020618556701031,0.7560738581146744,0.854006586169045,0.656934306569343,0.37333333333333335,0.25925925925925924,0.6666666666666666,0.6013513513513513,0.4158415841584158,0.27631578947368424,0.84
458,5,0.2,4,0.1,0.7,sqrt,0.7194775695627484,0.7099236641221374,0.7632575757575758,0.6635565312843029,0.7737226277372263,0.4918032786885246,0.375,0.7142857142857143,0.6013513513513513,0.37894736842105264,0.2571428571428571,0.72
459,5,0.2,4,0.1,0.7,log2,0.7089721749006247,0.7410962364233392,0.686476368741226,0.8051591657519209,0.6058394160583942,0.34146341463414637,0.22950819672131148,0.6666666666666666,0.5405405405405406,0.38181818181818183,0.24705882352941178,0.84
460,5,0.2,5,0.05,0.3,sqrt,0.7208972174900624,0.7131601984242778,0.7613707165109034,0.6706915477497256,0.7226277372262774,0.36666666666666664,0.28205128205128205,0.5238095238095238,0.6554054054054054,0.32,0.24,0.48
461,5,0.2,5,0.05,0.3,log2,0.6450880181714934,0.6266427718040621,0.6874180865006553,0.5757409440175631,0.6423357664233577,0.2898550724637681,0.20833333333333334,0.47619047619047616,0.581081081081081,0.3404255319148936,0.2318840579710145,0.64
462,5,0.2,5,0.05,0.4,sqrt,0.7938671209540034,0.7914991384261918,0.8301204819277108,0.756311745334797,0.7664233576642335,0.42857142857142855,0.34285714285714286,0.5714285714285714,0.668918918918919,0.449438202247191,0.3125,0.8
463,5,0.2,5,0.05,0.4,log2,0.7444633730834753,0.7578040904198062,0.7434002111932418,0.7727771679473107,0.7153284671532847,0.417910447761194,0.30434782608695654,0.6666666666666666,0.5540540540540541,0.4,0.25882352941176473,0.88
464,5,0.2,5,0.05,0.5,sqrt,0.7816581487791028,0.7825841108283856,0.8069970845481049,0.7596048298572997,0.7591240875912408,0.45901639344262296,0.35,0.6666666666666666,0.6418918918918919,0.4175824175824176,0.2878787878787879,0.76
465,5,0.2,5,0.05,0.5,log2,0.7614991482112436,0.7507418397626113,0.8171834625322998,0.6942919868276619,0.7956204379562044,0.46153846153846156,0.3870967741935484,0.5714285714285714,0.6756756756756757,0.4418604651162791,0.3114754098360656,0.76
466,5,0.2,5,0.05,0.6,sqrt,0.7802385008517888,0.7807365439093484,0.8067915690866511,0.756311745334797,0.7445255474452555,0.46153846153846156,0.3409090909090909,0.7142857142857143,0.6486486486486487,0.43478260869565216,0.29850746268656714,0.8
467,5,0.2,5,0.05,0.6,log2,0.7961385576377058,0.8032876712328767,0.8019693654266958,0.8046103183315039,0.7445255474452555,0.4262295081967213,0.325,0.6190476190476191,0.6283783783783784,0.40860215053763443,0.27941176470588236,0.76
468,5,0.2,5,0.05,0.7,sqrt,0.7348097671777399,0.7483836206896551,0.734920634920635,0.7623490669593853,0.635036496350365,0.375,0.2542372881355932,0.7142857142857143,0.6081081081081081,0.42,0.28,0.84
469,5,0.2,5,0.05,0.7,log2,0.7387847813742192,0.7546666666666667,0.7339211618257261,0.7766190998902305,0.656934306569343,0.3561643835616438,0.25,0.6190476190476191,0.527027027027027,0.2708333333333333,0.18309859154929578,0.52
470,5,0.2,5,0.1,0.3,sqrt,0.6453719477569563,0.6472747811352725,0.6666666666666666,0.6289791437980241,0.5912408759124088,0.24324324324324326,0.16981132075471697,0.42857142857142855,0.5202702702702703,0.3364485981308411,0.21951219512195122,0.72
471,5,0.2,5,0.1,0.3,log2,0.6737649063032368,0.6613616268788682,0.7141947803946531,0.6158068057080132,0.708029197080292,0.3939393939393939,0.28888888888888886,0.6190476190476191,0.6081081081081081,0.23684210526315788,0.17647058823529413,0.36
472,5,0.2,5,0.1,0.4,sqrt,0.7248722316865417,0.7446640316205534,0.7161682716675114,0.7755214050493963,0.635036496350365,0.34210526315789475,0.23636363636363636,0.6190476190476191,0.5067567567567568,0.24742268041237114,0.16666666666666666,0.48
473,5,0.2,5,0.1,0.4,log2,0.7461669505962522,0.7632415254237288,0.7374616171954964,0.7908891328210758,0.6423357664233577,0.30985915492957744,0.22,0.5238095238095238,0.581081081081081,0.41509433962264153,0.2716049382716049,0.88
474,5,0.2,5,0.1,0.5,sqrt,0.7430437251561612,0.7445667513406717,0.7664148750726322,0.7239297475301866,0.7226277372262774,0.4411764705882353,0.3191489361702128,0.7142857142857143,0.668918918918919,0.40963855421686746,0.29310344827586204,0.68
475,5,0.2,5,0.1,0.5,log2,0.7067007382169223,0.7295103430217335,0.6975463194792189,0.7645444566410537,0.6204379562043796,0.3157894736842105,0.21818181818181817,0.5714285714285714,0.5,0.26,0.17333333333333334,0.52
476,5,0.2,5,0.1,0.6,sqrt,0.7487223168654173,0.7672889823823298,0.7364967188288744,0.8007683863885839,0.7153284671532847,0.4,0.29545454545454547,0.6190476190476191,0.5540540540540541,0.2826086956521739,0.19402985074626866,0.52
477,5,0.2,5,0.1,0.6,log2,0.7433276547416241,0.7661665804449043,0.724559686888454,0.8128430296377607,0.6496350364963503,0.38461538461538464,0.2631578947368421,0.7142857142857143,0.5608108108108109,0.4036697247706422,0.2619047619047619,0.88
478,5,0.2,5,0.1,0.7,sqrt,0.8069278818852924,0.8082346305696559,0.8312064965197216,0.7864983534577388,0.7883211678832117,0.49122807017543857,0.3888888888888889,0.6666666666666666,0.6959459459459459,0.4578313253012048,0.3275862068965517,0.76
479,5,0.2,5,0.1,0.7,log2,0.7331061896649631,0.7699461576113559,0.6947879858657244,0.8633369923161361,0.5474452554744526,0.32608695652173914,0.2112676056338028,0.7142857142857143,0.5337837837837838,0.3783783783783784,0.2441860465116279,0.84
480,5,0.2,6,0.05,0.3,sqrt,0.6768881317433276,0.6733639494833524,0.7057761732851986,0.6437980241492866,0.6131386861313869,0.2535211267605634,0.18,0.42857142857142855,0.5472972972972973,0.34951456310679613,0.23076923076923078,0.72
481,5,0.2,6,0.05,0.3,log2,0.740488358886996,0.7469545957918051,0.7536312849162011,0.7403951701427003,0.6934306569343066,0.4,0.2857142857142857,0.6666666666666666,0.6013513513513513,0.4158415841584158,0.27631578947368424,0.84
482,5,0.2,6,0.05,0.4,sqrt,0.7467348097671778,0.7319711538461539,0.8087649402390438,0.6684961580680571,0.7883211678832117,0.4528301886792453,0.375,0.5714285714285714,0.6824324324324325,0.4470588235294118,0.31666666666666665,0.76
483,5,0.2,6,0.05,0.4,log2,0.7453151618398637,0.7708812260536398,0.7209746774964166,0.8282107574094402,0.5985401459854015,0.3373493975903614,0.22580645161290322,0.6666666666666666,0.527027027027027,0.375,0.2413793103448276,0.84
484,5,0.2,6,0.05,0.5,sqrt,0.7438955139125497,0.7635028841111694,0.7309236947791165,0.7991218441273326,0.635036496350365,0.34210526315789475,0.23636363636363636,0.6190476190476191,0.5540540540540541,0.4,0.25882352941176473,0.88
485,5,0.2,6,0.05,0.5,log2,0.7796706416808632,0.7949260042283298,0.7665647298674821,0.8254665203073546,0.7226277372262774,0.42424242424242425,0.3111111111111111,0.6666666666666666,0.6283783783783784,0.4444444444444444,0.2972972972972973,0.88
486,5,0.2,6,0.05,0.6,sqrt,0.7688813174332766,0.7779596290234588,0.7733188720173536,0.7826564215148188,0.6861313868613139,0.39436619718309857,0.28,0.6666666666666666,0.6418918918918919,0.4421052631578947,0.3,0.84
487,5,0.2,6,0.05,0.6,log2,0.7884724588302101,0.8049227546478136,0.7696544817225839,0.8435784851811197,0.7226277372262774,0.45714285714285713,0.32653061224489793,0.7619047619047619,0.6148648648648649,0.4,0.2714285714285714,0.76
488,5,0.2,6,0.05,0.7,sqrt,0.7436115843270868,0.7465618860510805,0.7639287765651924,0.7299670691547749,0.7007299270072993,0.3492063492063492,0.2619047619047619,0.5238095238095238,0.6216216216216216,0.4166666666666667,0.28169014084507044,0.8
489,5,0.2,6,0.05,0.7,log2,0.7586598523566156,0.774416135881104,0.749743062692703,0.8007683863885839,0.708029197080292,0.4594594594594595,0.32075471698113206,0.8095238095238095,0.581081081081081,0.38,0.25333333333333335,0.76
490,5,0.2,6,0.1,0.3,sqrt,0.653038046564452,0.6699081577525662,0.6595744680851063,0.6805708013172338,0.6277372262773723,0.33766233766233766,0.23214285714285715,0.6190476190476191,0.47297297297297297,0.1875,0.1267605633802817,0.36
491,5,0.2,6,0.1,0.3,log2,0.6467915956842702,0.6550194120909595,0.6619955156950673,0.6481888035126235,0.5912408759124088,0.2631578947368421,0.18181818181818182,0.47619047619047616,0.527027027027027,0.33962264150943394,0.2222222222222222,0.72
492,5,0.2,6,0.1,0.4,sqrt,0.6737649063032368,0.7077079623505469,0.6595542911332385,0.7634467618002195,0.5985401459854015,0.367816091954023,0.24242424242424243,0.7619047619047619,0.44594594594594594,0.24074074074074073,0.1566265060240964,0.52
493,5,0.2,6,0.1,0.4,log2,0.7137989778534923,0.7280086346465191,0.7160297239915074,0.7403951701427003,0.635036496350365,0.32432432432432434,0.22641509433962265,0.5714285714285714,0.5472972972972973,0.3619047619047619,0.2375,0.76
494,5,0.2,6,0.1,0.5,sqrt,0.7433276547416241,0.7524644030668127,0.7508196721311475,0.7541163556531284,0.6861313868613139,0.3582089552238806,0.2608695652173913,0.5714285714285714,0.6756756756756757,0.4666666666666667,0.3230769230769231,0.84
495,5,0.2,6,0.1,0.5,log2,0.7257240204429302,0.752434648898001,0.7057692307692308,0.8057080131723381,0.6058394160583942,0.35714285714285715,0.23809523809523808,0.7142857142857143,0.5405405405405406,0.39285714285714285,0.25287356321839083,0.88
496,5,0.2,6,0.1,0.6,sqrt,0.7776831345826235,0.7948650772858266,0.7604010025062656,0.8326015367727772,0.6861313868613139,0.410958904109589,0.28846153846153844,0.7142857142857143,0.5945945945945946,0.4117647058823529,0.2727272727272727,0.84
497,5,0.2,6,0.1,0.6,log2,0.7802385008517888,0.7945859872611465,0.7692702980472764,0.8216245883644346,0.6788321167883211,0.3888888888888889,0.27450980392156865,0.6666666666666666,0.6216216216216216,0.40425531914893614,0.2753623188405797,0.76
498,5,0.2,6,0.1,0.7,sqrt,0.7535491198182851,0.7607497243660419,0.7641196013289037,0.7574094401756312,0.708029197080292,0.3939393939393939,0.28888888888888886,0.6190476190476191,0.6283783783783784,0.4444444444444444,0.2972972972972973,0.88
499,5,0.2,6,0.1,0.7,log2,0.7629187961385576,0.7747504720798489,0.7618037135278515,0.7881448957189902,0.6715328467153284,0.36619718309859156,0.26,0.6190476190476191,0.6148648648648649,0.43564356435643564,0.2894736842105263,0.88
500,5,0.2,7,0.05,0.3,sqrt,0.6479273140261215,0.5545977011494253,0.8024948024948025,0.42371020856201974,0.7299270072992701,0.27450980392156865,0.23333333333333334,0.3333333333333333,0.7297297297297297,0.16666666666666666,0.17391304347826086,0.16
501,5,0.2,7,0.05,0.3,log2,0.6726291879613856,0.6060813119234711,0.8027149321266969,0.486827661909989,0.8029197080291971,0.425531914893617,0.38461538461538464,0.47619047619047616,0.722972972972973,0.4057971014492754,0.3181818181818182,0.56
502,5,0.2,7,0.05,0.4,sqrt,0.7424758659852356,0.7403378184941312,0.7737881508078994,0.7096597145993414,0.7372262773722628,0.4,0.3076923076923077,0.5714285714285714,0.6756756756756757,0.45454545454545453,0.31746031746031744,0.8
503,5,0.2,7,0.05,0.4,log2,0.7436115843270868,0.7681643132220796,0.7216594307766522,0.8210757409440176,0.635036496350365,0.375,0.2542372881355932,0.7142857142857143,0.5540540540540541,0.3888888888888889,0.25301204819277107,0.84
504,5,0.2,7,0.05,0.5,sqrt,0.7424758659852356,0.7388424992801612,0.7771047849788008,0.7041712403951701,0.7591240875912408,0.4406779661016949,0.34210526315789475,0.6190476190476191,0.6621621621621622,0.4318181818181818,0.30158730158730157,0.76
505,5,0.2,7,0.05,0.5,log2,0.7399204997160704,0.7569002123142251,0.7327852004110997,0.7826564215148188,0.6861313868613139,0.410958904109589,0.28846153846153844,0.7142857142857143,0.5878378378378378,0.4077669902912621,0.2692307692307692,0.84
506,5,0.2,7,0.05,0.6,sqrt,0.7773992049971608,0.7776517300056721,0.8045774647887324,0.752469813391877,0.7737226277372263,0.4745762711864407,0.3684210526315789,0.6666666666666666,0.6959459459459459,0.4578313253012048,0.3275862068965517,0.76
507,5,0.2,7,0.05,0.6,log2,0.7319704713231119,0.7274826789838337,0.7673568818514007,0.6915477497255763,0.7372262773722628,0.3793103448275862,0.2972972972972973,0.5238095238095238,0.7027027027027027,0.2903225806451613,0.24324324324324326,0.36
508,5,0.2,7,0.05,0.7,sqrt,0.7424758659852356,0.744290950098675,0.7652173913043478,0.7244785949506037,0.7372262773722628,0.41935483870967744,0.3170731707317073,0.6190476190476191,0.6216216216216216,0.4166666666666667,0.28169014084507044,0.8
509,5,0.2,7,0.05,0.7,log2,0.7501419647927314,0.755826859045505,0.7643097643097643,0.747530186608123,0.7153284671532847,0.417910447761194,0.30434782608695654,0.6666666666666666,0.6351351351351351,0.41304347826086957,0.2835820895522388,0.76
510,5,0.2,7,0.1,0.3,sqrt,0.645655877342419,0.6542936288088642,0.6605145413870246,0.6481888035126235,0.5912408759124088,0.2631578947368421,0.18181818181818182,0.47619047619047616,0.527027027027027,0.33962264150943394,0.2222222222222222,0.72
511,5,0.2,7,0.1,0.3,log2,0.644236229415105,0.6522342492367471,0.6597417181358787,0.6448957189901208,0.5912408759124088,0.2631578947368421,0.18181818181818182,0.47619047619047616,0.5337837837837838,0.3300970873786408,0.21794871794871795,0.68
512,5,0.2,7,0.1,0.4,sqrt,0.6448040885860307,0.6537503459728757,0.6594081518704634,0.6481888035126235,0.5912408759124088,0.2631578947368421,0.18181818181818182,0.47619047619047616,0.527027027027027,0.33962264150943394,0.2222222222222222,0.72
513,5,0.2,7,0.1,0.4,log2,0.6394094264622374,0.650137741046832,0.6526548672566371,0.6476399560922064,0.5766423357664233,0.2564102564102564,0.17543859649122806,0.47619047619047616,0.5067567567567568,0.3302752293577982,0.21428571428571427,0.72
514,5,0.2,7,0.1,0.5,sqrt,0.6706416808631459,0.6868250539956804,0.6758767268862912,0.6981339187705817,0.6058394160583942,0.3076923076923077,0.21052631578947367,0.5714285714285714,0.5337837837837838,0.35514018691588783,0.23170731707317074,0.76
515,5,0.2,7,0.1,0.5,log2,0.7265758091993185,0.7264981539335416,0.7527957622130665,0.7019758507135017,0.6934306569343066,0.34375,0.2558139534883721,0.5238095238095238,0.6351351351351351,0.4375,0.29577464788732394,0.84
516,5,0.2,7,0.1,0.6,sqrt,0.75809199318569,0.7579545454545454,0.7856301531213192,0.7321624588364435,0.7226277372262774,0.3870967741935484,0.2926829268292683,0.5714285714285714,0.7162162162162162,0.475,0.34545454545454546,0.76
517,5,0.2,7,0.1,0.6,log2,0.7700170357751278,0.7861668426610349,0.7573753814852492,0.8172338090010977,0.708029197080292,0.4594594594594595,0.32075471698113206,0.8095238095238095,0.5743243243243243,0.4,0.2625,0.84
518,5,0.2,7,0.1,0.7,sqrt,0.7708688245315162,0.7852009582113388,0.7622739018087855,0.8095499451152579,0.6788321167883211,0.40540540540540543,0.2830188679245283,0.7142857142857143,0.6283783783783784,0.40860215053763443,0.27941176470588236,0.76
519,5,0.2,7,0.1,0.7,log2,0.7149346961953436,0.7403000517330575,0.7000978473581213,0.7854006586169044,0.6204379562043796,0.3953488372093023,0.26153846153846155,0.8095238095238095,0.5067567567567568,0.27722772277227725,0.18421052631578946,0.56
520,5,0.2,8,0.05,0.3,sqrt,0.7589437819420783,0.7660512537889226,0.7692307692307693,0.7628979143798024,0.6861313868613139,0.410958904109589,0.28846153846153844,0.7142857142857143,0.6418918918918919,0.43010752688172044,0.29411764705882354,0.8
521,5,0.2,8,0.05,0.3,log2,0.6743327654741624,0.6313082610093218,0.7618308766485647,0.5389681668496158,0.7226277372262774,0.3448275862068966,0.2702702702702703,0.47619047619047616,0.6756756756756757,0.38461538461538464,0.2830188679245283,0.6
522,5,0.2,8,0.05,0.4,sqrt,0.750709823963657,0.7593201754385965,0.7584884994523549,0.7601536772777168,0.6642335766423357,0.34285714285714286,0.24489795918367346,0.5714285714285714,0.6418918918918919,0.43010752688172044,0.29411764705882354,0.8
523,5,0.2,8,0.05,0.4,log2,0.7498580352072686,0.7542538354253835,0.766874645490641,0.7420417124039517,0.7518248175182481,0.45161290322580644,0.34146341463414637,0.6666666666666666,0.5675675675675675,0.28888888888888886,0.2,0.52
524,5,0.2,8,0.05,0.5,sqrt,0.7589437819420783,0.7684755931278975,0.7636856368563686,0.7733260153677278,0.7372262773722628,0.41935483870967744,0.3170731707317073,0.6190476190476191,0.5675675675675675,0.28888888888888886,0.2,0.52
525,5,0.2,8,0.05,0.5,log2,0.8009653605905735,0.8023681984775867,0.8249275362318841,0.7810098792535675,0.7737226277372263,0.4745762711864407,0.3684210526315789,0.6666666666666666,0.6756756756756757,0.45454545454545453,0.31746031746031744,0.8
526,5,0.2,8,0.05,0.6,sqrt,0.7450312322544009,0.7501391207568169,0.7607223476297968,0.7398463227222832,0.7299270072992701,0.44776119402985076,0.32608695652173914,0.7142857142857143,0.6216216216216216,0.44,0.29333333333333333,0.88
527,5,0.2,8,0.05,0.6,log2,0.7365133446905168,0.7294460641399417,0.7779850746268657,0.6866081229418222,0.7591240875912408,0.45901639344262296,0.35,0.6666666666666666,0.668918918918919,0.449438202247191,0.3125,0.8
528,5,0.2,8,0.05,0.7,sqrt,0.7331061896649631,0.7369893676552882,0.7517123287671232,0.7228320526893524,0.708029197080292,0.4117647058823529,0.2978723404255319,0.6666666666666666,0.6013513513513513,0.40404040404040403,0.2702702702702703,0.8
529,5,0.2,8,0.05,0.7,log2,0.7720045428733674,0.7870591355078228,0.7614161108260646,0.814489571899012,0.6861313868613139,0.39436619718309857,0.28,0.6666666666666666,0.6081081081081081,0.42,0.28,0.84
530,5,0.2,8,0.1,0.3,sqrt,0.644236229415105,0.6524271844660194,0.659562535053281,0.6454445664105378,0.5912408759124088,0.2631578947368421,0.18181818181818182,0.47619047619047616,0.5405405405405406,0.34615384615384615,0.22784810126582278,0.72
531,5,0.2,8,0.1,0.3,log2,0.6751845542305508,0.6891304347826087,0.682454251883746,0.6959385290889133,0.5985401459854015,0.2857142857142857,0.19642857142857142,0.5238095238095238,0.5472972972972973,0.34951456310679613,0.23076923076923078,0.72
532,5,0.2,8,0.1,0.4,sqrt,0.7370812038614424,0.761340206185567,0.717687074829932,0.8106476399560922,0.6277372262773723,0.37037037037037035,0.25,0.7142857142857143,0.527027027027027,0.3269230769230769,0.21518987341772153,0.68
533,5,0.2,8,0.1,0.4,log2,0.6249290176036343,0.6187590187590187,0.6524650030432136,0.5883644346871569,0.5985401459854015,0.2465753424657534,0.17307692307692307,0.42857142857142855,0.49324324324324326,0.21052631578947367,0.14285714285714285,0.4
534,5,0.2,8,0.1,0.5,sqrt,0.7399204997160704,0.7567711099309612,0.7330246913580247,0.7821075740944018,0.6496350364963503,0.38461538461538464,0.2631578947368421,0.7142857142857143,0.6486486486486487,0.4583333333333333,0.30985915492957744,0.88
535,5,0.2,8,0.1,0.5,log2,0.7677455990914254,0.784850078905839,0.7535353535353535,0.818880351262349,0.6934306569343066,0.4166666666666667,0.29411764705882354,0.7142857142857143,0.5202702702702703,0.26804123711340205,0.18055555555555555,0.52
536,5,0.2,8,0.1,0.6,sqrt,0.7282793867120954,0.7260234755224735,0.7588270496708558,0.6959385290889133,0.6934306569343066,0.36363636363636365,0.26666666666666666,0.5714285714285714,0.5540540540540541,0.26666666666666666,0.18461538461538463,0.48
537,5,0.2,8,0.1,0.6,log2,0.7393526405451448,0.7666497203863752,0.7140151515151515,0.827661909989023,0.6131386861313869,0.3614457831325301,0.24193548387096775,0.7142857142857143,0.5608108108108109,0.4036697247706422,0.2619047619047619,0.88
538,5,0.2,8,0.1,0.7,sqrt,0.768313458262351,0.7799352750809061,0.7667020148462355,0.7936333699231614,0.7226277372262774,0.42424242424242425,0.3111111111111111,0.6666666666666666,0.6216216216216216,0.42857142857142855,0.2876712328767123,0.84
539,5,0.2,8,0.1,0.7,log2,0.7546848381601363,0.7720316622691293,0.7433943089430894,0.8029637760702525,0.635036496350365,0.358974358974359,0.24561403508771928,0.6666666666666666,0.5878378378378378,0.4077669902912621,0.2692307692307692,0.84
540,5,0.2,9,0.05,0.3,sqrt,0.7356615559341283,0.720504353047133,0.7952286282306164,0.6586169045005489,0.7299270072992701,0.3728813559322034,0.2894736842105263,0.5238095238095238,0.6283783783783784,0.2857142857142857,0.21153846153846154,0.44
541,5,0.2,9,0.05,0.3,log2,0.7680295286768881,0.7886157826649418,0.7459618208516887,0.8364434687156971,0.7372262773722628,0.47058823529411764,0.3404255319148936,0.7619047619047619,0.6013513513513513,0.4158415841584158,0.27631578947368424,0.84
542,5,0.2,9,0.05,0.4,sqrt,0.7859170925610448,0.7898550724637681,0.8023782559456398,0.7777167947310648,0.7737226277372263,0.4918032786885246,0.375,0.7142857142857143,0.668918918918919,0.4367816091954023,0.3064516129032258,0.76
543,5,0.2,9,0.05,0.4,log2,0.7597955706984668,0.7748802554550293,0.7520661157024794,0.7991218441273326,0.7007299270072993,0.4057971014492754,0.2916666666666667,0.6666666666666666,0.6081081081081081,0.42,0.28,0.84
544,5,0.2,9,0.05,0.5,sqrt,0.7467348097671778,0.758527341635084,0.7483974358974359,0.7689352360043907,0.6934306569343066,0.4,0.2857142857142857,0.6666666666666666,0.6216216216216216,0.42857142857142855,0.2876712328767123,0.84
545,5,0.2,9,0.05,0.5,log2,0.7490062464508802,0.7274969173859432,0.829817158931083,0.6476399560922064,0.8175182481751825,0.5098039215686274,0.43333333333333335,0.6190476190476191,0.7162162162162162,0.46153846153846156,0.33962264150943394,0.72
546,5,0.2,9,0.05,0.6,sqrt,0.7756956274843839,0.7762039660056658,0.8021077283372365,0.75192096597146,0.7737226277372263,0.45614035087719296,0.3611111111111111,0.6190476190476191,0.6621621621621622,0.4318181818181818,0.30158730158730157,0.76
547,5,0.2,9,0.05,0.6,log2,0.7424758659852356,0.7486838459407038,0.7560156687185227,0.7414928649835346,0.708029197080292,0.375,0.27906976744186046,0.5714285714285714,0.7297297297297297,0.5121951219512195,0.3684210526315789,0.84
548,5,0.2,9,0.05,0.7,sqrt,0.7666098807495741,0.7531531531531531,0.8315649867374005,0.6882546652030735,0.7883211678832117,0.4528301886792453,0.375,0.5714285714285714,0.6148648648648649,0.27848101265822783,0.2037037037037037,0.44
549,5,0.2,9,0.05,0.7,log2,0.8262350936967632,0.8338762214983714,0.8249194414607949,0.8430296377607025,0.7591240875912408,0.4406779661016949,0.34210526315789475,0.6190476190476191,0.5878378378378378,0.2823529411764706,0.2,0.48
550,5,0.2,9,0.1,0.3,sqrt,0.5993753549119818,0.575639097744361,0.6367265469061876,0.5252469813391877,0.6058394160583942,0.22857142857142856,0.16326530612244897,0.38095238095238093,0.5,0.13953488372093023,0.09836065573770492,0.24
551,5,0.2,9,0.1,0.3,log2,0.6533219761499148,0.6522358302477926,0.6779159265837774,0.6284302963776071,0.6204379562043796,0.23529411764705882,0.1702127659574468,0.38095238095238093,0.5675675675675675,0.36,0.24,0.72
552,5,0.2,9,0.1,0.4,sqrt,0.7614991482112436,0.7857142857142857,0.7340324118207817,0.845225027442371,0.6423357664233577,0.379746835443038,0.25862068965517243,0.7142857142857143,0.5608108108108109,0.2857142857142857,0.19696969696969696,0.52
553,5,0.2,9,0.1,0.4,log2,0.6615559341283361,0.6716253443526171,0.6742256637168141,0.6690450054884742,0.6058394160583942,0.325,0.22033898305084745,0.6190476190476191,0.5,0.22916666666666666,0.15492957746478872,0.44
554,5,0.2,9,0.1,0.5,sqrt,0.6936399772856332,0.7259334518669037,0.6756501182033097,0.7843029637760702,0.5620437956204379,0.3333333333333333,0.21739130434782608,0.7142857142857143,0.5202702702702703,0.37168141592920356,0.23863636363636365,0.84
555,5,0.2,9,0.1,0.5,log2,0.7226007950028392,0.7611830848203374,0.6862053768179814,0.8545554335894622,0.5766423357664233,0.35555555555555557,0.2318840579710145,0.7619047619047619,0.5067567567567568,0.3652173913043478,0.23333333333333334,0.84
556,5,0.2,9,0.1,0.6,sqrt,0.7569562748438388,0.7683982683982684,0.7577374599786553,0.7793633369923162,0.708029197080292,0.42857142857142855,0.30612244897959184,0.7142857142857143,0.6013513513513513,0.40404040404040403,0.2702702702702703,0.8
557,5,0.2,9,0.1,0.6,log2,0.7461669505962522,0.756004366812227,0.751900108577633,0.7601536772777168,0.7007299270072993,0.4225352112676056,0.3,0.7142857142857143,0.6081081081081081,0.40816326530612246,0.273972602739726,0.8
558,5,0.2,9,0.1,0.7,sqrt,0.7802385008517888,0.7852386237513873,0.7940516273849607,0.7766190998902305,0.7153284671532847,0.36065573770491804,0.275,0.5238095238095238,0.5945945945945946,0.3023255813953488,0.21311475409836064,0.52
559,5,0.2,9,0.1,0.7,log2,0.7544009085746735,0.7700079766019675,0.7467766890149562,0.7947310647639956,0.6715328467153284,0.3835616438356164,0.2692307692307692,0.6666666666666666,0.5743243243243243,0.35051546391752575,0.2361111111111111,0.68
560,10,0.05,3,0.05,0.3,sqrt,0.7700170357751278,0.7717023675310034,0.7931633835457705,0.7513721185510428,0.7299270072992701,0.4126984126984127,0.30952380952380953,0.6190476190476191,0.5743243243243243,0.25882352941176473,0.18333333333333332,0.44
561,10,0.05,3,0.05,0.3,log2,0.7720045428733674,0.7745015445099691,0.7929844738355377,0.756860592755214,0.7372262773722628,0.41935483870967744,0.3170731707317073,0.6190476190476191,0.6756756756756757,0.4418604651162791,0.3114754098360656,0.76
562,10,0.05,3,0.05,0.4,sqrt,0.7444633730834753,0.7508305647840532,0.7575418994413408,0.7442371020856202,0.6861313868613139,0.3582089552238806,0.2608695652173913,0.5714285714285714,0.5945945945945946,0.4117647058823529,0.2727272727272727,0.84
563,10,0.05,3,0.05,0.4,log2,0.7742759795570698,0.7774979009235936,0.7932609937178755,0.7623490669593853,0.7518248175182481,0.43333333333333335,0.3333333333333333,0.6190476190476191,0.6351351351351351,0.41304347826086957,0.2835820895522388,0.76
564,10,0.05,3,0.05,0.5,sqrt,0.8029528676888131,0.8130387931034483,0.7984126984126985,0.8282107574094402,0.7518248175182481,0.46875,0.3488372093023256,0.7142857142857143,0.6418918918918919,0.4175824175824176,0.2878787878787879,0.76
565,10,0.05,3,0.05,0.5,log2,0.7935831913685406,0.8033540708682716,0.792,0.8150384193194292,0.7153284671532847,0.43478260869565216,0.3125,0.7142857142857143,0.6148648648648649,0.4,0.2714285714285714,0.76
566,10,0.05,3,0.05,0.6,sqrt,0.8282226007950029,0.8354636932281752,0.8280323450134771,0.8430296377607025,0.781021897810219,0.4827586206896552,0.3783783783783784,0.6666666666666666,0.6824324324324325,0.45977011494252873,0.3225806451612903,0.8
567,10,0.05,3,0.05,0.6,log2,0.7984099943214082,0.7964449541284404,0.8337334933973589,0.7623490669593853,0.8102189781021898,0.5185185185185185,0.42424242424242425,0.6666666666666666,0.6959459459459459,0.4578313253012048,0.3275862068965517,0.76
568,10,0.05,3,0.05,0.7,sqrt,0.8049403747870528,0.8035458964826995,0.8388059701492537,0.7711306256860593,0.8029197080291971,0.509090909090909,0.4117647058823529,0.6666666666666666,0.6891891891891891,0.4523809523809524,0.3220338983050847,0.76
569,10,0.05,3,0.05,0.7,log2,0.7898921067575241,0.7847585805700988,0.8347772277227723,0.7403951701427003,0.7956204379562044,0.46153846153846156,0.3870967741935484,0.5714285714285714,0.6959459459459459,0.4578313253012048,0.3275862068965517,0.76
570,10,0.05,3,0.1,0.3,sqrt,0.6289040318001136,0.637649015802606,0.6442577030812325,0.6311745334796927,0.5912408759124088,0.2631578947368421,0.18181818181818182,0.47619047619047616,0.4594594594594595,0.24528301886792453,0.16049382716049382,0.52
571,10,0.05,3,0.1,0.3,log2,0.644236229415105,0.6531967893717132,0.6588498045784478,0.6476399560922064,0.5912408759124088,0.2631578947368421,0.18181818181818182,0.47619047619047616,0.527027027027027,0.33962264150943394,0.2222222222222222,0.72
572,10,0.05,3,0.1,0.4,sqrt,0.7620670073821693,0.7714129841789417,0.7668112798264642,0.7760702524698134,0.7153284671532847,0.4,0.29545454545454547,0.6190476190476191,0.5675675675675675,0.28888888888888886,0.2,0.52
573,10,0.05,3,0.1,0.4,log2,0.7694491766042022,0.7901808785529716,0.74658203125,0.8391877058177827,0.656934306569343,0.37333333333333335,0.25925925925925924,0.6666666666666666,0.527027027027027,0.3269230769230769,0.21518987341772153,0.68
574,10,0.05,3,0.1,0.5,sqrt,0.7328222600795002,0.7338048090523338,0.7571511967308815,0.7118551042810098,0.7372262773722628,0.45454545454545453,0.3333333333333333,0.7142857142857143,0.6554054054054054,0.32,0.24,0.48
575,10,0.05,3,0.1,0.5,log2,0.6626916524701874,0.6487285629804849,0.7032051282051283,0.602085620197585,0.6715328467153284,0.23728813559322035,0.18421052631578946,0.3333333333333333,0.6081081081081081,0.3829787234042553,0.2608695652173913,0.72
576,10,0.05,3,0.1,0.6,sqrt,0.7810902896081772,0.7922392886014551,0.7781895182636316,0.8068057080131723,0.7299270072992701,0.463768115942029,0.3333333333333333,0.7619047619047619,0.6148648648648649,0.4,0.2714285714285714,0.76
577,10,0.05,3,0.1,0.6,log2,0.7353776263486655,0.7645275391611925,0.7083333333333334,0.8304061470911087,0.656934306569343,0.43373493975903615,0.2903225806451613,0.8571428571428571,0.5675675675675675,0.39622641509433965,0.25925925925925924,0.84
578,10,0.05,3,0.1,0.7,sqrt,0.7583759227711527,0.7771667975909924,0.7431146720080121,0.814489571899012,0.6496350364963503,0.3684210526315789,0.2545454545454545,0.6666666666666666,0.6013513513513513,0.4158415841584158,0.27631578947368424,0.84
579,10,0.05,3,0.1,0.7,log2,0.7677455990914254,0.7806970509383379,0.7631027253668763,0.7991218441273326,0.6788321167883211,0.3888888888888889,0.27450980392156865,0.6666666666666666,0.6216216216216216,0.42857142857142855,0.2876712328767123,0.84
580,10,0.05,4,0.05,0.3,sqrt,0.7932992617830777,0.7899596076168494,0.8327250608272506,0.7513721185510428,0.8102189781021898,0.5,0.41935483870967744,0.6190476190476191,0.6554054054054054,0.37037037037037035,0.26785714285714285,0.6
581,10,0.05,4,0.05,0.3,log2,0.8040885860306644,0.8167817312798725,0.7911522633744856,0.8441273326015367,0.7372262773722628,0.47058823529411764,0.3404255319148936,0.7619047619047619,0.6081081081081081,0.40816326530612246,0.273972602739726,0.8
582,10,0.05,4,0.05,0.4,sqrt,0.7901760363429869,0.7985827200872172,0.7931781266919329,0.8040614709110867,0.7299270072992701,0.44776119402985076,0.32608695652173914,0.7142857142857143,0.6081081081081081,0.40816326530612246,0.273972602739726,0.8
583,10,0.05,4,0.05,0.4,log2,0.7864849517319704,0.787209960384833,0.8125,0.7634467618002195,0.8029197080291971,0.509090909090909,0.4117647058823529,0.6666666666666666,0.6621621621621622,0.4444444444444444,0.3076923076923077,0.8
584,10,0.05,4,0.05,0.5,sqrt,0.8072118114707553,0.8189816049053585,0.7962674961119751,0.8430296377607025,0.7445255474452555,0.46153846153846156,0.3409090909090909,0.7142857142857143,0.6081081081081081,0.42,0.28,0.84
585,10,0.05,4,0.05,0.5,log2,0.7782509937535491,0.7845517241379311,0.7886855241264559,0.7804610318331504,0.7153284671532847,0.417910447761194,0.30434782608695654,0.6666666666666666,0.6148648648648649,0.41237113402061853,0.2777777777777778,0.8
586,10,0.05,4,0.05,0.6,sqrt,0.7765474162407723,0.7793664143537987,0.7965616045845272,0.7628979143798024,0.7153284671532847,0.417910447761194,0.30434782608695654,0.6666666666666666,0.6013513513513513,0.2891566265060241,0.20689655172413793,0.48
587,10,0.05,4,0.05,0.6,log2,0.8117546848381602,0.8149595311191739,0.8290743895513912,0.8013172338090011,0.7883211678832117,0.49122807017543857,0.3888888888888889,0.6666666666666666,0.6891891891891891,0.4523809523809524,0.3220338983050847,0.76
588,10,0.05,4,0.05,0.7,sqrt,0.8361726291879614,0.8450174590384099,0.8274592319831667,0.8633369923161361,0.781021897810219,0.4827586206896552,0.3783783783783784,0.6666666666666666,0.6081081081081081,0.35555555555555557,0.24615384615384617,0.64
589,10,0.05,4,0.05,0.7,log2,0.833901192504259,0.8400328137817884,0.8370572207084469,0.8430296377607025,0.7664233576642335,0.4482758620689655,0.35135135135135137,0.6190476190476191,0.6621621621621622,0.4444444444444444,0.3076923076923077,0.8
590,10,0.05,4,0.1,0.3,sqrt,0.673480976717774,0.6906939214631522,0.6772151898734177,0.7047200878155873,0.5985401459854015,0.2857142857142857,0.19642857142857142,0.5238095238095238,0.5337837837837838,0.35514018691588783,0.23170731707317074,0.76
591,10,0.05,4,0.1,0.3,log2,0.644236229415105,0.6531967893717132,0.6588498045784478,0.6476399560922064,0.5985401459854015,0.26666666666666666,0.18518518518518517,0.47619047619047616,0.5202702702702703,0.3364485981308411,0.21951219512195122,0.72
592,10,0.05,4,0.1,0.4,sqrt,0.6450880181714934,0.6539313399778516,0.6597765363128492,0.6481888035126235,0.5912408759124088,0.2631578947368421,0.18181818181818182,0.47619047619047616,0.527027027027027,0.33962264150943394,0.2222222222222222,0.72
593,10,0.05,4,0.1,0.4,log2,0.6445201590005678,0.6535694521306032,0.6590401785714286,0.6481888035126235,0.5912408759124088,0.2631578947368421,0.18181818181818182,0.47619047619047616,0.5337837837837838,0.34285714285714286,0.225,0.72
594,10,0.05,4,0.1,0.5,sqrt,0.7467348097671778,0.7650158061116965,0.7355623100303952,0.7969264544456641,0.6642335766423357,0.39473684210526316,0.2727272727272727,0.7142857142857143,0.49324324324324326,0.24242424242424243,0.16216216216216217,0.48
595,10,0.05,4,0.1,0.5,log2,0.6561612720045429,0.6585847194812517,0.6771014492753623,0.6410537870472008,0.6058394160583942,0.2702702702702703,0.18867924528301888,0.47619047619047616,0.5337837837837838,0.3300970873786408,0.21794871794871795,0.68
596,10,0.05,4,0.1,0.6,sqrt,0.7805224304372516,0.7842590008372872,0.7978421351504826,0.7711306256860593,0.7518248175182481,0.48484848484848486,0.35555555555555557,0.7619047619047619,0.6283783783783784,0.3956043956043956,0.2727272727272727,0.72
597,10,0.05,4,0.1,0.6,log2,0.7986939239068711,0.8141546526867628,0.7792272955343703,0.8523600439077936,0.7372262773722628,0.5,0.35294117647058826,0.8571428571428571,0.6013513513513513,0.40404040404040403,0.2702702702702703,0.8
598,10,0.05,4,0.1,0.7,sqrt,0.7674616695059625,0.7657992565055762,0.7994029850746268,0.7349066959385291,0.7518248175182481,0.43333333333333335,0.3333333333333333,0.6190476190476191,0.5945945945945946,0.2857142857142857,0.2033898305084746,0.48
599,10,0.05,4,0.1,0.7,log2,0.7793867120954003,0.8025412960609911,0.747278750591576,0.8666300768386389,0.6642335766423357,0.39473684210526316,0.2727272727272727,0.7142857142857143,0.581081081081081,0.39215686274509803,0.2597402597402597,0.8
600,10,0.05,5,0.05,0.3,sqrt,0.7430437251561612,0.7392682224142898,0.7780473013947847,0.7041712403951701,0.7226277372262774,0.3870967741935484,0.2926829268292683,0.5714285714285714,0.5945945945945946,0.34782608695652173,0.23880597014925373,0.64
601,10,0.05,5,0.05,0.3,log2,0.7473026689381034,0.7691908713692946,0.7291052114060964,0.813940724478595,0.6496350364963503,0.38461538461538464,0.2631578947368421,0.7142857142857143,0.5945945945945946,0.4117647058823529,0.2727272727272727,0.84
602,10,0.05,5,0.05,0.4,sqrt,0.7722884724588303,0.7837108953613808,0.7704135737009544,0.7974753018660812,0.7226277372262774,0.4411764705882353,0.3191489361702128,0.7142857142857143,0.6216216216216216,0.42857142857142855,0.2876712328767123,0.84
603,10,0.05,5,0.05,0.4,log2,0.7904599659284497,0.8019323671497585,0.7846638655462185,0.8199780461031834,0.7299270072992701,0.4307692307692308,0.3181818181818182,0.6666666666666666,0.5608108108108109,0.2857142857142857,0.19696969696969696,0.52
604,10,0.05,5,0.05,0.5,sqrt,0.8157296990346394,0.8185630416550181,0.8341880341880342,0.8035126234906695,0.781021897810219,0.4827586206896552,0.3783783783783784,0.6666666666666666,0.6486486486486487,0.4222222222222222,0.2923076923076923,0.76
605,10,0.05,5,0.05,0.5,log2,0.7947189097103918,0.8004416229643941,0.8051082731815657,0.7958287596048299,0.7737226277372263,0.4745762711864407,0.3684210526315789,0.6666666666666666,0.6418918918918919,0.4421052631578947,0.3,0.84
606,10,0.05,5,0.05,0.6,sqrt,0.8018171493469619,0.8158311345646438,0.7855691056910569,0.8485181119648738,0.7226277372262774,0.42424242424242425,0.3111111111111111,0.6666666666666666,0.6013513513513513,0.3917525773195876,0.2638888888888889,0.76
607,10,0.05,5,0.05,0.6,log2,0.8182850653038046,0.8242723778143877,0.8247252747252747,0.8238199780461032,0.7956204379562044,0.5172413793103449,0.40540540540540543,0.7142857142857143,0.6824324324324325,0.45977011494252873,0.3225806451612903,0.8
608,10,0.05,5,0.05,0.7,sqrt,0.8222600795002839,0.8309022150189087,0.8180851063829787,0.8441273326015367,0.7664233576642335,0.4838709677419355,0.36585365853658536,0.7142857142857143,0.6554054054054054,0.43956043956043955,0.30303030303030304,0.8
609,10,0.05,5,0.05,0.7,log2,0.8449744463373083,0.8556319407720783,0.8255102040816327,0.8880351262349067,0.7372262773722628,0.45454545454545453,0.3333333333333333,0.7142857142857143,0.6418918918918919,0.4421052631578947,0.3,0.84
610,10,0.05,5,0.1,0.3,sqrt,0.645655877342419,0.6542936288088642,0.6605145413870246,0.6481888035126235,0.5912408759124088,0.2631578947368421,0.18181818181818182,0.47619047619047616,0.527027027027027,0.33962264150943394,0.2222222222222222,0.72
611,10,0.05,5,0.1,0.3,log2,0.6467915956842702,0.6546363131593559,0.6623595505617977,0.6470911086717892,0.583941605839416,0.2597402597402597,0.17857142857142858,0.47619047619047616,0.5202702702702703,0.3364485981308411,0.21951219512195122,0.72
612,10,0.05,5,0.1,0.4,sqrt,0.645655877342419,0.6542936288088642,0.6605145413870246,0.6481888035126235,0.5912408759124088,0.2631578947368421,0.18181818181818182,0.47619047619047616,0.527027027027027,0.33962264150943394,0.2222222222222222,0.72
613,10,0.05,5,0.1,0.4,log2,0.7365133446905168,0.7547568710359408,0.72782874617737,0.7837541163556532,0.6715328467153284,0.3835616438356164,0.2692307692307692,0.6666666666666666,0.5,0.26,0.17333333333333334,0.52
614,10,0.05,5,0.1,0.5,sqrt,0.747870528109029,0.7633262260127932,0.7419689119170985,0.7859495060373216,0.6934306569343066,0.4166666666666667,0.29411764705882354,0.7142857142857143,0.5675675675675675,0.3469387755102041,0.2328767123287671,0.68
615,10,0.05,5,0.1,0.5,log2,0.6595684270300965,0.6623486341875529,0.680161943319838,0.6454445664105378,0.6131386861313869,0.273972602739726,0.19230769230769232,0.47619047619047616,0.5472972972972973,0.34951456310679613,0.23076923076923078,0.72
616,10,0.05,5,0.1,0.6,sqrt,0.7717206132879046,0.7925696594427245,0.747809152872444,0.8430296377607025,0.6642335766423357,0.39473684210526316,0.2727272727272727,0.7142857142857143,0.581081081081081,0.40384615384615385,0.26582278481012656,0.84
617,10,0.05,5,0.1,0.6,log2,0.782793867120954,0.8033924441017734,0.7554374093765104,0.8578485181119648,0.6642335766423357,0.3783783783783784,0.2641509433962264,0.6666666666666666,0.5743243243243243,0.37623762376237624,0.25,0.76
618,10,0.05,5,0.1,0.7,sqrt,0.7816581487791028,0.7942199625367942,0.7749347258485639,0.814489571899012,0.7372262773722628,0.4375,0.32558139534883723,0.6666666666666666,0.5878378378378378,0.26506024096385544,0.1896551724137931,0.44
619,10,0.05,5,0.1,0.7,log2,0.7751277683134583,0.7775280898876404,0.7963176064441887,0.7596048298572997,0.7372262773722628,0.4,0.3076923076923077,0.5714285714285714,0.6283783783783784,0.42105263157894735,0.2857142857142857,0.8
620,10,0.05,6,0.05,0.3,sqrt,0.7688813174332766,0.7757575757575758,0.7787610619469026,0.7727771679473107,0.7664233576642335,0.4838709677419355,0.36585365853658536,0.7142857142857143,0.6554054054054054,0.42696629213483145,0.296875,0.76
621,10,0.05,6,0.05,0.3,log2,0.7867688813174333,0.8078792530058838,0.7565884044082415,0.8666300768386389,0.6642335766423357,0.39473684210526316,0.2727272727272727,0.7142857142857143,0.581081081081081,0.40384615384615385,0.26582278481012656,0.84
622,10,0.05,6,0.05,0.4,sqrt,0.760931289040318,0.7693150684931507,0.7680525164113785,0.7705817782656421,0.6934306569343066,0.38235294117647056,0.2765957446808511,0.6190476190476191,0.5743243243243243,0.29213483146067415,0.203125,0.52
623,10,0.05,6,0.05,0.4,log2,0.8208404315729699,0.8369930250581246,0.7906295754026355,0.889132821075741,0.6788321167883211,0.3888888888888889,0.27450980392156865,0.6666666666666666,0.6283783783783784,0.4329896907216495,0.2916666666666667,0.84
624,10,0.05,6,0.05,0.5,sqrt,0.8199886428165815,0.8342916884474647,0.7964071856287425,0.8759604829857299,0.781021897810219,0.53125,0.3953488372093023,0.8095238095238095,0.6013513513513513,0.40404040404040403,0.2702702702702703,0.8
625,10,0.05,6,0.05,0.5,log2,0.813458262350937,0.8187586206896552,0.8230726566833056,0.814489571899012,0.7883211678832117,0.5084745762711864,0.39473684210526316,0.7142857142857143,0.6418918918918919,0.43010752688172044,0.29411764705882354,0.8
626,10,0.05,6,0.05,0.6,sqrt,0.8268029528676888,0.8408141962421712,0.8014925373134328,0.8841931942919868,0.7153284671532847,0.43478260869565216,0.3125,0.7142857142857143,0.6418918918918919,0.4421052631578947,0.3,0.84
627,10,0.05,6,0.05,0.6,log2,0.8143100511073254,0.8215065502183406,0.8170466883821933,0.8260153677277717,0.7591240875912408,0.45901639344262296,0.35,0.6666666666666666,0.5675675675675675,0.2558139534883721,0.18032786885245902,0.44
628,10,0.05,6,0.05,0.7,sqrt,0.8412833617262919,0.8544649830773237,0.812778603268945,0.9006586169045006,0.7372262773722628,0.47058823529411764,0.3404255319148936,0.7619047619047619,0.6013513513513513,0.4158415841584158,0.27631578947368424,0.84
629,10,0.05,6,0.05,0.7,log2,0.8106189664963089,0.8226535495878755,0.7978339350180506,0.8490669593852909,0.7445255474452555,0.4927536231884058,0.3541666666666667,0.8095238095238095,0.6283783783783784,0.42105263157894735,0.2857142857142857,0.8
630,10,0.05,6,0.1,0.3,sqrt,0.7140829074389552,0.737144348734012,0.7028372324539572,0.7749725576289791,0.6277372262773723,0.35443037974683544,0.2413793103448276,0.6666666666666666,0.527027027027027,0.375,0.2413793103448276,0.84
631,10,0.05,6,0.1,0.3,log2,0.6448040885860307,0.6537503459728757,0.6594081518704634,0.6481888035126235,0.5912408759124088,0.2631578947368421,0.18181818181818182,0.47619047619047616,0.5202702702702703,0.3364485981308411,0.21951219512195122,0.72
632,10,0.05,6,0.1,0.4,sqrt,0.6470755252697331,0.655583264062067,0.6620033575825406,0.6492864983534578,0.5912408759124088,0.2631578947368421,0.18181818181818182,0.47619047619047616,0.527027027027027,0.33962264150943394,0.2222222222222222,0.72
633,10,0.05,6,0.1,0.4,log2,0.7671777399204998,0.7817988291644492,0.7587809917355371,0.8062568605927553,0.6642335766423357,0.3611111111111111,0.2549019607843137,0.6190476190476191,0.5743243243243243,0.3076923076923077,0.21212121212121213,0.56
634,10,0.05,6,0.1,0.5,sqrt,0.7109596819988643,0.7388404309902514,0.6936416184971098,0.7903402854006586,0.5912408759124088,0.3488372093023256,0.23076923076923078,0.7142857142857143,0.5,0.27450980392156865,0.18181818181818182,0.56
635,10,0.05,6,0.1,0.5,log2,0.7859170925610448,0.8045619491964748,0.762278978388998,0.8518111964873765,0.6934306569343066,0.43243243243243246,0.3018867924528302,0.7619047619047619,0.527027027027027,0.2857142857142857,0.1917808219178082,0.56
636,10,0.05,6,0.1,0.6,sqrt,0.7617830777967064,0.7800786369593709,0.7466131460110387,0.8166849615806806,0.6861313868613139,0.39436619718309857,0.28,0.6666666666666666,0.6013513513513513,0.4158415841584158,0.27631578947368424,0.84
637,10,0.05,6,0.1,0.6,log2,0.7833617262918796,0.7894010488545404,0.7940033314825097,0.7848518111964874,0.7445255474452555,0.46153846153846156,0.3409090909090909,0.7142857142857143,0.6351351351351351,0.425531914893617,0.2898550724637681,0.8
638,10,0.05,6,0.1,0.7,sqrt,0.7901760363429869,0.8118156353450471,0.7572446555819478,0.8748627881448957,0.7007299270072993,0.4383561643835616,0.3076923076923077,0.7619047619047619,0.6013513513513513,0.4158415841584158,0.27631578947368424,0.84
639,10,0.05,6,0.1,0.7,log2,0.7819420783645656,0.7899343544857768,0.787350054525627,0.7925356750823271,0.7299270072992701,0.4307692307692308,0.3181818181818182,0.6666666666666666,0.6486486486486487,0.43478260869565216,0.29850746268656714,0.8
640,10,0.05,7,0.05,0.3,sqrt,0.8040885860306644,0.8208722741433022,0.7788177339901478,0.8677277716794731,0.7153284671532847,0.43478260869565216,0.3125,0.7142857142857143,0.5945945945945946,0.4230769230769231,0.27848101265822783,0.88
641,10,0.05,7,0.05,0.3,log2,0.7620670073821693,0.7585014409221902,0.7985436893203883,0.7222832052689352,0.7591240875912408,0.4406779661016949,0.34210526315789475,0.6190476190476191,0.6486486486486487,0.3953488372093023,0.2786885245901639,0.68
642,10,0.05,7,0.05,0.4,sqrt,0.7989778534923339,0.8168649767201241,0.7725048923679061,0.8666300768386389,0.6715328467153284,0.3835616438356164,0.2692307692307692,0.6666666666666666,0.5878378378378378,0.4077669902912621,0.2692307692307692,0.84
643,10,0.05,7,0.05,0.4,log2,0.7759795570698467,0.7775585001409642,0.7994202898550725,0.756860592755214,0.7445255474452555,0.4262295081967213,0.325,0.6190476190476191,0.6621621621621622,0.45652173913043476,0.31343283582089554,0.84
644,10,0.05,7,0.05,0.5,sqrt,0.7984099943214082,0.8025583982202447,0.8134160090191658,0.79198682766191,0.781021897810219,0.5,0.38461538461538464,0.7142857142857143,0.6418918918918919,0.43010752688172044,0.29411764705882354,0.8
645,10,0.05,7,0.05,0.5,log2,0.8066439522998297,0.821867643212137,0.7851074462768616,0.8622392974753018,0.708029197080292,0.42857142857142855,0.30612244897959184,0.7142857142857143,0.6081081081081081,0.3958333333333333,0.2676056338028169,0.76
646,10,0.05,7,0.05,0.6,sqrt,0.8154457694491766,0.8285864978902954,0.7974619289340101,0.8622392974753018,0.7226277372262774,0.42424242424242425,0.3111111111111111,0.6666666666666666,0.6216216216216216,0.40425531914893614,0.2753623188405797,0.76
647,10,0.05,7,0.05,0.6,log2,0.7910278250993753,0.8009734991887507,0.7894456289978679,0.8128430296377607,0.7226277372262774,0.40625,0.3023255813953488,0.6190476190476191,0.6621621621621622,0.4444444444444444,0.3076923076923077,0.8
648,10,0.05,7,0.05,0.7,sqrt,0.7964224872231687,0.8002229033156868,0.8126768534238823,0.7881448957189902,0.781021897810219,0.4827586206896552,0.3783783783783784,0.6666666666666666,0.6418918918918919,0.4175824175824176,0.2878787878787879,0.76
649,10,0.05,7,0.05,0.7,log2,0.8293583191368541,0.8339320254213871,0.8397328881469115,0.8282107574094402,0.7956204379562044,0.5,0.4,0.6666666666666666,0.6621621621621622,0.4318181818181818,0.30158730158730157,0.76
650,10,0.05,7,0.1,0.3,sqrt,0.6459398069278819,0.6537073035267981,0.6616076447442384,0.645993413830955,0.6058394160583942,0.2702702702702703,0.18867924528301888,0.47619047619047616,0.527027027027027,0.33962264150943394,0.2222222222222222,0.72
651,10,0.05,7,0.1,0.3,log2,0.6439522998296422,0.6522462562396006,0.6591928251121076,0.6454445664105378,0.5912408759124088,0.2631578947368421,0.18181818181818182,0.47619047619047616,0.5337837837837838,0.34285714285714286,0.225,0.72
652,10,0.05,7,0.1,0.4,sqrt,0.6595684270300965,0.6632968267340634,0.6791259344450834,0.6481888035126235,0.6277372262773723,0.28169014084507044,0.2,0.47619047619047616,0.5540540540540541,0.35294117647058826,0.23376623376623376,0.72
653,10,0.05,7,0.1,0.4,log2,0.7654741624077229,0.7774784482758621,0.7634920634920634,0.79198682766191,0.6934306569343066,0.36363636363636365,0.26666666666666666,0.5714285714285714,0.6081081081081081,0.40816326530612246,0.273972602739726,0.8
654,10,0.05,7,0.1,0.5,sqrt,0.7546848381601363,0.7789150460593655,0.7296260786193672,0.8353457738748628,0.6204379562043796,0.35,0.23728813559322035,0.6666666666666666,0.5743243243243243,0.411214953271028,0.2682926829268293,0.88
655,10,0.05,7,0.1,0.5,log2,0.7541169789892107,0.7534168564920274,0.7828402366863906,0.7261251372118551,0.7299270072992701,0.3728813559322034,0.2894736842105263,0.5238095238095238,0.7027027027027027,0.47619047619047616,0.3389830508474576,0.8
656,10,0.05,7,0.1,0.6,sqrt,0.7873367404883589,0.8085867620751341,0.7565758010521282,0.8682766190998902,0.6715328467153284,0.4155844155844156,0.2857142857142857,0.7619047619047619,0.581081081081081,0.40384615384615385,0.26582278481012656,0.84
657,10,0.05,7,0.1,0.6,log2,0.7751277683134583,0.7867528271405493,0.7721987315010571,0.8018660812294183,0.7372262773722628,0.47058823529411764,0.3404255319148936,0.7619047619047619,0.5878378378378378,0.4077669902912621,0.2692307692307692,0.84
658,10,0.05,7,0.1,0.7,sqrt,0.7955706984667802,0.8066595059076263,0.7896950578338591,0.8243688254665203,0.7007299270072993,0.4225352112676056,0.3,0.7142857142857143,0.6554054054054054,0.45161290322580644,0.3088235294117647,0.84
659,10,0.05,7,0.1,0.7,log2,0.793015332197615,0.8081073966833378,0.776428932726353,0.8424807903402854,0.6788321167883211,0.37142857142857144,0.2653061224489796,0.6190476190476191,0.5945945945945946,0.4117647058823529,0.2727272727272727,0.84
660,10,0.05,8,0.05,0.3,sqrt,0.7612152186257808,0.7658033973823447,0.7772752967778406,0.7546652030735456,0.708029197080292,0.3939393939393939,0.28888888888888886,0.6190476190476191,0.6216216216216216,0.40425531914893614,0.2753623188405797,0.76
661,10,0.05,8,0.05,0.3,log2,0.7739920499716071,0.7819178082191781,0.7806345733041575,0.783205268935236,0.7226277372262774,0.42424242424242425,0.3111111111111111,0.6666666666666666,0.6148648648648649,0.4,0.2714285714285714,0.76
662,10,0.05,8,0.05,0.4,sqrt,0.7844974446337308,0.7917695473251029,0.7915523861766319,0.79198682766191,0.7372262773722628,0.4375,0.32558139534883723,0.6666666666666666,0.6486486486486487,0.43478260869565216,0.29850746268656714,0.8
663,10,0.05,8,0.05,0.4,log2,0.7756956274843839,0.7849755035383778,0.7786177105831533,0.7914379802414928,0.7007299270072993,0.4057971014492754,0.2916666666666667,0.6666666666666666,0.6486486486486487,0.43478260869565216,0.29850746268656714,0.8
664,10,0.05,8,0.05,0.5,sqrt,0.8052243043725156,0.8126706717640634,0.808695652173913,0.8166849615806806,0.7445255474452555,0.4262295081967213,0.325,0.6190476190476191,0.5945945945945946,0.3023255813953488,0.21311475409836064,0.52
665,10,0.05,8,0.05,0.5,log2,0.8302101078932425,0.8427970557308097,0.8087790110998991,0.8798024149286499,0.781021897810219,0.5161290322580645,0.3902439024390244,0.7619047619047619,0.6148648648648649,0.41237113402061853,0.2777777777777778,0.8
666,10,0.05,8,0.05,0.6,sqrt,0.823679727427598,0.8337349397590361,0.8139048614741244,0.8545554335894622,0.7372262773722628,0.4375,0.32558139534883723,0.6666666666666666,0.6621621621621622,0.45652173913043476,0.31343283582089554,0.84
667,10,0.05,8,0.05,0.6,log2,0.8373083475298126,0.8494086727989487,0.8149268784669692,0.8869374313940724,0.7445255474452555,0.46153846153846156,0.3409090909090909,0.7142857142857143,0.6486486486486487,0.44680851063829785,0.30434782608695654,0.84
668,10,0.05,8,0.05,0.7,sqrt,0.838160136286201,0.8477564102564102,0.8257023933402705,0.8710208562019759,0.7883211678832117,0.5084745762711864,0.39473684210526316,0.7142857142857143,0.6148648648648649,0.3595505617977528,0.25,0.64
669,10,0.05,8,0.05,0.7,log2,0.8021010789324248,0.8018197327267558,0.831858407079646,0.7738748627881449,0.781021897810219,0.4827586206896552,0.3783783783783784,0.6666666666666666,0.6824324324324325,0.4470588235294118,0.31666666666666665,0.76
670,10,0.05,8,0.1,0.3,sqrt,0.6459398069278819,0.6544749238016071,0.6608841634023503,0.6481888035126235,0.5912408759124088,0.2631578947368421,0.18181818181818182,0.47619047619047616,0.527027027027027,0.33962264150943394,0.2222222222222222,0.72
671,10,0.05,8,0.1,0.3,log2,0.7314026121521863,0.7606275303643725,0.7056338028169014,0.8249176728869374,0.6204379562043796,0.35,0.23728813559322035,0.6666666666666666,0.5405405405405406,0.38181818181818183,0.24705882352941178,0.84
672,10,0.05,8,0.1,0.4,sqrt,0.6697898921067575,0.6750488963397597,0.6875355719977234,0.6630076838638859,0.6423357664233577,0.2898550724637681,0.20833333333333334,0.47619047619047616,0.5067567567567568,0.23157894736842105,0.15714285714285714,0.44
673,10,0.05,8,0.1,0.4,log2,0.7447473026689381,0.7586577181208054,0.7425118234366789,0.7755214050493963,0.7007299270072993,0.36923076923076925,0.2727272727272727,0.5714285714285714,0.5472972972972973,0.27956989247311825,0.19117647058823528,0.52
674,10,0.05,8,0.1,0.5,sqrt,0.762350936967632,0.7823146944083225,0.7434503213049926,0.8254665203073546,0.6861313868613139,0.410958904109589,0.28846153846153844,0.7142857142857143,0.5472972972972973,0.33663366336633666,0.2236842105263158,0.68
675,10,0.05,8,0.1,0.5,log2,0.6697898921067575,0.6847384114936297,0.676486341724692,0.6931942919868277,0.6058394160583942,0.2894736842105263,0.2,0.5238095238095238,0.527027027027027,0.33962264150943394,0.2222222222222222,0.72
676,10,0.05,8,0.1,0.6,sqrt,0.7967064168086314,0.8080428954423593,0.789832285115304,0.827113062568606,0.7372262773722628,0.45454545454545453,0.3333333333333333,0.7142857142857143,0.6216216216216216,0.42857142857142855,0.2876712328767123,0.84
677,10,0.05,8,0.1,0.6,log2,0.7850653038046564,0.8050476435745557,0.7583697234352256,0.8578485181119648,0.6788321167883211,0.40540540540540543,0.2830188679245283,0.7142857142857143,0.6081081081081081,0.42,0.28,0.84
678,10,0.05,8,0.1,0.7,sqrt,0.7640545144804088,0.765320530923468,0.7882489819662595,0.743688254665203,0.7372262773722628,0.41935483870967744,0.3170731707317073,0.6190476190476191,0.6216216216216216,0.3488372093023256,0.2459016393442623,0.6
679,10,0.05,8,0.1,0.7,log2,0.814877910278251,0.8259476775226908,0.8040540540540541,0.8490669593852909,0.7445255474452555,0.4444444444444444,0.3333333333333333,0.6666666666666666,0.6418918918918919,0.4421052631578947,0.3,0.84
680,10,0.05,9,0.05,0.3,sqrt,0.797274275979557,0.8040614709110867,0.8040614709110867,0.8040614709110867,0.7591240875912408,0.49230769230769234,0.36363636363636365,0.7619047619047619,0.668918918918919,0.449438202247191,0.3125,0.8
681,10,0.05,9,0.05,0.3,log2,0.7629187961385576,0.7688901190146693,0.7755443886097152,0.7623490669593853,0.6934306569343066,0.38235294117647056,0.2765957446808511,0.6190476190476191,0.6148648648648649,0.3870967741935484,0.2647058823529412,0.72
682,10,0.05,9,0.05,0.4,sqrt,0.768313458262351,0.7833244822092406,0.7587448559670782,0.8095499451152579,0.6788321167883211,0.40540540540540543,0.2830188679245283,0.7142857142857143,0.5945945945945946,0.4,0.26666666666666666,0.8
683,10,0.05,9,0.05,0.4,log2,0.7728563316297559,0.7847147470398278,0.7697993664202746,0.8002195389681669,0.708029197080292,0.4117647058823529,0.2978723404255319,0.6666666666666666,0.6081081081081081,0.40816326530612246,0.273972602739726,0.8
684,10,0.05,9,0.05,0.5,sqrt,0.7833617262918796,0.7835460992907801,0.810921902524956,0.7579582875960483,0.8029197080291971,0.5263157894736842,0.4166666666666667,0.7142857142857143,0.6621621621621622,0.4318181818181818,0.30158730158730157,0.76
685,10,0.05,9,0.05,0.5,log2,0.7898921067575241,0.8,0.7880724174653887,0.8122941822173436,0.7445255474452555,0.46153846153846156,0.3409090909090909,0.7142857142857143,0.6351351351351351,0.41304347826086957,0.2835820895522388,0.76
686,10,0.05,9,0.05,0.6,sqrt,0.8199886428165815,0.8313829787234043,0.8065015479876161,0.8578485181119648,0.7445255474452555,0.4444444444444444,0.3333333333333333,0.6666666666666666,0.6148648648648649,0.41237113402061853,0.2777777777777778,0.8
687,10,0.05,9,0.05,0.6,log2,0.8304940374787053,0.8379038827043171,0.8291241268135411,0.8468715697036224,0.781021897810219,0.53125,0.3953488372093023,0.8095238095238095,0.6824324324324325,0.4470588235294118,0.31666666666666665,0.76
688,10,0.05,9,0.05,0.7,sqrt,0.8285065303804656,0.8396176314391928,0.8132716049382716,0.8677277716794731,0.7591240875912408,0.47619047619047616,0.35714285714285715,0.7142857142857143,0.6756756756756757,0.4666666666666667,0.3230769230769231,0.84
689,10,0.05,9,0.05,0.7,log2,0.8310618966496309,0.8364036293648611,0.8380165289256198,0.8347969264544457,0.7518248175182481,0.43333333333333335,0.3333333333333333,0.6190476190476191,0.6554054054054054,0.42696629213483145,0.296875,0.76
690,10,0.05,9,0.1,0.3,sqrt,0.6448040885860307,0.6537503459728757,0.6594081518704634,0.6481888035126235,0.5912408759124088,0.2631578947368421,0.18181818181818182,0.47619047619047616,0.527027027027027,0.33962264150943394,0.2222222222222222,0.72
691,10,0.05,9,0.1,0.3,log2,0.6612720045428734,0.6613681521430599,0.6848912404467961,0.6394072447859495,0.6131386861313869,0.2535211267605634,0.18,0.42857142857142855,0.5472972972972973,0.34951456310679613,0.23076923076923078,0.72
692,10,0.05,9,0.1,0.4,sqrt,0.6862578080636003,0.6953405017921147,0.6986149584487534,0.6920965971459934,0.6496350364963503,0.3142857142857143,0.22448979591836735,0.5238095238095238,0.5675675675675675,0.37254901960784315,0.24675324675324675,0.76
693,10,0.05,9,0.1,0.4,log2,0.7705848949460534,0.7771649200220628,0.7810421286031042,0.7733260153677278,0.7591240875912408,0.47619047619047616,0.35714285714285715,0.7142857142857143,0.6891891891891891,0.46511627906976744,0.32786885245901637,0.8
694,10,0.05,9,0.1,0.5,sqrt,0.7294151050539466,0.7578144853875477,0.705631803123521,0.818331503841932,0.6131386861313869,0.3764705882352941,0.25,0.7619047619047619,0.527027027027027,0.375,0.2413793103448276,0.84
695,10,0.05,9,0.1,0.5,log2,0.7348097671777399,0.7475675675675676,0.7364217252396166,0.7590559824368825,0.6934306569343066,0.36363636363636365,0.26666666666666666,0.5714285714285714,0.668918918918919,0.449438202247191,0.3125,0.8
696,10,0.05,9,0.1,0.6,sqrt,0.7544009085746735,0.7742103889323936,0.7381781981085117,0.813940724478595,0.6861313868613139,0.4266666666666667,0.2962962962962963,0.7619047619047619,0.5202702702702703,0.26804123711340205,0.18055555555555555,0.52
697,10,0.05,9,0.1,0.6,log2,0.7748438387279954,0.7850365952832746,0.7755757900374933,0.7947310647639956,0.7445255474452555,0.47761194029850745,0.34782608695652173,0.7619047619047619,0.6013513513513513,0.4158415841584158,0.27631578947368424,0.84
698,10,0.05,9,0.1,0.7,sqrt,0.8038046564452016,0.8151912276009629,0.7949921752738655,0.8364434687156971,0.7445255474452555,0.4444444444444444,0.3333333333333333,0.6666666666666666,0.6216216216216216,0.40425531914893614,0.2753623188405797,0.76
699,10,0.05,9,0.1,0.7,log2,0.7515616127200454,0.7711221553753597,0.736631684157921,0.8090010976948409,0.6277372262773723,0.37037037037037035,0.25,0.7142857142857143,0.5405405405405406,0.37037037037037035,0.24096385542168675,0.8
700,10,0.1,3,0.05,0.3,sqrt,0.7816581487791028,0.8025673940949936,0.7539797395079595,0.8578485181119648,0.6715328467153284,0.4155844155844156,0.2857142857142857,0.7619047619047619,0.6351351351351351,0.4375,0.29577464788732394,0.84
701,10,0.1,3,0.05,0.3,log2,0.7643384440658717,0.7799575821845175,0.7543589743589744,0.8073545554335895,0.6934306569343066,0.43243243243243246,0.3018867924528302,0.7619047619047619,0.5743243243243243,0.36363636363636365,0.24324324324324326,0.72
702,10,0.1,3,0.05,0.4,sqrt,0.7833617262918796,0.7890517003041194,0.7949860724233984,0.783205268935236,0.7445255474452555,0.4444444444444444,0.3333333333333333,0.6666666666666666,0.6351351351351351,0.425531914893617,0.2898550724637681,0.8
703,10,0.1,3,0.05,0.4,log2,0.7796706416808632,0.7770114942528735,0.8154402895054282,0.7420417124039517,0.7956204379562044,0.5172413793103449,0.40540540540540543,0.7142857142857143,0.6418918918918919,0.4175824175824176,0.2878787878787879,0.76
704,10,0.1,3,0.05,0.5,sqrt,0.8145939806927882,0.8265604249667995,0.8008234688625836,0.854006586169045,0.7299270072992701,0.44776119402985076,0.32608695652173914,0.7142857142857143,0.6216216216216216,0.4166666666666667,0.28169014084507044,0.8
705,10,0.1,3,0.05,0.5,log2,0.7839295854628052,0.7874895280647863,0.801591813530415,0.7738748627881449,0.7664233576642335,0.4838709677419355,0.36585365853658536,0.7142857142857143,0.6283783783783784,0.42105263157894735,0.2857142857142857,0.8
706,10,0.1,3,0.05,0.6,sqrt,0.7657580919931857,0.755120213713268,0.8222365869424693,0.6981339187705817,0.7664233576642335,0.4074074074074074,0.3333333333333333,0.5238095238095238,0.6621621621621622,0.40476190476190477,0.288135593220339,0.68
707,10,0.1,3,0.05,0.6,log2,0.8202725724020443,0.8336399474375821,0.7997982854261221,0.8704720087815587,0.7664233576642335,0.4838709677419355,0.36585365853658536,0.7142857142857143,0.5743243243243243,0.29213483146067415,0.203125,0.52
708,10,0.1,3,0.05,0.7,sqrt,0.8268029528676888,0.8407310704960835,0.8017928286852589,0.8836443468715697,0.7226277372262774,0.4411764705882353,0.3191489361702128,0.7142857142857143,0.6081081081081081,0.43137254901960786,0.2857142857142857,0.88
709,10,0.1,3,0.05,0.7,log2,0.7984099943214082,0.8007856341189674,0.8191733639494834,0.783205268935236,0.7591240875912408,0.4406779661016949,0.34210526315789475,0.6190476190476191,0.6418918918918919,0.43010752688172044,0.29411764705882354,0.8
710,10,0.1,3,0.1,0.3,sqrt,0.6448040885860307,0.6535585710329549,0.6595863610955841,0.6476399560922064,0.5912408759124088,0.2631578947368421,0.18181818181818182,0.47619047619047616,0.527027027027027,0.33962264150943394,0.2222222222222222,0.72
711,10,0.1,3,0.1,0.3,log2,0.6487791027825099,0.6494757721734202,0.671353251318102,0.6289791437980241,0.6277372262773723,0.28169014084507044,0.2,0.47619047619047616,0.5067567567567568,0.26262626262626265,0.17567567567567569,0.52
712,10,0.1,3,0.1,0.4,sqrt,0.6448040885860307,0.6537503459728757,0.6594081518704634,0.6481888035126235,0.5912408759124088,0.2631578947368421,0.18181818181818182,0.47619047619047616,0.527027027027027,0.33962264150943394,0.2222222222222222,0.72
713,10,0.1,3,0.1,0.4,log2,0.6714934696195344,0.6875506346205779,0.6767676767676768,0.6986827661909989,0.5912408759124088,0.3,0.2033898305084746,0.5714285714285714,0.5472972972972973,0.37383177570093457,0.24390243902439024,0.8
714,10,0.1,3,0.1,0.5,sqrt,0.7118114707552528,0.7358834244080146,0.6996536368134587,0.7760702524698134,0.6131386861313869,0.345679012345679,0.23333333333333334,0.6666666666666666,0.5540540540540541,0.3888888888888889,0.25301204819277107,0.84
715,10,0.1,3,0.1,0.5,log2,0.7498580352072686,0.7706326477479823,0.7330361565131253,0.8122941822173436,0.635036496350365,0.375,0.2542372881355932,0.7142857142857143,0.5878378378378378,0.41904761904761906,0.275,0.88
716,10,0.1,3,0.1,0.6,sqrt,0.7524134014764339,0.760307861462342,0.7615638766519823,0.7590559824368825,0.6788321167883211,0.40540540540540543,0.2830188679245283,0.7142857142857143,0.5540540540540541,0.26666666666666666,0.18461538461538463,0.48
717,10,0.1,3,0.1,0.6,log2,0.8040885860306644,0.8174603174603174,0.789070480081716,0.8479692645444566,0.7445255474452555,0.47761194029850745,0.34782608695652173,0.7619047619047619,0.6148648648648649,0.42424242424242425,0.28378378378378377,0.84
718,10,0.1,3,0.1,0.7,sqrt,0.7856331629755821,0.7903360177728409,0.7998875772906127,0.7810098792535675,0.7445255474452555,0.4262295081967213,0.325,0.6190476190476191,0.6081081081081081,0.3958333333333333,0.2676056338028169,0.76
719,10,0.1,3,0.1,0.7,log2,0.7586598523566156,0.770021645021645,0.7593383137673426,0.7810098792535675,0.7153284671532847,0.43478260869565216,0.3125,0.7142857142857143,0.5540540540540541,0.26666666666666666,0.18461538461538463,0.48
720,10,0.1,4,0.05,0.3,sqrt,0.7859170925610448,0.811122244488978,0.7460829493087557,0.8885839736553238,0.6788321167883211,0.40540540540540543,0.2830188679245283,0.7142857142857143,0.5202702702702703,0.25263157894736843,0.17142857142857143,0.48
721,10,0.1,4,0.05,0.3,log2,0.7805224304372516,0.7994811932555124,0.7579931136251845,0.8457738748627881,0.656934306569343,0.37333333333333335,0.25925925925925924,0.6666666666666666,0.581081081081081,0.39215686274509803,0.2597402597402597,0.8
722,10,0.1,4,0.05,0.4,sqrt,0.7680295286768881,0.7772020725388601,0.7723577235772358,0.7821075740944018,0.7007299270072993,0.4225352112676056,0.3,0.7142857142857143,0.5945945945945946,0.4,0.26666666666666666,0.8
723,10,0.1,4,0.05,0.4,log2,0.7734241908006815,0.7823240589198036,0.7776572668112798,0.7870472008781558,0.708029197080292,0.3939393939393939,0.28888888888888886,0.6190476190476191,0.5945945945945946,0.34782608695652173,0.23880597014925373,0.64
724,10,0.1,4,0.05,0.5,sqrt,0.8239636570130607,0.8356309650053022,0.8082051282051282,0.8649835345773875,0.7591240875912408,0.49230769230769234,0.36363636363636365,0.7619047619047619,0.6959459459459459,0.4827586206896552,0.3387096774193548,0.84
725,10,0.1,4,0.05,0.5,log2,0.7893242475865985,0.795704845814978,0.7983425414364641,0.7930845225027442,0.7664233576642335,0.4666666666666667,0.358974358974359,0.6666666666666666,0.6418918918918919,0.43010752688172044,0.29411764705882354,0.8
726,10,0.1,4,0.05,0.6,sqrt,0.8427030096536059,0.8511552928533047,0.8336842105263158,0.8693743139407245,0.7372262773722628,0.45454545454545453,0.3333333333333333,0.7142857142857143,0.668918918918919,0.46153846153846156,0.3181818181818182,0.84
727,10,0.1,4,0.05,0.6,log2,0.7918796138557638,0.7877208224732117,0.8338442673206622,0.7464324917672887,0.8029197080291971,0.509090909090909,0.4117647058823529,0.6666666666666666,0.7027027027027027,0.4634146341463415,0.3333333333333333,0.76
728,10,0.1,4,0.05,0.7,sqrt,0.7617830777967064,0.7534528357331766,0.8108791903858318,0.703622392974753,0.7591240875912408,0.42105263157894735,0.3333333333333333,0.5714285714285714,0.6756756756756757,0.45454545454545453,0.31746031746031744,0.8
729,10,0.1,4,0.05,0.7,log2,0.8202725724020443,0.8225399495374264,0.8406876790830946,0.8051591657519209,0.781021897810219,0.4642857142857143,0.37142857142857144,0.6190476190476191,0.6824324324324325,0.4470588235294118,0.31666666666666665,0.76
730,10,0.1,4,0.1,0.3,sqrt,0.6470755252697331,0.6552011095700416,0.662366797532249,0.6481888035126235,0.5912408759124088,0.2631578947368421,0.18181818181818182,0.47619047619047616,0.527027027027027,0.33962264150943394,0.2222222222222222,0.72
731,10,0.1,4,0.1,0.3,log2,0.644236229415105,0.6522342492367471,0.6597417181358787,0.6448957189901208,0.5912408759124088,0.2631578947368421,0.18181818181818182,0.47619047619047616,0.527027027027027,0.33962264150943394,0.2222222222222222,0.72
732,10,0.1,4,0.1,0.4,sqrt,0.6445201590005678,0.6535694521306032,0.6590401785714286,0.6481888035126235,0.5912408759124088,0.2631578947368421,0.18181818181818182,0.47619047619047616,0.527027027027027,0.33962264150943394,0.2222222222222222,0.72
733,10,0.1,4,0.1,0.4,log2,0.7373651334469051,0.7442632015482444,0.7498607242339833,0.7387486278814489,0.7007299270072993,0.3880597014925373,0.2826086956521739,0.6190476190476191,0.6554054054054054,0.4631578947368421,0.3142857142857143,0.88
734,10,0.1,4,0.1,0.5,sqrt,0.7345258375922771,0.7513959053443233,0.7287261474987107,0.7755214050493963,0.6861313868613139,0.410958904109589,0.28846153846153844,0.7142857142857143,0.5405405405405406,0.3333333333333333,0.22077922077922077,0.68
735,10,0.1,4,0.1,0.5,log2,0.7575241340147644,0.7757352941176471,0.743705941591138,0.8106476399560922,0.656934306569343,0.37333333333333335,0.25925925925925924,0.6666666666666666,0.527027027027027,0.2708333333333333,0.18309859154929578,0.52
736,10,0.1,4,0.1,0.6,sqrt,0.8001135718341851,0.8074398249452954,0.8047982551799345,0.8100987925356751,0.7591240875912408,0.49230769230769234,0.36363636363636365,0.7619047619047619,0.6351351351351351,0.41304347826086957,0.2835820895522388,0.76
737,10,0.1,4,0.1,0.6,log2,0.7879045996592845,0.8066269738545172,0.7633512983831455,0.8551042810098792,0.6788321167883211,0.40540540540540543,0.2830188679245283,0.7142857142857143,0.6148648648648649,0.42424242424242425,0.28378378378378377,0.84
738,10,0.1,4,0.1,0.7,sqrt,0.8035207268597387,0.8159574468085107,0.7915376676986584,0.8419319429198683,0.7226277372262774,0.45714285714285713,0.32653061224489793,0.7619047619047619,0.5945945945945946,0.4,0.26666666666666666,0.8
739,10,0.1,4,0.1,0.7,log2,0.7810902896081772,0.7888249794576828,0.7873154729360307,0.7903402854006586,0.7445255474452555,0.4444444444444444,0.3333333333333333,0.6666666666666666,0.6148648648648649,0.3595505617977528,0.25,0.64
740,10,0.1,5,0.05,0.3,sqrt,0.769733106189665,0.7783547417327139,0.7751769188894937,0.7815587266739846,0.7007299270072993,0.4057971014492754,0.2916666666666667,0.6666666666666666,0.5540540540540541,0.3125,0.2112676056338028,0.6
741,10,0.1,5,0.05,0.3,log2,0.7722884724588303,0.7747191011235955,0.7934407364787112,0.756860592755214,0.7518248175182481,0.43333333333333335,0.3333333333333333,0.6190476190476191,0.5675675675675675,0.2727272727272727,0.19047619047619047,0.48
742,10,0.1,5,0.05,0.4,sqrt,0.7728563316297559,0.7738835500282646,0.7977855477855478,0.7513721185510428,0.7664233576642335,0.4482758620689655,0.35135135135135137,0.6190476190476191,0.581081081081081,0.32608695652173914,0.22388059701492538,0.6
743,10,0.1,5,0.05,0.4,log2,0.7947189097103918,0.8069425901201602,0.7857514300572023,0.8293084522502744,0.7226277372262774,0.45714285714285713,0.32653061224489793,0.7619047619047619,0.581081081081081,0.3111111111111111,0.2153846153846154,0.56
744,10,0.1,5,0.05,0.5,sqrt,0.7904599659284497,0.8084112149532711,0.7669950738916256,0.8545554335894622,0.6934306569343066,0.4166666666666667,0.29411764705882354,0.7142857142857143,0.5675675675675675,0.3469387755102041,0.2328767123287671,0.68
745,10,0.1,5,0.05,0.5,log2,0.8094832481544577,0.8206361935311414,0.7998957790515894,0.8424807903402854,0.7153284671532847,0.4,0.29545454545454547,0.6190476190476191,0.6148648648648649,0.4,0.2714285714285714,0.76
746,10,0.1,5,0.05,0.6,sqrt,0.8429869392390688,0.8500948766603416,0.839850026780932,0.8605927552140505,0.7883211678832117,0.5084745762711864,0.39473684210526316,0.7142857142857143,0.6621621621621622,0.4444444444444444,0.3076923076923077,0.8
747,10,0.1,5,0.05,0.6,log2,0.7898921067575241,0.7969264544456641,0.7969264544456641,0.7969264544456641,0.7664233576642335,0.4666666666666667,0.358974358974359,0.6666666666666666,0.6081081081081081,0.3409090909090909,0.23809523809523808,0.6
748,10,0.1,5,0.05,0.7,sqrt,0.8214082907438955,0.8239574587181641,0.8406624785836665,0.8079034028540066,0.7956204379562044,0.5172413793103449,0.40540540540540543,0.7142857142857143,0.6824324324324325,0.4470588235294118,0.31666666666666665,0.76
749,10,0.1,5,0.05,0.7,log2,0.7989778534923339,0.8119022316684378,0.7868177136972193,0.8386388583973655,0.7153284671532847,0.417910447761194,0.30434782608695654,0.6666666666666666,0.6148648648648649,0.4,0.2714285714285714,0.76
750,10,0.1,5,0.1,0.3,sqrt,0.6433844406587166,0.6518847006651884,0.658454647256439,0.6454445664105378,0.5912408759124088,0.24324324324324326,0.16981132075471697,0.42857142857142855,0.527027027027027,0.33962264150943394,0.2222222222222222,0.72
751,10,0.1,5,0.1,0.3,log2,0.5968199886428166,0.571773220747889,0.6345381526104418,0.5203073545554336,0.5985401459854015,0.2028985507246377,0.14583333333333334,0.3333333333333333,0.6351351351351351,0.37209302325581395,0.26229508196721313,0.64
752,10,0.1,5,0.1,0.4,sqrt,0.7333901192504259,0.7618564544762871,0.7081565299387081,0.8243688254665203,0.6058394160583942,0.37209302325581395,0.24615384615384617,0.7619047619047619,0.5472972972972973,0.3963963963963964,0.2558139534883721,0.88
753,10,0.1,5,0.1,0.4,log2,0.7243043725156161,0.7346269472533479,0.7316276537833424,0.7376509330406147,0.7007299270072993,0.36923076923076925,0.2727272727272727,0.5714285714285714,0.5608108108108109,0.3010752688172043,0.20588235294117646,0.56
754,10,0.1,5,0.1,0.5,sqrt,0.7640545144804088,0.7848822158943826,0.7427731504164625,0.8320526893523601,0.635036496350365,0.3902439024390244,0.26229508196721313,0.7619047619047619,0.5743243243243243,0.411214953271028,0.2682926829268293,0.88
755,10,0.1,5,0.1,0.5,log2,0.6448040885860307,0.6537503459728757,0.6594081518704634,0.6481888035126235,0.5912408759124088,0.2631578947368421,0.18181818181818182,0.47619047619047616,0.527027027027027,0.33962264150943394,0.2222222222222222,0.72
756,10,0.1,5,0.1,0.6,sqrt,0.7336740488358887,0.7644399799095931,0.7046296296296296,0.8353457738748628,0.6058394160583942,0.37209302325581395,0.24615384615384617,0.7619047619047619,0.527027027027027,0.38596491228070173,0.24719101123595505,0.88
757,10,0.1,5,0.1,0.6,log2,0.8012492901760363,0.8222447943118334,0.7651228733459358,0.8885839736553238,0.6934306569343066,0.4473684210526316,0.3090909090909091,0.8095238095238095,0.5878378378378378,0.39603960396039606,0.2631578947368421,0.8
758,10,0.1,5,0.1,0.7,sqrt,0.7444633730834753,0.7692307692307693,0.7218479307025987,0.823271130625686,0.635036496350365,0.375,0.2542372881355932,0.7142857142857143,0.5540540540540541,0.3888888888888889,0.25301204819277107,0.84
759,10,0.1,5,0.1,0.7,log2,0.7998296422487223,0.8122503328894807,0.7889291257113296,0.8369923161361141,0.7299270072992701,0.44776119402985076,0.32608695652173914,0.7142857142857143,0.6081081081081081,0.3958333333333333,0.2676056338028169,0.76
760,10,0.1,6,0.05,0.3,sqrt,0.7634866553094832,0.7793377483443709,0.753200204813108,0.8073545554335895,0.6934306569343066,0.4166666666666667,0.29411764705882354,0.7142857142857143,0.5945945945945946,0.4,0.26666666666666666,0.8
761,10,0.1,6,0.05,0.3,log2,0.7657580919931857,0.7599650858306662,0.8086687306501548,0.716794731064764,0.7445255474452555,0.4262295081967213,0.325,0.6190476190476191,0.6621621621621622,0.375,0.2727272727272727,0.6
762,10,0.1,6,0.05,0.4,sqrt,0.7660420215786485,0.7822410147991543,0.7543323139653415,0.8122941822173436,0.6715328467153284,0.3835616438356164,0.2692307692307692,0.6666666666666666,0.5472972972972973,0.32323232323232326,0.21621621621621623,0.64
763,10,0.1,6,0.05,0.4,log2,0.7927314026121521,0.7926136363636364,0.8215547703180212,0.7656421514818881,0.8029197080291971,0.47058823529411764,0.4,0.5714285714285714,0.6081081081081081,0.30952380952380953,0.22033898305084745,0.52
764,10,0.1,6,0.05,0.5,sqrt,0.8052243043725156,0.8157894736842105,0.7986330178759201,0.8336992316136114,0.7226277372262774,0.42424242424242425,0.3111111111111111,0.6666666666666666,0.6486486486486487,0.44680851063829785,0.30434782608695654,0.84
765,10,0.1,6,0.05,0.5,log2,0.8273708120386144,0.8350515463917526,0.8256437768240343,0.8446761800219539,0.8102189781021898,0.5806451612903226,0.43902439024390244,0.8571428571428571,0.6824324324324325,0.4470588235294118,0.31666666666666665,0.76
766,10,0.1,6,0.05,0.6,sqrt,0.813458262350937,0.8232445520581114,0.8073878627968337,0.8397365532381997,0.7664233576642335,0.5,0.37209302325581395,0.7619047619047619,0.6148648648648649,0.41237113402061853,0.2777777777777778,0.8
767,10,0.1,6,0.05,0.6,log2,0.8171493469619534,0.8239475123018043,0.8208061002178649,0.827113062568606,0.8029197080291971,0.5423728813559322,0.42105263157894735,0.7619047619047619,0.6824324324324325,0.4470588235294118,0.31666666666666665,0.76
768,10,0.1,6,0.05,0.7,sqrt,0.7918796138557638,0.7896700143472023,0.8274203247143717,0.7552140504939627,0.8029197080291971,0.49056603773584906,0.40625,0.6190476190476191,0.6824324324324325,0.4470588235294118,0.31666666666666665,0.76
769,10,0.1,6,0.05,0.7,log2,0.8358886996024986,0.8462765957446808,0.8209494324045408,0.8732162458836443,0.7956204379562044,0.5483870967741935,0.4146341463414634,0.8095238095238095,0.6486486486486487,0.44680851063829785,0.30434782608695654,0.84
770,10,0.1,6,0.1,0.3,sqrt,0.6445201590005678,0.6533776301218162,0.659217877094972,0.6476399560922064,0.5912408759124088,0.2631578947368421,0.18181818181818182,0.47619047619047616,0.527027027027027,0.33962264150943394,0.2222222222222222,0.72
771,10,0.1,6,0.1,0.3,log2,0.645655877342419,0.6533333333333333,0.6614173228346457,0.6454445664105378,0.5912408759124088,0.2631578947368421,0.18181818181818182,0.47619047619047616,0.527027027027027,0.33962264150943394,0.2222222222222222,0.72
772,10,0.1,6,0.1,0.4,sqrt,0.6740488358886996,0.6828729281767956,0.6874304783092324,0.6783754116355654,0.6131386861313869,0.3116883116883117,0.21428571428571427,0.5714285714285714,0.5405405405405406,0.3333333333333333,0.22077922077922077,0.68
773,10,0.1,6,0.1,0.4,log2,0.7586598523566156,0.7669956140350878,0.7661555312157722,0.7678375411635565,0.7445255474452555,0.4444444444444444,0.3333333333333333,0.6666666666666666,0.5878378378378378,0.2988505747126437,0.20967741935483872,0.52
774,10,0.1,6,0.1,0.5,sqrt,0.7796706416808632,0.8038422649140546,0.7450796626054358,0.8726673984632273,0.6715328467153284,0.4,0.2777777777777778,0.7142857142857143,0.581081081081081,0.41509433962264153,0.2716049382716049,0.88
775,10,0.1,6,0.1,0.5,log2,0.7768313458262351,0.7945635128071092,0.7584830339321357,0.8342480790340285,0.7007299270072993,0.4225352112676056,0.3,0.7142857142857143,0.5743243243243243,0.4,0.2625,0.84
776,10,0.1,6,0.1,0.6,sqrt,0.7532651902328222,0.7696793002915452,0.7442337262942081,0.7969264544456641,0.656934306569343,0.38961038961038963,0.26785714285714285,0.7142857142857143,0.581081081081081,0.39215686274509803,0.2597402597402597,0.8
777,10,0.1,6,0.1,0.6,log2,0.7810902896081772,0.793574297188755,0.7746994249869316,0.8133918770581778,0.6715328467153284,0.3835616438356164,0.2692307692307692,0.6666666666666666,0.6013513513513513,0.4158415841584158,0.27631578947368424,0.84
778,10,0.1,6,0.1,0.7,sqrt,0.7203293583191368,0.7145754853665605,0.7569060773480663,0.676728869374314,0.6861313868613139,0.3384615384615385,0.25,0.5238095238095238,0.5540540540540541,0.25,0.1746031746031746,0.44
779,10,0.1,6,0.1,0.7,log2,0.8012492901760363,0.8054474708171206,0.8158783783783784,0.7952799121844127,0.7737226277372263,0.4745762711864407,0.3684210526315789,0.6666666666666666,0.6351351351351351,0.41304347826086957,0.2835820895522388,0.76
780,10,0.1,7,0.05,0.3,sqrt,0.7842135150482681,0.7859154929577464,0.8072916666666666,0.7656421514818881,0.7591240875912408,0.4406779661016949,0.34210526315789475,0.6190476190476191,0.6486486486486487,0.4222222222222222,0.2923076923076923,0.76
781,10,0.1,7,0.05,0.3,log2,0.7850653038046564,0.7982946975752732,0.7757638529259451,0.8221734357848518,0.7372262773722628,0.47058823529411764,0.3404255319148936,0.7619047619047619,0.5945945945945946,0.4,0.26666666666666666,0.8
782,10,0.1,7,0.05,0.4,sqrt,0.8225440090857468,0.8305773922472215,0.8205677557579004,0.8408342480790341,0.7737226277372263,0.5079365079365079,0.38095238095238093,0.7619047619047619,0.6486486486486487,0.4222222222222222,0.2923076923076923,0.76
783,10,0.1,7,0.05,0.4,log2,0.7773992049971608,0.7873033098209441,0.7784334763948498,0.796377607025247,0.7226277372262774,0.40625,0.3023255813953488,0.6190476190476191,0.5472972972972973,0.26373626373626374,0.18181818181818182,0.48
784,10,0.1,7,0.05,0.5,sqrt,0.8072118114707553,0.8181087597106884,0.7990580847723705,0.8380900109769485,0.7445255474452555,0.4444444444444444,0.3333333333333333,0.6666666666666666,0.6081081081081081,0.42,0.28,0.84
785,10,0.1,7,0.05,0.5,log2,0.8123225440090858,0.8169482137911935,0.8244829513694801,0.8095499451152579,0.781021897810219,0.4642857142857143,0.37142857142857144,0.6190476190476191,0.6554054054054054,0.42696629213483145,0.296875,0.76
786,10,0.1,7,0.05,0.6,sqrt,0.8109028960817717,0.8227780734433209,0.7985537190082644,0.8485181119648738,0.7372262773722628,0.4375,0.32558139534883723,0.6666666666666666,0.6148648648648649,0.4,0.2714285714285714,0.76
787,10,0.1,7,0.05,0.6,log2,0.8069278818852924,0.8213347346295323,0.7878024193548387,0.8578485181119648,0.7226277372262774,0.4722222222222222,0.3333333333333333,0.8095238095238095,0.5743243243243243,0.3883495145631068,0.2564102564102564,0.8
788,10,0.1,7,0.05,0.7,sqrt,0.8253833049403748,0.8346329658510352,0.8181338956246705,0.8518111964873765,0.7737226277372263,0.4918032786885246,0.375,0.7142857142857143,0.6351351351351351,0.425531914893617,0.2898550724637681,0.8
789,10,0.1,7,0.05,0.7,log2,0.8341851220897217,0.8462348604528699,0.8132591093117408,0.8819978046103183,0.7591240875912408,0.47619047619047616,0.35714285714285715,0.7142857142857143,0.6824324324324325,0.45977011494252873,0.3225806451612903,0.8
790,10,0.1,7,0.1,0.3,sqrt,0.6448040885860307,0.6531743831438869,0.6599439775910364,0.6465422612513722,0.5912408759124088,0.2631578947368421,0.18181818181818182,0.47619047619047616,0.527027027027027,0.33962264150943394,0.2222222222222222,0.72
791,10,0.1,7,0.1,0.3,log2,0.6467915956842702,0.6550194120909595,0.6619955156950673,0.6481888035126235,0.5912408759124088,0.2631578947368421,0.18181818181818182,0.47619047619047616,0.527027027027027,0.33962264150943394,0.2222222222222222,0.72
792,10,0.1,7,0.1,0.4,sqrt,0.6439522998296422,0.6526315789473685,0.6588366890380313,0.6465422612513722,0.5912408759124088,0.2631578947368421,0.18181818181818182,0.47619047619047616,0.527027027027027,0.33962264150943394,0.2222222222222222,0.72
793,10,0.1,7,0.1,0.4,log2,0.7765474162407723,0.799388223298496,0.746311280342694,0.8605927552140505,0.6715328467153284,0.4,0.2777777777777778,0.7142857142857143,0.527027027027027,0.2708333333333333,0.18309859154929578,0.52
794,10,0.1,7,0.1,0.5,sqrt,0.6448040885860307,0.6537503459728757,0.6594081518704634,0.6481888035126235,0.5912408759124088,0.2631578947368421,0.18181818181818182,0.47619047619047616,0.527027027027027,0.33962264150943394,0.2222222222222222,0.72
795,10,0.1,7,0.1,0.5,log2,0.7634866553094832,0.7814221988979271,0.7486173956762192,0.8172338090010977,0.6934306569343066,0.4,0.2857142857142857,0.6666666666666666,0.5472972972972973,0.29473684210526313,0.2,0.56
796,10,0.1,7,0.1,0.6,sqrt,0.7575241340147644,0.7745512143611405,0.7461851475076297,0.8051591657519209,0.6423357664233577,0.379746835443038,0.25862068965517243,0.7142857142857143,0.5540540540540541,0.36538461538461536,0.24050632911392406,0.76
797,10,0.1,7,0.1,0.6,log2,0.7410562180579217,0.7551020408163265,0.7392218717139852,0.7716794731064764,0.635036496350365,0.34210526315789475,0.23636363636363636,0.6190476190476191,0.5472972972972973,0.26373626373626374,0.18181818181818182,0.48
798,10,0.1,7,0.1,0.7,sqrt,0.7632027257240205,0.7701212789415656,0.7735326688815061,0.7667398463227223,0.7007299270072993,0.36923076923076925,0.2727272727272727,0.5714285714285714,0.6283783783783784,0.42105263157894735,0.2857142857142857,0.8
799,10,0.1,7,0.1,0.7,log2,0.7739920499716071,0.7760270118176702,0.796189376443418,0.756860592755214,0.7591240875912408,0.4406779661016949,0.34210526315789475,0.6190476190476191,0.6081081081081081,0.2926829268292683,0.21052631578947367,0.48
800,10,0.1,8,0.05,0.3,sqrt,0.7788188529244747,0.7910968087959238,0.7734661772417409,0.8095499451152579,0.6934306569343066,0.38235294117647056,0.2765957446808511,0.6190476190476191,0.6283783783783784,0.367816091954023,0.25806451612903225,0.64
801,10,0.1,8,0.05,0.3,log2,0.7978421351504826,0.8111405835543767,0.7849075975359343,0.8391877058177827,0.7153284671532847,0.417910447761194,0.30434782608695654,0.6666666666666666,0.6081081081081081,0.42,0.28,0.84
802,10,0.1,8,0.05,0.4,sqrt,0.7955706984667802,0.7991071428571429,0.8127128263337117,0.7859495060373216,0.7445255474452555,0.4262295081967213,0.325,0.6190476190476191,0.6554054054054054,0.43956043956043955,0.30303030303030304,0.8
803,10,0.1,8,0.05,0.4,log2,0.7788188529244747,0.7887171141849743,0.7796246648793566,0.7980241492864983,0.7299270072992701,0.44776119402985076,0.32608695652173914,0.7142857142857143,0.6013513513513513,0.40404040404040403,0.2702702702702703,0.8
804,10,0.1,8,0.05,0.5,sqrt,0.803236797274276,0.8144578313253013,0.7950862519602718,0.8347969264544457,0.7372262773722628,0.45454545454545453,0.3333333333333333,0.7142857142857143,0.5878378378378378,0.32967032967032966,0.22727272727272727,0.6
805,10,0.1,8,0.05,0.5,log2,0.814877910278251,0.8221494817239499,0.8172451193058569,0.827113062568606,0.7591240875912408,0.47619047619047616,0.35714285714285715,0.7142857142857143,0.6283783783783784,0.40860215053763443,0.27941176470588236,0.76
806,10,0.1,8,0.05,0.6,sqrt,0.8302101078932425,0.8358045030203185,0.8362637362637363,0.8353457738748628,0.7664233576642335,0.4666666666666667,0.358974358974359,0.6666666666666666,0.6891891891891891,0.4523809523809524,0.3220338983050847,0.76
807,10,0.1,8,0.05,0.6,log2,0.8040885860306644,0.8178458289334741,0.7878942014242116,0.8501646542261251,0.7299270072992701,0.44776119402985076,0.32608695652173914,0.7142857142857143,0.6216216216216216,0.42857142857142855,0.2876712328767123,0.84
808,10,0.1,8,0.05,0.7,sqrt,0.8421351504826803,0.8476712328767123,0.8462800875273523,0.8490669593852909,0.7883211678832117,0.49122807017543857,0.3888888888888889,0.6666666666666666,0.6756756756756757,0.4418604651162791,0.3114754098360656,0.76
809,10,0.1,8,0.05,0.7,log2,0.8276547416240773,0.8343792633015007,0.829625610417797,0.8391877058177827,0.781021897810219,0.5,0.38461538461538464,0.7142857142857143,0.6216216216216216,0.3170731707317073,0.22807017543859648,0.52
810,10,0.1,8,0.1,0.3,sqrt,0.6445201590005678,0.6535694521306032,0.6590401785714286,0.6481888035126235,0.5912408759124088,0.2631578947368421,0.18181818181818182,0.47619047619047616,0.527027027027027,0.33962264150943394,0.2222222222222222,0.72
811,10,0.1,8,0.1,0.3,log2,0.645655877342419,0.653910149750416,0.6608744394618834,0.6470911086717892,0.5985401459854015,0.26666666666666666,0.18518518518518517,0.47619047619047616,0.5202702702702703,0.3364485981308411,0.21951219512195122,0.72
812,10,0.1,8,0.1,0.4,sqrt,0.6445201590005678,0.6535694521306032,0.6590401785714286,0.6481888035126235,0.5912408759124088,0.2631578947368421,0.18181818181818182,0.47619047619047616,0.527027027027027,0.33962264150943394,0.2222222222222222,0.72
813,10,0.1,8,0.1,0.4,log2,0.7671777399204998,0.7980295566502463,0.7238605898123325,0.889132821075741,0.6058394160583942,0.35714285714285715,0.23809523809523808,0.7142857142857143,0.527027027027027,0.38596491228070173,0.24719101123595505,0.88
814,10,0.1,8,0.1,0.5,sqrt,0.7575241340147644,0.7848866498740554,0.7253258845437617,0.8551042810098792,0.6131386861313869,0.3614457831325301,0.24193548387096775,0.7142857142857143,0.5608108108108109,0.4036697247706422,0.2619047619047619,0.88
815,10,0.1,8,0.1,0.5,log2,0.6783077796706417,0.6869300911854104,0.6917084028937117,0.6822173435784852,0.6131386861313869,0.273972602739726,0.19230769230769232,0.47619047619047616,0.5608108108108109,0.3564356435643564,0.23684210526315788,0.72
816,10,0.1,8,0.1,0.6,sqrt,0.760931289040318,0.7621468926553673,0.7852153667054714,0.7403951701427003,0.7445255474452555,0.4444444444444444,0.3333333333333333,0.6666666666666666,0.6283783783783784,0.4329896907216495,0.2916666666666667,0.84
817,10,0.1,8,0.1,0.6,log2,0.7305508233957978,0.727690100430416,0.7624774503908599,0.6959385290889133,0.7299270072992701,0.39344262295081966,0.3,0.5714285714285714,0.5675675675675675,0.28888888888888886,0.2,0.52
818,10,0.1,8,0.1,0.7,sqrt,0.7677455990914254,0.7839408346539883,0.7556008146639511,0.814489571899012,0.708029197080292,0.4444444444444444,0.3137254901960784,0.7619047619047619,0.527027027027027,0.2553191489361702,0.17391304347826086,0.48
819,10,0.1,8,0.1,0.7,log2,0.8021010789324248,0.8149721263604991,0.7892030848329049,0.8424807903402854,0.708029197080292,0.3939393939393939,0.28888888888888886,0.6190476190476191,0.5743243243243243,0.29213483146067415,0.203125,0.52
820,10,0.1,9,0.05,0.3,sqrt,0.7248722316865417,0.7578105473631592,0.6957319871500688,0.8320526893523601,0.5766423357664233,0.3409090909090909,0.22388059701492538,0.7142857142857143,0.5337837837837838,0.3893805309734513,0.25,0.88
821,10,0.1,9,0.05,0.3,log2,0.7703009653605906,0.7750903530720045,0.7853521126760563,0.7650933040614709,0.7664233576642335,0.4666666666666667,0.358974358974359,0.6666666666666666,0.6824324324324325,0.45977011494252873,0.3225806451612903,0.8
822,10,0.1,9,0.05,0.4,sqrt,0.7913117546848382,0.8003259983700082,0.792361484669177,0.8084522502744237,0.6934306569343066,0.38235294117647056,0.2765957446808511,0.6190476190476191,0.6486486486486487,0.43478260869565216,0.29850746268656714,0.8
823,10,0.1,9,0.05,0.4,log2,0.7720045428733674,0.7763854079643553,0.7880158281514981,0.7650933040614709,0.7664233576642335,0.4666666666666667,0.358974358974359,0.6666666666666666,0.6283783783783784,0.38202247191011235,0.265625,0.68
824,10,0.1,9,0.05,0.5,sqrt,0.7955706984667802,0.7996661101836394,0.8109480812641083,0.7886937431394072,0.7591240875912408,0.47619047619047616,0.35714285714285715,0.7142857142857143,0.6554054054054054,0.42696629213483145,0.296875,0.76
825,10,0.1,9,0.05,0.5,log2,0.7876206700738216,0.787861599546228,0.8151408450704225,0.7623490669593853,0.7591240875912408,0.45901639344262296,0.35,0.6666666666666666,0.6283783783783784,0.3037974683544304,0.2222222222222222,0.48
826,10,0.1,9,0.05,0.6,sqrt,0.8012492901760363,0.8045784477945283,0.81875,0.7908891328210758,0.781021897810219,0.5,0.38461538461538464,0.7142857142857143,0.6824324324324325,0.4470588235294118,0.31666666666666665,0.76
827,10,0.1,9,0.05,0.6,log2,0.8401476433844407,0.8472184531886024,0.8378958668813741,0.8567508232711306,0.7956204379562044,0.5172413793103449,0.40540540540540543,0.7142857142857143,0.6216216216216216,0.40425531914893614,0.2753623188405797,0.76
828,10,0.1,9,0.05,0.7,sqrt,0.8330494037478705,0.8432835820895522,0.8196891191709844,0.8682766190998902,0.7445255474452555,0.46153846153846156,0.3409090909090909,0.7142857142857143,0.6351351351351351,0.425531914893617,0.2898550724637681,0.8
829,10,0.1,9,0.05,0.7,log2,0.7978421351504826,0.805464480874317,0.8019586507072906,0.8090010976948409,0.7445255474452555,0.4444444444444444,0.3333333333333333,0.6666666666666666,0.6013513513513513,0.4158415841584158,0.27631578947368424,0.84
830,10,0.1,9,0.1,0.3,sqrt,0.6439522998296422,0.6532079646017699,0.6583054626532887,0.6481888035126235,0.5912408759124088,0.2631578947368421,0.18181818181818182,0.47619047619047616,0.527027027027027,0.33962264150943394,0.2222222222222222,0.72
831,10,0.1,9,0.1,0.3,log2,0.6448040885860307,0.6537503459728757,0.6594081518704634,0.6481888035126235,0.5912408759124088,0.2631578947368421,0.18181818181818182,0.47619047619047616,0.527027027027027,0.33962264150943394,0.2222222222222222,0.72
832,10,0.1,9,0.1,0.4,sqrt,0.768313458262351,0.7903391572456321,0.7429951690821256,0.8441273326015367,0.6861313868613139,0.410958904109589,0.28846153846153844,0.7142857142857143,0.5878378378378378,0.41904761904761906,0.275,0.88
833,10,0.1,9,0.1,0.4,log2,0.7467348097671778,0.7643951399894348,0.7367617107942973,0.7941822173435785,0.6277372262773723,0.3013698630136986,0.21153846153846154,0.5238095238095238,0.5608108108108109,0.3010752688172043,0.20588235294117646,0.56
834,10,0.1,9,0.1,0.5,sqrt,0.7265758091993185,0.7304785894206549,0.7452884066247858,0.7162458836443468,0.6861313868613139,0.3582089552238806,0.2608695652173913,0.5714285714285714,0.6013513513513513,0.40404040404040403,0.2702702702702703,0.8
835,10,0.1,9,0.1,0.5,log2,0.6465076660988075,0.6548378153590241,0.661624649859944,0.6481888035126235,0.5912408759124088,0.2631578947368421,0.18181818181818182,0.47619047619047616,0.527027027027027,0.33962264150943394,0.2222222222222222,0.72
836,10,0.1,9,0.1,0.6,sqrt,0.7549687677455991,0.7754358574030705,0.7372587827808016,0.8177826564215148,0.6423357664233577,0.36363636363636365,0.25,0.6666666666666666,0.581081081081081,0.40384615384615385,0.26582278481012656,0.84
837,10,0.1,9,0.1,0.6,log2,0.8038046564452016,0.819157288667888,0.7828914457228614,0.8589462129527992,0.7226277372262774,0.45714285714285713,0.32653061224489793,0.7619047619047619,0.5945945945945946,0.4117647058823529,0.2727272727272727,0.84
838,10,0.1,9,0.1,0.7,sqrt,0.7734241908006815,0.7698961937716263,0.8110571081409478,0.7327113062568605,0.7591240875912408,0.4406779661016949,0.34210526315789475,0.6190476190476191,0.6554054054054054,0.3013698630136986,0.22916666666666666,0.44
839,10,0.1,9,0.1,0.7,log2,0.7597955706984668,0.7648693718732629,0.7747747747747747,0.7552140504939627,0.7153284671532847,0.4,0.29545454545454547,0.6190476190476191,0.5608108108108109,0.2857142857142857,0.19696969696969696,0.52
840,10,0.15,3,0.05,0.3,sqrt,0.75809199318569,0.7649006622516556,0.7691453940066593,0.7607025246981339,0.6788321167883211,0.35294117647058826,0.2553191489361702,0.5714285714285714,0.6216216216216216,0.4166666666666667,0.28169014084507044,0.8
841,10,0.15,3,0.05,0.3,log2,0.7402044293015332,0.7369933889048578,0.7736873868436934,0.703622392974753,0.708029197080292,0.3939393939393939,0.28888888888888886,0.6190476190476191,0.6351351351351351,0.3076923076923077,0.22641509433962265,0.48
842,10,0.15,3,0.05,0.4,sqrt,0.7810902896081772,0.7814006237595691,0.8082111436950147,0.756311745334797,0.7518248175182481,0.43333333333333335,0.3333333333333333,0.6190476190476191,0.6081081081081081,0.35555555555555557,0.24615384615384617,0.64
843,10,0.15,3,0.05,0.4,log2,0.7717206132879046,0.7712009106431417,0.8008274231678487,0.743688254665203,0.7445255474452555,0.4444444444444444,0.3333333333333333,0.6666666666666666,0.6351351351351351,0.425531914893617,0.2898550724637681,0.8
844,10,0.15,3,0.05,0.5,sqrt,0.7822260079500284,0.7761890866647213,0.8286604361370716,0.7299670691547749,0.8102189781021898,0.5185185185185185,0.42424242424242425,0.6666666666666666,0.6891891891891891,0.4523809523809524,0.3220338983050847,0.76
845,10,0.15,3,0.05,0.5,log2,0.75809199318569,0.74822695035461,0.8104993597951344,0.6948408342480791,0.7956204379562044,0.48148148148148145,0.3939393939393939,0.6190476190476191,0.5878378378378378,0.2823529411764706,0.2,0.48
846,10,0.15,3,0.05,0.6,sqrt,0.8137421919363997,0.8214480130647795,0.8147948164146869,0.8282107574094402,0.7956204379562044,0.5333333333333333,0.41025641025641024,0.7619047619047619,0.6554054054054054,0.43956043956043955,0.30303030303030304,0.8
847,10,0.15,3,0.05,0.6,log2,0.8344690516751846,0.8422192151556157,0.8307528029898559,0.854006586169045,0.7883211678832117,0.5084745762711864,0.39473684210526316,0.7142857142857143,0.6756756756756757,0.45454545454545453,0.31746031746031744,0.8
848,10,0.15,3,0.05,0.7,sqrt,0.8049403747870528,0.8155704697986578,0.7982133473462953,0.8336992316136114,0.7372262773722628,0.4375,0.32558139534883723,0.6666666666666666,0.6418918918918919,0.4421052631578947,0.3,0.84
849,10,0.15,3,0.05,0.7,log2,0.7995457126632595,0.8032329988851727,0.8159682899207248,0.7908891328210758,0.7591240875912408,0.42105263157894735,0.3333333333333333,0.5714285714285714,0.5878378378378378,0.2823529411764706,0.2,0.48
850,10,0.15,3,0.1,0.3,sqrt,0.6445201590005678,0.6535694521306032,0.6590401785714286,0.6481888035126235,0.5912408759124088,0.2631578947368421,0.18181818181818182,0.47619047619047616,0.527027027027027,0.33962264150943394,0.2222222222222222,0.72
851,10,0.15,3,0.1,0.3,log2,0.760931289040318,0.7911706349206349,0.7217194570135747,0.8754116355653129,0.6423357664233577,0.3950617283950617,0.26666666666666666,0.7619047619047619,0.5202702702702703,0.37168141592920356,0.23863636363636365,0.84
852,10,0.15,3,0.1,0.4,sqrt,0.6467915956842702,0.6548279689234184,0.6621773288439955,0.6476399560922064,0.5912408759124088,0.2631578947368421,0.18181818181818182,0.47619047619047616,0.5337837837837838,0.34285714285714286,0.225,0.72
853,10,0.15,3,0.1,0.4,log2,0.6453719477569563,0.6541124342287455,0.660145332588038,0.6481888035126235,0.5985401459854015,0.26666666666666666,0.18518518518518517,0.47619047619047616,0.5202702702702703,0.3364485981308411,0.21951219512195122,0.72
854,10,0.15,3,0.1,0.5,sqrt,0.7578080636002271,0.7839959483413522,0.7277856135401974,0.849615806805708,0.6277372262773723,0.35443037974683544,0.2413793103448276,0.6666666666666666,0.5608108108108109,0.4036697247706422,0.2619047619047619,0.88
855,10,0.15,3,0.1,0.5,log2,0.6274843838727996,0.6229885057471264,0.6537997587454765,0.5949506037321625,0.6058394160583942,0.25,0.17647058823529413,0.42857142857142855,0.5,0.2127659574468085,0.14492753623188406,0.4
856,10,0.15,3,0.1,0.6,sqrt,0.7802385008517888,0.7860696517412935,0.7917594654788419,0.7804610318331504,0.7372262773722628,0.45454545454545453,0.3333333333333333,0.7142857142857143,0.6283783783783784,0.42105263157894735,0.2857142857142857,0.8
857,10,0.15,3,0.1,0.6,log2,0.7248722316865417,0.7222699914015477,0.7558488302339532,0.6915477497255763,0.7299270072992701,0.4126984126984127,0.30952380952380953,0.6190476190476191,0.5540540540540541,0.2826086956521739,0.19402985074626866,0.52
858,10,0.15,3,0.1,0.7,sqrt,0.78137421919364,0.7924528301886793,0.7786016949152542,0.8068057080131723,0.7299270072992701,0.4307692307692308,0.3181818181818182,0.6666666666666666,0.6081081081081081,0.42,0.28,0.84
859,10,0.15,3,0.1,0.7,log2,0.7671777399204998,0.764638346727899,0.8014440433212996,0.7310647639956093,0.7737226277372263,0.43636363636363634,0.35294117647058826,0.5714285714285714,0.6013513513513513,0.2716049382716049,0.19642857142857142,0.44
860,10,0.15,4,0.05,0.3,sqrt,0.7436115843270868,0.7628053585500394,0.7314861460957179,0.7969264544456641,0.6496350364963503,0.3684210526315789,0.2545454545454545,0.6666666666666666,0.5743243243243243,0.4,0.2625,0.84
861,10,0.15,4,0.05,0.3,log2,0.762350936967632,0.7646893449536126,0.7838616714697406,0.7464324917672887,0.7226277372262774,0.42424242424242425,0.3111111111111111,0.6666666666666666,0.6216216216216216,0.42857142857142855,0.2876712328767123,0.84
862,10,0.15,4,0.05,0.4,sqrt,0.8276547416240773,0.8367840817424038,0.8202424881391671,0.854006586169045,0.7591240875912408,0.45901639344262296,0.35,0.6666666666666666,0.6351351351351351,0.425531914893617,0.2898550724637681,0.8
863,10,0.15,4,0.05,0.4,log2,0.7808063600227144,0.785912368275097,0.7942825112107623,0.7777167947310648,0.7299270072992701,0.4126984126984127,0.30952380952380953,0.6190476190476191,0.6081081081081081,0.35555555555555557,0.24615384615384617,0.64
864,10,0.15,4,0.05,0.5,sqrt,0.7836456558773425,0.7746895328208161,0.8397435897435898,0.7189901207464325,0.8029197080291971,0.509090909090909,0.4117647058823529,0.6666666666666666,0.6756756756756757,0.4418604651162791,0.3114754098360656,0.76
865,10,0.15,4,0.05,0.5,log2,0.7887563884156729,0.7944751381215469,0.7997775305895439,0.7892425905598244,0.7445255474452555,0.4444444444444444,0.3333333333333333,0.6666666666666666,0.6351351351351351,0.4375,0.29577464788732394,0.84
866,10,0.15,4,0.05,0.6,sqrt,0.7995457126632595,0.8149895178197065,0.779839518555667,0.8534577387486278,0.7007299270072993,0.4057971014492754,0.2916666666666667,0.6666666666666666,0.6013513513513513,0.4158415841584158,0.27631578947368424,0.84
867,10,0.15,4,0.05,0.6,log2,0.7572402044293015,0.7550845030077342,0.7896944278010785,0.7233809001097695,0.7372262773722628,0.4375,0.32558139534883723,0.6666666666666666,0.6554054054054054,0.43956043956043955,0.30303030303030304,0.8
868,10,0.15,4,0.05,0.7,sqrt,0.7932992617830777,0.7949295774647888,0.8165509259259259,0.774423710208562,0.7591240875912408,0.42105263157894735,0.3333333333333333,0.5714285714285714,0.6554054054054054,0.42696629213483145,0.296875,0.76
869,10,0.15,4,0.05,0.7,log2,0.7915956842703009,0.8011917659804983,0.7909090909090909,0.8117453347969265,0.7445255474452555,0.46153846153846156,0.3409090909090909,0.7142857142857143,0.6216216216216216,0.42857142857142855,0.2876712328767123,0.84
870,10,0.15,4,0.1,0.3,sqrt,0.7078364565587735,0.717230008244023,0.7182168409466153,0.7162458836443468,0.6423357664233577,0.3287671232876712,0.23076923076923078,0.5714285714285714,0.5405405405405406,0.32,0.21333333333333335,0.64
871,10,0.15,4,0.1,0.3,log2,0.6450880181714934,0.6539313399778516,0.6597765363128492,0.6481888035126235,0.5912408759124088,0.2631578947368421,0.18181818181818182,0.47619047619047616,0.527027027027027,0.33962264150943394,0.2222222222222222,0.72
872,10,0.15,4,0.1,0.4,sqrt,0.6467915956842702,0.6548279689234184,0.6621773288439955,0.6476399560922064,0.5912408759124088,0.2631578947368421,0.18181818181818182,0.47619047619047616,0.5337837837837838,0.34285714285714286,0.225,0.72
873,10,0.15,4,0.1,0.4,log2,0.7328222600795002,0.7321377739823512,0.7604967474866943,0.7058177826564215,0.7226277372262774,0.3870967741935484,0.2926829268292683,0.5714285714285714,0.7027027027027027,0.4883720930232558,0.3442622950819672,0.84
874,10,0.15,4,0.1,0.5,sqrt,0.712947189097104,0.7401696222050886,0.6959884001933301,0.7903402854006586,0.6204379562043796,0.36585365853658536,0.2459016393442623,0.7142857142857143,0.5135135135135135,0.32075471698113206,0.20987654320987653,0.68
875,10,0.15,4,0.1,0.5,log2,0.7640545144804088,0.7773908384677203,0.7592883307169022,0.796377607025247,0.7372262773722628,0.41935483870967744,0.3170731707317073,0.6190476190476191,0.5608108108108109,0.3010752688172043,0.20588235294117646,0.56
876,10,0.15,4,0.1,0.6,sqrt,0.7981260647359455,0.8090249798549557,0.7922146238821672,0.8265642151481888,0.7372262773722628,0.4375,0.32558139534883723,0.6666666666666666,0.5878378378378378,0.2988505747126437,0.20967741935483872,0.52
877,10,0.15,4,0.1,0.6,log2,0.7421919363997729,0.7650103519668737,0.7238001958863859,0.8111964873765093,0.6058394160583942,0.34146341463414637,0.22950819672131148,0.6666666666666666,0.5337837837837838,0.3300970873786408,0.21794871794871795,0.68
878,10,0.15,4,0.1,0.7,sqrt,0.7353776263486655,0.7474254742547426,0.7382226980728052,0.756860592755214,0.6496350364963503,0.38461538461538464,0.2631578947368421,0.7142857142857143,0.581081081081081,0.39215686274509803,0.2597402597402597,0.8
879,10,0.15,4,0.1,0.7,log2,0.7825099375354913,0.7928610059491618,0.7814498933901919,0.8046103183315039,0.7445255474452555,0.46153846153846156,0.3409090909090909,0.7142857142857143,0.581081081081081,0.32608695652173914,0.22388059701492538,0.6
880,10,0.15,5,0.05,0.3,sqrt,0.7904599659284497,0.7973640856672158,0.7978021978021979,0.7969264544456641,0.7299270072992701,0.4307692307692308,0.3181818181818182,0.6666666666666666,0.6418918918918919,0.4175824175824176,0.2878787878787879,0.76
881,10,0.15,5,0.05,0.3,log2,0.7657580919931857,0.7712780704186304,0.7792717086834734,0.7634467618002195,0.7007299270072993,0.3880597014925373,0.2826086956521739,0.6190476190476191,0.6351351351351351,0.41304347826086957,0.2835820895522388,0.76
882,10,0.15,5,0.05,0.4,sqrt,0.7788188529244747,0.783550986385107,0.7934721440630276,0.7738748627881449,0.7591240875912408,0.47619047619047616,0.35714285714285715,0.7142857142857143,0.6283783783783784,0.40860215053763443,0.27941176470588236,0.76
883,10,0.15,5,0.05,0.4,log2,0.7825099375354913,0.7817663817663818,0.8127962085308057,0.7530186608122942,0.7664233576642335,0.42857142857142855,0.34285714285714286,0.5714285714285714,0.5945945945945946,0.2682926829268293,0.19298245614035087,0.44
884,10,0.15,5,0.05,0.5,sqrt,0.8080636002271436,0.820021299254526,0.796277145811789,0.845225027442371,0.7518248175182481,0.48484848484848486,0.35555555555555557,0.7619047619047619,0.6216216216216216,0.42857142857142855,0.2876712328767123,0.84
885,10,0.15,5,0.05,0.5,log2,0.814877910278251,0.8221494817239499,0.8172451193058569,0.827113062568606,0.781021897810219,0.5,0.38461538461538464,0.7142857142857143,0.6486486486486487,0.4222222222222222,0.2923076923076923,0.76
886,10,0.15,5,0.05,0.6,sqrt,0.8015332197614992,0.8075970272502064,0.8100496963003865,0.8051591657519209,0.7518248175182481,0.46875,0.3488372093023256,0.7142857142857143,0.6418918918918919,0.4175824175824176,0.2878787878787879,0.76
887,10,0.15,5,0.05,0.6,log2,0.793015332197615,0.808309229555614,0.7758707723372035,0.8435784851811197,0.7591240875912408,0.47619047619047616,0.35714285714285715,0.7142857142857143,0.6283783783783784,0.42105263157894735,0.2857142857142857,0.8
888,10,0.15,5,0.05,0.7,sqrt,0.7737081203861442,0.7815839956152371,0.7805145046524357,0.7826564215148188,0.7299270072992701,0.4307692307692308,0.3181818181818182,0.6666666666666666,0.581081081081081,0.27906976744186046,0.19672131147540983,0.48
889,10,0.15,5,0.05,0.7,log2,0.8208404315729699,0.8362315079159097,0.793205317577548,0.8841931942919868,0.6861313868613139,0.410958904109589,0.28846153846153844,0.7142857142857143,0.581081081081081,0.32608695652173914,0.22388059701492538,0.6
890,10,0.15,5,0.1,0.3,sqrt,0.6445201590005678,0.6535694521306032,0.6590401785714286,0.6481888035126235,0.5912408759124088,0.2631578947368421,0.18181818181818182,0.47619047619047616,0.527027027027027,0.33962264150943394,0.2222222222222222,0.72
891,10,0.15,5,0.1,0.3,log2,0.7180579216354344,0.7418767871068365,0.7046913580246914,0.783205268935236,0.6277372262773723,0.37037037037037035,0.25,0.7142857142857143,0.527027027027027,0.35185185185185186,0.2289156626506024,0.76
892,10,0.15,5,0.1,0.4,sqrt,0.6448040885860307,0.6537503459728757,0.6594081518704634,0.6481888035126235,0.5912408759124088,0.2631578947368421,0.18181818181818182,0.47619047619047616,0.527027027027027,0.33962264150943394,0.2222222222222222,0.72
893,10,0.15,5,0.1,0.4,log2,0.637137989778535,0.6402027027027027,0.6572254335260116,0.6240395170142701,0.5985401459854015,0.26666666666666666,0.18518518518518517,0.47619047619047616,0.47297297297297297,0.20408163265306123,0.136986301369863,0.4
894,10,0.15,5,0.1,0.5,sqrt,0.7637705848949461,0.7805907172995781,0.751269035532995,0.8122941822173436,0.6788321167883211,0.3888888888888889,0.27450980392156865,0.6666666666666666,0.5878378378378378,0.41904761904761906,0.275,0.88
895,10,0.15,5,0.1,0.5,log2,0.7464508801817149,0.7690716317558831,0.7271393643031785,0.8161361141602634,0.6423357664233577,0.36363636363636365,0.25,0.6666666666666666,0.581081081081081,0.41509433962264153,0.2716049382716049,0.88
896,10,0.15,5,0.1,0.6,sqrt,0.7603634298693924,0.76697956929873,0.7716666666666666,0.7623490669593853,0.7007299270072993,0.3492063492063492,0.2619047619047619,0.5238095238095238,0.6283783783783784,0.42105263157894735,0.2857142857142857,0.8
897,10,0.15,5,0.1,0.6,log2,0.7674616695059625,0.7927107061503417,0.7355565993424142,0.8594950603732162,0.635036496350365,0.3902439024390244,0.26229508196721313,0.7619047619047619,0.5540540540540541,0.3888888888888889,0.25301204819277107,0.84
898,10,0.15,5,0.1,0.7,sqrt,0.7583759227711527,0.7672955974842768,0.7645776566757493,0.7700329308452251,0.7007299270072993,0.4057971014492754,0.2916666666666667,0.6666666666666666,0.6756756756756757,0.4666666666666667,0.3230769230769231,0.84
899,10,0.15,5,0.1,0.7,log2,0.7484383872799546,0.7681841967556253,0.734,0.8057080131723381,0.635036496350365,0.375,0.2542372881355932,0.7142857142857143,0.5675675675675675,0.39622641509433965,0.25925925925925924,0.84
900,10,0.15,6,0.05,0.3,sqrt,0.769733106189665,0.765809991336991,0.8080438756855576,0.7277716794731065,0.7518248175182481,0.45161290322580644,0.34146341463414637,0.6666666666666666,0.6554054054054054,0.4,0.2833333333333333,0.68
901,10,0.15,6,0.05,0.3,log2,0.7660420215786485,0.7735019241341397,0.7747797356828194,0.7722283205268935,0.7153284671532847,0.417910447761194,0.30434782608695654,0.6666666666666666,0.6081081081081081,0.3829787234042553,0.2608695652173913,0.72
902,10,0.15,6,0.05,0.4,sqrt,0.7793867120954003,0.7826573426573427,0.798060467769538,0.7678375411635565,0.7226277372262774,0.3870967741935484,0.2926829268292683,0.5714285714285714,0.6351351351351351,0.425531914893617,0.2898550724637681,0.8
903,10,0.15,6,0.05,0.4,log2,0.8038046564452016,0.816953642384106,0.7895545314900153,0.8463227222832053,0.708029197080292,0.4117647058823529,0.2978723404255319,0.6666666666666666,0.6351351351351351,0.4375,0.29577464788732394,0.84
904,10,0.15,6,0.05,0.5,sqrt,0.8199886428165815,0.8296614723267061,0.8126315789473684,0.8474204171240395,0.7591240875912408,0.49230769230769234,0.36363636363636365,0.7619047619047619,0.6216216216216216,0.40425531914893614,0.2753623188405797,0.76
905,10,0.15,6,0.05,0.5,log2,0.7864849517319704,0.7919203099059214,0.7985491071428571,0.7854006586169044,0.7591240875912408,0.47619047619047616,0.35714285714285715,0.7142857142857143,0.6351351351351351,0.41304347826086957,0.2835820895522388,0.76
906,10,0.15,6,0.05,0.6,sqrt,0.8043725156161272,0.8105581523233434,0.8121212121212121,0.8090010976948409,0.8029197080291971,0.5423728813559322,0.42105263157894735,0.7619047619047619,0.6486486486486487,0.43478260869565216,0.29850746268656714,0.8
907,10,0.15,6,0.05,0.6,log2,0.7572402044293015,0.757309111552654,0.7842445620223398,0.7321624588364435,0.7372262773722628,0.41935483870967744,0.3170731707317073,0.6190476190476191,0.5743243243243243,0.27586206896551724,0.1935483870967742,0.48
908,10,0.15,6,0.05,0.7,sqrt,0.8293583191368541,0.8352973417374623,0.8341543513957307,0.8364434687156971,0.7956204379562044,0.5172413793103449,0.40540540540540543,0.7142857142857143,0.6621621621621622,0.4318181818181818,0.30158730158730157,0.76
909,10,0.15,6,0.05,0.7,log2,0.7986939239068711,0.7988652482269504,0.8267762771579565,0.7727771679473107,0.7518248175182481,0.43333333333333335,0.3333333333333333,0.6190476190476191,0.6621621621621622,0.4186046511627907,0.29508196721311475,0.72
910,10,0.15,6,0.1,0.3,sqrt,0.6482112436115843,0.6543933054393305,0.6653431650595576,0.6437980241492866,0.583941605839416,0.2597402597402597,0.17857142857142858,0.47619047619047616,0.5135135135135135,0.3333333333333333,0.21686746987951808,0.72
911,10,0.15,6,0.1,0.3,log2,0.6465076660988075,0.6544546211490425,0.6619876473891072,0.6470911086717892,0.5912408759124088,0.2631578947368421,0.18181818181818182,0.47619047619047616,0.5337837837837838,0.34285714285714286,0.225,0.72
912,10,0.15,6,0.1,0.4,sqrt,0.6445201590005678,0.6533776301218162,0.659217877094972,0.6476399560922064,0.5912408759124088,0.2631578947368421,0.18181818181818182,0.47619047619047616,0.527027027027027,0.33962264150943394,0.2222222222222222,0.72
913,10,0.15,6,0.1,0.4,log2,0.7720045428733674,0.7938382541720154,0.7457790641582248,0.8485181119648738,0.635036496350365,0.34210526315789475,0.23636363636363636,0.6190476190476191,0.668918918918919,0.46153846153846156,0.3181818181818182,0.84
914,10,0.15,6,0.1,0.5,sqrt,0.7350936967632027,0.7626558127702875,0.7107633949739213,0.822722283205269,0.6131386861313869,0.3764705882352941,0.25,0.7619047619047619,0.5472972972972973,0.3963963963963964,0.2558139534883721,0.88
915,10,0.15,6,0.1,0.5,log2,0.7668938103350369,0.7833201372393771,0.7544483985765125,0.814489571899012,0.6934306569343066,0.38235294117647056,0.2765957446808511,0.6190476190476191,0.5878378378378378,0.35789473684210527,0.24285714285714285,0.68
916,10,0.15,6,0.1,0.6,sqrt,0.797274275979557,0.8146417445482866,0.7729064039408867,0.8611416026344676,0.708029197080292,0.4444444444444444,0.3137254901960784,0.7619047619047619,0.6013513513513513,0.4158415841584158,0.27631578947368424,0.84
917,10,0.15,6,0.1,0.6,log2,0.7555366269165247,0.7659690133188366,0.7587506731287023,0.7733260153677278,0.6934306569343066,0.4,0.2857142857142857,0.6666666666666666,0.5608108108108109,0.32989690721649484,0.2222222222222222,0.64
918,10,0.15,6,0.1,0.7,sqrt,0.7632027257240205,0.7768860353130016,0.7578288100208769,0.7969264544456641,0.6642335766423357,0.39473684210526316,0.2727272727272727,0.7142857142857143,0.6283783783783784,0.4329896907216495,0.2916666666666667,0.84
919,10,0.15,6,0.1,0.7,log2,0.7728563316297559,0.7699827487061529,0.8085748792270532,0.7349066959385291,0.7518248175182481,0.39285714285714285,0.3142857142857143,0.5238095238095238,0.6283783783783784,0.2857142857142857,0.21153846153846154,0.44
920,10,0.15,7,0.05,0.3,sqrt,0.7555366269165247,0.7637860082304527,0.7635765222161273,0.7639956092206367,0.6642335766423357,0.3611111111111111,0.2549019607843137,0.6190476190476191,0.5878378378378378,0.2823529411764706,0.2,0.48
921,10,0.15,7,0.05,0.3,log2,0.7410562180579217,0.7484831770546057,0.7522172949002217,0.7447859495060373,0.6861313868613139,0.39436619718309857,0.28,0.6666666666666666,0.6013513513513513,0.3917525773195876,0.2638888888888889,0.76
922,10,0.15,7,0.05,0.4,sqrt,0.7643384440658717,0.7621776504297995,0.7973621103117506,0.7299670691547749,0.7445255474452555,0.4067796610169492,0.3157894736842105,0.5714285714285714,0.6621621621621622,0.45652173913043476,0.31343283582089554,0.84
923,10,0.15,7,0.05,0.4,log2,0.7762634866553095,0.7913135593220338,0.7645854657113613,0.8199780461031834,0.7153284671532847,0.43478260869565216,0.3125,0.7142857142857143,0.5878378378378378,0.41904761904761906,0.275,0.88
924,10,0.15,7,0.05,0.5,sqrt,0.7589437819420783,0.7588753195115024,0.7863449087698646,0.7332601536772777,0.7518248175182481,0.43333333333333335,0.3333333333333333,0.6190476190476191,0.6418918918918919,0.43010752688172044,0.29411764705882354,0.8
925,10,0.15,7,0.05,0.5,log2,0.7731402612152186,0.7800715661987339,0.7824406405300939,0.7777167947310648,0.7518248175182481,0.48484848484848486,0.35555555555555557,0.7619047619047619,0.6283783783783784,0.42105263157894735,0.2857142857142857,0.8
926,10,0.15,7,0.05,0.6,sqrt,0.7748438387279954,0.77310443490701,0.8075313807531381,0.7414928649835346,0.7591240875912408,0.45901639344262296,0.35,0.6666666666666666,0.6283783783783784,0.42105263157894735,0.2857142857142857,0.8
927,10,0.15,7,0.05,0.6,log2,0.7808063600227144,0.7832678270634476,0.8017241379310345,0.7656421514818881,0.7445255474452555,0.4262295081967213,0.325,0.6190476190476191,0.6013513513513513,0.2716049382716049,0.19642857142857142,0.44
928,10,0.15,7,0.05,0.7,sqrt,0.8282226007950029,0.8373218607152461,0.8207696362677912,0.8545554335894622,0.7664233576642335,0.4838709677419355,0.36585365853658536,0.7142857142857143,0.6621621621621622,0.45652173913043476,0.31343283582089554,0.84
929,10,0.15,7,0.05,0.7,log2,0.7964224872231687,0.8015499584832549,0.8084868788386377,0.7947310647639956,0.7518248175182481,0.46875,0.3488372093023256,0.7142857142857143,0.6959459459459459,0.4578313253012048,0.3275862068965517,0.76
930,10,0.15,7,0.1,0.3,sqrt,0.644236229415105,0.6530047078371642,0.6590273896031302,0.6470911086717892,0.5912408759124088,0.2631578947368421,0.18181818181818182,0.47619047619047616,0.527027027027027,0.33962264150943394,0.2222222222222222,0.72
931,10,0.15,7,0.1,0.3,log2,0.645655877342419,0.6542936288088642,0.6605145413870246,0.6481888035126235,0.583941605839416,0.2597402597402597,0.17857142857142858,0.47619047619047616,0.527027027027027,0.33962264150943394,0.2222222222222222,0.72
932,10,0.15,7,0.1,0.4,sqrt,0.6462237365133446,0.6480225988700565,0.6676367869615832,0.6295279912184413,0.6131386861313869,0.273972602739726,0.19230769230769232,0.47619047619047616,0.47297297297297297,0.20408163265306123,0.136986301369863,0.4
933,10,0.15,7,0.1,0.4,log2,0.7660420215786485,0.7815482502651113,0.7558974358974359,0.8090010976948409,0.7153284671532847,0.4,0.29545454545454547,0.6190476190476191,0.5067567567567568,0.27722772277227725,0.18421052631578946,0.56
934,10,0.15,7,0.1,0.5,sqrt,0.7081203861442362,0.6994152046783626,0.7484355444305382,0.6564215148188803,0.7226277372262774,0.3870967741935484,0.2926829268292683,0.5714285714285714,0.6891891891891891,0.4772727272727273,0.3333333333333333,0.84
935,10,0.15,7,0.1,0.5,log2,0.7788188529244747,0.8016297428062134,0.7477434679334917,0.8638858397365532,0.6642335766423357,0.39473684210526316,0.2727272727272727,0.7142857142857143,0.5337837837837838,0.28865979381443296,0.19444444444444445,0.56
936,10,0.15,7,0.1,0.6,sqrt,0.7637705848949461,0.7817418677859391,0.7487437185929648,0.8177826564215148,0.6715328467153284,0.3835616438356164,0.2692307692307692,0.6666666666666666,0.5878378378378378,0.4077669902912621,0.2692307692307692,0.84
937,10,0.15,7,0.1,0.6,log2,0.7677455990914254,0.7920691408235893,0.7376893939393939,0.8551042810098792,0.6423357664233577,0.379746835443038,0.25862068965517243,0.7142857142857143,0.5743243243243243,0.4,0.2625,0.84
938,10,0.15,7,0.1,0.7,sqrt,0.7788188529244747,0.7824629991622452,0.7964752700397953,0.7689352360043907,0.7664233576642335,0.4666666666666667,0.358974358974359,0.6666666666666666,0.6418918918918919,0.43010752688172044,0.29411764705882354,0.8
939,10,0.15,7,0.1,0.7,log2,0.7771152754116979,0.791721942159724,0.7663071391884951,0.818880351262349,0.6715328467153284,0.36619718309859156,0.26,0.6190476190476191,0.5405405405405406,0.2765957446808511,0.18840579710144928,0.52
940,10,0.15,8,0.05,0.3,sqrt,0.730266893810335,0.7352285395763657,0.746885617214043,0.7239297475301866,0.6788321167883211,0.37142857142857144,0.2653061224489796,0.6190476190476191,0.5945945945945946,0.4117647058823529,0.2727272727272727,0.84
941,10,0.15,8,0.05,0.3,log2,0.7762634866553095,0.7793952967525196,0.7954285714285714,0.7639956092206367,0.7591240875912408,0.4406779661016949,0.34210526315789475,0.6190476190476191,0.6486486486486487,0.4090909090909091,0.2857142857142857,0.72
942,10,0.15,8,0.05,0.4,sqrt,0.7884724588302101,0.7916083916083916,0.80718767826583,0.7766190998902305,0.7445255474452555,0.4444444444444444,0.3333333333333333,0.6666666666666666,0.6959459459459459,0.47058823529411764,0.3333333333333333,0.8
943,10,0.15,8,0.05,0.4,log2,0.7935831913685406,0.7993375655534087,0.8039977790116601,0.7947310647639956,0.7664233576642335,0.5,0.37209302325581395,0.7619047619047619,0.6418918918918919,0.4175824175824176,0.2878787878787879,0.76
944,10,0.15,8,0.05,0.5,sqrt,0.8069278818852924,0.8231929277171087,0.7821146245059288,0.8688254665203073,0.7299270072992701,0.463768115942029,0.3333333333333333,0.7619047619047619,0.6081081081081081,0.40816326530612246,0.273972602739726,0.8
945,10,0.15,8,0.05,0.5,log2,0.7802385008517888,0.7779690189328744,0.8149038461538461,0.7442371020856202,0.8029197080291971,0.49056603773584906,0.40625,0.6190476190476191,0.6756756756756757,0.4418604651162791,0.3114754098360656,0.76
946,10,0.15,8,0.05,0.6,sqrt,0.7995457126632595,0.7985159817351598,0.8317479191438764,0.7678375411635565,0.7956204379562044,0.48148148148148145,0.3939393939393939,0.6190476190476191,0.6621621621621622,0.4318181818181818,0.30158730158730157,0.76
947,10,0.15,8,0.05,0.6,log2,0.7910278250993753,0.8102114492006188,0.7641050583657587,0.8622392974753018,0.6861313868613139,0.4266666666666667,0.2962962962962963,0.7619047619047619,0.6013513513513513,0.4158415841584158,0.27631578947368424,0.84
948,10,0.15,8,0.05,0.7,sqrt,0.769733106189665,0.776152359922716,0.7806774014436424,0.7716794731064764,0.7372262773722628,0.41935483870967744,0.3170731707317073,0.6190476190476191,0.6081081081081081,0.40816326530612246,0.273972602739726,0.8
949,10,0.15,8,0.05,0.7,log2,0.7802385008517888,0.7886400873839432,0.7847826086956522,0.7925356750823271,0.7372262773722628,0.4375,0.32558139534883723,0.6666666666666666,0.6351351351351351,0.4375,0.29577464788732394,0.84
950,10,0.15,8,0.1,0.3,sqrt,0.6445201590005678,0.6535694521306032,0.6590401785714286,0.6481888035126235,0.5912408759124088,0.2631578947368421,0.18181818181818182,0.47619047619047616,0.527027027027027,0.33962264150943394,0.2222222222222222,0.72
951,10,0.15,8,0.1,0.3,log2,0.6445201590005678,0.6535694521306032,0.6590401785714286,0.6481888035126235,0.5912408759124088,0.2631578947368421,0.18181818181818182,0.47619047619047616,0.527027027027027,0.33962264150943394,0.2222222222222222,0.72
952,10,0.15,8,0.1,0.4,sqrt,0.6448040885860307,0.6537503459728757,0.6594081518704634,0.6481888035126235,0.5912408759124088,0.2631578947368421,0.18181818181818182,0.47619047619047616,0.527027027027027,0.33962264150943394,0.2222222222222222,0.72
953,10,0.15,8,0.1,0.4,log2,0.7438955139125497,0.7602339181286549,0.7371134020618557,0.7848518111964874,0.6715328467153284,0.3835616438356164,0.2692307692307692,0.6666666666666666,0.5540540540540541,0.2826086956521739,0.19402985074626866,0.52
954,10,0.15,8,0.1,0.5,sqrt,0.7260079500283929,0.7527542915705867,0.7059106198942816,0.8062568605927553,0.6058394160583942,0.34146341463414637,0.22950819672131148,0.6666666666666666,0.5405405405405406,0.39285714285714285,0.25287356321839083,0.88
955,10,0.15,8,0.1,0.5,log2,0.7544009085746735,0.7643693816398801,0.7587885343428881,0.7700329308452251,0.7153284671532847,0.4507042253521127,0.32,0.7619047619047619,0.581081081081081,0.3541666666666667,0.23943661971830985,0.68
956,10,0.15,8,0.1,0.6,sqrt,0.7541169789892107,0.7748309932397296,0.7361660079051383,0.8177826564215148,0.656934306569343,0.38961038961038963,0.26785714285714285,0.7142857142857143,0.5608108108108109,0.3925233644859813,0.25609756097560976,0.84
957,10,0.15,8,0.1,0.6,log2,0.778534923339012,0.792,0.7702282157676349,0.8150384193194292,0.7007299270072993,0.4225352112676056,0.3,0.7142857142857143,0.5945945945945946,0.4230769230769231,0.27848101265822783,0.88
958,10,0.15,8,0.1,0.7,sqrt,0.7884724588302101,0.8038957620426428,0.7723823975720789,0.8380900109769485,0.7299270072992701,0.463768115942029,0.3333333333333333,0.7619047619047619,0.5878378378378378,0.39603960396039606,0.2631578947368421,0.8
959,10,0.15,8,0.1,0.7,log2,0.8035207268597387,0.8207253886010363,0.7772325809617272,0.8693743139407245,0.7007299270072993,0.4057971014492754,0.2916666666666667,0.6666666666666666,0.6013513513513513,0.4158415841584158,0.27631578947368424,0.84
960,10,0.15,9,0.05,0.3,sqrt,0.7470187393526405,0.7694695989650712,0.7278511992168379,0.8161361141602634,0.656934306569343,0.38961038961038963,0.26785714285714285,0.7142857142857143,0.5675675675675675,0.39622641509433965,0.25925925925925924,0.84
961,10,0.15,9,0.05,0.3,log2,0.7680295286768881,0.7923761118170267,0.7378135352579271,0.8556531284302964,0.6423357664233577,0.379746835443038,0.25862068965517243,0.7142857142857143,0.5405405405405406,0.38181818181818183,0.24705882352941178,0.84
962,10,0.15,9,0.05,0.4,sqrt,0.7473026689381034,0.7427745664739884,0.7844932844932845,0.7052689352360044,0.7299270072992701,0.4126984126984127,0.30952380952380953,0.6190476190476191,0.5743243243243243,0.3076923076923077,0.21212121212121213,0.56
963,10,0.15,9,0.05,0.4,log2,0.7720045428733674,0.7818527574028796,0.7740720817643895,0.7897914379802415,0.7153284671532847,0.43478260869565216,0.3125,0.7142857142857143,0.6013513513513513,0.4158415841584158,0.27631578947368424,0.84
964,10,0.15,9,0.05,0.5,sqrt,0.7836456558773425,0.7916894477856752,0.7886710239651417,0.7947310647639956,0.7445255474452555,0.4444444444444444,0.3333333333333333,0.6666666666666666,0.6013513513513513,0.40404040404040403,0.2702702702702703,0.8
965,10,0.15,9,0.05,0.5,log2,0.7879045996592845,0.7891617273497037,0.8123184195235328,0.7672886937431395,0.7664233576642335,0.4482758620689655,0.35135135135135137,0.6190476190476191,0.6756756756756757,0.4418604651162791,0.3114754098360656,0.76
966,10,0.15,9,0.05,0.6,sqrt,0.7896081771720613,0.7868852459016393,0.8265861027190332,0.7508232711306256,0.7737226277372263,0.4745762711864407,0.3684210526315789,0.6666666666666666,0.6621621621621622,0.4318181818181818,0.30158730158730157,0.76
967,10,0.15,9,0.05,0.6,log2,0.7762634866553095,0.7815964523281597,0.7894736842105263,0.7738748627881449,0.7372262773722628,0.41935483870967744,0.3170731707317073,0.6190476190476191,0.5743243243243243,0.27586206896551724,0.1935483870967742,0.48
968,10,0.15,9,0.05,0.7,sqrt,0.8114707552526973,0.8231220031965903,0.7996894409937888,0.8479692645444566,0.7226277372262774,0.42424242424242425,0.3111111111111111,0.6666666666666666,0.5540540540540541,0.2978723404255319,0.2028985507246377,0.56
969,10,0.15,9,0.05,0.7,log2,0.7859170925610448,0.7829591249280369,0.8232445520581114,0.7464324917672887,0.781021897810219,0.4642857142857143,0.37142857142857144,0.6190476190476191,0.6824324324324325,0.4470588235294118,0.31666666666666665,0.76
970,10,0.15,9,0.1,0.3,sqrt,0.645655877342419,0.6541019955654102,0.6606942889137738,0.6476399560922064,0.5912408759124088,0.2631578947368421,0.18181818181818182,0.47619047619047616,0.5337837837837838,0.34285714285714286,0.225,0.72
971,10,0.15,9,0.1,0.3,log2,0.6462237365133446,0.6535038932146829,0.6623449830890643,0.6448957189901208,0.6131386861313869,0.273972602739726,0.19230769230769232,0.47619047619047616,0.5202702702702703,0.3364485981308411,0.21951219512195122,0.72
972,10,0.15,9,0.1,0.4,sqrt,0.7191936399772856,0.7441138421733506,0.7038668624571708,0.7892425905598244,0.6277372262773723,0.3855421686746988,0.25806451612903225,0.7619047619047619,0.5135135135135135,0.28,0.18666666666666668,0.56
973,10,0.15,9,0.1,0.4,log2,0.6777399204997161,0.6978972584508917,0.6775193798449612,0.7195389681668496,0.583941605839416,0.27848101265822783,0.1896551724137931,0.5238095238095238,0.5337837837837838,0.35514018691588783,0.23170731707317074,0.76
974,10,0.15,9,0.1,0.5,sqrt,0.7362294151050539,0.7499327052489906,0.7358689910195457,0.7645444566410537,0.6715328467153284,0.4,0.2777777777777778,0.7142857142857143,0.5878378378378378,0.3838383838383838,0.25675675675675674,0.76
975,10,0.15,9,0.1,0.5,log2,0.7467348097671778,0.7594390507011867,0.7465535524920467,0.7727771679473107,0.6715328467153284,0.36619718309859156,0.26,0.6190476190476191,0.5608108108108109,0.3157894736842105,0.21428571428571427,0.6
976,10,0.15,9,0.1,0.6,sqrt,0.7586598523566156,0.7766684182869154,0.7449596774193549,0.8111964873765093,0.6423357664233577,0.36363636363636365,0.25,0.6666666666666666,0.581081081081081,0.3673469387755102,0.2465753424657534,0.72
977,10,0.15,9,0.1,0.6,log2,0.7810902896081772,0.8021555042340262,0.7532530120481927,0.8578485181119648,0.7007299270072993,0.4383561643835616,0.3076923076923077,0.7619047619047619,0.5878378378378378,0.41904761904761906,0.275,0.88
978,10,0.15,9,0.1,0.7,sqrt,0.7427597955706985,0.7572347266881029,0.7397905759162303,0.7755214050493963,0.656934306569343,0.37333333333333335,0.25925925925925924,0.6666666666666666,0.5337837837837838,0.2736842105263158,0.18571428571428572,0.52
979,10,0.15,9,0.1,0.7,log2,0.7776831345826235,0.7903614457831325,0.7715629900679561,0.8100987925356751,0.7226277372262774,0.45714285714285713,0.32653061224489793,0.7619047619047619,0.6418918918918919,0.43010752688172044,0.29411764705882354,0.8
980,10,0.2,3,0.05,0.3,sqrt,0.730266893810335,0.7547754259163655,0.7124756335282652,0.8024149286498353,0.6131386861313869,0.3614457831325301,0.24193548387096775,0.7142857142857143,0.5337837837837838,0.3783783783783784,0.2441860465116279,0.84
981,10,0.2,3,0.05,0.3,log2,0.7319704713231119,0.7316657191586129,0.7588443396226415,0.7063666300768386,0.7153284671532847,0.417910447761194,0.30434782608695654,0.6666666666666666,0.5675675675675675,0.28888888888888886,0.2,0.52
982,10,0.2,3,0.05,0.4,sqrt,0.7552526973310619,0.7620099392600773,0.7666666666666667,0.7574094401756312,0.708029197080292,0.375,0.27906976744186046,0.5714285714285714,0.6418918918918919,0.4421052631578947,0.3,0.84
983,10,0.2,3,0.05,0.4,log2,0.7385008517887564,0.7587110296044014,0.7258145363408521,0.7947310647639956,0.6423357664233577,0.379746835443038,0.25862068965517243,0.7142857142857143,0.5540540540540541,0.4,0.25882352941176473,0.88
984,10,0.2,3,0.05,0.5,sqrt,0.7941510505394662,0.7927979422692197,0.827072152653548,0.7612513721185511,0.7883211678832117,0.4727272727272727,0.38235294117647056,0.6190476190476191,0.6756756756756757,0.45454545454545453,0.31746031746031744,0.8
985,10,0.2,3,0.05,0.5,log2,0.7859170925610448,0.7870056497175141,0.810826542491269,0.7645444566410537,0.7737226277372263,0.45614035087719296,0.3611111111111111,0.6190476190476191,0.668918918918919,0.4367816091954023,0.3064516129032258,0.76
986,10,0.2,3,0.05,0.6,sqrt,0.7632027257240205,0.7641402714932126,0.7882147024504084,0.7414928649835346,0.7153284671532847,0.4,0.29545454545454547,0.6190476190476191,0.6554054054054054,0.43956043956043955,0.30303030303030304,0.8
987,10,0.2,3,0.05,0.6,log2,0.7705848949460534,0.7672811059907834,0.8072727272727273,0.7310647639956093,0.7591240875912408,0.42105263157894735,0.3333333333333333,0.5714285714285714,0.6554054054054054,0.3855421686746988,0.27586206896551724,0.64
988,10,0.2,3,0.05,0.7,sqrt,0.7935831913685406,0.7890919640266899,0.8369230769230769,0.7464324917672887,0.7956204379562044,0.5,0.4,0.6666666666666666,0.668918918918919,0.3950617283950617,0.2857142857142857,0.64
989,10,0.2,3,0.05,0.7,log2,0.7558205565019875,0.755542922114838,0.7836084905660378,0.7294182217343579,0.7299270072992701,0.3728813559322034,0.2894736842105263,0.5238095238095238,0.6148648648648649,0.41237113402061853,0.2777777777777778,0.8
990,10,0.2,3,0.1,0.3,sqrt,0.6445201590005678,0.6535694521306032,0.6590401785714286,0.6481888035126235,0.5912408759124088,0.2631578947368421,0.18181818181818182,0.47619047619047616,0.527027027027027,0.33962264150943394,0.2222222222222222,0.72
991,10,0.2,3,0.1,0.3,log2,0.6445201590005678,0.6535694521306032,0.6590401785714286,0.6481888035126235,0.5912408759124088,0.2631578947368421,0.18181818181818182,0.47619047619047616,0.527027027027027,0.33962264150943394,0.2222222222222222,0.72
992,10,0.2,3,0.1,0.4,sqrt,0.7819420783645656,0.8055696202531646,0.7476503759398496,0.8732162458836443,0.6423357664233577,0.379746835443038,0.25862068965517243,0.7142857142857143,0.5337837837837838,0.3893805309734513,0.25,0.88
993,10,0.2,3,0.1,0.4,log2,0.7904599659284497,0.8159600997506234,0.7477148080438757,0.897914379802415,0.6131386861313869,0.3614457831325301,0.24193548387096775,0.7142857142857143,0.5472972972972973,0.3963963963963964,0.2558139534883721,0.88
994,10,0.2,3,0.1,0.5,sqrt,0.7322544009085746,0.749535192563081,0.7261966031909418,0.774423710208562,0.6423357664233577,0.379746835443038,0.25862068965517243,0.7142857142857143,0.527027027027027,0.2857142857142857,0.1917808219178082,0.56
995,10,0.2,3,0.1,0.5,log2,0.7691652470187393,0.7788958389991841,0.7719676549865229,0.7859495060373216,0.7445255474452555,0.4262295081967213,0.325,0.6190476190476191,0.5743243243243243,0.3076923076923077,0.21212121212121213,0.56
996,10,0.2,3,0.1,0.6,sqrt,0.7666098807495741,0.7689713322091062,0.7880184331797235,0.7508232711306256,0.7153284671532847,0.36065573770491804,0.275,0.5238095238095238,0.6351351351351351,0.3076923076923077,0.22641509433962265,0.48
997,10,0.2,3,0.1,0.6,log2,0.7504258943781942,0.7613358674993213,0.753358409457281,0.7694840834248079,0.6934306569343066,0.43243243243243246,0.3018867924528302,0.7619047619047619,0.5472972972972973,0.27956989247311825,0.19117647058823528,0.52
998,10,0.2,3,0.1,0.7,sqrt,0.797274275979557,0.8120063191153238,0.7803643724696356,0.8463227222832053,0.708029197080292,0.4117647058823529,0.2978723404255319,0.6666666666666666,0.6283783783783784,0.42105263157894735,0.2857142857142857,0.8
999,10,0.2,3,0.1,0.7,log2,0.7836456558773425,0.7952713594841483,0.7789473684210526,0.8122941822173436,0.7153284671532847,0.43478260869565216,0.3125,0.7142857142857143,0.5540540540540541,0.26666666666666666,0.18461538461538463,0.48
1000,10,0.2,4,0.05,0.3,sqrt,0.7262918796138558,0.7173020527859237,0.7701511335012594,0.6712403951701427,0.708029197080292,0.375,0.27906976744186046,0.5714285714285714,0.6486486486486487,0.4222222222222222,0.2923076923076923,0.76
1001,10,0.2,4,0.05,0.3,log2,0.7123793299261784,0.7417792505735407,0.6925273679200381,0.7985729967069155,0.6204379562043796,0.36585365853658536,0.2459016393442623,0.7142857142857143,0.6148648648648649,0.43564356435643564,0.2894736842105263,0.88
1002,10,0.2,4,0.05,0.4,sqrt,0.7703009653605906,0.7809369076631465,0.7707108498129343,0.7914379802414928,0.7226277372262774,0.42424242424242425,0.3111111111111111,0.6666666666666666,0.5945945945945946,0.4,0.26666666666666666,0.8
1003,10,0.2,4,0.05,0.4,log2,0.7555366269165247,0.7697245252741375,0.7506520605112155,0.7897914379802415,0.6642335766423357,0.34285714285714286,0.24489795918367346,0.5714285714285714,0.5878378378378378,0.41904761904761906,0.275,0.88
1004,10,0.2,4,0.05,0.5,sqrt,0.7515616127200454,0.742873934763444,0.799493991144845,0.6937431394072447,0.7591240875912408,0.4406779661016949,0.34210526315789475,0.6190476190476191,0.6621621621621622,0.4318181818181818,0.30158730158730157,0.76
1005,10,0.2,4,0.05,0.5,log2,0.7197614991482112,0.7019027484143763,0.7803895231699127,0.6377607025246982,0.7372262773722628,0.3793103448275862,0.2972972972972973,0.5238095238095238,0.5945945945945946,0.2682926829268293,0.19298245614035087,0.44
1006,10,0.2,4,0.05,0.6,sqrt,0.7509937535491198,0.7464585140213935,0.788637751985339,0.7085620197585072,0.7226277372262774,0.36666666666666664,0.28205128205128205,0.5238095238095238,0.5743243243243243,0.27586206896551724,0.1935483870967742,0.48
1007,10,0.2,4,0.05,0.6,log2,0.7589437819420783,0.7496313771748747,0.8100701083492671,0.6975850713501647,0.7956204379562044,0.48148148148148145,0.3939393939393939,0.6190476190476191,0.6824324324324325,0.4470588235294118,0.31666666666666665,0.76
1008,10,0.2,4,0.05,0.7,sqrt,0.7589437819420783,0.7638386648122393,0.7743936830231246,0.7535675082327113,0.7299270072992701,0.4307692307692308,0.3181818181818182,0.6666666666666666,0.6216216216216216,0.4166666666666667,0.28169014084507044,0.8
1009,10,0.2,4,0.05,0.7,log2,0.7825099375354913,0.7857941834451901,0.8010262257696693,0.7711306256860593,0.7664233576642335,0.4666666666666667,0.358974358974359,0.6666666666666666,0.6283783783783784,0.4329896907216495,0.2916666666666667,0.84
1010,10,0.2,4,0.1,0.3,sqrt,0.6445201590005678,0.653185595567867,0.6593959731543624,0.6470911086717892,0.5912408759124088,0.2631578947368421,0.18181818181818182,0.47619047619047616,0.5337837837837838,0.34285714285714286,0.225,0.72
1011,10,0.2,4,0.1,0.3,log2,0.6484951731970471,0.6545758928571429,0.6657207718501703,0.6437980241492866,0.5912408759124088,0.2631578947368421,0.18181818181818182,0.47619047619047616,0.5337837837837838,0.34285714285714286,0.225,0.72
1012,10,0.2,4,0.1,0.4,sqrt,0.7416240772288473,0.762402088772846,0.7270916334661355,0.8013172338090011,0.656934306569343,0.3380281690140845,0.24,0.5714285714285714,0.5675675675675675,0.41818181818181815,0.27058823529411763,0.92
1013,10,0.2,4,0.1,0.4,log2,0.7294151050539466,0.7463401650252861,0.7245478036175711,0.7694840834248079,0.656934306569343,0.3561643835616438,0.25,0.6190476190476191,0.5743243243243243,0.35051546391752575,0.2361111111111111,0.68
1014,10,0.2,4,0.1,0.5,sqrt,0.7461669505962522,0.7648605996843767,0.7343434343434343,0.7980241492864983,0.6642335766423357,0.39473684210526316,0.2727272727272727,0.7142857142857143,0.5472972972972973,0.29473684210526313,0.2,0.56
1015,10,0.2,4,0.1,0.5,log2,0.7453151618398637,0.7647521636506688,0.7322953289804118,0.8002195389681669,0.6715328467153284,0.3835616438356164,0.2692307692307692,0.6666666666666666,0.6148648648648649,0.44660194174757284,0.2948717948717949,0.92
1016,10,0.2,4,0.1,0.6,sqrt,0.7961385576377058,0.8048913043478261,0.7970936490850377,0.8128430296377607,0.7372262773722628,0.4375,0.32558139534883723,0.6666666666666666,0.6148648648648649,0.3870967741935484,0.2647058823529412,0.72
1017,10,0.2,4,0.1,0.6,log2,0.7407722884724588,0.7657172183731075,0.7190361445783132,0.818880351262349,0.6642335766423357,0.41025641025641024,0.2807017543859649,0.7619047619047619,0.5608108108108109,0.32989690721649484,0.2222222222222222,0.64
1018,10,0.2,4,0.1,0.7,sqrt,0.7822260079500284,0.793761763915031,0.7780706378492356,0.8100987925356751,0.708029197080292,0.3939393939393939,0.28888888888888886,0.6190476190476191,0.6351351351351351,0.425531914893617,0.2898550724637681,0.8
1019,10,0.2,4,0.1,0.7,log2,0.7932992617830777,0.8037735849056604,0.7897245762711864,0.818331503841932,0.708029197080292,0.42857142857142855,0.30612244897959184,0.7142857142857143,0.6216216216216216,0.4166666666666667,0.28169014084507044,0.8
1020,10,0.2,5,0.05,0.3,sqrt,0.7495741056218058,0.7584884994523549,0.7568306010928961,0.7601536772777168,0.7007299270072993,0.4383561643835616,0.3076923076923077,0.7619047619047619,0.581081081081081,0.27906976744186046,0.19672131147540983,0.48
1021,10,0.2,5,0.05,0.3,log2,0.7654741624077229,0.773450356555129,0.7730263157894737,0.7738748627881449,0.7299270072992701,0.4126984126984127,0.30952380952380953,0.6190476190476191,0.6216216216216216,0.42857142857142855,0.2876712328767123,0.84
1022,10,0.2,5,0.05,0.4,sqrt,0.7563884156729132,0.7403147699757869,0.8252361673414305,0.6712403951701427,0.7883211678832117,0.4528301886792453,0.375,0.5714285714285714,0.6959459459459459,0.4578313253012048,0.3275862068965517,0.76
1023,10,0.2,5,0.05,0.4,log2,0.7853492333901193,0.7864406779661017,0.810244470314319,0.7639956092206367,0.7664233576642335,0.4482758620689655,0.35135135135135137,0.6190476190476191,0.6486486486486487,0.43478260869565216,0.29850746268656714,0.8
1024,10,0.2,5,0.05,0.5,sqrt,0.7552526973310619,0.7562217194570136,0.7800466744457409,0.7338090010976949,0.708029197080292,0.3548387096774194,0.2682926829268293,0.5238095238095238,0.5743243243243243,0.27586206896551724,0.1935483870967742,0.48
1025,10,0.2,5,0.05,0.5,log2,0.7617830777967064,0.7635953789799944,0.7845975680370585,0.743688254665203,0.7372262773722628,0.41935483870967744,0.3170731707317073,0.6190476190476191,0.6486486486486487,0.4222222222222222,0.2923076923076923,0.76
1026,10,0.2,5,0.05,0.6,sqrt,0.7771152754116979,0.7873205093470604,0.7774210807918673,0.7974753018660812,0.708029197080292,0.42857142857142855,0.30612244897959184,0.7142857142857143,0.5675675675675675,0.28888888888888886,0.2,0.52
1027,10,0.2,5,0.05,0.6,log2,0.7563884156729132,0.7659574468085106,0.7613882863340564,0.7705817782656421,0.6861313868613139,0.39436619718309857,0.28,0.6666666666666666,0.5472972972972973,0.27956989247311825,0.19117647058823528,0.52
1028,10,0.2,5,0.05,0.7,sqrt,0.7484383872799546,0.7454022988505747,0.7822677925211098,0.7118551042810098,0.7299270072992701,0.39344262295081966,0.3,0.5714285714285714,0.6013513513513513,0.40404040404040403,0.2702702702702703,0.8
1029,10,0.2,5,0.05,0.7,log2,0.7961385576377058,0.7957906712172924,0.8258559622195986,0.7678375411635565,0.7883211678832117,0.4727272727272727,0.38235294117647056,0.6190476190476191,0.6959459459459459,0.4578313253012048,0.3275862068965517,0.76
1030,10,0.2,5,0.1,0.3,sqrt,0.6445201590005678,0.6535694521306032,0.6590401785714286,0.6481888035126235,0.5912408759124088,0.2631578947368421,0.18181818181818182,0.47619047619047616,0.527027027027027,0.33962264150943394,0.2222222222222222,0.72
1031,10,0.2,5,0.1,0.3,log2,0.6445201590005678,0.6535694521306032,0.6590401785714286,0.6481888035126235,0.5912408759124088,0.2631578947368421,0.18181818181818182,0.47619047619047616,0.527027027027027,0.33962264150943394,0.2222222222222222,0.72
1032,10,0.2,5,0.1,0.4,sqrt,0.7603634298693924,0.782249742002064,0.7380720545277507,0.8320526893523601,0.6423357664233577,0.379746835443038,0.25862068965517243,0.7142857142857143,0.5675675675675675,0.4074074074074074,0.26506024096385544,0.88
1033,10,0.2,5,0.1,0.4,log2,0.6408290743895514,0.6492930413085667,0.6560224089635854,0.6427003293084522,0.5985401459854015,0.26666666666666666,0.18518518518518517,0.47619047619047616,0.4864864864864865,0.2549019607843137,0.16883116883116883,0.52
1034,10,0.2,5,0.1,0.5,sqrt,0.7243043725156161,0.7529890613075553,0.7017543859649122,0.8122941822173436,0.5985401459854015,0.35294117647058826,0.234375,0.7142857142857143,0.5405405405405406,0.39285714285714285,0.25287356321839083,0.88
1035,10,0.2,5,0.1,0.5,log2,0.7356615559341283,0.7623181005871841,0.7126491646778043,0.8194291986827662,0.6204379562043796,0.36585365853658536,0.2459016393442623,0.7142857142857143,0.5472972972972973,0.3963963963963964,0.2558139534883721,0.88
1036,10,0.2,5,0.1,0.6,sqrt,0.7555366269165247,0.7754889178617992,0.7386984600099354,0.8161361141602634,0.635036496350365,0.375,0.2542372881355932,0.7142857142857143,0.5472972972972973,0.33663366336633666,0.2236842105263158,0.68
1037,10,0.2,5,0.1,0.6,log2,0.7668938103350369,0.7653615318662474,0.7984496124031008,0.7349066959385291,0.7883211678832117,0.49122807017543857,0.3888888888888889,0.6666666666666666,0.6283783783783784,0.3956043956043956,0.2727272727272727,0.72
1038,10,0.2,5,0.1,0.7,sqrt,0.8137421919363997,0.823371028540657,0.8081395348837209,0.8391877058177827,0.7299270072992701,0.44776119402985076,0.32608695652173914,0.7142857142857143,0.6486486486486487,0.4222222222222222,0.2923076923076923,0.76
1039,10,0.2,5,0.1,0.7,log2,0.7853492333901193,0.8043478260869565,0.7610186092066601,0.8529088913282108,0.708029197080292,0.4594594594594595,0.32075471698113206,0.8095238095238095,0.6013513513513513,0.4158415841584158,0.27631578947368424,0.84
1040,10,0.2,6,0.05,0.3,sqrt,0.747870528109029,0.7468643101482326,0.7769869513641756,0.7189901207464325,0.7299270072992701,0.4307692307692308,0.3181818181818182,0.6666666666666666,0.668918918918919,0.4367816091954023,0.3064516129032258,0.76
1041,10,0.2,6,0.05,0.3,log2,0.727427597955707,0.726027397260274,0.7562425683709869,0.6981339187705817,0.708029197080292,0.4117647058823529,0.2978723404255319,0.6666666666666666,0.6621621621621622,0.45652173913043476,0.31343283582089554,0.84
1042,10,0.2,6,0.05,0.4,sqrt,0.7393526405451448,0.7357512953367875,0.7736077481840193,0.7014270032930845,0.7299270072992701,0.39344262295081966,0.3,0.5714285714285714,0.6216216216216216,0.4166666666666667,0.28169014084507044,0.8
1043,10,0.2,6,0.05,0.4,log2,0.7586598523566156,0.7615039281705949,0.7789896670493686,0.7447859495060373,0.7153284671532847,0.38095238095238093,0.2857142857142857,0.5714285714285714,0.6013513513513513,0.33707865168539325,0.234375,0.6
1044,10,0.2,6,0.05,0.5,sqrt,0.7455990914253265,0.7476056338028169,0.7679398148148148,0.7283205268935236,0.7226277372262774,0.40625,0.3023255813953488,0.6190476190476191,0.6216216216216216,0.40425531914893614,0.2753623188405797,0.76
1045,10,0.2,6,0.05,0.5,log2,0.7691652470187393,0.7623501900029231,0.815509693558474,0.7156970362239298,0.7737226277372263,0.41509433962264153,0.34375,0.5238095238095238,0.6216216216216216,0.3,0.21818181818181817,0.48
1046,10,0.2,6,0.05,0.6,sqrt,0.7864849517319704,0.7941981390257252,0.7920305676855895,0.796377607025247,0.708029197080292,0.4117647058823529,0.2978723404255319,0.6666666666666666,0.6418918918918919,0.43010752688172044,0.29411764705882354,0.8
1047,10,0.2,6,0.05,0.6,log2,0.7509937535491198,0.7527488018043417,0.7739130434782608,0.7327113062568605,0.7372262773722628,0.4375,0.32558139534883723,0.6666666666666666,0.581081081081081,0.3404255319148936,0.2318840579710145,0.64
1048,10,0.2,6,0.05,0.7,sqrt,0.7793867120954003,0.7875307629204266,0.784741144414169,0.7903402854006586,0.7372262773722628,0.4375,0.32558139534883723,0.6666666666666666,0.6351351351351351,0.4375,0.29577464788732394,0.84
1049,10,0.2,6,0.05,0.7,log2,0.7612152186257808,0.7686382393397524,0.770546056260342,0.7667398463227223,0.6861313868613139,0.37681159420289856,0.2708333333333333,0.6190476190476191,0.6216216216216216,0.4166666666666667,0.28169014084507044,0.8
1050,10,0.2,6,0.1,0.3,sqrt,0.6700738216922203,0.6864543982730706,0.6751592356687898,0.6981339187705817,0.5985401459854015,0.2857142857142857,0.19642857142857142,0.5238095238095238,0.527027027027027,0.33962264150943394,0.2222222222222222,0.72
1051,10,0.2,6,0.1,0.3,log2,0.6641113003975014,0.6768642447418738,0.6737357259380098,0.6800219538968166,0.5985401459854015,0.2857142857142857,0.19642857142857142,0.5238095238095238,0.5337837837837838,0.34285714285714286,0.225,0.72
1052,10,0.2,6,0.1,0.4,sqrt,0.7515616127200454,0.7846418902288949,0.711289602855868,0.8748627881448957,0.6131386861313869,0.39080459770114945,0.25757575757575757,0.8095238095238095,0.5202702702702703,0.3826086956521739,0.24444444444444444,0.88
1053,10,0.2,6,0.1,0.4,log2,0.7118114707552528,0.7522577495728582,0.6773626373626374,0.8457738748627881,0.5693430656934306,0.3218390804597701,0.21212121212121213,0.6666666666666666,0.5202702702702703,0.37168141592920356,0.23863636363636365,0.84
1054,10,0.2,6,0.1,0.5,sqrt,0.7632027257240205,0.7854938271604939,0.7391093901258471,0.8380900109769485,0.635036496350365,0.358974358974359,0.24561403508771928,0.6666666666666666,0.5,0.27450980392156865,0.18181818181818182,0.56
1055,10,0.2,6,0.1,0.5,log2,0.7407722884724588,0.7665558680644337,0.7175682144566778,0.822722283205269,0.6204379562043796,0.36585365853658536,0.2459016393442623,0.7142857142857143,0.5472972972972973,0.3853211009174312,0.25,0.84
1056,10,0.2,6,0.1,0.6,sqrt,0.7839295854628052,0.7944909532811234,0.7820308346624136,0.8073545554335895,0.7153284671532847,0.43478260869565216,0.3125,0.7142857142857143,0.6418918918918919,0.4421052631578947,0.3,0.84
1057,10,0.2,6,0.1,0.6,log2,0.7666098807495741,0.777114967462039,0.7679528403001071,0.7864983534577388,0.7007299270072993,0.4225352112676056,0.3,0.7142857142857143,0.5945945945945946,0.4117647058823529,0.2727272727272727,0.84
1058,10,0.2,6,0.1,0.7,sqrt,0.8015332197614992,0.8166797797010228,0.7820190858864892,0.8545554335894622,0.7299270072992701,0.44776119402985076,0.32608695652173914,0.7142857142857143,0.5743243243243243,0.29213483146067415,0.203125,0.52
1059,10,0.2,6,0.1,0.7,log2,0.8103350369108461,0.8245798319327731,0.7905337361530715,0.8616904500548848,0.7299270072992701,0.4307692307692308,0.3181818181818182,0.6666666666666666,0.5878378378378378,0.35789473684210527,0.24285714285714285,0.68
1060,10,0.2,7,0.05,0.3,sqrt,0.749290176036343,0.7557399723374827,0.7618516452872282,0.7497255762897914,0.6715328467153284,0.36619718309859156,0.26,0.6190476190476191,0.5743243243243243,0.27586206896551724,0.1935483870967742,0.48
1061,10,0.2,7,0.05,0.3,log2,0.7174900624645087,0.7380889707817847,0.7091552857865453,0.7694840834248079,0.5985401459854015,0.3373493975903614,0.22580645161290322,0.6666666666666666,0.5,0.24489795918367346,0.1643835616438356,0.48
1062,10,0.2,7,0.05,0.4,sqrt,0.7791027825099376,0.7877795962902346,0.7830802603036876,0.7925356750823271,0.7153284671532847,0.4,0.29545454545454547,0.6190476190476191,0.5675675675675675,0.2727272727272727,0.19047619047619047,0.48
1063,10,0.2,7,0.05,0.4,log2,0.7367972742759795,0.7573933525255169,0.7238619309654828,0.7941822173435785,0.6423357664233577,0.379746835443038,0.25862068965517243,0.7142857142857143,0.5743243243243243,0.411214953271028,0.2682926829268293,0.88
1064,10,0.2,7,0.05,0.5,sqrt,0.7495741056218058,0.7502831257078143,0.7748538011695907,0.7272228320526893,0.7007299270072993,0.3880597014925373,0.2826086956521739,0.6190476190476191,0.5743243243243243,0.29213483146067415,0.203125,0.52
1065,10,0.2,7,0.05,0.5,log2,0.7589437819420783,0.764493758668516,0.7728547392035895,0.756311745334797,0.7299270072992701,0.4126984126984127,0.30952380952380953,0.6190476190476191,0.6081081081081081,0.40816326530612246,0.273972602739726,0.8
1066,10,0.2,7,0.05,0.6,sqrt,0.772572402044293,0.7793996144312861,0.7822001105583195,0.7766190998902305,0.7299270072992701,0.44776119402985076,0.32608695652173914,0.7142857142857143,0.6351351351351351,0.4375,0.29577464788732394,0.84
1067,10,0.2,7,0.05,0.6,log2,0.8038046564452016,0.8142972319269014,0.7977883096366508,0.8315038419319429,0.7372262773722628,0.4375,0.32558139534883723,0.6666666666666666,0.6351351351351351,0.4375,0.29577464788732394,0.84
1068,10,0.2,7,0.05,0.7,sqrt,0.7847813742191937,0.7856334841628959,0.8103850641773629,0.7623490669593853,0.7372262773722628,0.41935483870967744,0.3170731707317073,0.6190476190476191,0.6554054054054054,0.43956043956043955,0.30303030303030304,0.8
1069,10,0.2,7,0.05,0.7,log2,0.7430437251561612,0.7460005613247264,0.7633543940264216,0.7294182217343579,0.6715328467153284,0.3283582089552239,0.2391304347826087,0.5238095238095238,0.6756756756756757,0.45454545454545453,0.31746031746031744,0.8
1070,10,0.2,7,0.1,0.3,sqrt,0.6445201590005678,0.6533776301218162,0.659217877094972,0.6476399560922064,0.5912408759124088,0.2631578947368421,0.18181818181818182,0.47619047619047616,0.527027027027027,0.33962264150943394,0.2222222222222222,0.72
1071,10,0.2,7,0.1,0.3,log2,0.6453719477569563,0.6541124342287455,0.660145332588038,0.6481888035126235,0.5912408759124088,0.2631578947368421,0.18181818181818182,0.47619047619047616,0.527027027027027,0.33962264150943394,0.2222222222222222,0.72
1072,10,0.2,7,0.1,0.4,sqrt,0.7049971607041454,0.7235967012503325,0.7021166752710377,0.7464324917672887,0.6204379562043796,0.35,0.23728813559322035,0.6666666666666666,0.4864864864864865,0.2692307692307692,0.17721518987341772,0.56
1073,10,0.2,7,0.1,0.4,log2,0.717206132879046,0.7331189710610932,0.7162303664921466,0.7508232711306256,0.6715328467153284,0.36619718309859156,0.26,0.6190476190476191,0.6148648648648649,0.41237113402061853,0.2777777777777778,0.8
1074,10,0.2,7,0.1,0.5,sqrt,0.7450312322544009,0.7583423035522067,0.7439281942977825,0.7733260153677278,0.7007299270072993,0.4057971014492754,0.2916666666666667,0.6666666666666666,0.5945945945945946,0.4230769230769231,0.27848101265822783,0.88
1075,10,0.2,7,0.1,0.5,log2,0.720045428733674,0.746268656716418,0.7025193798449613,0.7958287596048299,0.6277372262773723,0.3855421686746988,0.25806451612903225,0.7619047619047619,0.5337837837837838,0.3669724770642202,0.23809523809523808,0.8
1076,10,0.2,7,0.1,0.6,sqrt,0.7862010221465077,0.8039573027857329,0.7647350173353145,0.8474204171240395,0.6934306569343066,0.4,0.2857142857142857,0.6666666666666666,0.6081081081081081,0.40816326530612246,0.273972602739726,0.8
1077,10,0.2,7,0.1,0.6,log2,0.7862010221465077,0.7945429740791269,0.7900162778079218,0.7991218441273326,0.7664233576642335,0.4838709677419355,0.36585365853658536,0.7142857142857143,0.5743243243243243,0.3076923076923077,0.21212121212121213,0.56
1078,10,0.2,7,0.1,0.7,sqrt,0.7924474730266894,0.8042838018741634,0.785154208050183,0.8243688254665203,0.708029197080292,0.42857142857142855,0.30612244897959184,0.7142857142857143,0.6283783783783784,0.42105263157894735,0.2857142857142857,0.8
1079,10,0.2,7,0.1,0.7,log2,0.7842135150482681,0.7948164146868251,0.7821466524973433,0.8079034028540066,0.708029197080292,0.3939393939393939,0.28888888888888886,0.6190476190476191,0.6283783783783784,0.4329896907216495,0.2916666666666667,0.84
1080,10,0.2,8,0.05,0.3,sqrt,0.7646223736513345,0.7654879773691655,0.7898423817863398,0.7425905598243688,0.7518248175182481,0.45161290322580644,0.34146341463414637,0.6666666666666666,0.6351351351351351,0.34146341463414637,0.24561403508771928,0.56
1081,10,0.2,8,0.05,0.3,log2,0.7640545144804088,0.7725157404872708,0.770617149098853,0.774423710208562,0.6861313868613139,0.39436619718309857,0.28,0.6666666666666666,0.5945945945945946,0.4,0.26666666666666666,0.8
1082,10,0.2,8,0.05,0.4,sqrt,0.7688813174332766,0.7794037940379404,0.7698072805139187,0.7892425905598244,0.6934306569343066,0.4,0.2857142857142857,0.6666666666666666,0.6216216216216216,0.4166666666666667,0.28169014084507044,0.8
1083,10,0.2,8,0.05,0.4,log2,0.7444633730834753,0.7338852749852158,0.7955128205128205,0.681119648737651,0.781021897810219,0.4642857142857143,0.37142857142857144,0.6190476190476191,0.6486486486486487,0.3953488372093023,0.2786885245901639,0.68
1084,10,0.2,8,0.05,0.5,sqrt,0.7132311186825667,0.7473736868434218,0.6865808823529411,0.8199780461031834,0.5547445255474452,0.32967032967032966,0.21428571428571427,0.7142857142857143,0.5202702702702703,0.3826086956521739,0.24444444444444444,0.88
1085,10,0.2,8,0.05,0.5,log2,0.7788188529244747,0.7834306366416458,0.7938028169014084,0.7733260153677278,0.7518248175182481,0.45161290322580644,0.34146341463414637,0.6666666666666666,0.6486486486486487,0.4222222222222222,0.2923076923076923,0.76
1086,10,0.2,8,0.05,0.6,sqrt,0.7470187393526405,0.7419635099913119,0.7854077253218884,0.7030735455543359,0.7372262773722628,0.41935483870967744,0.3170731707317073,0.6190476190476191,0.6554054054054054,0.42696629213483145,0.296875,0.76
1087,10,0.2,8,0.05,0.6,log2,0.7600795002839296,0.7744862556712037,0.7537662337662338,0.796377607025247,0.6861313868613139,0.37681159420289856,0.2708333333333333,0.6190476190476191,0.5878378378378378,0.4077669902912621,0.2692307692307692,0.84
1088,10,0.2,8,0.05,0.7,sqrt,0.7538330494037478,0.7473039930049549,0.7967681789931634,0.703622392974753,0.7518248175182481,0.43333333333333335,0.3333333333333333,0.6190476190476191,0.6486486486486487,0.43478260869565216,0.29850746268656714,0.8
1089,10,0.2,8,0.05,0.7,log2,0.7819420783645656,0.7869034406215316,0.7957351290684624,0.7782656421514819,0.7372262773722628,0.41935483870967744,0.3170731707317073,0.6190476190476191,0.6148648648648649,0.41237113402061853,0.2777777777777778,0.8
1090,10,0.2,8,0.1,0.3,sqrt,0.6419647927314026,0.6484527460273208,0.6589235127478753,0.6383095499451152,0.6131386861313869,0.273972602739726,0.19230769230769232,0.47619047619047616,0.5202702702702703,0.3238095238095238,0.2125,0.68
1091,10,0.2,8,0.1,0.3,log2,0.7021578648495174,0.7304034952454382,0.6868052199130015,0.7799121844127332,0.5912408759124088,0.3333333333333333,0.2222222222222222,0.6666666666666666,0.6216216216216216,0.4166666666666667,0.28169014084507044,0.8
1092,10,0.2,8,0.1,0.4,sqrt,0.6448040885860307,0.6535585710329549,0.6595863610955841,0.6476399560922064,0.5912408759124088,0.2631578947368421,0.18181818181818182,0.47619047619047616,0.5337837837837838,0.34285714285714286,0.225,0.72
1093,10,0.2,8,0.1,0.4,log2,0.6431005110732538,0.64661231374754,0.6628242074927954,0.6311745334796927,0.5985401459854015,0.26666666666666666,0.18518518518518517,0.47619047619047616,0.4797297297297297,0.20618556701030927,0.1388888888888889,0.4
1094,10,0.2,8,0.1,0.5,sqrt,0.7586598523566156,0.753765932792584,0.798159509202454,0.7140504939626784,0.7445255474452555,0.38596491228070173,0.3055555555555556,0.5238095238095238,0.6418918918918919,0.3116883116883117,0.23076923076923078,0.48
1095,10,0.2,8,0.1,0.5,log2,0.7640545144804088,0.7863203908459758,0.7397194000967586,0.8391877058177827,0.6715328467153284,0.4155844155844156,0.2857142857142857,0.7619047619047619,0.5878378378378378,0.4077669902912621,0.2692307692307692,0.84
1096,10,0.2,8,0.1,0.6,sqrt,0.7694491766042022,0.7842720510095643,0.7600411946446962,0.8100987925356751,0.708029197080292,0.4594594594594595,0.32075471698113206,0.8095238095238095,0.6216216216216216,0.42857142857142855,0.2876712328767123,0.84
1097,10,0.2,8,0.1,0.6,log2,0.7558205565019875,0.7663043478260869,0.7588805166846071,0.7738748627881449,0.7372262773722628,0.4857142857142857,0.3469387755102041,0.8095238095238095,0.5945945945945946,0.4117647058823529,0.2727272727272727,0.84
1098,10,0.2,8,0.1,0.7,sqrt,0.7552526973310619,0.7511547344110855,0.792326431181486,0.7140504939626784,0.7226277372262774,0.36666666666666664,0.28205128205128205,0.5238095238095238,0.6486486486486487,0.43478260869565216,0.29850746268656714,0.8
1099,10,0.2,8,0.1,0.7,log2,0.7637705848949461,0.7736670293797606,0.7669902912621359,0.7804610318331504,0.7153284671532847,0.417910447761194,0.30434782608695654,0.6666666666666666,0.6148648648648649,0.41237113402061853,0.2777777777777778,0.8
1100,10,0.2,9,0.05,0.3,sqrt,0.727427597955707,0.7106690777576854,0.7881016042780749,0.6470911086717892,0.7664233576642335,0.42857142857142855,0.34285714285714286,0.5714285714285714,0.6621621621621622,0.32432432432432434,0.24489795918367346,0.48
1101,10,0.2,9,0.05,0.3,log2,0.6930721181147076,0.6505011315874556,0.7915027537372148,0.5521405049396267,0.7518248175182481,0.39285714285714285,0.3142857142857143,0.5238095238095238,0.722972972972973,0.4225352112676056,0.32608695652173914,0.6
1102,10,0.2,9,0.05,0.4,sqrt,0.7666098807495741,0.7768729641693811,0.7685284640171858,0.7854006586169044,0.7007299270072993,0.4057971014492754,0.2916666666666667,0.6666666666666666,0.6216216216216216,0.4166666666666667,0.28169014084507044,0.8
1103,10,0.2,9,0.05,0.4,log2,0.7563884156729132,0.7748031496062993,0.7424547283702213,0.8100987925356751,0.656934306569343,0.37333333333333335,0.25925925925925924,0.6666666666666666,0.5608108108108109,0.38095238095238093,0.25,0.8
1104,10,0.2,9,0.05,0.5,sqrt,0.7487223168654173,0.7633056967103503,0.7443922796035473,0.783205268935236,0.6642335766423357,0.3783783783783784,0.2641509433962264,0.6666666666666666,0.5945945945945946,0.4117647058823529,0.2727272727272727,0.84
1105,10,0.2,9,0.05,0.5,log2,0.7660420215786485,0.7708565072302559,0.7812852311161218,0.7607025246981339,0.7372262773722628,0.4375,0.32558139534883723,0.6666666666666666,0.6216216216216216,0.40425531914893614,0.2753623188405797,0.76
1106,10,0.2,9,0.05,0.6,sqrt,0.7583759227711527,0.7559506739317465,0.7915915915915915,0.7233809001097695,0.7518248175182481,0.41379310344827586,0.32432432432432434,0.5714285714285714,0.6418918918918919,0.4421052631578947,0.3,0.84
1107,10,0.2,9,0.05,0.6,log2,0.7691652470187393,0.7856577906670182,0.7559614408929477,0.8177826564215148,0.6934306569343066,0.4,0.2857142857142857,0.6666666666666666,0.5743243243243243,0.3883495145631068,0.2564102564102564,0.8
1108,10,0.2,9,0.05,0.7,sqrt,0.7640545144804088,0.7579376638508593,0.8075729360645562,0.7140504939626784,0.7445255474452555,0.4067796610169492,0.3157894736842105,0.5714285714285714,0.6418918918918919,0.43010752688172044,0.29411764705882354,0.8
1109,10,0.2,9,0.05,0.7,log2,0.7879045996592845,0.7840416305290546,0.8283445326817349,0.7442371020856202,0.7883211678832117,0.49122807017543857,0.3888888888888889,0.6666666666666666,0.6824324324324325,0.4470588235294118,0.31666666666666665,0.76
1110,10,0.2,9,0.1,0.3,sqrt,0.6459398069278819,0.6535148652403445,0.6617895329206528,0.6454445664105378,0.5985401459854015,0.26666666666666666,0.18518518518518517,0.47619047619047616,0.527027027027027,0.33962264150943394,0.2222222222222222,0.72
1111,10,0.2,9,0.1,0.3,log2,0.6448040885860307,0.652789342214821,0.6603032004491859,0.6454445664105378,0.583941605839416,0.24,0.16666666666666666,0.42857142857142855,0.527027027027027,0.33962264150943394,0.2222222222222222,0.72
1112,10,0.2,9,0.1,0.4,sqrt,0.6459398069278819,0.6542833379539784,0.6610644257703081,0.6476399560922064,0.6058394160583942,0.2702702702702703,0.18867924528301888,0.47619047619047616,0.527027027027027,0.33962264150943394,0.2222222222222222,0.72
1113,10,0.2,9,0.1,0.4,log2,0.6462237365133446,0.6556108347153123,0.6603563474387528,0.6509330406147091,0.5912408759124088,0.2631578947368421,0.18181818181818182,0.47619047619047616,0.527027027027027,0.33962264150943394,0.2222222222222222,0.72
1114,10,0.2,9,0.1,0.5,sqrt,0.6450880181714934,0.6539313399778516,0.6597765363128492,0.6481888035126235,0.5912408759124088,0.2631578947368421,0.18181818181818182,0.47619047619047616,0.527027027027027,0.33962264150943394,0.2222222222222222,0.72
1115,10,0.2,9,0.1,0.5,log2,0.7373651334469051,0.7586746673623793,0.7230233714569866,0.7980241492864983,0.635036496350365,0.358974358974359,0.24561403508771928,0.6666666666666666,0.5472972972972973,0.33663366336633666,0.2236842105263158,0.68
1116,10,0.2,9,0.1,0.6,sqrt,0.7734241908006815,0.8014925373134328,0.7329390354868062,0.8841931942919868,0.635036496350365,0.375,0.2542372881355932,0.7142857142857143,0.5743243243243243,0.4,0.2625,0.84
1117,10,0.2,9,0.1,0.6,log2,0.7643384440658717,0.78641276376737,0.7403100775193798,0.8386388583973655,0.6423357664233577,0.379746835443038,0.25862068965517243,0.7142857142857143,0.5472972972972973,0.27956989247311825,0.19117647058823528,0.52
1118,10,0.2,9,0.1,0.7,sqrt,0.7654741624077229,0.7813658020116464,0.754601226993865,0.8100987925356751,0.7153284671532847,0.4507042253521127,0.32,0.7619047619047619,0.6013513513513513,0.4158415841584158,0.27631578947368424,0.84
1119,10,0.2,9,0.1,0.7,log2,0.7674616695059625,0.7626774847870182,0.8078575813382444,0.7222832052689352,0.7664233576642335,0.4482758620689655,0.35135135135135137,0.6190476190476191,0.6486486486486487,0.4222222222222222,0.2923076923076923,0.76
1120,15,0.05,3,0.05,0.3,sqrt,0.7737081203861442,0.7813443072702332,0.7811300054854635,0.7815587266739846,0.7299270072992701,0.4307692307692308,0.3181818181818182,0.6666666666666666,0.6351351351351351,0.425531914893617,0.2898550724637681,0.8
1121,15,0.05,3,0.05,0.3,log2,0.8043725156161272,0.8118000546298826,0.8080478520935291,0.8155872667398463,0.7445255474452555,0.4444444444444444,0.3333333333333333,0.6666666666666666,0.581081081081081,0.29545454545454547,0.20634920634920634,0.52
1122,15,0.05,3,0.05,0.4,sqrt,0.7572402044293015,0.7542397240586375,0.791792395896198,0.7200878155872668,0.7445255474452555,0.4262295081967213,0.325,0.6190476190476191,0.6351351351351351,0.425531914893617,0.2898550724637681,0.8
1123,15,0.05,3,0.05,0.4,log2,0.8199886428165815,0.8332456601788533,0.8,0.8693743139407245,0.7226277372262774,0.4411764705882353,0.3191489361702128,0.7142857142857143,0.6216216216216216,0.4166666666666667,0.28169014084507044,0.8
1124,15,0.05,3,0.05,0.5,sqrt,0.8401476433844407,0.8493443938988493,0.8287206266318538,0.8710208562019759,0.781021897810219,0.5161290322580645,0.3902439024390244,0.7619047619047619,0.6486486486486487,0.43478260869565216,0.29850746268656714,0.8
1125,15,0.05,3,0.05,0.5,log2,0.7779670641680864,0.782051282051282,0.7944507361268404,0.7700329308452251,0.7372262773722628,0.41935483870967744,0.3170731707317073,0.6190476190476191,0.6486486486486487,0.4222222222222222,0.2923076923076923,0.76
1126,15,0.05,3,0.05,0.6,sqrt,0.8282226007950029,0.8323635356054309,0.8405148293228876,0.8243688254665203,0.8029197080291971,0.5263157894736842,0.4166666666666667,0.7142857142857143,0.668918918918919,0.4367816091954023,0.3064516129032258,0.76
1127,15,0.05,3,0.05,0.6,log2,0.752129471890971,0.7529012170959525,0.7773232028053769,0.7299670691547749,0.7518248175182481,0.45161290322580644,0.34146341463414637,0.6666666666666666,0.6216216216216216,0.4166666666666667,0.28169014084507044,0.8
1128,15,0.05,3,0.05,0.7,sqrt,0.7833617262918796,0.777615855435733,0.8290863890615289,0.7321624588364435,0.7883211678832117,0.43137254901960786,0.36666666666666664,0.5238095238095238,0.6554054054054054,0.3855421686746988,0.27586206896551724,0.64
1129,15,0.05,3,0.05,0.7,log2,0.7674616695059625,0.7570453871254821,0.8237572627501614,0.7003293084522503,0.8102189781021898,0.5,0.41935483870967744,0.6190476190476191,0.6891891891891891,0.4523809523809524,0.3220338983050847,0.76
1130,15,0.05,3,0.1,0.3,sqrt,0.6445201590005678,0.6535694521306032,0.6590401785714286,0.6481888035126235,0.5912408759124088,0.2631578947368421,0.18181818181818182,0.47619047619047616,0.527027027027027,0.33962264150943394,0.2222222222222222,0.72
1131,15,0.05,3,0.1,0.3,log2,0.6683702441794435,0.683982683982684,0.6744930629669157,0.6937431394072447,0.5985401459854015,0.2857142857142857,0.19642857142857142,0.5238095238095238,0.5337837837837838,0.35514018691588783,0.23170731707317074,0.76
1132,15,0.05,3,0.1,0.4,sqrt,0.7544009085746735,0.7661530143281968,0.7549280767181673,0.7777167947310648,0.6788321167883211,0.37142857142857144,0.2653061224489796,0.6190476190476191,0.5945945945945946,0.375,0.2535211267605634,0.72
1133,15,0.05,3,0.1,0.4,log2,0.6445201590005678,0.6533776301218162,0.659217877094972,0.6476399560922064,0.5912408759124088,0.2631578947368421,0.18181818181818182,0.47619047619047616,0.527027027027027,0.33962264150943394,0.2222222222222222,0.72
1134,15,0.05,3,0.1,0.5,sqrt,0.6703577512776832,0.6871463217461601,0.6749602964531498,0.6997804610318331,0.5912408759124088,0.3,0.2033898305084746,0.5714285714285714,0.5472972972972973,0.37383177570093457,0.24390243902439024,0.8
1135,15,0.05,3,0.1,0.5,log2,0.7651902328222601,0.7791722296395194,0.7587103484139366,0.8007683863885839,0.7007299270072993,0.4225352112676056,0.3,0.7142857142857143,0.6013513513513513,0.42718446601941745,0.28205128205128205,0.88
1136,15,0.05,3,0.1,0.6,sqrt,0.7646223736513345,0.7764896198436236,0.7631160572337043,0.7903402854006586,0.7007299270072993,0.3880597014925373,0.2826086956521739,0.6190476190476191,0.5743243243243243,0.35051546391752575,0.2361111111111111,0.68
1137,15,0.05,3,0.1,0.6,log2,0.7876206700738216,0.7941662080352229,0.7963576158940397,0.79198682766191,0.781021897810219,0.5161290322580645,0.3902439024390244,0.7619047619047619,0.6418918918918919,0.4421052631578947,0.3,0.84
1138,15,0.05,3,0.1,0.7,sqrt,0.7850653038046564,0.8037334716100596,0.7616707616707616,0.8507135016465422,0.6934306569343066,0.4166666666666667,0.29411764705882354,0.7142857142857143,0.5608108108108109,0.38095238095238093,0.25,0.8
1139,15,0.05,3,0.1,0.7,log2,0.769733106189665,0.7852793222133969,0.7585677749360614,0.813940724478595,0.6715328467153284,0.4,0.2777777777777778,0.7142857142857143,0.5878378378378378,0.4077669902912621,0.2692307692307692,0.84
1140,15,0.05,4,0.05,0.3,sqrt,0.7822260079500284,0.7866481223922114,0.7975183305132544,0.7760702524698134,0.7372262773722628,0.41935483870967744,0.3170731707317073,0.6190476190476191,0.6418918918918919,0.43010752688172044,0.29411764705882354,0.8
1141,15,0.05,4,0.05,0.3,log2,0.8063600227143668,0.8200527704485489,0.7896341463414634,0.8529088913282108,0.7007299270072993,0.4225352112676056,0.3,0.7142857142857143,0.581081081081081,0.32608695652173914,0.22388059701492538,0.6
1142,15,0.05,4,0.05,0.4,sqrt,0.7754116978989211,0.7842923370602672,0.7794037940379404,0.7892425905598244,0.7445255474452555,0.47761194029850745,0.34782608695652173,0.7619047619047619,0.6148648648648649,0.41237113402061853,0.2777777777777778,0.8
1143,15,0.05,4,0.05,0.4,log2,0.749290176036343,0.7442803359397625,0.7878602084610669,0.7052689352360044,0.7372262773722628,0.4,0.3076923076923077,0.5714285714285714,0.6013513513513513,0.2891566265060241,0.20689655172413793,0.48
1144,15,0.05,4,0.05,0.5,sqrt,0.8375922771152754,0.847953216374269,0.8221649484536082,0.8754116355653129,0.7445255474452555,0.46153846153846156,0.3409090909090909,0.7142857142857143,0.6756756756756757,0.4666666666666667,0.3230769230769231,0.84
1145,15,0.05,4,0.05,0.5,log2,0.7964224872231687,0.7975148263202485,0.8214077952297848,0.7749725576289791,0.781021897810219,0.4642857142857143,0.37142857142857144,0.6190476190476191,0.668918918918919,0.4367816091954023,0.3064516129032258,0.76
1146,15,0.05,4,0.05,0.6,sqrt,0.8055082339579784,0.805452996307867,0.8346085932901707,0.7782656421514819,0.7737226277372263,0.45614035087719296,0.3611111111111111,0.6190476190476191,0.6891891891891891,0.4523809523809524,0.3220338983050847,0.76
1147,15,0.05,4,0.05,0.6,log2,0.838160136286201,0.84375,0.8428258488499453,0.8446761800219539,0.8102189781021898,0.5357142857142857,0.42857142857142855,0.7142857142857143,0.6621621621621622,0.4318181818181818,0.30158730158730157,0.76
1148,15,0.05,4,0.05,0.7,sqrt,0.8001135718341851,0.8018018018018018,0.823121387283237,0.7815587266739846,0.7956204379562044,0.5,0.4,0.6666666666666666,0.668918918918919,0.4367816091954023,0.3064516129032258,0.76
1149,15,0.05,4,0.05,0.7,log2,0.8069278818852924,0.8052691867124857,0.8419161676646707,0.7716794731064764,0.7956204379562044,0.5,0.4,0.6666666666666666,0.6959459459459459,0.4578313253012048,0.3275862068965517,0.76
1150,15,0.05,4,0.1,0.3,sqrt,0.6450880181714934,0.6539313399778516,0.6597765363128492,0.6481888035126235,0.5912408759124088,0.2631578947368421,0.18181818181818182,0.47619047619047616,0.527027027027027,0.33962264150943394,0.2222222222222222,0.72
1151,15,0.05,4,0.1,0.3,log2,0.6445201590005678,0.6535694521306032,0.6590401785714286,0.6481888035126235,0.5912408759124088,0.2631578947368421,0.18181818181818182,0.47619047619047616,0.527027027027027,0.33962264150943394,0.2222222222222222,0.72
1152,15,0.05,4,0.1,0.4,sqrt,0.644236229415105,0.6530047078371642,0.6590273896031302,0.6470911086717892,0.5912408759124088,0.2631578947368421,0.18181818181818182,0.47619047619047616,0.5337837837837838,0.34285714285714286,0.225,0.72
1153,15,0.05,4,0.1,0.4,log2,0.760931289040318,0.757906843013226,0.7958937198067633,0.7233809001097695,0.7445255474452555,0.4067796610169492,0.3157894736842105,0.5714285714285714,0.7027027027027027,0.4883720930232558,0.3442622950819672,0.84
1154,15,0.05,4,0.1,0.5,sqrt,0.7296990346394094,0.7577608142493639,0.7063567362428842,0.8172338090010977,0.6131386861313869,0.3614457831325301,0.24193548387096775,0.7142857142857143,0.5135135135135135,0.32075471698113206,0.20987654320987653,0.68
1155,15,0.05,4,0.1,0.5,log2,0.7470187393526405,0.7688715953307393,0.7289719626168224,0.8133918770581778,0.635036496350365,0.3902439024390244,0.26229508196721313,0.7619047619047619,0.5608108108108109,0.4036697247706422,0.2619047619047619,0.88
1156,15,0.05,4,0.1,0.6,sqrt,0.7793867120954003,0.7874145006839945,0.7850518276050191,0.7897914379802415,0.7153284671532847,0.417910447761194,0.30434782608695654,0.6666666666666666,0.6216216216216216,0.4166666666666667,0.28169014084507044,0.8
1157,15,0.05,4,0.1,0.6,log2,0.7853492333901193,0.8081218274111676,0.7516525023607177,0.8737650933040615,0.6788321167883211,0.42105263157894735,0.2909090909090909,0.7619047619047619,0.581081081081081,0.40384615384615385,0.26582278481012656,0.84
1158,15,0.05,4,0.1,0.7,sqrt,0.7771152754116979,0.7852257181942545,0.7828696126568467,0.787596048298573,0.7226277372262774,0.40625,0.3023255813953488,0.6190476190476191,0.6283783783783784,0.4329896907216495,0.2916666666666667,0.84
1159,15,0.05,4,0.1,0.7,log2,0.7924474730266894,0.7942583732057417,0.8151357596764875,0.774423710208562,0.7737226277372263,0.4918032786885246,0.375,0.7142857142857143,0.6621621621621622,0.4186046511627907,0.29508196721311475,0.72
1160,15,0.05,5,0.05,0.3,sqrt,0.75809199318569,0.7633333333333333,0.7727784026996626,0.7541163556531284,0.7445255474452555,0.47761194029850745,0.34782608695652173,0.7619047619047619,0.6216216216216216,0.4166666666666667,0.28169014084507044,0.8
1161,15,0.05,5,0.05,0.3,log2,0.7637705848949461,0.7904282115869018,0.7304469273743017,0.8611416026344676,0.6423357664233577,0.3950617283950617,0.26666666666666666,0.7619047619047619,0.5540540540540541,0.3888888888888889,0.25301204819277107,0.84
1162,15,0.05,5,0.05,0.4,sqrt,0.8160136286201022,0.8273841236014917,0.8038302277432712,0.8523600439077936,0.6934306569343066,0.4166666666666667,0.29411764705882354,0.7142857142857143,0.6351351351351351,0.425531914893617,0.2898550724637681,0.8
1163,15,0.05,5,0.05,0.4,log2,0.8208404315729699,0.8313285217856188,0.8103178738926524,0.8534577387486278,0.7372262773722628,0.4375,0.32558139534883723,0.6666666666666666,0.6351351351351351,0.425531914893617,0.2898550724637681,0.8
1164,15,0.05,5,0.05,0.5,sqrt,0.8114707552526973,0.8227442605445809,0.8009355509355509,0.8457738748627881,0.7591240875912408,0.47619047619047616,0.35714285714285715,0.7142857142857143,0.6351351351351351,0.425531914893617,0.2898550724637681,0.8
1165,15,0.05,5,0.05,0.5,log2,0.8307779670641681,0.8421610169491526,0.8137154554759468,0.8726673984632273,0.7226277372262774,0.40625,0.3023255813953488,0.6190476190476191,0.6283783783783784,0.4329896907216495,0.2916666666666667,0.84
1166,15,0.05,5,0.05,0.6,sqrt,0.8225440090857468,0.8342614691063378,0.8070805541303232,0.8633369923161361,0.7445255474452555,0.46153846153846156,0.3409090909090909,0.7142857142857143,0.6081081081081081,0.3958333333333333,0.2676056338028169,0.76
1167,15,0.05,5,0.05,0.6,log2,0.8259511641113004,0.8365769128232471,0.8133748055987559,0.8611416026344676,0.7445255474452555,0.4262295081967213,0.325,0.6190476190476191,0.5945945945945946,0.3023255813953488,0.21311475409836064,0.52
1168,15,0.05,5,0.05,0.7,sqrt,0.807495741056218,0.8112472160356348,0.8231638418079096,0.7996706915477497,0.7591240875912408,0.4406779661016949,0.34210526315789475,0.6190476190476191,0.6621621621621622,0.4318181818181818,0.30158730158730157,0.76
1169,15,0.05,5,0.05,0.7,log2,0.8375922771152754,0.8452380952380952,0.8335112059765208,0.8572996706915478,0.781021897810219,0.5,0.38461538461538464,0.7142857142857143,0.668918918918919,0.449438202247191,0.3125,0.8
1170,15,0.05,5,0.1,0.3,sqrt,0.645655877342419,0.6533333333333333,0.6614173228346457,0.6454445664105378,0.5912408759124088,0.2631578947368421,0.18181818181818182,0.47619047619047616,0.527027027027027,0.33962264150943394,0.2222222222222222,0.72
1171,15,0.05,5,0.1,0.3,log2,0.653038046564452,0.6580861779518746,0.6712328767123288,0.6454445664105378,0.5985401459854015,0.2465753424657534,0.17307692307692307,0.42857142857142855,0.5202702702702703,0.3364485981308411,0.21951219512195122,0.72
1172,15,0.05,5,0.1,0.4,sqrt,0.6450880181714934,0.6539313399778516,0.6597765363128492,0.6481888035126235,0.5912408759124088,0.2631578947368421,0.18181818181818182,0.47619047619047616,0.527027027027027,0.33962264150943394,0.2222222222222222,0.72
1173,15,0.05,5,0.1,0.4,log2,0.7470187393526405,0.7599029911075182,0.7464266807834833,0.7738748627881449,0.6934306569343066,0.38235294117647056,0.2765957446808511,0.6190476190476191,0.5608108108108109,0.3010752688172043,0.20588235294117646,0.56
1174,15,0.05,5,0.1,0.5,sqrt,0.6448040885860307,0.6535585710329549,0.6595863610955841,0.6476399560922064,0.5912408759124088,0.2631578947368421,0.18181818181818182,0.47619047619047616,0.5337837837837838,0.34285714285714286,0.225,0.72
1175,15,0.05,5,0.1,0.5,log2,0.7359454855195912,0.7638395124428644,0.7107750472589792,0.8254665203073546,0.6131386861313869,0.3764705882352941,0.25,0.7619047619047619,0.5405405405405406,0.39285714285714285,0.25287356321839083,0.88
1176,15,0.05,5,0.1,0.6,sqrt,0.7825099375354913,0.7950775815944355,0.7755741127348643,0.8155872667398463,0.708029197080292,0.4117647058823529,0.2978723404255319,0.6666666666666666,0.6148648648648649,0.42424242424242425,0.28378378378378377,0.84
1177,15,0.05,5,0.1,0.6,log2,0.7688813174332766,0.7881311816762103,0.7495049504950495,0.8309549945115258,0.6496350364963503,0.3684210526315789,0.2545454545454545,0.6666666666666666,0.5945945945945946,0.4117647058823529,0.2727272727272727,0.84
1178,15,0.05,5,0.1,0.7,sqrt,0.7657580919931857,0.7751430907604252,0.7698971304818625,0.7804610318331504,0.7226277372262774,0.42424242424242425,0.3111111111111111,0.6666666666666666,0.6216216216216216,0.4166666666666667,0.28169014084507044,0.8
1179,15,0.05,5,0.1,0.7,log2,0.7773992049971608,0.7831858407079646,0.7892976588628763,0.7771679473106476,0.7445255474452555,0.4067796610169492,0.3157894736842105,0.5714285714285714,0.6148648648648649,0.42424242424242425,0.28378378378378377,0.84
1180,15,0.05,6,0.05,0.3,sqrt,0.7773992049971608,0.7827050997782705,0.7905935050391937,0.7749725576289791,0.7299270072992701,0.4126984126984127,0.30952380952380953,0.6190476190476191,0.5608108108108109,0.2857142857142857,0.19696969696969696,0.52
1181,15,0.05,6,0.05,0.3,log2,0.7541169789892107,0.7724645296899633,0.7409274193548387,0.8068057080131723,0.6715328467153284,0.4155844155844156,0.2857142857142857,0.7619047619047619,0.5743243243243243,0.3883495145631068,0.2564102564102564,0.8
1182,15,0.05,6,0.05,0.4,sqrt,0.8001135718341851,0.802247191011236,0.8216340621403913,0.7837541163556532,0.7518248175182481,0.45161290322580644,0.34146341463414637,0.6666666666666666,0.6418918918918919,0.4175824175824176,0.2878787878787879,0.76
1183,15,0.05,6,0.05,0.4,log2,0.7901760363429869,0.7914197008185154,0.8146426496223126,0.7694840834248079,0.7372262773722628,0.4,0.3076923076923077,0.5714285714285714,0.6621621621621622,0.4444444444444444,0.3076923076923077,0.8
1184,15,0.05,6,0.05,0.5,sqrt,0.8055082339579784,0.8065518215193448,0.8307155322862129,0.7837541163556532,0.8029197080291971,0.5263157894736842,0.4166666666666667,0.7142857142857143,0.6891891891891891,0.4523809523809524,0.3220338983050847,0.76
1185,15,0.05,6,0.05,0.5,log2,0.806076093128904,0.8230111427831044,0.7795778105056456,0.8715697036223929,0.635036496350365,0.358974358974359,0.24561403508771928,0.6666666666666666,0.5743243243243243,0.4,0.2625,0.84
1186,15,0.05,6,0.05,0.6,sqrt,0.7932992617830777,0.7984496124031008,0.8055865921787709,0.7914379802414928,0.7299270072992701,0.4307692307692308,0.3181818181818182,0.6666666666666666,0.6351351351351351,0.37209302325581395,0.26229508196721313,0.64
1187,15,0.05,6,0.05,0.6,log2,0.8208404315729699,0.8307857334406007,0.8122705820660724,0.8501646542261251,0.7372262773722628,0.45454545454545453,0.3333333333333333,0.7142857142857143,0.6486486486486487,0.43478260869565216,0.29850746268656714,0.8
1188,15,0.05,6,0.05,0.7,sqrt,0.8350369108461102,0.8413001912045889,0.8374116367591082,0.845225027442371,0.7737226277372263,0.4918032786885246,0.375,0.7142857142857143,0.6013513513513513,0.2891566265060241,0.20689655172413793,0.48
1189,15,0.05,6,0.05,0.7,log2,0.8160136286201022,0.8183856502242153,0.8361970217640321,0.8013172338090011,0.7883211678832117,0.4528301886792453,0.375,0.5714285714285714,0.6959459459459459,0.4578313253012048,0.3275862068965517,0.76
1190,15,0.05,6,0.1,0.3,sqrt,0.644236229415105,0.6531967893717132,0.6588498045784478,0.6476399560922064,0.5912408759124088,0.2631578947368421,0.18181818181818182,0.47619047619047616,0.527027027027027,0.33962264150943394,0.2222222222222222,0.72
1191,15,0.05,6,0.1,0.3,log2,0.6405451448040886,0.6502762430939226,0.6546162402669633,0.645993413830955,0.5912408759124088,0.2631578947368421,0.18181818181818182,0.47619047619047616,0.527027027027027,0.33962264150943394,0.2222222222222222,0.72
1192,15,0.05,6,0.1,0.4,sqrt,0.7436115843270868,0.7596486558424275,0.7374677002583979,0.783205268935236,0.656934306569343,0.3380281690140845,0.24,0.5714285714285714,0.6148648648648649,0.43564356435643564,0.2894736842105263,0.88
1193,15,0.05,6,0.1,0.4,log2,0.7802385008517888,0.7959936742224565,0.7657200811359026,0.8287596048298573,0.7007299270072993,0.3880597014925373,0.2826086956521739,0.6190476190476191,0.6959459459459459,0.4943820224719101,0.34375,0.88
1194,15,0.05,6,0.1,0.5,sqrt,0.7637705848949461,0.7808219178082192,0.7507598784194529,0.8133918770581778,0.6788321167883211,0.3888888888888889,0.27450980392156865,0.6666666666666666,0.5878378378378378,0.41904761904761906,0.275,0.88
1195,15,0.05,6,0.1,0.5,log2,0.6465076660988075,0.6546463245492372,0.6618059450364554,0.6476399560922064,0.5912408759124088,0.2631578947368421,0.18181818181818182,0.47619047619047616,0.5337837837837838,0.34285714285714286,0.225,0.72
1196,15,0.05,6,0.1,0.6,sqrt,0.7751277683134583,0.7858301784748513,0.7745202558635395,0.7974753018660812,0.7226277372262774,0.42424242424242425,0.3111111111111111,0.6666666666666666,0.6081081081081081,0.3958333333333333,0.2676056338028169,0.76
1197,15,0.05,6,0.1,0.6,log2,0.7921635434412265,0.8129790495656617,0.7605162523900574,0.8732162458836443,0.6642335766423357,0.41025641025641024,0.2807017543859649,0.7619047619047619,0.5405405405405406,0.32,0.21333333333333335,0.64
1198,15,0.05,6,0.1,0.7,sqrt,0.7524134014764339,0.7618787547788094,0.7581521739130435,0.7656421514818881,0.708029197080292,0.4117647058823529,0.2978723404255319,0.6666666666666666,0.5878378378378378,0.39603960396039606,0.2631578947368421,0.8
1199,15,0.05,6,0.1,0.7,log2,0.7844974446337308,0.7873353880638835,0.8042358328563252,0.7711306256860593,0.7591240875912408,0.4406779661016949,0.34210526315789475,0.6190476190476191,0.5878378378378378,0.26506024096385544,0.1896551724137931,0.44
1200,15,0.05,7,0.05,0.3,sqrt,0.7921635434412265,0.7955307262569833,0.8100113765642776,0.7815587266739846,0.7518248175182481,0.45161290322580644,0.34146341463414637,0.6666666666666666,0.6148648648648649,0.3448275862068966,0.24193548387096775,0.6
1201,15,0.05,7,0.05,0.3,log2,0.7887563884156729,0.7958287596048299,0.7958287596048299,0.7958287596048299,0.7445255474452555,0.46153846153846156,0.3409090909090909,0.7142857142857143,0.6148648648648649,0.41237113402061853,0.2777777777777778,0.8
1202,15,0.05,7,0.05,0.4,sqrt,0.8029528676888131,0.8142398286937902,0.7946708463949843,0.8347969264544457,0.7445255474452555,0.4444444444444444,0.3333333333333333,0.6666666666666666,0.6283783783783784,0.42105263157894735,0.2857142857142857,0.8
1203,15,0.05,7,0.05,0.4,log2,0.794434980124929,0.807855626326964,0.7821171634121274,0.8353457738748628,0.7226277372262774,0.40625,0.3023255813953488,0.6190476190476191,0.6216216216216216,0.42857142857142855,0.2876712328767123,0.84
1204,15,0.05,7,0.05,0.5,sqrt,0.7825099375354913,0.7947481243301179,0.7764397905759163,0.813940724478595,0.7226277372262774,0.4411764705882353,0.3191489361702128,0.7142857142857143,0.6283783783783784,0.4329896907216495,0.2916666666666667,0.84
1205,15,0.05,7,0.05,0.5,log2,0.8003975014196479,0.8057474440453164,0.8113522537562604,0.8002195389681669,0.7591240875912408,0.45901639344262296,0.35,0.6666666666666666,0.6891891891891891,0.4523809523809524,0.3220338983050847,0.76
1206,15,0.05,7,0.05,0.6,sqrt,0.8089153889835321,0.8216273522395972,0.7944643772424398,0.8507135016465422,0.7372262773722628,0.45454545454545453,0.3333333333333333,0.7142857142857143,0.6148648648648649,0.42424242424242425,0.28378378378378377,0.84
1207,15,0.05,7,0.05,0.6,log2,0.8117546848381602,0.8147527242246437,0.829823562891292,0.8002195389681669,0.7956204379562044,0.48148148148148145,0.3939393939393939,0.6190476190476191,0.668918918918919,0.4367816091954023,0.3064516129032258,0.76
1208,15,0.05,7,0.05,0.7,sqrt,0.8347529812606473,0.8394039735099338,0.844062153163152,0.8347969264544457,0.8102189781021898,0.5357142857142857,0.42857142857142855,0.7142857142857143,0.6486486486486487,0.4090909090909091,0.2857142857142857,0.72
1209,15,0.05,7,0.05,0.7,log2,0.8302101078932425,0.8379403794037941,0.8276231263383298,0.8485181119648738,0.7664233576642335,0.4666666666666667,0.358974358974359,0.6666666666666666,0.6486486486486487,0.4222222222222222,0.2923076923076923,0.76
1210,15,0.05,7,0.1,0.3,sqrt,0.6357183418512209,0.6407168860263232,0.6540880503144654,0.6278814489571899,0.5912408759124088,0.2631578947368421,0.18181818181818182,0.47619047619047616,0.46621621621621623,0.24761904761904763,0.1625,0.52
1211,15,0.05,7,0.1,0.3,log2,0.6445201590005678,0.6535694521306032,0.6590401785714286,0.6481888035126235,0.5912408759124088,0.2631578947368421,0.18181818181818182,0.47619047619047616,0.527027027027027,0.33962264150943394,0.2222222222222222,0.72
1212,15,0.05,7,0.1,0.4,sqrt,0.7688813174332766,0.7984150569588906,0.7274368231046932,0.884742041712404,0.6204379562043796,0.36585365853658536,0.2459016393442623,0.7142857142857143,0.5337837837837838,0.3783783783783784,0.2441860465116279,0.84
1213,15,0.05,7,0.1,0.4,log2,0.674900624645088,0.6889432219505569,0.6820871436256052,0.6959385290889133,0.6131386861313869,0.273972602739726,0.19230769230769232,0.47619047619047616,0.5337837837837838,0.35514018691588783,0.23170731707317074,0.76
1214,15,0.05,7,0.1,0.5,sqrt,0.7393526405451448,0.7654573326520184,0.7160611854684512,0.8221734357848518,0.6204379562043796,0.36585365853658536,0.2459016393442623,0.7142857142857143,0.5472972972972973,0.3963963963963964,0.2558139534883721,0.88
1215,15,0.05,7,0.1,0.5,log2,0.7773992049971608,0.7996934082779765,0.7480879541108987,0.8589462129527992,0.6642335766423357,0.41025641025641024,0.2807017543859649,0.7619047619047619,0.5743243243243243,0.4,0.2625,0.84
1216,15,0.05,7,0.1,0.6,sqrt,0.7731402612152186,0.7946543305062966,0.7472208796520058,0.8485181119648738,0.6642335766423357,0.39473684210526316,0.2727272727272727,0.7142857142857143,0.527027027027027,0.2708333333333333,0.18309859154929578,0.52
1217,15,0.05,7,0.1,0.6,log2,0.7788188529244747,0.8011233086545826,0.7489260143198091,0.8611416026344676,0.6423357664233577,0.36363636363636365,0.25,0.6666666666666666,0.5608108108108109,0.3925233644859813,0.25609756097560976,0.84
1218,15,0.05,7,0.1,0.7,sqrt,0.7788188529244747,0.776085081920092,0.8147254073627037,0.7409440175631175,0.7226277372262774,0.36666666666666664,0.28205128205128205,0.5238095238095238,0.6283783783783784,0.2857142857142857,0.21153846153846154,0.44
1219,15,0.05,7,0.1,0.7,log2,0.7810902896081772,0.7816482582837723,0.807489760093622,0.7574094401756312,0.7518248175182481,0.43333333333333335,0.3333333333333333,0.6190476190476191,0.6216216216216216,0.3488372093023256,0.2459016393442623,0.6
1220,15,0.05,8,0.05,0.3,sqrt,0.7932992617830777,0.8032432432432433,0.7912673056443025,0.8155872667398463,0.7226277372262774,0.42424242424242425,0.3111111111111111,0.6666666666666666,0.6351351351351351,0.4375,0.29577464788732394,0.84
1221,15,0.05,8,0.05,0.3,log2,0.7739920499716071,0.7910761154855643,0.7580482897384306,0.827113062568606,0.6861313868613139,0.39436619718309857,0.28,0.6666666666666666,0.5878378378378378,0.4077669902912621,0.2692307692307692,0.84
1222,15,0.05,8,0.05,0.4,sqrt,0.8094832481544577,0.8186976492839773,0.8062799361362427,0.8315038419319429,0.7372262773722628,0.4,0.3076923076923077,0.5714285714285714,0.6216216216216216,0.4166666666666667,0.28169014084507044,0.8
1223,15,0.05,8,0.05,0.4,log2,0.8245315161839863,0.8354632587859425,0.811271975180972,0.8611416026344676,0.7737226277372263,0.4918032786885246,0.375,0.7142857142857143,0.5540540540540541,0.25,0.1746031746031746,0.44
1224,15,0.05,8,0.05,0.5,sqrt,0.7927314026121521,0.7990088105726872,0.8016574585635359,0.796377607025247,0.7445255474452555,0.4444444444444444,0.3333333333333333,0.6666666666666666,0.5878378378378378,0.3146067415730337,0.21875,0.56
1225,15,0.05,8,0.05,0.5,log2,0.8185689948892675,0.836027713625866,0.7850602409638554,0.894072447859495,0.7299270072992701,0.4788732394366197,0.34,0.8095238095238095,0.6013513513513513,0.42718446601941745,0.28205128205128205,0.88
1226,15,0.05,8,0.05,0.6,sqrt,0.794434980124929,0.7974258533855624,0.8133561643835616,0.7821075740944018,0.7591240875912408,0.42105263157894735,0.3333333333333333,0.5714285714285714,0.6959459459459459,0.4578313253012048,0.3275862068965517,0.76
1227,15,0.05,8,0.05,0.6,log2,0.7967064168086314,0.8025372311086597,0.8065410199556541,0.7985729967069155,0.7664233576642335,0.5,0.37209302325581395,0.7619047619047619,0.6351351351351351,0.41304347826086957,0.2835820895522388,0.76
1228,15,0.05,8,0.05,0.7,sqrt,0.8097671777399205,0.8174386920980926,0.8116883116883117,0.823271130625686,0.7518248175182481,0.43333333333333335,0.3333333333333333,0.6190476190476191,0.6283783783783784,0.42105263157894735,0.2857142857142857,0.8
1229,15,0.05,8,0.05,0.7,log2,0.8435547984099944,0.8519215264713786,0.8346498156924698,0.8699231613611416,0.7664233576642335,0.4666666666666667,0.358974358974359,0.6666666666666666,0.6216216216216216,0.3488372093023256,0.2459016393442623,0.6
1230,15,0.05,8,0.1,0.3,sqrt,0.6984667802385008,0.7063053097345132,0.7118171683389075,0.7008781558726674,0.6642335766423357,0.30303030303030304,0.2222222222222222,0.47619047619047616,0.6351351351351351,0.41304347826086957,0.2835820895522388,0.76
1231,15,0.05,8,0.1,0.3,log2,0.644236229415105,0.6449419098894871,0.6666666666666666,0.6245883644346871,0.6277372262773723,0.23880597014925373,0.17391304347826086,0.38095238095238093,0.5675675675675675,0.36,0.24,0.72
1232,15,0.05,8,0.1,0.4,sqrt,0.6445201590005678,0.6533776301218162,0.659217877094972,0.6476399560922064,0.5912408759124088,0.2631578947368421,0.18181818181818182,0.47619047619047616,0.5337837837837838,0.34285714285714286,0.225,0.72
1233,15,0.05,8,0.1,0.4,log2,0.6785917092561045,0.6782262649232519,0.7034198113207547,0.654774972557629,0.635036496350365,0.2647058823529412,0.19148936170212766,0.42857142857142855,0.5540540540540541,0.26666666666666666,0.18461538461538463,0.48
1234,15,0.05,8,0.1,0.5,sqrt,0.6467915956842702,0.6550194120909595,0.6619955156950673,0.6481888035126235,0.5912408759124088,0.2631578947368421,0.18181818181818182,0.47619047619047616,0.527027027027027,0.33962264150943394,0.2222222222222222,0.72
1235,15,0.05,8,0.1,0.5,log2,0.6601362862010222,0.6634804610626933,0.6801152737752162,0.6476399560922064,0.635036496350365,0.2857142857142857,0.20408163265306123,0.47619047619047616,0.5540540540540541,0.35294117647058826,0.23376623376623376,0.72
1236,15,0.05,8,0.1,0.6,sqrt,0.8080636002271436,0.8234064785788924,0.7856430707876371,0.8649835345773875,0.7153284671532847,0.43478260869565216,0.3125,0.7142857142857143,0.6013513513513513,0.40404040404040403,0.2702702702702703,0.8
1237,15,0.05,8,0.1,0.6,log2,0.7822260079500284,0.8010376134889754,0.7594687653713723,0.8474204171240395,0.6715328467153284,0.43037974683544306,0.29310344827586204,0.8095238095238095,0.5675675675675675,0.3469387755102041,0.2328767123287671,0.68
1238,15,0.05,8,0.1,0.7,sqrt,0.7759795570698467,0.7802840434419381,0.7919728660260034,0.7689352360043907,0.7372262773722628,0.41935483870967744,0.3170731707317073,0.6190476190476191,0.6013513513513513,0.3655913978494624,0.25,0.68
1239,15,0.05,8,0.1,0.7,log2,0.7924474730266894,0.7914407988587732,0.8241235888294712,0.7612513721185511,0.7664233576642335,0.42857142857142855,0.34285714285714286,0.5714285714285714,0.6554054054054054,0.42696629213483145,0.296875,0.76
1240,15,0.05,9,0.05,0.3,sqrt,0.8018171493469619,0.8219387755102041,0.7678741658722593,0.8841931942919868,0.7153284671532847,0.4507042253521127,0.32,0.7619047619047619,0.5945945945945946,0.4117647058823529,0.2727272727272727,0.84
1241,15,0.05,9,0.05,0.3,log2,0.7671777399204998,0.7645031591039633,0.8018072289156627,0.7305159165751921,0.7445255474452555,0.4067796610169492,0.3157894736842105,0.5714285714285714,0.581081081081081,0.27906976744186046,0.19672131147540983,0.48
1242,15,0.05,9,0.05,0.4,sqrt,0.7884724588302101,0.7948223629854034,0.7976782752902156,0.79198682766191,0.7591240875912408,0.45901639344262296,0.35,0.6666666666666666,0.6351351351351351,0.425531914893617,0.2898550724637681,0.8
1243,15,0.05,9,0.05,0.4,log2,0.8123225440090858,0.8223595807578608,0.8056872037914692,0.8397365532381997,0.7445255474452555,0.4444444444444444,0.3333333333333333,0.6666666666666666,0.6283783783783784,0.42105263157894735,0.2857142857142857,0.8
1244,15,0.05,9,0.05,0.5,sqrt,0.7825099375354913,0.7899067471201316,0.7894736842105263,0.7903402854006586,0.708029197080292,0.375,0.27906976744186046,0.5714285714285714,0.6418918918918919,0.43010752688172044,0.29411764705882354,0.8
1245,15,0.05,9,0.05,0.5,log2,0.7862010221465077,0.7923904052936311,0.7961218836565097,0.7886937431394072,0.7445255474452555,0.4444444444444444,0.3333333333333333,0.6666666666666666,0.6486486486486487,0.43478260869565216,0.29850746268656714,0.8
1246,15,0.05,9,0.05,0.6,sqrt,0.8398637137989778,0.8508725542041248,0.8209183673469388,0.8830954994511526,0.7591240875912408,0.49230769230769234,0.36363636363636365,0.7619047619047619,0.6418918918918919,0.4421052631578947,0.3,0.84
1247,15,0.05,9,0.05,0.6,log2,0.8296422487223168,0.834983498349835,0.836824696802646,0.8331503841931943,0.7883211678832117,0.4727272727272727,0.38235294117647056,0.6190476190476191,0.6013513513513513,0.2891566265060241,0.20689655172413793,0.48
1248,15,0.05,9,0.05,0.7,sqrt,0.8268029528676888,0.8356681034482759,0.8206349206349206,0.8512623490669594,0.7591240875912408,0.49230769230769234,0.36363636363636365,0.7619047619047619,0.668918918918919,0.4367816091954023,0.3064516129032258,0.76
1249,15,0.05,9,0.05,0.7,log2,0.8216922203293583,0.8285090114691426,0.8244565217391304,0.8326015367727772,0.7956204379562044,0.5172413793103449,0.40540540540540543,0.7142857142857143,0.668918918918919,0.4367816091954023,0.3064516129032258,0.76
1250,15,0.05,9,0.1,0.3,sqrt,0.6465076660988075,0.6548378153590241,0.661624649859944,0.6481888035126235,0.5912408759124088,0.2631578947368421,0.18181818181818182,0.47619047619047616,0.527027027027027,0.33962264150943394,0.2222222222222222,0.72
1251,15,0.05,9,0.1,0.3,log2,0.644236229415105,0.6530047078371642,0.6590273896031302,0.6470911086717892,0.583941605839416,0.2597402597402597,0.17857142857142858,0.47619047619047616,0.5202702702702703,0.3364485981308411,0.21951219512195122,0.72
1252,15,0.05,9,0.1,0.4,sqrt,0.6465076660988075,0.6548378153590241,0.661624649859944,0.6481888035126235,0.5912408759124088,0.2631578947368421,0.18181818181818182,0.47619047619047616,0.527027027027027,0.33962264150943394,0.2222222222222222,0.72
1253,15,0.05,9,0.1,0.4,log2,0.6507666098807495,0.6564245810055865,0.6683731513083049,0.6448957189901208,0.6058394160583942,0.2702702702702703,0.18867924528301888,0.47619047619047616,0.5405405405405406,0.34615384615384615,0.22784810126582278,0.72
1254,15,0.05,9,0.1,0.5,sqrt,0.6453719477569563,0.6539207536713771,0.6603245663122552,0.6476399560922064,0.5912408759124088,0.2631578947368421,0.18181818181818182,0.47619047619047616,0.527027027027027,0.33962264150943394,0.2222222222222222,0.72
1255,15,0.05,9,0.1,0.5,log2,0.7370812038614424,0.7614631633178773,0.7174757281553398,0.8111964873765093,0.6423357664233577,0.3950617283950617,0.26666666666666666,0.7619047619047619,0.5405405405405406,0.3333333333333333,0.22077922077922077,0.68
1256,15,0.05,9,0.1,0.6,sqrt,0.7850653038046564,0.7991509684266384,0.773497688751926,0.8265642151481888,0.7007299270072993,0.4057971014492754,0.2916666666666667,0.6666666666666666,0.6148648648648649,0.42424242424242425,0.28378378378378377,0.84
1257,15,0.05,9,0.1,0.6,log2,0.7859170925610448,0.8009503695881732,0.771617497456765,0.8326015367727772,0.7153284671532847,0.4507042253521127,0.32,0.7619047619047619,0.5675675675675675,0.36,0.24,0.72
1258,15,0.05,9,0.1,0.7,sqrt,0.7776831345826235,0.7821974965229486,0.7930062041737168,0.7716794731064764,0.7372262773722628,0.41935483870967744,0.3170731707317073,0.6190476190476191,0.6283783783783784,0.42105263157894735,0.2857142857142857,0.8
1259,15,0.05,9,0.1,0.7,log2,0.7796706416808632,0.7903835764451648,0.7781914893617021,0.8029637760702525,0.6715328467153284,0.34782608695652173,0.25,0.5714285714285714,0.6216216216216216,0.4166666666666667,0.28169014084507044,0.8
1260,15,0.1,3,0.05,0.3,sqrt,0.7913117546848382,0.8038430744595677,0.7823376623376623,0.8265642151481888,0.708029197080292,0.3939393939393939,0.28888888888888886,0.6190476190476191,0.6351351351351351,0.425531914893617,0.2898550724637681,0.8
1261,15,0.1,3,0.05,0.3,log2,0.807495741056218,0.8112472160356348,0.8231638418079096,0.7996706915477497,0.781021897810219,0.4827586206896552,0.3783783783783784,0.6666666666666666,0.6554054054054054,0.42696629213483145,0.296875,0.76
1262,15,0.1,3,0.05,0.4,sqrt,0.8131743327654741,0.8159955257270693,0.8318129988597491,0.8007683863885839,0.7883211678832117,0.5245901639344263,0.4,0.7619047619047619,0.6621621621621622,0.4318181818181818,0.30158730158730157,0.76
1263,15,0.1,3,0.05,0.4,log2,0.7913117546848382,0.8014050256687382,0.7892496008515167,0.813940724478595,0.6861313868613139,0.37681159420289856,0.2708333333333333,0.6190476190476191,0.6216216216216216,0.42857142857142855,0.2876712328767123,0.84
1264,15,0.1,3,0.05,0.5,sqrt,0.7808063600227144,0.7786697247706422,0.8151260504201681,0.7453347969264544,0.7883211678832117,0.49122807017543857,0.3888888888888889,0.6666666666666666,0.668918918918919,0.4367816091954023,0.3064516129032258,0.76
1265,15,0.1,3,0.05,0.5,log2,0.7927314026121521,0.7927314026121521,0.8211764705882353,0.7661909989023051,0.781021897810219,0.4642857142857143,0.37142857142857144,0.6190476190476191,0.6756756756756757,0.4418604651162791,0.3114754098360656,0.76
1266,15,0.1,3,0.05,0.6,sqrt,0.8242475865985236,0.8292413793103448,0.8336106489184693,0.8249176728869374,0.7883211678832117,0.5084745762711864,0.39473684210526316,0.7142857142857143,0.6418918918918919,0.43010752688172044,0.29411764705882354,0.8
1267,15,0.1,3,0.05,0.6,log2,0.7952867688813174,0.8006635333149018,0.8066852367688022,0.7947310647639956,0.7591240875912408,0.45901639344262296,0.35,0.6666666666666666,0.6418918918918919,0.43010752688172044,0.29411764705882354,0.8
1268,15,0.1,3,0.05,0.7,sqrt,0.8069278818852924,0.806157354618016,0.8386714116251482,0.7760702524698134,0.8029197080291971,0.5263157894736842,0.4166666666666667,0.7142857142857143,0.6959459459459459,0.47058823529411764,0.3333333333333333,0.8
1269,15,0.1,3,0.05,0.7,log2,0.8001135718341851,0.7988571428571428,0.833134684147795,0.7672886937431395,0.7883211678832117,0.4727272727272727,0.38235294117647056,0.6190476190476191,0.6959459459459459,0.4444444444444444,0.32142857142857145,0.72
1270,15,0.1,3,0.1,0.3,sqrt,0.645655877342419,0.6542936288088642,0.6605145413870246,0.6481888035126235,0.5912408759124088,0.2631578947368421,0.18181818181818182,0.47619047619047616,0.527027027027027,0.33962264150943394,0.2222222222222222,0.72
1271,15,0.1,3,0.1,0.3,log2,0.6448040885860307,0.6537503459728757,0.6594081518704634,0.6481888035126235,0.5912408759124088,0.2631578947368421,0.18181818181818182,0.47619047619047616,0.527027027027027,0.33962264150943394,0.2222222222222222,0.72
1272,15,0.1,3,0.1,0.4,sqrt,0.7191936399772856,0.7304442627418916,0.7255008121277747,0.7354555433589463,0.656934306569343,0.3188405797101449,0.22916666666666666,0.5238095238095238,0.5540540540540541,0.2826086956521739,0.19402985074626866,0.52
1273,15,0.1,3,0.1,0.4,log2,0.7731402612152186,0.7915470910513958,0.7543510691198408,0.8326015367727772,0.6496350364963503,0.35135135135135137,0.24528301886792453,0.6190476190476191,0.5405405405405406,0.2916666666666667,0.19718309859154928,0.56
1274,15,0.1,3,0.1,0.5,sqrt,0.7668938103350369,0.787029831387808,0.7461878996556812,0.8326015367727772,0.6715328467153284,0.3835616438356164,0.2692307692307692,0.6666666666666666,0.5945945945945946,0.4230769230769231,0.27848101265822783,0.88
1275,15,0.1,3,0.1,0.5,log2,0.7035775127768313,0.721004810261892,0.7026041666666667,0.7403951701427003,0.6204379562043796,0.3333333333333333,0.22807017543859648,0.6190476190476191,0.5540540540540541,0.3888888888888889,0.25301204819277107,0.84
1276,15,0.1,3,0.1,0.6,sqrt,0.7981260647359455,0.804723976929415,0.8053875755909841,0.8040614709110867,0.7591240875912408,0.45901639344262296,0.35,0.6666666666666666,0.6418918918918919,0.4421052631578947,0.3,0.84
1277,15,0.1,3,0.1,0.6,log2,0.7583759227711527,0.7849380844073793,0.7274004683840749,0.8523600439077936,0.6496350364963503,0.42857142857142855,0.2857142857142857,0.8571428571428571,0.581081081081081,0.40384615384615385,0.26582278481012656,0.84
1278,15,0.1,3,0.1,0.7,sqrt,0.8029528676888131,0.8203933747412008,0.7761998041136141,0.8699231613611416,0.7007299270072993,0.4057971014492754,0.2916666666666667,0.6666666666666666,0.581081081081081,0.3111111111111111,0.2153846153846154,0.56
1279,15,0.1,3,0.1,0.7,log2,0.8023850085178875,0.8169384534455549,0.7843434343434343,0.8523600439077936,0.708029197080292,0.4117647058823529,0.2978723404255319,0.6666666666666666,0.6418918918918919,0.43010752688172044,0.29411764705882354,0.8
1280,15,0.1,4,0.05,0.3,sqrt,0.7808063600227144,0.7866224433388612,0.7923162583518931,0.7810098792535675,0.7518248175182481,0.48484848484848486,0.35555555555555557,0.7619047619047619,0.6081081081081081,0.40816326530612246,0.273972602739726,0.8
1281,15,0.1,4,0.05,0.3,log2,0.7646223736513345,0.783381238568069,0.7476309226932668,0.822722283205269,0.6934306569343066,0.43243243243243246,0.3018867924528302,0.7619047619047619,0.5878378378378378,0.4077669902912621,0.2692307692307692,0.84
1282,15,0.1,4,0.05,0.4,sqrt,0.769733106189665,0.7732736930388594,0.788034188034188,0.7590559824368825,0.7591240875912408,0.45901639344262296,0.35,0.6666666666666666,0.6283783783783784,0.42105263157894735,0.2857142857142857,0.8
1283,15,0.1,4,0.05,0.4,log2,0.7739920499716071,0.7835780315388798,0.7764008620689655,0.7908891328210758,0.7299270072992701,0.44776119402985076,0.32608695652173914,0.7142857142857143,0.6216216216216216,0.4166666666666667,0.28169014084507044,0.8
1284,15,0.1,4,0.05,0.5,sqrt,0.7901760363429869,0.7878265862761987,0.8260084286574353,0.7530186608122942,0.8102189781021898,0.5185185185185185,0.42424242424242425,0.6666666666666666,0.6554054054054054,0.42696629213483145,0.296875,0.76
1285,15,0.1,4,0.05,0.5,log2,0.8222600795002839,0.8344791115811739,0.8051020408163265,0.8660812294182217,0.7591240875912408,0.49230769230769234,0.36363636363636365,0.7619047619047619,0.6351351351351351,0.425531914893617,0.2898550724637681,0.8
1286,15,0.1,4,0.05,0.6,sqrt,0.7887563884156729,0.7871853546910755,0.8219832735961768,0.7552140504939627,0.8029197080291971,0.509090909090909,0.4117647058823529,0.6666666666666666,0.6621621621621622,0.4318181818181818,0.30158730158730157,0.76
1287,15,0.1,4,0.05,0.6,log2,0.8143100511073254,0.817011751538892,0.8333333333333334,0.8013172338090011,0.8102189781021898,0.5,0.41935483870967744,0.6190476190476191,0.6824324324324325,0.4470588235294118,0.31666666666666665,0.76
1288,15,0.1,4,0.05,0.7,sqrt,0.8327654741624078,0.8428075793968508,0.8202597402597402,0.8666300768386389,0.7153284671532847,0.417910447761194,0.30434782608695654,0.6666666666666666,0.6486486486486487,0.4222222222222222,0.2923076923076923,0.76
1289,15,0.1,4,0.05,0.7,log2,0.8009653605905735,0.8074704751441911,0.8081363386476086,0.8068057080131723,0.7518248175182481,0.45161290322580644,0.34146341463414637,0.6666666666666666,0.6148648648648649,0.4,0.2714285714285714,0.76
1290,15,0.1,4,0.1,0.3,sqrt,0.6448040885860307,0.6537503459728757,0.6594081518704634,0.6481888035126235,0.5912408759124088,0.2631578947368421,0.18181818181818182,0.47619047619047616,0.527027027027027,0.33962264150943394,0.2222222222222222,0.72
1291,15,0.1,4,0.1,0.3,log2,0.6450880181714934,0.6539313399778516,0.6597765363128492,0.6481888035126235,0.583941605839416,0.2597402597402597,0.17857142857142858,0.47619047619047616,0.527027027027027,0.33962264150943394,0.2222222222222222,0.72
1292,15,0.1,4,0.1,0.4,sqrt,0.686541737649063,0.6933333333333334,0.7019122609673791,0.6849615806805708,0.6277372262773723,0.28169014084507044,0.2,0.47619047619047616,0.5540540540540541,0.36538461538461536,0.24050632911392406,0.76
1293,15,0.1,4,0.1,0.4,log2,0.7135150482680296,0.7382619974059663,0.6999508116084604,0.7810098792535675,0.6058394160583942,0.34146341463414637,0.22950819672131148,0.6666666666666666,0.5540540540540541,0.4,0.25882352941176473,0.88
1294,15,0.1,4,0.1,0.5,sqrt,0.768313458262351,0.7877211238293444,0.7487636003956478,0.8309549945115258,0.656934306569343,0.4050632911392405,0.27586206896551724,0.7619047619047619,0.5743243243243243,0.411214953271028,0.2682926829268293,0.88
1295,15,0.1,4,0.1,0.5,log2,0.7081203861442362,0.7336787564766839,0.6947988223748773,0.7771679473106476,0.6058394160583942,0.34146341463414637,0.22950819672131148,0.6666666666666666,0.5540540540540541,0.4,0.25882352941176473,0.88
1296,15,0.1,4,0.1,0.6,sqrt,0.7694491766042022,0.7916880451513597,0.7432562620423893,0.8468715697036224,0.6715328467153284,0.3835616438356164,0.2692307692307692,0.6666666666666666,0.5878378378378378,0.4077669902912621,0.2692307692307692,0.84
1297,15,0.1,4,0.1,0.6,log2,0.7765474162407723,0.7832553015698155,0.7860696517412935,0.7804610318331504,0.7372262773722628,0.4375,0.32558139534883723,0.6666666666666666,0.5878378378378378,0.34408602150537637,0.23529411764705882,0.64
1298,15,0.1,4,0.1,0.7,sqrt,0.7745599091425327,0.7945134575569358,0.7517140058765915,0.8424807903402854,0.708029197080292,0.4444444444444444,0.3137254901960784,0.7619047619047619,0.5945945945945946,0.4117647058823529,0.2727272727272727,0.84
1299,15,0.1,4,0.1,0.7,log2,0.7822260079500284,0.7852142257070849,0.801600914808462,0.7694840834248079,0.7445255474452555,0.4067796610169492,0.3157894736842105,0.5714285714285714,0.5878378378378378,0.2988505747126437,0.20967741935483872,0.52
1300,15,0.1,5,0.05,0.3,sqrt,0.7714366837024418,0.7827260458839406,0.7700477960701009,0.7958287596048299,0.7226277372262774,0.4411764705882353,0.3191489361702128,0.7142857142857143,0.6081081081081081,0.40816326530612246,0.273972602739726,0.8
1301,15,0.1,5,0.05,0.3,log2,0.7461669505962522,0.7487352445193929,0.7672811059907834,0.7310647639956093,0.7153284671532847,0.417910447761194,0.30434782608695654,0.6666666666666666,0.6148648648648649,0.41237113402061853,0.2777777777777778,0.8
1302,15,0.1,5,0.05,0.4,sqrt,0.7981260647359455,0.8096385542168675,0.7903815995818086,0.8298572996706916,0.7299270072992701,0.4307692307692308,0.3181818181818182,0.6666666666666666,0.5675675675675675,0.28888888888888886,0.2,0.52
1303,15,0.1,5,0.05,0.4,log2,0.8145939806927882,0.8273856727464974,0.7980622131565528,0.8589462129527992,0.7518248175182481,0.46875,0.3488372093023256,0.7142857142857143,0.6148648648648649,0.42424242424242425,0.28378378378378377,0.84
1304,15,0.1,5,0.05,0.5,sqrt,0.8057921635434412,0.8152350081037277,0.8026595744680851,0.8282107574094402,0.7591240875912408,0.47619047619047616,0.35714285714285715,0.7142857142857143,0.6283783783783784,0.42105263157894735,0.2857142857142857,0.8
1305,15,0.1,5,0.05,0.5,log2,0.8100511073253833,0.8167625308134757,0.815199562602515,0.818331503841932,0.7591240875912408,0.49230769230769234,0.36363636363636365,0.7619047619047619,0.668918918918919,0.449438202247191,0.3125,0.8
1306,15,0.1,5,0.05,0.6,sqrt,0.8392958546280522,0.8475215517241379,0.8322751322751323,0.8633369923161361,0.8029197080291971,0.5423728813559322,0.42105263157894735,0.7619047619047619,0.6283783783783784,0.35294117647058826,0.25,0.6
1307,15,0.1,5,0.05,0.6,log2,0.8282226007950029,0.8346542771248975,0.8312465977136636,0.8380900109769485,0.7956204379562044,0.5172413793103449,0.40540540540540543,0.7142857142857143,0.6621621621621622,0.4318181818181818,0.30158730158730157,0.76
1308,15,0.1,5,0.05,0.7,sqrt,0.8435547984099944,0.8510408218437415,0.838572189664358,0.8638858397365532,0.781021897810219,0.4827586206896552,0.3783783783783784,0.6666666666666666,0.6621621621621622,0.4444444444444444,0.3076923076923077,0.8
1309,15,0.1,5,0.05,0.7,log2,0.8503691084611017,0.8559715769335884,0.8524768644529124,0.8594950603732162,0.781021897810219,0.4827586206896552,0.3783783783783784,0.6666666666666666,0.6486486486486487,0.38095238095238093,0.2711864406779661,0.64
1310,15,0.1,5,0.1,0.3,sqrt,0.7578080636002271,0.7890180558990848,0.7181449797388564,0.8754116355653129,0.6204379562043796,0.36585365853658536,0.2459016393442623,0.7142857142857143,0.5337837837837838,0.3783783783783784,0.2441860465116279,0.84
1311,15,0.1,5,0.1,0.3,log2,0.6382737081203862,0.6480662983425415,0.6523915461624027,0.6437980241492866,0.5912408759124088,0.2631578947368421,0.18181818181818182,0.47619047619047616,0.5067567567567568,0.3302752293577982,0.21428571428571427,0.72
1312,15,0.1,5,0.1,0.4,sqrt,0.6453719477569563,0.6541124342287455,0.660145332588038,0.6481888035126235,0.5912408759124088,0.2631578947368421,0.18181818181818182,0.47619047619047616,0.527027027027027,0.33962264150943394,0.2222222222222222,0.72
1313,15,0.1,5,0.1,0.4,log2,0.7115275411697899,0.7246612466124661,0.7157387580299786,0.7338090010976949,0.6642335766423357,0.3611111111111111,0.2549019607843137,0.6190476190476191,0.5540540540540541,0.34,0.22666666666666666,0.68
1314,15,0.1,5,0.1,0.5,sqrt,0.7407722884724588,0.7677435766980412,0.7155049786628734,0.8282107574094402,0.6131386861313869,0.3614457831325301,0.24193548387096775,0.7142857142857143,0.5135135135135135,0.32075471698113206,0.20987654320987653,0.68
1315,15,0.1,5,0.1,0.5,log2,0.7529812606473595,0.7722513089005235,0.7382382382382382,0.8095499451152579,0.6715328467153284,0.3835616438356164,0.2692307692307692,0.6666666666666666,0.5878378378378378,0.41904761904761906,0.275,0.88
1316,15,0.1,5,0.1,0.6,sqrt,0.7487223168654173,0.7671665351223362,0.7367357251136938,0.8002195389681669,0.6423357664233577,0.3466666666666667,0.24074074074074073,0.6190476190476191,0.5743243243243243,0.3883495145631068,0.2564102564102564,0.8
1317,15,0.1,5,0.1,0.6,log2,0.749290176036343,0.758940758940759,0.755024443237371,0.7628979143798024,0.6934306569343066,0.4166666666666667,0.29411764705882354,0.7142857142857143,0.6486486486486487,0.38095238095238093,0.2711864406779661,0.64
1318,15,0.1,5,0.1,0.7,sqrt,0.7617830777967064,0.7728134308150555,0.7626937466595404,0.783205268935236,0.7153284671532847,0.417910447761194,0.30434782608695654,0.6666666666666666,0.5540540540540541,0.26666666666666666,0.18461538461538463,0.48
1319,15,0.1,5,0.1,0.7,log2,0.7640545144804088,0.782175622542595,0.7486201705970899,0.818880351262349,0.6715328467153284,0.4155844155844156,0.2857142857142857,0.7619047619047619,0.5743243243243243,0.4,0.2625,0.84
1320,15,0.1,6,0.05,0.3,sqrt,0.7890403180011357,0.8012837657127574,0.7814293166405842,0.8221734357848518,0.708029197080292,0.4444444444444444,0.3137254901960784,0.7619047619047619,0.6283783783783784,0.42105263157894735,0.2857142857142857,0.8
1321,15,0.1,6,0.05,0.3,log2,0.7825099375354913,0.7899067471201316,0.7894736842105263,0.7903402854006586,0.7445255474452555,0.4444444444444444,0.3333333333333333,0.6666666666666666,0.6418918918918919,0.4175824175824176,0.2878787878787879,0.76
1322,15,0.1,6,0.05,0.4,sqrt,0.7825099375354913,0.7860335195530727,0.8003412969283277,0.7722283205268935,0.7664233576642335,0.4482758620689655,0.35135135135135137,0.6190476190476191,0.6148648648648649,0.4,0.2714285714285714,0.76
1323,15,0.1,6,0.05,0.4,log2,0.8012492901760363,0.8056635202665186,0.8151685393258427,0.796377607025247,0.7664233576642335,0.4666666666666667,0.358974358974359,0.6666666666666666,0.6418918918918919,0.43010752688172044,0.29411764705882354,0.8
1324,15,0.1,6,0.05,0.5,sqrt,0.8208404315729699,0.8284860016308779,0.8206785137318255,0.8364434687156971,0.7445255474452555,0.4444444444444444,0.3333333333333333,0.6666666666666666,0.6283783783783784,0.3956043956043956,0.2727272727272727,0.72
1325,15,0.1,6,0.05,0.5,log2,0.797274275979557,0.7996632996632996,0.8180252583237658,0.7821075740944018,0.781021897810219,0.4827586206896552,0.3783783783783784,0.6666666666666666,0.6351351351351351,0.425531914893617,0.2898550724637681,0.8
1326,15,0.1,6,0.05,0.6,sqrt,0.8248154457694492,0.8302613480055021,0.8323221180364038,0.8282107574094402,0.7883211678832117,0.49122807017543857,0.3888888888888889,0.6666666666666666,0.6554054054054054,0.42696629213483145,0.296875,0.76
1327,15,0.1,6,0.05,0.6,log2,0.8373083475298126,0.8457604306864065,0.8298996302165874,0.8622392974753018,0.781021897810219,0.5,0.38461538461538464,0.7142857142857143,0.5675675675675675,0.2727272727272727,0.19047619047619047,0.48
1328,15,0.1,6,0.05,0.7,sqrt,0.8435547984099944,0.8528704939919893,0.8304732189287571,0.8765093304061471,0.7664233576642335,0.4666666666666667,0.358974358974359,0.6666666666666666,0.6418918918918919,0.4175824175824176,0.2878787878787879,0.76
1329,15,0.1,6,0.05,0.7,log2,0.8253833049403748,0.8340976530887511,0.8201591511936339,0.8485181119648738,0.781021897810219,0.5,0.38461538461538464,0.7142857142857143,0.6486486486486487,0.43478260869565216,0.29850746268656714,0.8
1330,15,0.1,6,0.1,0.3,sqrt,0.6448040885860307,0.6537503459728757,0.6594081518704634,0.6481888035126235,0.5912408759124088,0.2631578947368421,0.18181818181818182,0.47619047619047616,0.527027027027027,0.33962264150943394,0.2222222222222222,0.72
1331,15,0.1,6,0.1,0.3,log2,0.7538330494037478,0.784167289021658,0.7175398633257403,0.8644346871569704,0.6131386861313869,0.3614457831325301,0.24193548387096775,0.7142857142857143,0.4797297297297297,0.26666666666666666,0.175,0.56
1332,15,0.1,6,0.1,0.4,sqrt,0.6703577512776832,0.6861313868613139,0.6760788492274907,0.6964873765093305,0.5985401459854015,0.2857142857142857,0.19642857142857142,0.5238095238095238,0.5337837837837838,0.35514018691588783,0.23170731707317074,0.76
1333,15,0.1,6,0.1,0.4,log2,0.6615559341283361,0.6718061674008811,0.6740331491712708,0.6695938529088913,0.6131386861313869,0.29333333333333333,0.2037037037037037,0.5238095238095238,0.4864864864864865,0.22448979591836735,0.1506849315068493,0.44
1334,15,0.1,6,0.1,0.5,sqrt,0.7356615559341283,0.7630440315601934,0.711438063597532,0.822722283205269,0.6131386861313869,0.3764705882352941,0.25,0.7619047619047619,0.5472972972972973,0.3963963963963964,0.2558139534883721,0.88
1335,15,0.1,6,0.1,0.5,log2,0.7501419647927314,0.7805486284289277,0.7152650822669104,0.8589462129527992,0.6277372262773723,0.3855421686746988,0.25806451612903225,0.7619047619047619,0.49324324324324326,0.3119266055045872,0.20238095238095238,0.68
1336,15,0.1,6,0.1,0.6,sqrt,0.7742759795570698,0.7811725846407928,0.7835450027609056,0.778814489571899,0.7153284671532847,0.417910447761194,0.30434782608695654,0.6666666666666666,0.6148648648648649,0.42424242424242425,0.28378378378378377,0.84
1337,15,0.1,6,0.1,0.6,log2,0.7924474730266894,0.797450817400942,0.8052602126468943,0.7897914379802415,0.7591240875912408,0.49230769230769234,0.36363636363636365,0.7619047619047619,0.6418918918918919,0.43010752688172044,0.29411764705882354,0.8
1338,15,0.1,6,0.1,0.7,sqrt,0.7950028392958546,0.8080808080808081,0.7835051546391752,0.8342480790340285,0.7372262773722628,0.4375,0.32558139534883723,0.6666666666666666,0.6081081081081081,0.40816326530612246,0.273972602739726,0.8
1339,15,0.1,6,0.1,0.7,log2,0.7538330494037478,0.7705742259857105,0.743995912110373,0.7991218441273326,0.6642335766423357,0.3783783783783784,0.2641509433962264,0.6666666666666666,0.5743243243243243,0.3883495145631068,0.2564102564102564,0.8
1340,15,0.1,7,0.05,0.3,sqrt,0.795854628052243,0.8067723730180059,0.7904160084254871,0.8238199780461032,0.7226277372262774,0.40625,0.3023255813953488,0.6190476190476191,0.6081081081081081,0.40816326530612246,0.273972602739726,0.8
1341,15,0.1,7,0.05,0.3,log2,0.7748438387279954,0.7792930698580574,0.7905138339920948,0.7683863885839737,0.7226277372262774,0.3870967741935484,0.2926829268292683,0.5714285714285714,0.5675675675675675,0.2727272727272727,0.19047619047619047,0.48
1342,15,0.1,7,0.05,0.4,sqrt,0.7898921067575241,0.7990222705051603,0.7908602150537635,0.8073545554335895,0.7372262773722628,0.45454545454545453,0.3333333333333333,0.7142857142857143,0.6283783783783784,0.42105263157894735,0.2857142857142857,0.8
1343,15,0.1,7,0.05,0.4,log2,0.7566723452583759,0.7724980090257499,0.7480719794344473,0.7985729967069155,0.6715328467153284,0.4,0.2777777777777778,0.7142857142857143,0.5945945945945946,0.4,0.26666666666666666,0.8
1344,15,0.1,7,0.05,0.5,sqrt,0.8114707552526973,0.8172812328013208,0.8195364238410596,0.8150384193194292,0.7664233576642335,0.4838709677419355,0.36585365853658536,0.7142857142857143,0.6621621621621622,0.45652173913043476,0.31343283582089554,0.84
1345,15,0.1,7,0.05,0.5,log2,0.7842135150482681,0.7907488986784141,0.7933701657458564,0.7881448957189902,0.7372262773722628,0.4375,0.32558139534883723,0.6666666666666666,0.6283783783783784,0.42105263157894735,0.2857142857142857,0.8
1346,15,0.1,7,0.05,0.6,sqrt,0.8111868256672345,0.8130447005903851,0.8334293948126801,0.7936333699231614,0.7956204379562044,0.5172413793103449,0.40540540540540543,0.7142857142857143,0.6756756756756757,0.4418604651162791,0.3114754098360656,0.76
1347,15,0.1,7,0.05,0.6,log2,0.8276547416240773,0.8341076796939054,0.8307022318998367,0.8375411635565313,0.7591240875912408,0.45901639344262296,0.35,0.6666666666666666,0.6418918918918919,0.4175824175824176,0.2878787878787879,0.76
1348,15,0.1,7,0.05,0.7,sqrt,0.8319136854060193,0.836824696802646,0.840531561461794,0.8331503841931943,0.7883211678832117,0.5084745762711864,0.39473684210526316,0.7142857142857143,0.6554054054054054,0.42696629213483145,0.296875,0.76
1349,15,0.1,7,0.05,0.7,log2,0.7955706984667802,0.7948717948717948,0.8264218009478673,0.7656421514818881,0.8102189781021898,0.5185185185185185,0.42424242424242425,0.6666666666666666,0.6959459459459459,0.4578313253012048,0.3275862068965517,0.76
1350,15,0.1,7,0.1,0.3,sqrt,0.6448040885860307,0.6537503459728757,0.6594081518704634,0.6481888035126235,0.5912408759124088,0.2631578947368421,0.18181818181818182,0.47619047619047616,0.527027027027027,0.33962264150943394,0.2222222222222222,0.72
1351,15,0.1,7,0.1,0.3,log2,0.7084043157296991,0.7351044622130514,0.6934306569343066,0.7821075740944018,0.6058394160583942,0.325,0.22033898305084745,0.6190476190476191,0.5337837837837838,0.3893805309734513,0.25,0.88
1352,15,0.1,7,0.1,0.4,sqrt,0.7776831345826235,0.7893462469733656,0.7741424802110818,0.8051591657519209,0.7007299270072993,0.36923076923076925,0.2727272727272727,0.5714285714285714,0.6081081081081081,0.43137254901960786,0.2857142857142857,0.88
1353,15,0.1,7,0.1,0.4,log2,0.7282793867120954,0.7450039968025579,0.7239772138788193,0.7672886937431395,0.6277372262773723,0.32,0.2222222222222222,0.5714285714285714,0.5202702702702703,0.26804123711340205,0.18055555555555555,0.52
1354,15,0.1,7,0.1,0.5,sqrt,0.7717206132879046,0.7754189944134078,0.7895335608646189,0.7618002195389681,0.7372262773722628,0.41935483870967744,0.3170731707317073,0.6190476190476191,0.7094594594594594,0.5057471264367817,0.3548387096774194,0.88
1355,15,0.1,7,0.1,0.5,log2,0.7467348097671778,0.7460136674259681,0.7751479289940828,0.7189901207464325,0.7226277372262774,0.36666666666666664,0.28205128205128205,0.5238095238095238,0.7094594594594594,0.49411764705882355,0.35,0.84
1356,15,0.1,7,0.1,0.6,sqrt,0.787052810902896,0.7944078947368421,0.7935377875136911,0.7952799121844127,0.7445255474452555,0.47761194029850745,0.34782608695652173,0.7619047619047619,0.6081081081081081,0.30952380952380953,0.22033898305084745,0.52
1357,15,0.1,7,0.1,0.6,log2,0.7776831345826235,0.8028204482498111,0.7417403443462075,0.8748627881448957,0.6861313868613139,0.44155844155844154,0.30357142857142855,0.8095238095238095,0.5743243243243243,0.4,0.2625,0.84
1358,15,0.1,7,0.1,0.7,sqrt,0.7884724588302101,0.7886524822695036,0.8162066940692895,0.7628979143798024,0.7518248175182481,0.46875,0.3488372093023256,0.7142857142857143,0.6148648648648649,0.3132530120481928,0.22413793103448276,0.52
1359,15,0.1,7,0.1,0.7,log2,0.7833617262918796,0.789980732177264,0.7923799006073993,0.787596048298573,0.7226277372262774,0.42424242424242425,0.3111111111111111,0.6666666666666666,0.6216216216216216,0.4166666666666667,0.28169014084507044,0.8
1360,15,0.1,8,0.05,0.3,sqrt,0.8103350369108461,0.8231868713605082,0.7949897750511248,0.8534577387486278,0.7299270072992701,0.4307692307692308,0.3181818181818182,0.6666666666666666,0.6351351351351351,0.4375,0.29577464788732394,0.84
1361,15,0.1,8,0.05,0.3,log2,0.7765474162407723,0.7939251112856769,0.7591387080620932,0.8320526893523601,0.6715328467153284,0.4,0.2777777777777778,0.7142857142857143,0.5878378378378378,0.4077669902912621,0.2692307692307692,0.84
1362,15,0.1,8,0.05,0.4,sqrt,0.7975582055650199,0.8132040869793031,0.7779448621553885,0.8518111964873765,0.7007299270072993,0.4383561643835616,0.3076923076923077,0.7619047619047619,0.5878378378378378,0.4077669902912621,0.2692307692307692,0.84
1363,15,0.1,8,0.05,0.4,log2,0.8003975014196479,0.8064960088081475,0.8089453340695748,0.8040614709110867,0.7372262773722628,0.3793103448275862,0.2972972972972973,0.5238095238095238,0.6148648648648649,0.3448275862068966,0.24193548387096775,0.6
1364,15,0.1,8,0.05,0.5,sqrt,0.8327654741624078,0.8435590969455511,0.8172928461142563,0.8715697036223929,0.7445255474452555,0.46153846153846156,0.3409090909090909,0.7142857142857143,0.6418918918918919,0.43010752688172044,0.29411764705882354,0.8
1365,15,0.1,8,0.05,0.5,log2,0.8273708120386144,0.8382978723404255,0.8132094943240454,0.8649835345773875,0.7664233576642335,0.4838709677419355,0.36585365853658536,0.7142857142857143,0.6486486486486487,0.43478260869565216,0.29850746268656714,0.8
1366,15,0.1,8,0.05,0.6,sqrt,0.817717206132879,0.827140549273021,0.8118393234672304,0.8430296377607025,0.7518248175182481,0.46875,0.3488372093023256,0.7142857142857143,0.6148648648648649,0.4,0.2714285714285714,0.76
1367,15,0.1,8,0.05,0.6,log2,0.813458262350937,0.8212244897959183,0.8143550998381004,0.8282107574094402,0.7664233576642335,0.4838709677419355,0.36585365853658536,0.7142857142857143,0.6283783783783784,0.42105263157894735,0.2857142857142857,0.8
1368,15,0.1,8,0.05,0.7,sqrt,0.823679727427598,0.8347085440511046,0.8103359173126615,0.8605927552140505,0.7664233576642335,0.4838709677419355,0.36585365853658536,0.7142857142857143,0.6418918918918919,0.4421052631578947,0.3,0.84
1369,15,0.1,8,0.05,0.7,log2,0.794434980124929,0.7987770983879934,0.8091216216216216,0.7886937431394072,0.7664233576642335,0.4482758620689655,0.35135135135135137,0.6190476190476191,0.6013513513513513,0.37894736842105264,0.2571428571428571,0.72
1370,15,0.1,8,0.1,0.3,sqrt,0.6462237365133446,0.6546563192904656,0.6612541993281075,0.6481888035126235,0.5912408759124088,0.2631578947368421,0.18181818181818182,0.47619047619047616,0.527027027027027,0.33962264150943394,0.2222222222222222,0.72
1371,15,0.1,8,0.1,0.3,log2,0.6365701306076094,0.6440489432703004,0.6527621195039459,0.6355653128430296,0.6058394160583942,0.2702702702702703,0.18867924528301888,0.47619047619047616,0.4864864864864865,0.2549019607843137,0.16883116883116883,0.52
1372,15,0.1,8,0.1,0.4,sqrt,0.759511641113004,0.7806267806267806,0.7390877881314369,0.827113062568606,0.656934306569343,0.38961038961038963,0.26785714285714285,0.7142857142857143,0.5202702702702703,0.2828282828282828,0.1891891891891892,0.56
1373,15,0.1,8,0.1,0.4,log2,0.6388415672913118,0.6422947131608548,0.6585928489042676,0.6267837541163557,0.6204379562043796,0.2777777777777778,0.19607843137254902,0.47619047619047616,0.49324324324324326,0.25742574257425743,0.17105263157894737,0.52
1374,15,0.1,8,0.1,0.5,sqrt,0.6592844974446337,0.6619718309859155,0.6799768518518519,0.6448957189901208,0.6131386861313869,0.273972602739726,0.19230769230769232,0.47619047619047616,0.5540540540540541,0.35294117647058826,0.23376623376623376,0.72
1375,15,0.1,8,0.1,0.5,log2,0.7504258943781942,0.7693518761479926,0.7370537958773253,0.8046103183315039,0.656934306569343,0.3561643835616438,0.25,0.6190476190476191,0.5405405405405406,0.2765957446808511,0.18840579710144928,0.52
1376,15,0.1,8,0.1,0.6,sqrt,0.7555366269165247,0.7592954990215264,0.7737891737891738,0.7453347969264544,0.708029197080292,0.3548387096774194,0.2682926829268293,0.5238095238095238,0.7094594594594594,0.4819277108433735,0.3448275862068966,0.8
1377,15,0.1,8,0.1,0.6,log2,0.7751277683134583,0.7848995111352526,0.7768817204301075,0.7930845225027442,0.7299270072992701,0.44776119402985076,0.32608695652173914,0.7142857142857143,0.6013513513513513,0.40404040404040403,0.2702702702702703,0.8
1378,15,0.1,8,0.1,0.7,sqrt,0.7805224304372516,0.7868762062310449,0.7905817174515235,0.783205268935236,0.7372262773722628,0.41935483870967744,0.3170731707317073,0.6190476190476191,0.5608108108108109,0.2857142857142857,0.19696969696969696,0.52
1379,15,0.1,8,0.1,0.7,log2,0.7597955706984668,0.768726079825041,0.7657952069716776,0.7716794731064764,0.7007299270072993,0.3880597014925373,0.2826086956521739,0.6190476190476191,0.6081081081081081,0.40816326530612246,0.273972602739726,0.8
1380,15,0.1,9,0.05,0.3,sqrt,0.7782509937535491,0.7873672747073237,0.7811993517017828,0.7936333699231614,0.7372262773722628,0.45454545454545453,0.3333333333333333,0.7142857142857143,0.6283783783783784,0.42105263157894735,0.2857142857142857,0.8
1381,15,0.1,9,0.05,0.3,log2,0.794434980124929,0.8095739084692267,0.7772727272727272,0.8446761800219539,0.7007299270072993,0.4225352112676056,0.3,0.7142857142857143,0.6283783783783784,0.42105263157894735,0.2857142857142857,0.8
1382,15,0.1,9,0.05,0.4,sqrt,0.8165814877910278,0.8269951794322442,0.8075313807531381,0.8474204171240395,0.7299270072992701,0.44776119402985076,0.32608695652173914,0.7142857142857143,0.6216216216216216,0.4166666666666667,0.28169014084507044,0.8
1383,15,0.1,9,0.05,0.4,log2,0.8063600227143668,0.8276036400404448,0.7671040299906279,0.898463227222832,0.7226277372262774,0.4864864864864865,0.33962264150943394,0.8571428571428571,0.6148648648648649,0.42424242424242425,0.28378378378378377,0.84
1384,15,0.1,9,0.05,0.5,sqrt,0.8006814310051107,0.8062913907284768,0.8107658157602664,0.8018660812294183,0.7591240875912408,0.45901639344262296,0.35,0.6666666666666666,0.6351351351351351,0.425531914893617,0.2898550724637681,0.8
1385,15,0.1,9,0.05,0.5,log2,0.8052243043725156,0.8172615876398508,0.7939958592132506,0.8419319429198683,0.7299270072992701,0.44776119402985076,0.32608695652173914,0.7142857142857143,0.6148648648648649,0.42424242424242425,0.28378378378378377,0.84
1386,15,0.1,9,0.05,0.6,sqrt,0.7941510505394662,0.7993357320786051,0.8062534896705751,0.7925356750823271,0.7445255474452555,0.4444444444444444,0.3333333333333333,0.6666666666666666,0.6283783783783784,0.4329896907216495,0.2916666666666667,0.84
1387,15,0.1,9,0.05,0.6,log2,0.8299261783077797,0.8362045392398141,0.8332425068119891,0.8391877058177827,0.781021897810219,0.5,0.38461538461538464,0.7142857142857143,0.6283783783783784,0.367816091954023,0.25806451612903225,0.64
1388,15,0.1,9,0.05,0.7,sqrt,0.8429869392390688,0.8500948766603416,0.839850026780932,0.8605927552140505,0.8175182481751825,0.5454545454545454,0.4411764705882353,0.7142857142857143,0.6756756756756757,0.45454545454545453,0.31746031746031744,0.8
1389,15,0.1,9,0.05,0.7,log2,0.817717206132879,0.8221606648199447,0.8299776286353467,0.814489571899012,0.8102189781021898,0.5357142857142857,0.42857142857142855,0.7142857142857143,0.6891891891891891,0.46511627906976744,0.32786885245901637,0.8
1390,15,0.1,9,0.1,0.3,sqrt,0.6453719477569563,0.6541124342287455,0.660145332588038,0.6481888035126235,0.5912408759124088,0.2631578947368421,0.18181818181818182,0.47619047619047616,0.527027027027027,0.33962264150943394,0.2222222222222222,0.72
1391,15,0.1,9,0.1,0.3,log2,0.6445201590005678,0.6535694521306032,0.6590401785714286,0.6481888035126235,0.5912408759124088,0.2631578947368421,0.18181818181818182,0.47619047619047616,0.5337837837837838,0.34285714285714286,0.225,0.72
1392,15,0.1,9,0.1,0.4,sqrt,0.6450880181714934,0.6539313399778516,0.6597765363128492,0.6481888035126235,0.5912408759124088,0.2631578947368421,0.18181818181818182,0.47619047619047616,0.527027027027027,0.33962264150943394,0.2222222222222222,0.72
1393,15,0.1,9,0.1,0.4,log2,0.7359454855195912,0.7574334898278561,0.7216699801192843,0.7969264544456641,0.635036496350365,0.358974358974359,0.24561403508771928,0.6666666666666666,0.5067567567567568,0.27722772277227725,0.18421052631578946,0.56
1394,15,0.1,9,0.1,0.5,sqrt,0.7092561044860874,0.7344398340248963,0.696165191740413,0.7771679473106476,0.6058394160583942,0.34146341463414637,0.22950819672131148,0.6666666666666666,0.5540540540540541,0.4,0.25882352941176473,0.88
1395,15,0.1,9,0.1,0.5,log2,0.7470187393526405,0.7715970264034863,0.7239057239057239,0.8260153677277717,0.635036496350365,0.3902439024390244,0.26229508196721313,0.7619047619047619,0.5135135135135135,0.28,0.18666666666666668,0.56
1396,15,0.1,9,0.1,0.6,sqrt,0.7544009085746735,0.7766589207332817,0.7333008288639687,0.8254665203073546,0.635036496350365,0.3902439024390244,0.26229508196721313,0.7619047619047619,0.5675675675675675,0.39622641509433965,0.25925925925925924,0.84
1397,15,0.1,9,0.1,0.6,log2,0.7331061896649631,0.763700351935646,0.7045454545454546,0.8336992316136114,0.6058394160583942,0.37209302325581395,0.24615384615384617,0.7619047619047619,0.5608108108108109,0.4036697247706422,0.2619047619047619,0.88
1398,15,0.1,9,0.1,0.7,sqrt,0.7529812606473595,0.7630718954248366,0.7572972972972973,0.7689352360043907,0.7153284671532847,0.4,0.29545454545454547,0.6190476190476191,0.5608108108108109,0.2857142857142857,0.19696969696969696,0.52
1399,15,0.1,9,0.1,0.7,log2,0.7745599091425327,0.7775910364145658,0.7940503432494279,0.7618002195389681,0.7007299270072993,0.3880597014925373,0.2826086956521739,0.6190476190476191,0.581081081081081,0.27906976744186046,0.19672131147540983,0.48
1400,15,0.15,3,0.05,0.3,sqrt,0.7433276547416241,0.7632268203247774,0.7299599198396793,0.7996706915477497,0.635036496350365,0.375,0.2542372881355932,0.7142857142857143,0.581081081081081,0.40384615384615385,0.26582278481012656,0.84
1401,15,0.15,3,0.05,0.3,log2,0.7535491198182851,0.7628415300546448,0.7595212187159956,0.7661909989023051,0.656934306569343,0.37333333333333335,0.25925925925925924,0.6666666666666666,0.6283783783783784,0.42105263157894735,0.2857142857142857,0.8
1402,15,0.15,3,0.05,0.4,sqrt,0.7555366269165247,0.7645611156685808,0.7618528610354224,0.7672886937431395,0.6934306569343066,0.38235294117647056,0.2765957446808511,0.6190476190476191,0.6081081081081081,0.40816326530612246,0.273972602739726,0.8
1403,15,0.15,3,0.05,0.4,log2,0.7822260079500284,0.7822878228782287,0.8101116990005879,0.756311745334797,0.7518248175182481,0.43333333333333335,0.3333333333333333,0.6190476190476191,0.6283783783783784,0.42105263157894735,0.2857142857142857,0.8
1404,15,0.15,3,0.05,0.5,sqrt,0.7515616127200454,0.7509251352120695,0.7800118273211117,0.7239297475301866,0.7518248175182481,0.45161290322580644,0.34146341463414637,0.6666666666666666,0.6081081081081081,0.40816326530612246,0.273972602739726,0.8
1405,15,0.15,3,0.05,0.5,log2,0.7833617262918796,0.7846457804120801,0.8076699593259733,0.7628979143798024,0.7664233576642335,0.4666666666666667,0.358974358974359,0.6666666666666666,0.6486486486486487,0.44680851063829785,0.30434782608695654,0.84
1406,15,0.15,3,0.05,0.6,sqrt,0.8285065303804656,0.8407172995780591,0.8091370558375635,0.8748627881448957,0.7445255474452555,0.46153846153846156,0.3409090909090909,0.7142857142857143,0.6351351351351351,0.425531914893617,0.2898550724637681,0.8
1407,15,0.15,3,0.05,0.6,log2,0.7651902328222601,0.7568362246398118,0.8150728309056364,0.7063666300768386,0.781021897810219,0.4642857142857143,0.37142857142857144,0.6190476190476191,0.6891891891891891,0.46511627906976744,0.32786885245901637,0.8
1408,15,0.15,3,0.05,0.7,sqrt,0.7663259511641113,0.7548406315162347,0.8254071661237785,0.6953896816684961,0.7883211678832117,0.4727272727272727,0.38235294117647056,0.6190476190476191,0.6756756756756757,0.4418604651162791,0.3114754098360656,0.76
1409,15,0.15,3,0.05,0.7,log2,0.8319136854060193,0.8385160938352427,0.8335140997830802,0.8435784851811197,0.7883211678832117,0.49122807017543857,0.3888888888888889,0.6666666666666666,0.668918918918919,0.4235294117647059,0.3,0.72
1410,15,0.15,3,0.1,0.3,sqrt,0.6448040885860307,0.6537503459728757,0.6594081518704634,0.6481888035126235,0.5985401459854015,0.26666666666666666,0.18518518518518517,0.47619047619047616,0.527027027027027,0.33962264150943394,0.2222222222222222,0.72
1411,15,0.15,3,0.1,0.3,log2,0.6445201590005678,0.6533776301218162,0.659217877094972,0.6476399560922064,0.5912408759124088,0.2631578947368421,0.18181818181818182,0.47619047619047616,0.527027027027027,0.33962264150943394,0.2222222222222222,0.72
1412,15,0.15,3,0.1,0.4,sqrt,0.6714934696195344,0.687212760205461,0.6771443793287161,0.6975850713501647,0.5985401459854015,0.2857142857142857,0.19642857142857142,0.5238095238095238,0.5337837837837838,0.35514018691588783,0.23170731707317074,0.76
1413,15,0.15,3,0.1,0.4,log2,0.6459398069278819,0.6540915395284327,0.6612450925406618,0.6470911086717892,0.5912408759124088,0.2631578947368421,0.18181818181818182,0.47619047619047616,0.527027027027027,0.33962264150943394,0.2222222222222222,0.72
1414,15,0.15,3,0.1,0.5,sqrt,0.750709823963657,0.7739443872296602,0.7289039767216294,0.8249176728869374,0.635036496350365,0.3902439024390244,0.26229508196721313,0.7619047619047619,0.5675675675675675,0.4074074074074074,0.26506024096385544,0.88
1415,15,0.15,3,0.1,0.5,log2,0.6538898353208404,0.6541843971631206,0.6770405167351732,0.632821075740944,0.6131386861313869,0.2318840579710145,0.16666666666666666,0.38095238095238093,0.581081081081081,0.3673469387755102,0.2465753424657534,0.72
1416,15,0.15,3,0.1,0.6,sqrt,0.7606473594548552,0.79333169894582,0.716880815241471,0.8880351262349067,0.6058394160583942,0.37209302325581395,0.24615384615384617,0.7619047619047619,0.5337837837837838,0.3893805309734513,0.25,0.88
1417,15,0.15,3,0.1,0.6,log2,0.7898921067575241,0.7959183673469388,0.799889135254989,0.79198682766191,0.7518248175182481,0.46875,0.3488372093023256,0.7142857142857143,0.6283783783783784,0.40860215053763443,0.27941176470588236,0.76
1418,15,0.15,3,0.1,0.7,sqrt,0.807495741056218,0.8245341614906833,0.7801175318315378,0.8743139407244785,0.6934306569343066,0.4,0.2857142857142857,0.6666666666666666,0.6013513513513513,0.40404040404040403,0.2702702702702703,0.8
1419,15,0.15,3,0.1,0.7,log2,0.7714366837024418,0.7743201569946734,0.791404011461318,0.7579582875960483,0.7591240875912408,0.4406779661016949,0.34210526315789475,0.6190476190476191,0.5945945945945946,0.3023255813953488,0.21311475409836064,0.52
1420,15,0.15,4,0.05,0.3,sqrt,0.7614991482112436,0.7714907508161044,0.7648327939590076,0.7782656421514819,0.7007299270072993,0.4057971014492754,0.2916666666666667,0.6666666666666666,0.6148648648648649,0.41237113402061853,0.2777777777777778,0.8
1421,15,0.15,4,0.05,0.3,log2,0.7271436683702441,0.7473047594004734,0.7173144876325088,0.7799121844127332,0.6277372262773723,0.35443037974683544,0.2413793103448276,0.6666666666666666,0.5405405405405406,0.3584905660377358,0.2345679012345679,0.76
1422,15,0.15,4,0.05,0.4,sqrt,0.7345258375922771,0.7244326554671382,0.7823042647994908,0.6745334796926454,0.708029197080292,0.3548387096774194,0.2682926829268293,0.5238095238095238,0.5945945945945946,0.2857142857142857,0.2033898305084746,0.48
1423,15,0.15,4,0.05,0.4,log2,0.7822260079500284,0.7891119054165521,0.790633608815427,0.787596048298573,0.7445255474452555,0.4262295081967213,0.325,0.6190476190476191,0.6148648648648649,0.41237113402061853,0.2777777777777778,0.8
1424,15,0.15,4,0.05,0.5,sqrt,0.794434980124929,0.7947845804988662,0.8218053927315357,0.7694840834248079,0.7956204379562044,0.5,0.4,0.6666666666666666,0.6554054054054054,0.43956043956043955,0.30303030303030304,0.8
1425,15,0.15,4,0.05,0.5,log2,0.768313458262351,0.7730812013348165,0.7835400225479143,0.7628979143798024,0.7445255474452555,0.4444444444444444,0.3333333333333333,0.6666666666666666,0.581081081081081,0.3404255319148936,0.2318840579710145,0.64
1426,15,0.15,4,0.05,0.6,sqrt,0.7552526973310619,0.7539954337899544,0.7853745541022592,0.7250274423710209,0.7737226277372263,0.45614035087719296,0.3611111111111111,0.6190476190476191,0.6216216216216216,0.4166666666666667,0.28169014084507044,0.8
1427,15,0.15,4,0.05,0.6,log2,0.7907438955139126,0.7936152338280593,0.8101772441395083,0.7777167947310648,0.7518248175182481,0.45161290322580644,0.34146341463414637,0.6666666666666666,0.6351351351351351,0.425531914893617,0.2898550724637681,0.8
1428,15,0.15,4,0.05,0.7,sqrt,0.7955706984667802,0.8001110494169905,0.8095505617977528,0.7908891328210758,0.7737226277372263,0.4918032786885246,0.375,0.7142857142857143,0.6486486486486487,0.43478260869565216,0.29850746268656714,0.8
1429,15,0.15,4,0.05,0.7,log2,0.8199886428165815,0.8344647519582246,0.795816733067729,0.8770581778265643,0.7445255474452555,0.47761194029850745,0.34782608695652173,0.7619047619047619,0.6013513513513513,0.4158415841584158,0.27631578947368424,0.84
1430,15,0.15,4,0.1,0.3,sqrt,0.6450880181714934,0.6539313399778516,0.6597765363128492,0.6481888035126235,0.5912408759124088,0.2631578947368421,0.18181818181818182,0.47619047619047616,0.527027027027027,0.33962264150943394,0.2222222222222222,0.72
1431,15,0.15,4,0.1,0.3,log2,0.645655877342419,0.6542936288088642,0.6605145413870246,0.6481888035126235,0.5912408759124088,0.2631578947368421,0.18181818181818182,0.47619047619047616,0.527027027027027,0.33962264150943394,0.2222222222222222,0.72
1432,15,0.15,4,0.1,0.4,sqrt,0.6462237365133446,0.6546563192904656,0.6612541993281075,0.6481888035126235,0.5912408759124088,0.2631578947368421,0.18181818181818182,0.47619047619047616,0.527027027027027,0.33962264150943394,0.2222222222222222,0.72
1433,15,0.15,4,0.1,0.4,log2,0.7782509937535491,0.7964555642428981,0.7583126550868486,0.8386388583973655,0.6788321167883211,0.37142857142857144,0.2653061224489796,0.6190476190476191,0.5945945945945946,0.4117647058823529,0.2727272727272727,0.84
1434,15,0.15,4,0.1,0.5,sqrt,0.7336740488358887,0.7596104561763198,0.7125,0.8133918770581778,0.6058394160583942,0.35714285714285715,0.23809523809523808,0.7142857142857143,0.5472972972972973,0.3963963963963964,0.2558139534883721,0.88
1435,15,0.15,4,0.1,0.5,log2,0.661839863713799,0.6644125105663568,0.6826867400115808,0.6470911086717892,0.6131386861313869,0.273972602739726,0.19230769230769232,0.47619047619047616,0.5405405405405406,0.34615384615384615,0.22784810126582278,0.72
1436,15,0.15,4,0.1,0.6,sqrt,0.7816581487791028,0.8011378329454357,0.7574572127139364,0.8501646542261251,0.6642335766423357,0.41025641025641024,0.2807017543859649,0.7619047619047619,0.5945945945945946,0.4117647058823529,0.2727272727272727,0.84
1437,15,0.15,4,0.1,0.6,log2,0.7751277683134583,0.7771525042205966,0.7973441108545035,0.7579582875960483,0.7518248175182481,0.41379310344827586,0.32432432432432434,0.5714285714285714,0.6486486486486487,0.4090909090909091,0.2857142857142857,0.72
1438,15,0.15,4,0.1,0.7,sqrt,0.7810902896081772,0.7805294619982921,0.810762862211709,0.752469813391877,0.7372262773722628,0.4,0.3076923076923077,0.5714285714285714,0.6418918918918919,0.43010752688172044,0.29411764705882354,0.8
1439,15,0.15,4,0.1,0.7,log2,0.8043725156161272,0.8120054570259209,0.8073792729245794,0.8166849615806806,0.7518248175182481,0.45161290322580644,0.34146341463414637,0.6666666666666666,0.6351351351351351,0.425531914893617,0.2898550724637681,0.8
1440,15,0.15,5,0.05,0.3,sqrt,0.7305508233957978,0.7416280969234957,0.7358184764991896,0.747530186608123,0.6423357664233577,0.36363636363636365,0.25,0.6666666666666666,0.5608108108108109,0.2857142857142857,0.19696969696969696,0.52
1441,15,0.15,5,0.05,0.3,log2,0.7739920499716071,0.7827510917030568,0.7785016286644951,0.7870472008781558,0.7007299270072993,0.3880597014925373,0.2826086956521739,0.6190476190476191,0.6013513513513513,0.3516483516483517,0.24242424242424243,0.64
1442,15,0.15,5,0.05,0.4,sqrt,0.7927314026121521,0.7944819819819819,0.815606936416185,0.774423710208562,0.7883211678832117,0.49122807017543857,0.3888888888888889,0.6666666666666666,0.6486486486486487,0.4222222222222222,0.2923076923076923,0.76
1443,15,0.15,5,0.05,0.4,log2,0.771152754116979,0.7629411764705882,0.8219264892268695,0.7118551042810098,0.7591240875912408,0.42105263157894735,0.3333333333333333,0.5714285714285714,0.668918918918919,0.4367816091954023,0.3064516129032258,0.76
1444,15,0.15,5,0.05,0.5,sqrt,0.7518455423055083,0.7538028169014085,0.7743055555555556,0.7343578485181119,0.7445255474452555,0.4444444444444444,0.3333333333333333,0.6666666666666666,0.6081081081081081,0.3958333333333333,0.2676056338028169,0.76
1445,15,0.15,5,0.05,0.5,log2,0.7941510505394662,0.7930345418212961,0.8262938726948245,0.7623490669593853,0.7883211678832117,0.49122807017543857,0.3888888888888889,0.6666666666666666,0.6824324324324325,0.4470588235294118,0.31666666666666665,0.76
1446,15,0.15,5,0.05,0.6,sqrt,0.8009653605905735,0.8002279851809633,0.8322465915826912,0.7705817782656421,0.7737226277372263,0.4745762711864407,0.3684210526315789,0.6666666666666666,0.6418918918918919,0.4175824175824176,0.2878787878787879,0.76
1447,15,0.15,5,0.05,0.6,log2,0.794434980124929,0.794434980124929,0.8229411764705883,0.7678375411635565,0.7591240875912408,0.4406779661016949,0.34210526315789475,0.6190476190476191,0.5878378378378378,0.2823529411764706,0.2,0.48
1448,15,0.15,5,0.05,0.7,sqrt,0.7969903463940943,0.8,0.8157444381061039,0.7848518111964874,0.7664233576642335,0.4482758620689655,0.35135135135135137,0.6190476190476191,0.6486486486486487,0.43478260869565216,0.29850746268656714,0.8
1449,15,0.15,5,0.05,0.7,log2,0.8015332197614992,0.8,0.8356246264196056,0.7672886937431395,0.7883211678832117,0.4727272727272727,0.38235294117647056,0.6190476190476191,0.6891891891891891,0.4523809523809524,0.3220338983050847,0.76
1450,15,0.15,5,0.1,0.3,sqrt,0.6433844406587166,0.6518847006651884,0.658454647256439,0.6454445664105378,0.5985401459854015,0.26666666666666666,0.18518518518518517,0.47619047619047616,0.5202702702702703,0.3364485981308411,0.21951219512195122,0.72
1451,15,0.15,5,0.1,0.3,log2,0.6453719477569563,0.6541124342287455,0.660145332588038,0.6481888035126235,0.5912408759124088,0.2631578947368421,0.18181818181818182,0.47619047619047616,0.527027027027027,0.33962264150943394,0.2222222222222222,0.72
1452,15,0.15,5,0.1,0.4,sqrt,0.7001703577512777,0.715670436187399,0.702431289640592,0.7294182217343579,0.5985401459854015,0.3037974683544304,0.20689655172413793,0.5714285714285714,0.6081081081081081,0.3958333333333333,0.2676056338028169,0.76
1453,15,0.15,5,0.1,0.4,log2,0.7563884156729132,0.7776049766718507,0.7367387033398821,0.823271130625686,0.6788321167883211,0.42105263157894735,0.2909090909090909,0.7619047619047619,0.581081081081081,0.40384615384615385,0.26582278481012656,0.84
1454,15,0.15,5,0.1,0.5,sqrt,0.7455990914253265,0.7635883905013192,0.7352642276422764,0.7941822173435785,0.6423357664233577,0.3466666666666667,0.24074074074074073,0.6190476190476191,0.527027027027027,0.2857142857142857,0.1917808219178082,0.56
1455,15,0.15,5,0.1,0.5,log2,0.720045428733674,0.7444271643338517,0.7053045186640472,0.7881448957189902,0.6131386861313869,0.3614457831325301,0.24193548387096775,0.7142857142857143,0.5540540540540541,0.4,0.25882352941176473,0.88
1456,15,0.15,5,0.1,0.6,sqrt,0.750709823963657,0.7643585614600107,0.7478991596638656,0.7815587266739846,0.6788321167883211,0.37142857142857144,0.2653061224489796,0.6190476190476191,0.5405405405405406,0.2765957446808511,0.18840579710144928,0.52
1457,15,0.15,5,0.1,0.6,log2,0.7839295854628052,0.7873707739592065,0.8019351166761526,0.7733260153677278,0.7664233576642335,0.4838709677419355,0.36585365853658536,0.7142857142857143,0.581081081081081,0.27906976744186046,0.19672131147540983,0.48
1458,15,0.15,5,0.1,0.7,sqrt,0.7433276547416241,0.7575107296137339,0.7408184679958028,0.7749725576289791,0.656934306569343,0.38961038961038963,0.26785714285714285,0.7142857142857143,0.5743243243243243,0.37623762376237624,0.25,0.76
1459,15,0.15,5,0.1,0.7,log2,0.7768313458262351,0.7866449511400652,0.7781954887218046,0.7952799121844127,0.708029197080292,0.3939393939393939,0.28888888888888886,0.6190476190476191,0.6081081081081081,0.3958333333333333,0.2676056338028169,0.76
1460,15,0.15,6,0.05,0.3,sqrt,0.7416240772288473,0.7377521613832853,0.7766990291262136,0.7025246981339188,0.7299270072992701,0.39344262295081966,0.3,0.5714285714285714,0.6351351351351351,0.41304347826086957,0.2835820895522388,0.76
1461,15,0.15,6,0.05,0.3,log2,0.8009653605905735,0.8110002696144514,0.7970323264440912,0.8254665203073546,0.7226277372262774,0.42424242424242425,0.3111111111111111,0.6666666666666666,0.6216216216216216,0.40425531914893614,0.2753623188405797,0.76
1462,15,0.15,6,0.05,0.4,sqrt,0.75809199318569,0.7586402266288952,0.7839578454332553,0.7349066959385291,0.7153284671532847,0.4,0.29545454545454547,0.6190476190476191,0.6081081081081081,0.40816326530612246,0.273972602739726,0.8
1463,15,0.15,6,0.05,0.4,log2,0.7762634866553095,0.7742120343839541,0.8099520383693045,0.7414928649835346,0.7518248175182481,0.43333333333333335,0.3333333333333333,0.6190476190476191,0.6756756756756757,0.42857142857142855,0.3050847457627119,0.72
1464,15,0.15,6,0.05,0.5,sqrt,0.7950028392958546,0.7953514739229025,0.8223915592028136,0.7700329308452251,0.7664233576642335,0.42857142857142855,0.34285714285714286,0.5714285714285714,0.668918918918919,0.4367816091954023,0.3064516129032258,0.76
1465,15,0.15,6,0.05,0.5,log2,0.7913117546848382,0.7895791583166333,0.8252543387193297,0.756860592755214,0.8175182481751825,0.5454545454545454,0.4411764705882353,0.7142857142857143,0.6283783783783784,0.3037974683544304,0.2222222222222222,0.48
1466,15,0.15,6,0.05,0.6,sqrt,0.7995457126632595,0.8022408963585435,0.8192219679633868,0.7859495060373216,0.7445255474452555,0.4444444444444444,0.3333333333333333,0.6666666666666666,0.6621621621621622,0.4318181818181818,0.30158730158730157,0.76
1467,15,0.15,6,0.05,0.6,log2,0.8057921635434412,0.8080808080808081,0.8266360505166476,0.7903402854006586,0.8175182481751825,0.5454545454545454,0.4411764705882353,0.7142857142857143,0.668918918918919,0.4367816091954023,0.3064516129032258,0.76
1468,15,0.15,6,0.05,0.7,sqrt,0.8140261215218626,0.8198074277854195,0.821842250413679,0.8177826564215148,0.7664233576642335,0.42857142857142855,0.34285714285714286,0.5714285714285714,0.6486486486486487,0.4222222222222222,0.2923076923076923,0.76
1469,15,0.15,6,0.05,0.7,log2,0.8262350936967632,0.8398744113029827,0.8025,0.8809001097694841,0.7445255474452555,0.47761194029850745,0.34782608695652173,0.7619047619047619,0.6148648648648649,0.42424242424242425,0.28378378378378377,0.84
1470,15,0.15,6,0.1,0.3,sqrt,0.628336172629188,0.6368932038834951,0.64385866517106,0.6300768386388584,0.5912408759124088,0.2631578947368421,0.18181818181818182,0.47619047619047616,0.4594594594594595,0.24528301886792453,0.16049382716049382,0.52
1471,15,0.15,6,0.1,0.3,log2,0.6689381033503691,0.6848648648648649,0.674653887113951,0.6953896816684961,0.5985401459854015,0.2857142857142857,0.19642857142857142,0.5238095238095238,0.5202702702702703,0.3486238532110092,0.2261904761904762,0.76
1472,15,0.15,6,0.1,0.4,sqrt,0.644236229415105,0.6530047078371642,0.6590273896031302,0.6470911086717892,0.5912408759124088,0.2631578947368421,0.18181818181818182,0.47619047619047616,0.5337837837837838,0.34285714285714286,0.225,0.72
1473,15,0.15,6,0.1,0.4,log2,0.7367972742759795,0.7484396200814111,0.74020397208803,0.756860592755214,0.6934306569343066,0.36363636363636365,0.26666666666666666,0.5714285714285714,0.5675675675675675,0.30434782608695654,0.208955223880597,0.56
1474,15,0.15,6,0.1,0.5,sqrt,0.7385008517887564,0.7687672608586492,0.7084683017121703,0.8402854006586169,0.6131386861313869,0.3764705882352941,0.25,0.7619047619047619,0.5337837837837838,0.3893805309734513,0.25,0.88
1475,15,0.15,6,0.1,0.5,log2,0.7231686541737649,0.7336793225894565,0.7302882001087547,0.7371020856201976,0.6934306569343066,0.38235294117647056,0.2765957446808511,0.6190476190476191,0.5743243243243243,0.411214953271028,0.2682926829268293,0.88
1476,15,0.15,6,0.1,0.6,sqrt,0.7952867688813174,0.801213123793769,0.8049861495844876,0.7974753018660812,0.7591240875912408,0.47619047619047616,0.35714285714285715,0.7142857142857143,0.6283783783783784,0.42105263157894735,0.2857142857142857,0.8
1477,15,0.15,6,0.1,0.6,log2,0.7995457126632595,0.8115323011211959,0.7900207900207901,0.8342480790340285,0.7372262773722628,0.4375,0.32558139534883723,0.6666666666666666,0.6148648648648649,0.41237113402061853,0.2777777777777778,0.8
1478,15,0.15,6,0.1,0.7,sqrt,0.7739920499716071,0.7811984606926883,0.7824889867841409,0.7799121844127332,0.7226277372262774,0.4411764705882353,0.3191489361702128,0.7142857142857143,0.6148648648648649,0.42424242424242425,0.28378378378378377,0.84
1479,15,0.15,6,0.1,0.7,log2,0.7603634298693924,0.7763645998940116,0.7505122950819673,0.8040614709110867,0.6861313868613139,0.4266666666666667,0.2962962962962963,0.7619047619047619,0.5878378378378378,0.4077669902912621,0.2692307692307692,0.84
1480,15,0.15,7,0.05,0.3,sqrt,0.7674616695059625,0.776656667575675,0.7718157181571815,0.7815587266739846,0.708029197080292,0.4117647058823529,0.2978723404255319,0.6666666666666666,0.6081081081081081,0.42,0.28,0.84
1481,15,0.15,7,0.05,0.3,log2,0.737649063032368,0.726303317535545,0.788931788931789,0.672886937431394,0.7372262773722628,0.4,0.3076923076923077,0.5714285714285714,0.6621621621621622,0.4444444444444444,0.3076923076923077,0.8
1482,15,0.15,7,0.05,0.4,sqrt,0.8066439522998297,0.8196981731532963,0.7918158567774936,0.849615806805708,0.7226277372262774,0.4411764705882353,0.3191489361702128,0.7142857142857143,0.5878378378378378,0.39603960396039606,0.2631578947368421,0.8
1483,15,0.15,7,0.05,0.4,log2,0.7998296422487223,0.8113459994648113,0.791644908616188,0.8320526893523601,0.7372262773722628,0.45454545454545453,0.3333333333333333,0.7142857142857143,0.6216216216216216,0.42857142857142855,0.2876712328767123,0.84
1484,15,0.15,7,0.05,0.5,sqrt,0.7720045428733674,0.7794561933534743,0.7800989554700385,0.778814489571899,0.7226277372262774,0.42424242424242425,0.3111111111111111,0.6666666666666666,0.6013513513513513,0.40404040404040403,0.2702702702702703,0.8
1485,15,0.15,7,0.05,0.5,log2,0.8094832481544577,0.8214000532339633,0.7974160206718346,0.8468715697036224,0.7372262773722628,0.45454545454545453,0.3333333333333333,0.7142857142857143,0.6148648648648649,0.41237113402061853,0.2777777777777778,0.8
1486,15,0.15,7,0.05,0.6,sqrt,0.7762634866553095,0.7698598130841121,0.8227215980024969,0.7233809001097695,0.7737226277372263,0.45614035087719296,0.3611111111111111,0.6190476190476191,0.6621621621621622,0.4318181818181818,0.30158730158730157,0.76
1487,15,0.15,7,0.05,0.6,log2,0.8029528676888131,0.8074361820199778,0.8164983164983165,0.7985729967069155,0.7518248175182481,0.45161290322580644,0.34146341463414637,0.6666666666666666,0.6351351351351351,0.425531914893617,0.2898550724637681,0.8
1488,15,0.15,7,0.05,0.7,sqrt,0.8035207268597387,0.8062709966405375,0.8228571428571428,0.7903402854006586,0.781021897810219,0.4827586206896552,0.3783783783783784,0.6666666666666666,0.6554054054054054,0.43956043956043955,0.30303030303030304,0.8
1489,15,0.15,7,0.05,0.7,log2,0.7762634866553095,0.7878298330640818,0.7732558139534884,0.8029637760702525,0.7007299270072993,0.3880597014925373,0.2826086956521739,0.6190476190476191,0.6283783783783784,0.4444444444444444,0.2972972972972973,0.88
1490,15,0.15,7,0.1,0.3,sqrt,0.6448040885860307,0.6537503459728757,0.6594081518704634,0.6481888035126235,0.5912408759124088,0.2631578947368421,0.18181818181818182,0.47619047619047616,0.527027027027027,0.33962264150943394,0.2222222222222222,0.72
1491,15,0.15,7,0.1,0.3,log2,0.7208972174900624,0.7514538558786347,0.696671354899203,0.8155872667398463,0.6131386861313869,0.3614457831325301,0.24193548387096775,0.7142857142857143,0.46621621621621623,0.23300970873786409,0.15384615384615385,0.48
1492,15,0.15,7,0.1,0.4,sqrt,0.7649063032367973,0.7937219730941704,0.7267335766423357,0.8743139407244785,0.6058394160583942,0.37209302325581395,0.24615384615384617,0.7619047619047619,0.5202702702702703,0.36036036036036034,0.23255813953488372,0.8
1493,15,0.15,7,0.1,0.4,log2,0.6453719477569563,0.6541124342287455,0.660145332588038,0.6481888035126235,0.5912408759124088,0.2631578947368421,0.18181818181818182,0.47619047619047616,0.527027027027027,0.33962264150943394,0.2222222222222222,0.72
1494,15,0.15,7,0.1,0.5,sqrt,0.7342419080068143,0.7630379746835443,0.7081766917293233,0.827113062568606,0.5985401459854015,0.3373493975903614,0.22580645161290322,0.6666666666666666,0.4864864864864865,0.2549019607843137,0.16883116883116883,0.52
1495,15,0.15,7,0.1,0.5,log2,0.6450880181714934,0.6539313399778516,0.6597765363128492,0.6481888035126235,0.5912408759124088,0.2631578947368421,0.18181818181818182,0.47619047619047616,0.527027027027027,0.33962264150943394,0.2222222222222222,0.72
1496,15,0.15,7,0.1,0.6,sqrt,0.7632027257240205,0.7766470273165507,0.7583682008368201,0.7958287596048299,0.6934306569343066,0.43243243243243246,0.3018867924528302,0.7619047619047619,0.581081081081081,0.39215686274509803,0.2597402597402597,0.8
1497,15,0.15,7,0.1,0.6,log2,0.7893242475865985,0.7986977753662506,0.7896995708154506,0.8079034028540066,0.7226277372262774,0.4411764705882353,0.3191489361702128,0.7142857142857143,0.6283783783783784,0.4329896907216495,0.2916666666666667,0.84
1498,15,0.15,7,0.1,0.7,sqrt,0.7839295854628052,0.7867750070047632,0.8036634230108758,0.7705817782656421,0.7664233576642335,0.4482758620689655,0.35135135135135137,0.6190476190476191,0.6418918918918919,0.4175824175824176,0.2878787878787879,0.76
1499,15,0.15,7,0.1,0.7,log2,0.7932992617830777,0.8041958041958042,0.7885021097046413,0.8205268935236004,0.7226277372262774,0.42424242424242425,0.3111111111111111,0.6666666666666666,0.6081081081081081,0.40816326530612246,0.273972602739726,0.8
1500,15,0.15,8,0.05,0.3,sqrt,0.7663259511641113,0.7842726081258191,0.750627195183141,0.8210757409440176,0.656934306569343,0.38961038961038963,0.26785714285714285,0.7142857142857143,0.5608108108108109,0.3925233644859813,0.25609756097560976,0.84
1501,15,0.15,8,0.05,0.3,log2,0.7833617262918796,0.7913590374624009,0.7885558583106267,0.7941822173435785,0.7299270072992701,0.4126984126984127,0.30952380952380953,0.6190476190476191,0.6418918918918919,0.4421052631578947,0.3,0.84
1502,15,0.15,8,0.05,0.4,sqrt,0.7427597955706985,0.7431972789115646,0.768464243845252,0.7195389681668496,0.7226277372262774,0.42424242424242425,0.3111111111111111,0.6666666666666666,0.6418918918918919,0.4421052631578947,0.3,0.84
1503,15,0.15,8,0.05,0.4,log2,0.7995457126632595,0.8002263723825693,0.8259345794392523,0.7760702524698134,0.7664233576642335,0.4666666666666667,0.358974358974359,0.6666666666666666,0.6756756756756757,0.4418604651162791,0.3114754098360656,0.76
1504,15,0.15,8,0.05,0.5,sqrt,0.7844974446337308,0.7845586148169174,0.8124632569077014,0.7585071350164654,0.7883211678832117,0.49122807017543857,0.3888888888888889,0.6666666666666666,0.6486486486486487,0.4222222222222222,0.2923076923076923,0.76
1505,15,0.15,8,0.05,0.5,log2,0.7961385576377058,0.809447983014862,0.7836587872559095,0.8369923161361141,0.7226277372262774,0.4411764705882353,0.3191489361702128,0.7142857142857143,0.6081081081081081,0.43137254901960786,0.2857142857142857,0.88
1506,15,0.15,8,0.05,0.6,sqrt,0.7981260647359455,0.7967990854529866,0.8312462731067383,0.7650933040614709,0.8102189781021898,0.5185185185185185,0.42424242424242425,0.6666666666666666,0.6756756756756757,0.4418604651162791,0.3114754098360656,0.76
1507,15,0.15,8,0.05,0.6,log2,0.793015332197615,0.7941259531205874,0.8179173938336242,0.7716794731064764,0.7737226277372263,0.4745762711864407,0.3684210526315789,0.6666666666666666,0.6554054054054054,0.3855421686746988,0.27586206896551724,0.64
1508,15,0.15,8,0.05,0.7,sqrt,0.7992617830777967,0.8041008589637019,0.8119753777280359,0.796377607025247,0.7445255474452555,0.4262295081967213,0.325,0.6190476190476191,0.6216216216216216,0.4166666666666667,0.28169014084507044,0.8
1509,15,0.15,8,0.05,0.7,log2,0.8066439522998297,0.8116182572614108,0.8181818181818182,0.8051591657519209,0.7664233576642335,0.4666666666666667,0.358974358974359,0.6666666666666666,0.6418918918918919,0.4175824175824176,0.2878787878787879,0.76
1510,15,0.15,8,0.1,0.3,sqrt,0.6445201590005678,0.6535694521306032,0.6590401785714286,0.6481888035126235,0.5912408759124088,0.2631578947368421,0.18181818181818182,0.47619047619047616,0.527027027027027,0.33962264150943394,0.2222222222222222,0.72
1511,15,0.15,8,0.1,0.3,log2,0.6450880181714934,0.6539313399778516,0.6597765363128492,0.6481888035126235,0.5912408759124088,0.2631578947368421,0.18181818181818182,0.47619047619047616,0.527027027027027,0.33962264150943394,0.2222222222222222,0.72
1512,15,0.15,8,0.1,0.4,sqrt,0.7495741056218058,0.7693514644351465,0.7347652347652348,0.8073545554335895,0.635036496350365,0.375,0.2542372881355932,0.7142857142857143,0.5743243243243243,0.411214953271028,0.2682926829268293,0.88
1513,15,0.15,8,0.1,0.4,log2,0.67206132879046,0.6880907372400756,0.6772993088782563,0.6992316136114161,0.6058394160583942,0.2894736842105263,0.2,0.5238095238095238,0.5337837837837838,0.3669724770642202,0.23809523809523808,0.8
1514,15,0.15,8,0.1,0.5,sqrt,0.7529812606473595,0.7757731958762887,0.7312925170068028,0.8260153677277717,0.6496350364963503,0.4,0.2711864406779661,0.7619047619047619,0.5540540540540541,0.4,0.25882352941176473,0.88
1515,15,0.15,8,0.1,0.5,log2,0.7779670641680864,0.7968831168831169,0.7564102564102564,0.8419319429198683,0.6788321167883211,0.35294117647058826,0.2553191489361702,0.5714285714285714,0.5878378378378378,0.41904761904761906,0.275,0.88
1516,15,0.15,8,0.1,0.6,sqrt,0.7921635434412265,0.7991218441273326,0.7991218441273326,0.7991218441273326,0.7518248175182481,0.46875,0.3488372093023256,0.7142857142857143,0.6283783783783784,0.40860215053763443,0.27941176470588236,0.76
1517,15,0.15,8,0.1,0.6,log2,0.7387847813742192,0.7622739018087855,0.72021484375,0.8095499451152579,0.6058394160583942,0.34146341463414637,0.22950819672131148,0.6666666666666666,0.5202702702702703,0.2828282828282828,0.1891891891891892,0.56
1518,15,0.15,8,0.1,0.7,sqrt,0.7932992617830777,0.7948139797068771,0.816917728852839,0.7738748627881449,0.7664233576642335,0.4666666666666667,0.358974358974359,0.6666666666666666,0.6418918918918919,0.4175824175824176,0.2878787878787879,0.76
1519,15,0.15,8,0.1,0.7,log2,0.7947189097103918,0.7994452149791955,0.8081884464385867,0.7908891328210758,0.7664233576642335,0.4666666666666667,0.358974358974359,0.6666666666666666,0.6621621621621622,0.4444444444444444,0.3076923076923077,0.8
1520,15,0.15,9,0.05,0.3,sqrt,0.7447473026689381,0.7595613800481412,0.7407407407407407,0.7793633369923162,0.6642335766423357,0.39473684210526316,0.2727272727272727,0.7142857142857143,0.5878378378378378,0.4077669902912621,0.2692307692307692,0.84
1521,15,0.15,9,0.05,0.3,log2,0.7529812606473595,0.7482638888888888,0.7913096695226438,0.7096597145993414,0.7372262773722628,0.3793103448275862,0.2972972972972973,0.5238095238095238,0.6891891891891891,0.46511627906976744,0.32786885245901637,0.8
1522,15,0.15,9,0.05,0.4,sqrt,0.7467348097671778,0.7513935340022296,0.7633069082672707,0.7398463227222832,0.6934306569343066,0.4,0.2857142857142857,0.6666666666666666,0.6013513513513513,0.40404040404040403,0.2702702702702703,0.8
1523,15,0.15,9,0.05,0.4,log2,0.7666098807495741,0.7701342281879194,0.7850627137970353,0.7557628979143798,0.7372262773722628,0.47058823529411764,0.3404255319148936,0.7619047619047619,0.6013513513513513,0.40404040404040403,0.2702702702702703,0.8
1524,15,0.15,9,0.05,0.5,sqrt,0.7913117546848382,0.7962295536456889,0.8044817927170869,0.7881448957189902,0.7518248175182481,0.45161290322580644,0.34146341463414637,0.6666666666666666,0.6554054054054054,0.45161290322580644,0.3088235294117647,0.84
1525,15,0.15,9,0.05,0.5,log2,0.8015332197614992,0.8153236459709379,0.7860417727967397,0.8468715697036224,0.7299270072992701,0.44776119402985076,0.32608695652173914,0.7142857142857143,0.5878378378378378,0.39603960396039606,0.2631578947368421,0.8
1526,15,0.15,9,0.05,0.6,sqrt,0.7722884724588303,0.7700688073394495,0.8061224489795918,0.7371020856201976,0.781021897810219,0.4827586206896552,0.3783783783783784,0.6666666666666666,0.6486486486486487,0.4222222222222222,0.2923076923076923,0.76
1527,15,0.15,9,0.05,0.6,log2,0.7907438955139126,0.7909219858156028,0.8185554903112156,0.7650933040614709,0.7664233576642335,0.4666666666666667,0.358974358974359,0.6666666666666666,0.5945945945945946,0.2857142857142857,0.2033898305084746,0.48
1528,15,0.15,9,0.05,0.7,sqrt,0.8168654173764907,0.8276783328880577,0.8063508589276418,0.8501646542261251,0.7737226277372263,0.4745762711864407,0.3684210526315789,0.6666666666666666,0.6081081081081081,0.40816326530612246,0.273972602739726,0.8
1529,15,0.15,9,0.05,0.7,log2,0.7822260079500284,0.7875934644142897,0.7948574622694242,0.7804610318331504,0.7664233576642335,0.4666666666666667,0.358974358974359,0.6666666666666666,0.6216216216216216,0.4166666666666667,0.28169014084507044,0.8
1530,15,0.15,9,0.1,0.3,sqrt,0.645655877342419,0.6542936288088642,0.6605145413870246,0.6481888035126235,0.5912408759124088,0.2631578947368421,0.18181818181818182,0.47619047619047616,0.527027027027027,0.33962264150943394,0.2222222222222222,0.72
1531,15,0.15,9,0.1,0.3,log2,0.75809199318569,0.7848484848484848,0.7268475210477081,0.8529088913282108,0.656934306569343,0.38961038961038963,0.26785714285714285,0.7142857142857143,0.4864864864864865,0.2830188679245283,0.18518518518518517,0.6
1532,15,0.15,9,0.1,0.4,sqrt,0.7174900624645087,0.7414912964406339,0.7039960532807104,0.783205268935236,0.6277372262773723,0.37037037037037035,0.25,0.7142857142857143,0.49324324324324326,0.27184466019417475,0.1794871794871795,0.56
1533,15,0.15,9,0.1,0.4,log2,0.6465076660988075,0.6548378153590241,0.661624649859944,0.6481888035126235,0.6058394160583942,0.2702702702702703,0.18867924528301888,0.47619047619047616,0.527027027027027,0.33962264150943394,0.2222222222222222,0.72
1534,15,0.15,9,0.1,0.5,sqrt,0.6649630891538898,0.6668548842461886,0.6866279069767441,0.6481888035126235,0.635036496350365,0.2857142857142857,0.20408163265306123,0.47619047619047616,0.5675675675675675,0.36,0.24,0.72
1535,15,0.15,9,0.1,0.5,log2,0.7379329926178307,0.7715911902994308,0.7025687246507436,0.8556531284302964,0.5985401459854015,0.367816091954023,0.24242424242424243,0.7619047619047619,0.5472972972972973,0.3963963963963964,0.2558139534883721,0.88
1536,15,0.15,9,0.1,0.6,sqrt,0.7754116978989211,0.7819134270747174,0.785595567867036,0.7782656421514819,0.7372262773722628,0.4375,0.32558139534883723,0.6666666666666666,0.6351351351351351,0.425531914893617,0.2898550724637681,0.8
1537,15,0.15,9,0.1,0.6,log2,0.7450312322544009,0.7759481037924152,0.7113449222323879,0.8534577387486278,0.635036496350365,0.40476190476190477,0.2698412698412698,0.8095238095238095,0.5135135135135135,0.32075471698113206,0.20987654320987653,0.68
1538,15,0.15,9,0.1,0.7,sqrt,0.7859170925610448,0.7890318970341355,0.8047945205479452,0.7738748627881449,0.7372262773722628,0.4,0.3076923076923077,0.5714285714285714,0.6621621621621622,0.4318181818181818,0.30158730158730157,0.76
1539,15,0.15,9,0.1,0.7,log2,0.7822260079500284,0.7939833467633629,0.7774855339295108,0.8111964873765093,0.7153284671532847,0.417910447761194,0.30434782608695654,0.6666666666666666,0.581081081081081,0.3111111111111111,0.2153846153846154,0.56
1540,15,0.2,3,0.05,0.3,sqrt,0.7512776831345827,0.740521327014218,0.8043758043758044,0.686059275521405,0.7591240875912408,0.42105263157894735,0.3333333333333333,0.5714285714285714,0.6891891891891891,0.4523809523809524,0.3220338983050847,0.76
1541,15,0.2,3,0.05,0.3,log2,0.7058489494605338,0.665374677002584,0.8084772370486656,0.5653128430296378,0.7883211678832117,0.35555555555555557,0.3333333333333333,0.38095238095238093,0.7094594594594594,0.44155844155844154,0.3269230769230769,0.68
1542,15,0.2,3,0.05,0.4,sqrt,0.7458830210107893,0.7411050043390223,0.7834862385321101,0.7030735455543359,0.7299270072992701,0.39344262295081966,0.3,0.5714285714285714,0.6351351351351351,0.3076923076923077,0.22641509433962265,0.48
1543,15,0.2,3,0.05,0.4,log2,0.7847813742191937,0.783675799086758,0.8162901307966707,0.7535675082327113,0.7737226277372263,0.4745762711864407,0.3684210526315789,0.6666666666666666,0.6486486486486487,0.4222222222222222,0.2923076923076923,0.76
1544,15,0.2,3,0.05,0.5,sqrt,0.7663259511641113,0.769403194172037,0.7859187178019462,0.7535675082327113,0.7299270072992701,0.4126984126984127,0.30952380952380953,0.6190476190476191,0.6283783783783784,0.42105263157894735,0.2857142857142857,0.8
1545,15,0.2,3,0.05,0.5,log2,0.7819420783645656,0.7766143106457243,0.8261138613861386,0.7327113062568605,0.8029197080291971,0.509090909090909,0.4117647058823529,0.6666666666666666,0.6756756756756757,0.4418604651162791,0.3114754098360656,0.76
1546,15,0.2,3,0.05,0.6,sqrt,0.7614991482112436,0.7560975609756098,0.8027127003699137,0.7145993413830956,0.7664233576642335,0.4482758620689655,0.35135135135135137,0.6190476190476191,0.6486486486486487,0.4222222222222222,0.2923076923076923,0.76
1547,15,0.2,3,0.05,0.6,log2,0.7396365701306076,0.7306901615271659,0.7858496525584333,0.6827661909989023,0.7226277372262774,0.3870967741935484,0.2926829268292683,0.5714285714285714,0.6824324324324325,0.4470588235294118,0.31666666666666665,0.76
1548,15,0.2,3,0.05,0.7,sqrt,0.7666098807495741,0.759367681498829,0.8136762860727729,0.7118551042810098,0.7664233576642335,0.42857142857142855,0.34285714285714286,0.5714285714285714,0.6418918918918919,0.4175824175824176,0.2878787878787879,0.76
1549,15,0.2,3,0.05,0.7,log2,0.7572402044293015,0.7454599583209288,0.8145738451528952,0.6871569703622393,0.7883211678832117,0.4727272727272727,0.38235294117647056,0.6190476190476191,0.6554054054054054,0.42696629213483145,0.296875,0.76
1550,15,0.2,3,0.1,0.3,sqrt,0.6448040885860307,0.6537503459728757,0.6594081518704634,0.6481888035126235,0.5912408759124088,0.2631578947368421,0.18181818181818182,0.47619047619047616,0.527027027027027,0.33962264150943394,0.2222222222222222,0.72
1551,15,0.2,3,0.1,0.3,log2,0.6445201590005678,0.6535694521306032,0.6590401785714286,0.6481888035126235,0.5912408759124088,0.2631578947368421,0.18181818181818182,0.47619047619047616,0.527027027027027,0.33962264150943394,0.2222222222222222,0.72
1552,15,0.2,3,0.1,0.4,sqrt,0.7703009653605906,0.7748399666017256,0.7859966120835686,0.7639956092206367,0.7372262773722628,0.4,0.3076923076923077,0.5714285714285714,0.6891891891891891,0.4772727272727273,0.3333333333333333,0.84
1553,15,0.2,3,0.1,0.4,log2,0.7495741056218058,0.7771601819100555,0.7200374531835206,0.8441273326015367,0.635036496350365,0.375,0.2542372881355932,0.7142857142857143,0.5608108108108109,0.4036697247706422,0.2619047619047619,0.88
1554,15,0.2,3,0.1,0.5,sqrt,0.7555366269165247,0.7745483110761979,0.7406109163745619,0.8117453347969265,0.6788321167883211,0.40540540540540543,0.2830188679245283,0.7142857142857143,0.5743243243243243,0.4,0.2625,0.84
1555,15,0.2,3,0.1,0.5,log2,0.7348097671777399,0.763184584178499,0.7092365692742696,0.8260153677277717,0.6131386861313869,0.3764705882352941,0.25,0.7619047619047619,0.5405405405405406,0.39285714285714285,0.25287356321839083,0.88
1556,15,0.2,3,0.1,0.6,sqrt,0.8023850085178875,0.8171308460325801,0.7837701612903226,0.8534577387486278,0.7299270072992701,0.463768115942029,0.3333333333333333,0.7619047619047619,0.6081081081081081,0.42,0.28,0.84
1557,15,0.2,3,0.1,0.6,log2,0.7751277683134583,0.7858301784748513,0.7745202558635395,0.7974753018660812,0.7153284671532847,0.417910447761194,0.30434782608695654,0.6666666666666666,0.6148648648648649,0.41237113402061853,0.2777777777777778,0.8
1558,15,0.2,3,0.1,0.7,sqrt,0.8001135718341851,0.8033519553072626,0.8179749715585893,0.7892425905598244,0.7518248175182481,0.43333333333333335,0.3333333333333333,0.6190476190476191,0.6621621621621622,0.4444444444444444,0.3076923076923077,0.8
1559,15,0.2,3,0.1,0.7,log2,0.7367972742759795,0.7406993006993007,0.7552766685681689,0.7266739846322722,0.7226277372262774,0.3870967741935484,0.2926829268292683,0.5714285714285714,0.5743243243243243,0.3368421052631579,0.22857142857142856,0.64
1560,15,0.2,4,0.05,0.3,sqrt,0.6839863713798978,0.6452024226968441,0.7695817490494297,0.5554335894621295,0.7518248175182481,0.37037037037037035,0.30303030303030304,0.47619047619047616,0.6554054054054054,0.3855421686746988,0.27586206896551724,0.64
1561,15,0.2,4,0.05,0.3,log2,0.759511641113004,0.7752719554258424,0.7503852080123267,0.8018660812294183,0.6715328467153284,0.4,0.2777777777777778,0.7142857142857143,0.5608108108108109,0.38095238095238093,0.25,0.8
1562,15,0.2,4,0.05,0.4,sqrt,0.794434980124929,0.8010989010989011,0.801980198019802,0.8002195389681669,0.7664233576642335,0.4838709677419355,0.36585365853658536,0.7142857142857143,0.6486486486486487,0.4583333333333333,0.30985915492957744,0.88
1563,15,0.2,4,0.05,0.4,log2,0.7810902896081772,0.7907734056987789,0.7820719269994633,0.7996706915477497,0.7591240875912408,0.45901639344262296,0.35,0.6666666666666666,0.6013513513513513,0.40404040404040403,0.2702702702702703,0.8
1564,15,0.2,4,0.05,0.5,sqrt,0.7586598523566156,0.76775956284153,0.764417845484222,0.7711306256860593,0.6715328467153284,0.36619718309859156,0.26,0.6190476190476191,0.6081081081081081,0.42,0.28,0.84
1565,15,0.2,4,0.05,0.5,log2,0.8035207268597387,0.8110322228290552,0.8070652173913043,0.8150384193194292,0.7226277372262774,0.40625,0.3023255813953488,0.6190476190476191,0.6216216216216216,0.4166666666666667,0.28169014084507044,0.8
1566,15,0.2,4,0.05,0.6,sqrt,0.7458830210107893,0.7651535030175807,0.7330316742081447,0.8002195389681669,0.6277372262773723,0.37037037037037035,0.25,0.7142857142857143,0.5878378378378378,0.4077669902912621,0.2692307692307692,0.84
1567,15,0.2,4,0.05,0.6,log2,0.7773992049971608,0.7740634005763689,0.8149271844660194,0.7371020856201976,0.7737226277372263,0.43636363636363634,0.35294117647058826,0.5714285714285714,0.6486486486486487,0.4222222222222222,0.2923076923076923,0.76
1568,15,0.2,4,0.05,0.7,sqrt,0.8035207268597387,0.8085224128389596,0.8152901785714286,0.8018660812294183,0.781021897810219,0.4827586206896552,0.3783783783783784,0.6666666666666666,0.6554054054054054,0.42696629213483145,0.296875,0.76
1569,15,0.2,4,0.05,0.7,log2,0.813458262350937,0.8184581376070738,0.8241513633834168,0.8128430296377607,0.7956204379562044,0.5,0.4,0.6666666666666666,0.6554054054054054,0.41379310344827586,0.2903225806451613,0.72
1570,15,0.2,4,0.1,0.3,sqrt,0.6445201590005678,0.6535694521306032,0.6590401785714286,0.6481888035126235,0.5912408759124088,0.2631578947368421,0.18181818181818182,0.47619047619047616,0.527027027027027,0.33962264150943394,0.2222222222222222,0.72
1571,15,0.2,4,0.1,0.3,log2,0.6448040885860307,0.6535585710329549,0.6595863610955841,0.6476399560922064,0.5912408759124088,0.2631578947368421,0.18181818181818182,0.47619047619047616,0.527027027027027,0.33962264150943394,0.2222222222222222,0.72
1572,15,0.2,4,0.1,0.4,sqrt,0.7004542873367405,0.6853563972561885,0.7504898758981058,0.6306256860592755,0.6788321167883211,0.3125,0.23255813953488372,0.47619047619047616,0.6621621621621622,0.4318181818181818,0.30158730158730157,0.76
1573,15,0.2,4,0.1,0.4,log2,0.69534355479841,0.7160624503836994,0.6913643331630046,0.7425905598243688,0.6204379562043796,0.3333333333333333,0.22807017543859648,0.6190476190476191,0.5472972972972973,0.37383177570093457,0.24390243902439024,0.8
1574,15,0.2,4,0.1,0.5,sqrt,0.7538330494037478,0.7736883320281911,0.7376804380288701,0.8133918770581778,0.6715328467153284,0.43037974683544306,0.29310344827586204,0.8095238095238095,0.527027027027027,0.2857142857142857,0.1917808219178082,0.56
1575,15,0.2,4,0.1,0.5,log2,0.7402044293015332,0.7627689914441276,0.7228501228501228,0.8073545554335895,0.656934306569343,0.38961038961038963,0.26785714285714285,0.7142857142857143,0.5540540540540541,0.34,0.22666666666666666,0.68
1576,15,0.2,4,0.1,0.6,sqrt,0.7918796138557638,0.8094619183779569,0.7688888888888888,0.8545554335894622,0.7226277372262774,0.45714285714285713,0.32653061224489793,0.7619047619047619,0.6013513513513513,0.4158415841584158,0.27631578947368424,0.84
1577,15,0.2,4,0.1,0.6,log2,0.7793867120954003,0.7955801104972375,0.764022233451238,0.8298572996706916,0.6715328467153284,0.3835616438356164,0.2692307692307692,0.6666666666666666,0.5945945945945946,0.4117647058823529,0.2727272727272727,0.84
1578,15,0.2,4,0.1,0.7,sqrt,0.7921635434412265,0.7963272120200334,0.8075620767494357,0.7854006586169044,0.7737226277372263,0.4918032786885246,0.375,0.7142857142857143,0.668918918918919,0.449438202247191,0.3125,0.8
1579,15,0.2,4,0.1,0.7,log2,0.7856331629755821,0.7950040727667662,0.7866738312735089,0.8035126234906695,0.7299270072992701,0.4307692307692308,0.3181818181818182,0.6666666666666666,0.6081081081081081,0.40816326530612246,0.273972602739726,0.8
1580,15,0.2,5,0.05,0.3,sqrt,0.712947189097104,0.7493181254649145,0.6834011759384894,0.8293084522502744,0.5474452554744526,0.32608695652173914,0.2112676056338028,0.7142857142857143,0.5202702702702703,0.3826086956521739,0.24444444444444444,0.88
1581,15,0.2,5,0.05,0.3,log2,0.74190800681431,0.7292225201072386,0.7973941368078176,0.6717892425905598,0.7664233576642335,0.4666666666666667,0.358974358974359,0.6666666666666666,0.6824324324324325,0.4470588235294118,0.31666666666666665,0.76
1582,15,0.2,5,0.05,0.4,sqrt,0.769733106189665,0.771742189698846,0.7920277296360485,0.752469813391877,0.7372262773722628,0.4375,0.32558139534883723,0.6666666666666666,0.6486486486486487,0.43478260869565216,0.29850746268656714,0.8
1583,15,0.2,5,0.05,0.4,log2,0.7612152186257808,0.7534447376136031,0.8086847073631215,0.7052689352360044,0.7737226277372263,0.45614035087719296,0.3611111111111111,0.6190476190476191,0.6486486486486487,0.4222222222222222,0.2923076923076923,0.76
1584,15,0.2,5,0.05,0.5,sqrt,0.7566723452583759,0.7518100202722271,0.7958307786633967,0.712403951701427,0.7518248175182481,0.43333333333333335,0.3333333333333333,0.6190476190476191,0.6283783783783784,0.42105263157894735,0.2857142857142857,0.8
1585,15,0.2,5,0.05,0.5,log2,0.7768313458262351,0.7743972445464983,0.8116726835138387,0.7403951701427003,0.781021897810219,0.4827586206896552,0.3783783783783784,0.6666666666666666,0.6621621621621622,0.4318181818181818,0.30158730158730157,0.76
1586,15,0.2,5,0.05,0.6,sqrt,0.752129471890971,0.7494978479196557,0.7853277209861695,0.716794731064764,0.7226277372262774,0.3870967741935484,0.2926829268292683,0.5714285714285714,0.6418918918918919,0.4175824175824176,0.2878787878787879,0.76
1587,15,0.2,5,0.05,0.6,log2,0.7754116978989211,0.7839388145315488,0.7803153887982599,0.787596048298573,0.7372262773722628,0.4375,0.32558139534883723,0.6666666666666666,0.6351351351351351,0.4375,0.29577464788732394,0.84
1588,15,0.2,5,0.05,0.7,sqrt,0.7646223736513345,0.7772104273044881,0.7614533965244866,0.7936333699231614,0.6496350364963503,0.3333333333333333,0.23529411764705882,0.5714285714285714,0.5945945945945946,0.4,0.26666666666666666,0.8
1589,15,0.2,5,0.05,0.7,log2,0.7700170357751278,0.7624633431085044,0.818639798488665,0.7135016465422612,0.7883211678832117,0.4727272727272727,0.38235294117647056,0.6190476190476191,0.668918918918919,0.449438202247191,0.3125,0.8
1590,15,0.2,5,0.1,0.3,sqrt,0.6448040885860307,0.6535585710329549,0.6595863610955841,0.6476399560922064,0.5912408759124088,0.2631578947368421,0.18181818181818182,0.47619047619047616,0.527027027027027,0.33962264150943394,0.2222222222222222,0.72
1591,15,0.2,5,0.1,0.3,log2,0.6360022714366838,0.6478021978021978,0.6485148514851485,0.6470911086717892,0.5912408759124088,0.2631578947368421,0.18181818181818182,0.47619047619047616,0.5135135135135135,0.3333333333333333,0.21686746987951808,0.72
1592,15,0.2,5,0.1,0.4,sqrt,0.7373651334469051,0.7593026281550872,0.7219198416625433,0.8007683863885839,0.6277372262773723,0.37037037037037035,0.25,0.7142857142857143,0.5135135135135135,0.28,0.18666666666666668,0.56
1593,15,0.2,5,0.1,0.4,log2,0.6601362862010222,0.6636695701039618,0.6799078871617732,0.6481888035126235,0.6204379562043796,0.2777777777777778,0.19607843137254902,0.47619047619047616,0.5472972972972973,0.34951456310679613,0.23076923076923078,0.72
1594,15,0.2,5,0.1,0.5,sqrt,0.7197614991482112,0.7495559502664298,0.6970268994808873,0.8106476399560922,0.5985401459854015,0.35294117647058826,0.234375,0.7142857142857143,0.527027027027027,0.38596491228070173,0.24719101123595505,0.88
1595,15,0.2,5,0.1,0.5,log2,0.7563884156729132,0.7617990005552471,0.7707865168539326,0.7530186608122942,0.7226277372262774,0.42424242424242425,0.3111111111111111,0.6666666666666666,0.6283783783783784,0.42105263157894735,0.2857142857142857,0.8
1596,15,0.2,5,0.1,0.6,sqrt,0.7816581487791028,0.7935570469798657,0.7766684182869154,0.8111964873765093,0.6934306569343066,0.4166666666666667,0.29411764705882354,0.7142857142857143,0.6351351351351351,0.425531914893617,0.2898550724637681,0.8
1597,15,0.2,5,0.1,0.6,log2,0.7896081771720613,0.7926112510495382,0.80868075385494,0.7771679473106476,0.7883211678832117,0.49122807017543857,0.3888888888888889,0.6666666666666666,0.6486486486486487,0.4222222222222222,0.2923076923076923,0.76
1598,15,0.2,5,0.1,0.7,sqrt,0.7881885292447472,0.7957283680175247,0.7939890710382513,0.7974753018660812,0.7445255474452555,0.4444444444444444,0.3333333333333333,0.6666666666666666,0.6148648648648649,0.41237113402061853,0.2777777777777778,0.8
1599,15,0.2,5,0.1,0.7,log2,0.7603634298693924,0.7604994324631101,0.7873090481786134,0.7354555433589463,0.7299270072992701,0.3728813559322034,0.2894736842105263,0.5238095238095238,0.6283783783783784,0.367816091954023,0.25806451612903225,0.64
1600,15,0.2,6,0.05,0.3,sqrt,0.69534355479841,0.6857979502196193,0.7350910232266165,0.6427003293084522,0.7007299270072993,0.32786885245901637,0.25,0.47619047619047616,0.5945945945945946,0.3617021276595745,0.2463768115942029,0.68
1601,15,0.2,6,0.05,0.3,log2,0.7058489494605338,0.6963657678780774,0.7471698113207547,0.6520307354555434,0.6934306569343066,0.36363636363636365,0.26666666666666666,0.5714285714285714,0.6891891891891891,0.46511627906976744,0.32786885245901637,0.8
1602,15,0.2,6,0.05,0.4,sqrt,0.728847245883021,0.7307583873696081,0.7513043478260869,0.7113062568605928,0.6788321167883211,0.37142857142857144,0.2653061224489796,0.6190476190476191,0.581081081081081,0.3111111111111111,0.2153846153846154,0.56
1603,15,0.2,6,0.05,0.4,log2,0.782793867120954,0.7914963205233033,0.7861396859772605,0.7969264544456641,0.7153284671532847,0.4,0.29545454545454547,0.6190476190476191,0.5608108108108109,0.3010752688172043,0.20588235294117646,0.56
1604,15,0.2,6,0.05,0.5,sqrt,0.759511641113004,0.7593066211992043,0.7872716558632882,0.7332601536772777,0.7445255474452555,0.4262295081967213,0.325,0.6190476190476191,0.6283783783783784,0.4329896907216495,0.2916666666666667,0.84
1605,15,0.2,6,0.05,0.5,log2,0.7626348665530949,0.7727025557368135,0.765625,0.7799121844127332,0.6788321167883211,0.3888888888888889,0.27450980392156865,0.6666666666666666,0.6013513513513513,0.40404040404040403,0.2702702702702703,0.8
1606,15,0.2,6,0.05,0.6,sqrt,0.8029528676888131,0.8005747126436782,0.8401688781664656,0.7645444566410537,0.7883211678832117,0.4727272727272727,0.38235294117647056,0.6190476190476191,0.6891891891891891,0.4523809523809524,0.3220338983050847,0.76
1607,15,0.2,6,0.05,0.6,log2,0.75809199318569,0.7609427609427609,0.7784156142365097,0.7442371020856202,0.7445255474452555,0.46153846153846156,0.3409090909090909,0.7142857142857143,0.6418918918918919,0.4421052631578947,0.3,0.84
1608,15,0.2,6,0.05,0.7,sqrt,0.7549687677455991,0.7493465001452222,0.7958050586057989,0.70801317233809,0.7737226277372263,0.45614035087719296,0.3611111111111111,0.6190476190476191,0.6486486486486487,0.43478260869565216,0.29850746268656714,0.8
1609,15,0.2,6,0.05,0.7,log2,0.7938671209540034,0.7990033222591362,0.806145251396648,0.79198682766191,0.7518248175182481,0.45161290322580644,0.34146341463414637,0.6666666666666666,0.6283783783783784,0.4329896907216495,0.2916666666666667,0.84
1610,15,0.2,6,0.1,0.3,sqrt,0.626916524701874,0.6362126245847176,0.6418994413407821,0.6306256860592755,0.583941605839416,0.2597402597402597,0.17857142857142858,0.47619047619047616,0.4594594594594595,0.24528301886792453,0.16049382716049382,0.52
1611,15,0.2,6,0.1,0.3,log2,0.6723452583759227,0.6865833785985878,0.6795698924731183,0.6937431394072447,0.6204379562043796,0.2972972972972973,0.20754716981132076,0.5238095238095238,0.5337837837837838,0.34285714285714286,0.225,0.72
1612,15,0.2,6,0.1,0.4,sqrt,0.6919363997728564,0.6828412744811458,0.7304565353345841,0.6410537870472008,0.6861313868613139,0.21818181818181817,0.17647058823529413,0.2857142857142857,0.6013513513513513,0.3917525773195876,0.2638888888888889,0.76
1613,15,0.2,6,0.1,0.4,log2,0.6964792731402613,0.7137884872824631,0.6968112911657083,0.7316136114160263,0.6058394160583942,0.3076923076923077,0.21052631578947367,0.5714285714285714,0.5202702702702703,0.3106796116504854,0.20512820512820512,0.64
1614,15,0.2,6,0.1,0.5,sqrt,0.7348097671777399,0.7527792482795129,0.7269938650306749,0.7804610318331504,0.6423357664233577,0.36363636363636365,0.25,0.6666666666666666,0.581081081081081,0.41509433962264153,0.2716049382716049,0.88
1615,15,0.2,6,0.1,0.5,log2,0.7768313458262351,0.789049919484702,0.7720588235294118,0.8068057080131723,0.6788321167883211,0.40540540540540543,0.2830188679245283,0.7142857142857143,0.5608108108108109,0.3157894736842105,0.21428571428571427,0.6
1616,15,0.2,6,0.1,0.6,sqrt,0.7955706984667802,0.8020890599230346,0.8034140969162996,0.8007683863885839,0.7299270072992701,0.4307692307692308,0.3181818181818182,0.6666666666666666,0.6351351351351351,0.425531914893617,0.2898550724637681,0.8
1617,15,0.2,6,0.1,0.6,log2,0.7470187393526405,0.7708922602211365,0.7252056119980649,0.822722283205269,0.6277372262773723,0.4,0.265625,0.8095238095238095,0.5472972972972973,0.3853211009174312,0.25,0.84
1618,15,0.2,6,0.1,0.7,sqrt,0.7538330494037478,0.7678714859437751,0.7496079456351281,0.7870472008781558,0.6715328467153284,0.3835616438356164,0.2692307692307692,0.6666666666666666,0.5608108108108109,0.32989690721649484,0.2222222222222222,0.64
1619,15,0.2,6,0.1,0.7,log2,0.7754116978989211,0.793418647166362,0.7568510214250125,0.8336992316136114,0.7007299270072993,0.4225352112676056,0.3,0.7142857142857143,0.581081081081081,0.41509433962264153,0.2716049382716049,0.88
1620,15,0.2,7,0.05,0.3,sqrt,0.7467348097671778,0.7474518686296716,0.7719298245614035,0.7244785949506037,0.6934306569343066,0.38235294117647056,0.2765957446808511,0.6190476190476191,0.6351351351351351,0.41304347826086957,0.2835820895522388,0.76
1621,15,0.2,7,0.05,0.3,log2,0.6663827370812039,0.630154233553667,0.7387453874538745,0.5493962678375411,0.708029197080292,0.25925925925925924,0.21212121212121213,0.3333333333333333,0.6351351351351351,0.4,0.27692307692307694,0.72
1622,15,0.2,7,0.05,0.4,sqrt,0.7518455423055083,0.7608100711548987,0.7587336244541485,0.7628979143798024,0.6715328467153284,0.36619718309859156,0.26,0.6190476190476191,0.5405405405405406,0.2916666666666667,0.19718309859154928,0.56
1623,15,0.2,7,0.05,0.4,log2,0.7671777399204998,0.7795698924731183,0.7639620653319283,0.7958287596048299,0.6861313868613139,0.39436619718309857,0.28,0.6666666666666666,0.6013513513513513,0.4158415841584158,0.27631578947368424,0.84
1624,15,0.2,7,0.05,0.5,sqrt,0.7782509937535491,0.7743426755273043,0.8175716900549115,0.7354555433589463,0.7591240875912408,0.4406779661016949,0.34210526315789475,0.6190476190476191,0.6621621621621622,0.4444444444444444,0.3076923076923077,0.8
1625,15,0.2,7,0.05,0.5,log2,0.7768313458262351,0.7751716247139588,0.8094384707287933,0.743688254665203,0.7664233576642335,0.4666666666666667,0.358974358974359,0.6666666666666666,0.6486486486486487,0.4222222222222222,0.2923076923076923,0.76
1626,15,0.2,7,0.05,0.6,sqrt,0.7904599659284497,0.7954545454545454,0.803471444568869,0.787596048298573,0.7445255474452555,0.4444444444444444,0.3333333333333333,0.6666666666666666,0.6351351351351351,0.425531914893617,0.2898550724637681,0.8
1627,15,0.2,7,0.05,0.6,log2,0.7512776831345827,0.7550335570469798,0.7696693272519954,0.7409440175631175,0.7226277372262774,0.40625,0.3023255813953488,0.6190476190476191,0.6283783783783784,0.42105263157894735,0.2857142857142857,0.8
1628,15,0.2,7,0.05,0.7,sqrt,0.8222600795002839,0.8257238307349666,0.8378531073446328,0.813940724478595,0.7883211678832117,0.49122807017543857,0.3888888888888889,0.6666666666666666,0.6891891891891891,0.46511627906976744,0.32786885245901637,0.8
1629,15,0.2,7,0.05,0.7,log2,0.7444633730834753,0.7374562427071178,0.7870485678704857,0.6937431394072447,0.7591240875912408,0.4406779661016949,0.34210526315789475,0.6190476190476191,0.581081081081081,0.29545454545454547,0.20634920634920634,0.52
1630,15,0.2,7,0.1,0.3,sqrt,0.7331061896649631,0.763700351935646,0.7045454545454546,0.8336992316136114,0.6131386861313869,0.345679012345679,0.23333333333333334,0.6666666666666666,0.5337837837837838,0.3783783783783784,0.2441860465116279,0.84
1631,15,0.2,7,0.1,0.3,log2,0.6445201590005678,0.6535694521306032,0.6590401785714286,0.6481888035126235,0.5912408759124088,0.2631578947368421,0.18181818181818182,0.47619047619047616,0.527027027027027,0.33962264150943394,0.2222222222222222,0.72
1632,15,0.2,7,0.1,0.4,sqrt,0.6584327086882453,0.6608401466027629,0.6794202898550724,0.6432491767288694,0.6204379562043796,0.2777777777777778,0.19607843137254902,0.47619047619047616,0.5540540540540541,0.35294117647058826,0.23376623376623376,0.72
1633,15,0.2,7,0.1,0.4,log2,0.6448040885860307,0.6537503459728757,0.6594081518704634,0.6481888035126235,0.5912408759124088,0.2631578947368421,0.18181818181818182,0.47619047619047616,0.5337837837837838,0.34285714285714286,0.225,0.72
1634,15,0.2,7,0.1,0.5,sqrt,0.7424758659852356,0.7686814588115277,0.7179609337779895,0.827113062568606,0.6204379562043796,0.36585365853658536,0.2459016393442623,0.7142857142857143,0.5405405405405406,0.39285714285714285,0.25287356321839083,0.88
1635,15,0.2,7,0.1,0.5,log2,0.7331061896649631,0.7623862487360971,0.7066541705716963,0.827661909989023,0.6058394160583942,0.37209302325581395,0.24615384615384617,0.7619047619047619,0.527027027027027,0.38596491228070173,0.24719101123595505,0.88
1636,15,0.2,7,0.1,0.6,sqrt,0.7597955706984668,0.7632904308897593,0.7785388127853882,0.7486278814489572,0.7445255474452555,0.46153846153846156,0.3409090909090909,0.7142857142857143,0.6283783783783784,0.42105263157894735,0.2857142857142857,0.8
1637,15,0.2,7,0.1,0.6,log2,0.7941510505394662,0.80865663763526,0.7788510421962379,0.8408342480790341,0.6861313868613139,0.410958904109589,0.28846153846153844,0.7142857142857143,0.5405405405405406,0.2916666666666667,0.19718309859154928,0.56
1638,15,0.2,7,0.1,0.7,sqrt,0.8057921635434412,0.8183749336165693,0.7926954732510288,0.8457738748627881,0.7299270072992701,0.4307692307692308,0.3181818181818182,0.6666666666666666,0.6013513513513513,0.40404040404040403,0.2702702702702703,0.8
1639,15,0.2,7,0.1,0.7,log2,0.7853492333901193,0.7932166301969366,0.7906215921483097,0.7958287596048299,0.7153284671532847,0.4,0.29545454545454547,0.6190476190476191,0.6283783783783784,0.42105263157894735,0.2857142857142857,0.8
1640,15,0.2,8,0.05,0.3,sqrt,0.6768881317433276,0.6627148784825133,0.720360824742268,0.6136114160263447,0.6715328467153284,0.34782608695652173,0.25,0.5714285714285714,0.6148648648648649,0.3448275862068966,0.24193548387096775,0.6
1641,15,0.2,8,0.05,0.3,log2,0.7921635434412265,0.7918088737201365,0.8217237308146399,0.7639956092206367,0.7591240875912408,0.4406779661016949,0.34210526315789475,0.6190476190476191,0.668918918918919,0.4367816091954023,0.3064516129032258,0.76
1642,15,0.2,8,0.05,0.4,sqrt,0.7859170925610448,0.7896205357142857,0.8030646992054483,0.7766190998902305,0.7299270072992701,0.4307692307692308,0.3181818181818182,0.6666666666666666,0.6418918918918919,0.4421052631578947,0.3,0.84
1643,15,0.2,8,0.05,0.4,log2,0.7793867120954003,0.783625730994152,0.7953646127755795,0.7722283205268935,0.7299270072992701,0.4126984126984127,0.30952380952380953,0.6190476190476191,0.6486486486486487,0.43478260869565216,0.29850746268656714,0.8
1644,15,0.2,8,0.05,0.5,sqrt,0.7484383872799546,0.7391048292108363,0.7973316391359594,0.6888035126234907,0.8029197080291971,0.49056603773584906,0.40625,0.6190476190476191,0.6756756756756757,0.4418604651162791,0.3114754098360656,0.76
1645,15,0.2,8,0.05,0.5,log2,0.7365133446905168,0.7385915492957746,0.7586805555555556,0.7195389681668496,0.7226277372262774,0.42424242424242425,0.3111111111111111,0.6666666666666666,0.6216216216216216,0.4166666666666667,0.28169014084507044,0.8
1646,15,0.2,8,0.05,0.6,sqrt,0.7688813174332766,0.7774740295243302,0.7745098039215687,0.7804610318331504,0.7153284671532847,0.4,0.29545454545454547,0.6190476190476191,0.6148648648648649,0.41237113402061853,0.2777777777777778,0.8
1647,15,0.2,8,0.05,0.6,log2,0.7453151618398637,0.7432006870884627,0.7767803710353082,0.712403951701427,0.7153284671532847,0.38095238095238093,0.2857142857142857,0.5714285714285714,0.5743243243243243,0.25882352941176473,0.18333333333333332,0.44
1648,15,0.2,8,0.05,0.7,sqrt,0.7907438955139126,0.7954482375797947,0.8046041549691185,0.7864983534577388,0.7591240875912408,0.45901639344262296,0.35,0.6666666666666666,0.6283783783783784,0.42105263157894735,0.2857142857142857,0.8
1649,15,0.2,8,0.05,0.7,log2,0.807495741056218,0.8094435075885329,0.8294930875576036,0.7903402854006586,0.781021897810219,0.4642857142857143,0.37142857142857144,0.6190476190476191,0.6756756756756757,0.4418604651162791,0.3114754098360656,0.76
1650,15,0.2,8,0.1,0.3,sqrt,0.6439522998296422,0.6528239202657807,0.658659217877095,0.6470911086717892,0.5912408759124088,0.2631578947368421,0.18181818181818182,0.47619047619047616,0.527027027027027,0.33962264150943394,0.2222222222222222,0.72
1651,15,0.2,8,0.1,0.3,log2,0.6448040885860307,0.6537503459728757,0.6594081518704634,0.6481888035126235,0.5912408759124088,0.2631578947368421,0.18181818181818182,0.47619047619047616,0.527027027027027,0.33962264150943394,0.2222222222222222,0.72
1652,15,0.2,8,0.1,0.4,sqrt,0.6470755252697331,0.6552011095700416,0.662366797532249,0.6481888035126235,0.5985401459854015,0.26666666666666666,0.18518518518518517,0.47619047619047616,0.5337837837837838,0.34285714285714286,0.225,0.72
1653,15,0.2,8,0.1,0.4,log2,0.7311186825667234,0.7521591206490448,0.7188594297148574,0.7886937431394072,0.635036496350365,0.375,0.2542372881355932,0.7142857142857143,0.5608108108108109,0.3925233644859813,0.25609756097560976,0.84
1654,15,0.2,8,0.1,0.5,sqrt,0.7243043725156161,0.7473328129065834,0.7105393369619001,0.7881448957189902,0.6277372262773723,0.37037037037037035,0.25,0.7142857142857143,0.5540540540540541,0.4,0.25882352941176473,0.88
1655,15,0.2,8,0.1,0.5,log2,0.739068710959682,0.7672828564193467,0.7122708039492243,0.8315038419319429,0.6131386861313869,0.3764705882352941,0.25,0.7619047619047619,0.5472972972972973,0.3963963963963964,0.2558139534883721,0.88
1656,15,0.2,8,0.1,0.6,sqrt,0.797274275979557,0.8128930817610063,0.7778335005015045,0.8512623490669594,0.708029197080292,0.42857142857142855,0.30612244897959184,0.7142857142857143,0.5945945945945946,0.3877551020408163,0.2602739726027397,0.76
1657,15,0.2,8,0.1,0.6,log2,0.7822260079500284,0.8052805280528053,0.7491733585262164,0.8704720087815587,0.6861313868613139,0.44155844155844154,0.30357142857142855,0.8095238095238095,0.5743243243243243,0.4,0.2625,0.84
1658,15,0.2,8,0.1,0.7,sqrt,0.7859170925610448,0.7937636761487965,0.7911668484187568,0.796377607025247,0.7372262773722628,0.45454545454545453,0.3333333333333333,0.7142857142857143,0.6216216216216216,0.42857142857142855,0.2876712328767123,0.84
1659,15,0.2,8,0.1,0.7,log2,0.779954571266326,0.7905971359092138,0.778605641298563,0.8029637760702525,0.7153284671532847,0.417910447761194,0.30434782608695654,0.6666666666666666,0.6148648648648649,0.41237113402061853,0.2777777777777778,0.8
1660,15,0.2,9,0.05,0.3,sqrt,0.7691652470187393,0.7759713419674842,0.7791920309905921,0.7727771679473107,0.7153284671532847,0.417910447761194,0.30434782608695654,0.6666666666666666,0.6283783783783784,0.42105263157894735,0.2857142857142857,0.8
1661,15,0.2,9,0.05,0.3,log2,0.7024417944349801,0.665389527458493,0.7954198473282442,0.5718990120746432,0.7518248175182481,0.39285714285714285,0.3142857142857143,0.5238095238095238,0.722972972972973,0.4225352112676056,0.32608695652173914,0.6
1662,15,0.2,9,0.05,0.4,sqrt,0.740488358886996,0.7393040501996577,0.7695961995249406,0.7113062568605928,0.6934306569343066,0.36363636363636365,0.26666666666666666,0.5714285714285714,0.6351351351351351,0.425531914893617,0.2898550724637681,0.8
1663,15,0.2,9,0.05,0.4,log2,0.7773992049971608,0.773802654356607,0.8156934306569343,0.7360043907793633,0.7664233576642335,0.42857142857142855,0.34285714285714286,0.5714285714285714,0.6486486486486487,0.4222222222222222,0.2923076923076923,0.76
1664,15,0.2,9,0.05,0.5,sqrt,0.7569562748438388,0.7515960533952408,0.7974137931034483,0.7107574094401756,0.7445255474452555,0.4262295081967213,0.325,0.6190476190476191,0.6351351351351351,0.41304347826086957,0.2835820895522388,0.76
1665,15,0.2,9,0.05,0.5,log2,0.7782509937535491,0.7849077389148995,0.7877280265339967,0.7821075740944018,0.7226277372262774,0.40625,0.3023255813953488,0.6190476190476191,0.6351351351351351,0.425531914893617,0.2898550724637681,0.8
1666,15,0.2,9,0.05,0.6,sqrt,0.752129471890971,0.7514944491887275,0.7806031933767001,0.7244785949506037,0.7518248175182481,0.45161290322580644,0.34146341463414637,0.6666666666666666,0.6351351351351351,0.41304347826086957,0.2835820895522388,0.76
1667,15,0.2,9,0.05,0.6,log2,0.7844974446337308,0.7900414937759336,0.7964305633017289,0.7837541163556532,0.7226277372262774,0.40625,0.3023255813953488,0.6190476190476191,0.6756756756756757,0.4666666666666667,0.3230769230769231,0.84
1668,15,0.2,9,0.05,0.7,sqrt,0.7614991482112436,0.7529411764705882,0.8111533586818758,0.7025246981339188,0.7664233576642335,0.42857142857142855,0.34285714285714286,0.5714285714285714,0.6621621621621622,0.4318181818181818,0.30158730158730157,0.76
1669,15,0.2,9,0.05,0.7,log2,0.7518455423055083,0.7482718894009217,0.7872727272727272,0.7129527991218442,0.7299270072992701,0.39344262295081966,0.3,0.5714285714285714,0.6351351351351351,0.425531914893617,0.2898550724637681,0.8
1670,15,0.2,9,0.1,0.3,sqrt,0.6445201590005678,0.6535694521306032,0.6590401785714286,0.6481888035126235,0.5912408759124088,0.2631578947368421,0.18181818181818182,0.47619047619047616,0.527027027027027,0.33962264150943394,0.2222222222222222,0.72
1671,15,0.2,9,0.1,0.3,log2,0.6445201590005678,0.6535694521306032,0.6590401785714286,0.6481888035126235,0.5912408759124088,0.2631578947368421,0.18181818181818182,0.47619047619047616,0.527027027027027,0.33962264150943394,0.2222222222222222,0.72
1672,15,0.2,9,0.1,0.4,sqrt,0.6453719477569563,0.6537288605489326,0.6605042016806723,0.6470911086717892,0.5912408759124088,0.2631578947368421,0.18181818181818182,0.47619047619047616,0.5337837837837838,0.34285714285714286,0.225,0.72
1673,15,0.2,9,0.1,0.4,log2,0.7296990346394094,0.7543859649122807,0.7117818889970788,0.8024149286498353,0.6277372262773723,0.33766233766233766,0.23214285714285715,0.6190476190476191,0.5067567567567568,0.27722772277227725,0.18421052631578946,0.56
1674,15,0.2,9,0.1,0.5,sqrt,0.7685973878478137,0.7791926307233812,0.7693953986088817,0.7892425905598244,0.7299270072992701,0.463768115942029,0.3333333333333333,0.7619047619047619,0.5945945945945946,0.4,0.26666666666666666,0.8
1675,15,0.2,9,0.1,0.5,log2,0.7277115275411697,0.7566607460035524,0.7036337895233601,0.818331503841932,0.6058394160583942,0.35714285714285715,0.23809523809523808,0.7142857142857143,0.5067567567567568,0.3177570093457944,0.2073170731707317,0.68
1676,15,0.2,9,0.1,0.6,sqrt,0.7592277115275412,0.7757800105764145,0.7484693877551021,0.8051591657519209,0.6715328467153284,0.4,0.2777777777777778,0.7142857142857143,0.5743243243243243,0.3883495145631068,0.2564102564102564,0.8
1677,15,0.2,9,0.1,0.6,log2,0.7694491766042022,0.7702320316921336,0.7949766355140186,0.7469813391877058,0.7372262773722628,0.4375,0.32558139534883723,0.6666666666666666,0.6418918918918919,0.43010752688172044,0.29411764705882354,0.8
1678,15,0.2,9,0.1,0.7,sqrt,0.7853492333901193,0.7956756756756757,0.7838125665601704,0.8079034028540066,0.7299270072992701,0.4307692307692308,0.3181818181818182,0.6666666666666666,0.6216216216216216,0.4166666666666667,0.28169014084507044,0.8
1679,15,0.2,9,0.1,0.7,log2,0.7436115843270868,0.7650273224043715,0.7273626917367639,0.8068057080131723,0.6277372262773723,0.37037037037037035,0.25,0.7142857142857143,0.5608108108108109,0.38095238095238093,0.25,0.8
