SIM,n_estimators,min_samples_split,max_depth,min_samples_leaf,max_samples,max_features,acc_train,f1_train,prec_train,rec_train,acc_val,f1_val,prec_val,rec_val,acc_test,f1_test,prec_test,rec_test
0,5,0.05,3,0.05,0.3,sqrt,0.7120699940345994,0.6930902924968206,0.7594054807245704,0.6374269005847953,0.6580310880829016,0.23255813953488372,0.2,0.2777777777777778,0.6293103448275862,0.4691358024691358,0.4470588235294118,0.4935064935064935
1,5,0.05,3,0.05,0.3,log2,0.7568104991051899,0.7472618309568092,0.7950747581354441,0.7048732943469785,0.6528497409326425,0.32323232323232326,0.25396825396825395,0.4444444444444444,0.7413793103448276,0.6808510638297872,0.5765765765765766,0.8311688311688312
2,5,0.05,3,0.05,0.4,sqrt,0.7178365480214755,0.6993006993006993,0.766016713091922,0.6432748538011696,0.689119170984456,0.3023255813953488,0.26,0.3611111111111111,0.5775862068965517,0.25757575757575757,0.3090909090909091,0.22077922077922077
3,5,0.05,3,0.05,0.4,log2,0.7584012726188109,0.745336407461748,0.8059836808703535,0.69317738791423,0.7202072538860104,0.38636363636363635,0.3269230769230769,0.4722222222222222,0.5991379310344828,0.3111111111111111,0.3620689655172414,0.2727272727272727
4,5,0.05,3,0.05,0.5,sqrt,0.7279777291708093,0.6980132450331126,0.8045801526717558,0.6163742690058479,0.6787564766839378,0.20512820512820512,0.19047619047619047,0.2222222222222222,0.6163793103448276,0.2764227642276423,0.3695652173913043,0.22077922077922077
5,5,0.05,3,0.05,0.5,log2,0.7715251541061842,0.7568253968253968,0.8277777777777777,0.6970760233918128,0.689119170984456,0.23076923076923078,0.21428571428571427,0.25,0.6939655172413793,0.5234899328859061,0.5416666666666666,0.5064935064935064
6,5,0.05,3,0.05,0.6,sqrt,0.7512427918075164,0.7335463258785943,0.8084507042253521,0.6713450292397661,0.7046632124352331,0.3595505617977528,0.3018867924528302,0.4444444444444444,0.6939655172413793,0.5419354838709678,0.5384615384615384,0.5454545454545454
7,5,0.05,3,0.05,0.6,log2,0.7293696559952276,0.7026436530478479,0.7992047713717694,0.6269005847953216,0.7875647668393783,0.4533333333333333,0.4358974358974359,0.4722222222222222,0.6896551724137931,0.4857142857142857,0.5396825396825397,0.44155844155844154
8,5,0.05,3,0.05,0.7,sqrt,0.7605885862000398,0.7481171548117155,0.8072234762979684,0.6970760233918128,0.6580310880829016,0.21428571428571427,0.1875,0.25,0.646551724137931,0.5119047619047619,0.4725274725274725,0.5584415584415584
9,5,0.05,3,0.05,0.7,log2,0.788029429310002,0.7811088295687885,0.8251626898047723,0.7415204678362574,0.6787564766839378,0.24390243902439024,0.21739130434782608,0.2777777777777778,0.6077586206896551,0.32592592592592595,0.3793103448275862,0.2857142857142857
10,5,0.05,3,0.1,0.3,sqrt,0.6333267051103599,0.6053082191780822,0.6710963455149501,0.5512670565302145,0.5906735751295337,0.16842105263157894,0.13559322033898305,0.2222222222222222,0.5603448275862069,0.23880597014925373,0.2807017543859649,0.2077922077922078
11,5,0.05,3,0.1,0.3,log2,0.6573871545038775,0.6606263541461493,0.6675955414012739,0.6538011695906433,0.5958549222797928,0.25,0.19117647058823528,0.3611111111111111,0.521551724137931,0.26490066225165565,0.2702702702702703,0.2597402597402597
12,5,0.05,3,0.1,0.4,sqrt,0.6890037780870949,0.6926100628930818,0.6983749504558066,0.6869395711500975,0.6217616580310881,0.3047619047619048,0.2318840579710145,0.4444444444444444,0.6594827586206896,0.5269461077844312,0.4888888888888889,0.5714285714285714
13,5,0.05,3,0.1,0.4,log2,0.7051103599125075,0.6974086921036523,0.7315924657534246,0.6662768031189084,0.6528497409326425,0.34951456310679613,0.26865671641791045,0.5,0.7241379310344828,0.6404494382022472,0.5643564356435643,0.7402597402597403
14,5,0.05,3,0.1,0.5,sqrt,0.6987472658580235,0.6816558100441269,0.7392889699179581,0.6323586744639377,0.6424870466321243,0.2247191011235955,0.18867924528301888,0.2777777777777778,0.6594827586206896,0.5093167701863354,0.4880952380952381,0.5324675324675324
15,5,0.05,3,0.1,0.5,log2,0.6249751441638497,0.6280078895463511,0.6355289421157685,0.6206627680311891,0.5233160621761658,0.2459016393442623,0.1744186046511628,0.4166666666666667,0.603448275862069,0.48314606741573035,0.42574257425742573,0.5584415584415584
16,5,0.05,3,0.1,0.6,sqrt,0.7301650427520382,0.7516016840563793,0.7084195997239475,0.8003898635477583,0.5647668393782384,0.34375,0.2391304347826087,0.6111111111111112,0.6422413793103449,0.6175115207373272,0.4785714285714286,0.8701298701298701
17,5,0.05,3,0.1,0.6,log2,0.7208192483595148,0.7229676400947119,0.7319216939672393,0.7142300194931774,0.6735751295336787,0.29213483146067415,0.24528301886792453,0.3611111111111111,0.5646551724137931,0.2937062937062937,0.3181818181818182,0.2727272727272727
18,5,0.05,3,0.1,0.7,sqrt,0.7162457745078544,0.6977335310315611,0.7639146567717996,0.6421052631578947,0.6787564766839378,0.29545454545454547,0.25,0.3611111111111111,0.5818965517241379,0.2706766917293233,0.32142857142857145,0.23376623376623376
19,5,0.05,3,0.1,0.7,log2,0.7224100218731359,0.6833030852994555,0.8171459576776994,0.5871345029239766,0.7461139896373057,0.36363636363636365,0.34146341463414637,0.3888888888888889,0.6422413793103449,0.3025210084033613,0.42857142857142855,0.23376623376623376
20,5,0.05,4,0.05,0.3,sqrt,0.7251938755219726,0.7131589871315899,0.7625388371060808,0.6697855750487329,0.6735751295336787,0.35051546391752575,0.2786885245901639,0.4722222222222222,0.7241379310344828,0.6631578947368421,0.5575221238938053,0.8181818181818182
21,5,0.05,4,0.05,0.3,log2,0.7413004573473851,0.7065192871644485,0.8383297644539615,0.6105263157894737,0.694300518134715,0.21333333333333335,0.20512820512820512,0.2222222222222222,0.7413793103448276,0.5774647887323944,0.6307692307692307,0.5324675324675324
22,5,0.05,4,0.05,0.4,sqrt,0.7506462517399085,0.7334183673469388,0.8064516129032258,0.672514619883041,0.6683937823834197,0.21951219512195122,0.1956521739130435,0.25,0.7112068965517241,0.5562913907284768,0.5675675675675675,0.5454545454545454
23,5,0.05,4,0.05,0.4,log2,0.7637701332272817,0.7580448065173117,0.7936034115138593,0.7255360623781676,0.7046632124352331,0.41237113402061853,0.32786885245901637,0.5555555555555556,0.7327586206896551,0.6736842105263158,0.5663716814159292,0.8311688311688312
24,5,0.05,4,0.05,0.5,sqrt,0.7981706104593359,0.798491165376216,0.8135113268608414,0.7840155945419103,0.689119170984456,0.3181818181818182,0.2692307692307692,0.3888888888888889,0.625,0.3829787234042553,0.421875,0.35064935064935066
25,5,0.05,4,0.05,0.5,log2,0.756213959037582,0.7282801418439716,0.8438623523369286,0.6405458089668616,0.7409326424870466,0.34210526315789475,0.325,0.3611111111111111,0.6206896551724138,0.2903225806451613,0.3829787234042553,0.23376623376623376
26,5,0.05,4,0.05,0.6,sqrt,0.7661562934977133,0.7503184713375797,0.8237762237762237,0.6888888888888889,0.6994818652849741,0.30952380952380953,0.2708333333333333,0.3611111111111111,0.6293103448275862,0.3064516129032258,0.40425531914893614,0.24675324675324675
27,5,0.05,4,0.05,0.6,log2,0.7599920461324319,0.7581646964536165,0.7798845836768343,0.7376218323586745,0.7046632124352331,0.3595505617977528,0.3018867924528302,0.4444444444444444,0.6206896551724138,0.34328358208955223,0.40350877192982454,0.2987012987012987
28,5,0.05,4,0.05,0.7,sqrt,0.756213959037582,0.7460646230323115,0.79584622182943,0.7021442495126705,0.6735751295336787,0.27586206896551724,0.23529411764705882,0.3333333333333333,0.7586206896551724,0.6923076923076923,0.6,0.8181818181818182
29,5,0.05,4,0.05,0.7,log2,0.8536488367468682,0.8523866827115925,0.8777364725320116,0.8284600389863548,0.7046632124352331,0.2962962962962963,0.26666666666666666,0.3333333333333333,0.7801724137931034,0.7243243243243244,0.6203703703703703,0.8701298701298701
30,5,0.05,4,0.1,0.3,sqrt,0.688407238019487,0.6632280249301525,0.7389846743295019,0.6015594541910332,0.6424870466321243,0.30303030303030304,0.23809523809523808,0.4166666666666667,0.6681034482758621,0.5157232704402516,0.5,0.5324675324675324
31,5,0.05,4,0.1,0.3,log2,0.738715450387751,0.7589875275128394,0.7166608936612401,0.8066276803118908,0.616580310880829,0.3392857142857143,0.25,0.5277777777777778,0.6293103448275862,0.5274725274725275,0.45714285714285713,0.6233766233766234
32,5,0.05,4,0.1,0.4,sqrt,0.7373235235633326,0.7382603526847632,0.7506043513295729,0.7263157894736842,0.6735751295336787,0.27586206896551724,0.23529411764705882,0.3333333333333333,0.5905172413793104,0.31654676258992803,0.3548387096774194,0.2857142857142857
33,5,0.05,4,0.1,0.4,log2,0.6776695168025453,0.6761238761238761,0.6934426229508197,0.6596491228070176,0.6424870466321243,0.28865979381443296,0.22950819672131148,0.3888888888888889,0.5431034482758621,0.39080459770114945,0.35051546391752575,0.44155844155844154
34,5,0.05,4,0.1,0.5,sqrt,0.7134619208590177,0.7210067763794773,0.7161538461538461,0.725925925925926,0.6528497409326425,0.30927835051546393,0.2459016393442623,0.4166666666666667,0.6681034482758621,0.5333333333333333,0.5,0.5714285714285714
35,5,0.05,4,0.1,0.5,log2,0.7240007953867568,0.7323563440030852,0.7245326211369706,0.7403508771929824,0.6373056994818653,0.3,0.234375,0.4166666666666667,0.7327586206896551,0.6804123711340206,0.5641025641025641,0.8571428571428571
36,5,0.05,4,0.1,0.6,sqrt,0.7309604295088487,0.7267218743688144,0.7539815590947192,0.701364522417154,0.6476683937823834,0.2765957446808511,0.22413793103448276,0.3611111111111111,0.6681034482758621,0.5217391304347826,0.5,0.5454545454545454
37,5,0.05,4,0.1,0.6,log2,0.7070988268045337,0.7033232628398791,0.7275,0.6807017543859649,0.6373056994818653,0.2553191489361702,0.20689655172413793,0.3333333333333333,0.7155172413793104,0.648936170212766,0.5495495495495496,0.7922077922077922
38,5,0.05,4,0.1,0.7,sqrt,0.7347385166036986,0.7231216272312163,0.7731913004882379,0.6791423001949318,0.694300518134715,0.3218390804597701,0.27450980392156865,0.3888888888888889,0.6163793103448276,0.2992125984251969,0.38,0.24675324675324675
39,5,0.05,4,0.1,0.7,log2,0.7749055478226288,0.7588410737111205,0.836542977923908,0.6943469785575048,0.694300518134715,0.33707865168539325,0.2830188679245283,0.4166666666666667,0.5862068965517241,0.3333333333333333,0.3582089552238806,0.3116883116883117
40,5,0.05,5,0.05,0.3,sqrt,0.7683436070789421,0.7556114956996014,0.8178928247048138,0.7021442495126705,0.7202072538860104,0.35714285714285715,0.3125,0.4166666666666667,0.6637931034482759,0.5185185185185185,0.49411764705882355,0.5454545454545454
41,5,0.05,5,0.05,0.3,log2,0.732352356333267,0.6967102298332583,0.8254137746930059,0.602729044834308,0.7409326424870466,0.32432432432432434,0.3157894736842105,0.3333333333333333,0.625,0.304,0.3958333333333333,0.24675324675324675
42,5,0.05,5,0.05,0.4,sqrt,0.7454762378206403,0.7106690777576854,0.8456159225389994,0.6128654970760234,0.7409326424870466,0.2857142857142857,0.29411764705882354,0.2777777777777778,0.8017241379310345,0.7325581395348837,0.6631578947368421,0.8181818181818182
43,5,0.05,5,0.05,0.4,log2,0.7420958441041957,0.7367566470468845,0.7684165961049958,0.7076023391812866,0.6787564766839378,0.3541666666666667,0.2833333333333333,0.4722222222222222,0.6724137931034483,0.5189873417721519,0.5061728395061729,0.5324675324675324
44,5,0.05,5,0.05,0.5,sqrt,0.7365281368065222,0.7166987385075904,0.7935606060606061,0.653411306042885,0.6994818652849741,0.30952380952380953,0.2708333333333333,0.3611111111111111,0.6853448275862069,0.5165562913907285,0.527027027027027,0.5064935064935064
45,5,0.05,5,0.05,0.5,log2,0.7506462517399085,0.732051282051282,0.8099290780141843,0.6678362573099416,0.7046632124352331,0.2962962962962963,0.26666666666666666,0.3333333333333333,0.625,0.4161073825503356,0.4305555555555556,0.4025974025974026
46,5,0.05,5,0.05,0.6,sqrt,0.8011533107973752,0.7862334330910645,0.8703265499290109,0.7169590643274854,0.7253886010362695,0.3291139240506329,0.3023255813953488,0.3611111111111111,0.75,0.5857142857142857,0.6507936507936508,0.5324675324675324
47,5,0.05,5,0.05,0.6,log2,0.7949890634320939,0.7856103139945935,0.8418003565062389,0.7364522417153996,0.7150259067357513,0.38202247191011235,0.32075471698113206,0.4722222222222222,0.6767241379310345,0.5398773006134969,0.5116279069767442,0.5714285714285714
48,5,0.05,5,0.05,0.7,sqrt,0.8156691191091668,0.8118530545971179,0.8467400508044031,0.7797270955165692,0.7253886010362695,0.3116883116883117,0.2926829268292683,0.3333333333333333,0.6810344827586207,0.5432098765432098,0.5176470588235295,0.5714285714285714
49,5,0.05,5,0.05,0.7,log2,0.7876317359315967,0.7739204064352244,0.8466882816118574,0.7126705653021442,0.7098445595854922,0.3170731707317073,0.2826086956521739,0.3611111111111111,0.6982758620689655,0.5454545454545454,0.5454545454545454,0.5454545454545454
50,5,0.05,5,0.1,0.3,sqrt,0.6703121893020482,0.6488775942397289,0.7102457116365323,0.597270955165692,0.616580310880829,0.3018867924528302,0.22857142857142856,0.4444444444444444,0.5560344827586207,0.2589928057553957,0.2903225806451613,0.23376623376623376
51,5,0.05,5,0.1,0.3,log2,0.6241797574070391,0.6535923753665689,0.6167416118989969,0.6951267056530215,0.5544041450777202,0.2711864406779661,0.1951219512195122,0.4444444444444444,0.5474137931034483,0.450261780104712,0.37719298245614036,0.5584415584415584
52,5,0.05,5,0.1,0.4,sqrt,0.6446609663949096,0.6310138344001652,0.6707638279192274,0.5957115009746589,0.5595854922279793,0.22018348623853212,0.1643835616438356,0.3333333333333333,0.625,0.48520710059171596,0.44565217391304346,0.5324675324675324
53,5,0.05,5,0.1,0.4,log2,0.6772718234241399,0.6295366354713535,0.7593612334801763,0.5376218323586744,0.694300518134715,0.2891566265060241,0.2553191489361702,0.3333333333333333,0.5905172413793104,0.25196850393700787,0.32,0.2077922077922078
54,5,0.05,5,0.1,0.5,sqrt,0.6392921057864387,0.6548706240487062,0.6395392047565961,0.6709551656920077,0.5544041450777202,0.24561403508771928,0.1794871794871795,0.3888888888888889,0.5905172413793104,0.47513812154696133,0.41346153846153844,0.5584415584415584
55,5,0.05,5,0.1,0.5,log2,0.7086896003181548,0.7136994332616767,0.7155172413793104,0.7118908382066277,0.6476683937823834,0.3333333333333333,0.25757575757575757,0.4722222222222222,0.6724137931034483,0.5365853658536586,0.5057471264367817,0.5714285714285714
56,5,0.05,5,0.1,0.6,sqrt,0.7186319347782859,0.7080668454714256,0.7519719544259421,0.6690058479532164,0.6735751295336787,0.3368421052631579,0.2711864406779661,0.4444444444444444,0.6551724137931034,0.5180722891566265,0.48314606741573035,0.5584415584415584
57,5,0.05,5,0.1,0.6,log2,0.7333465897792801,0.7281573079262113,0.7584459459459459,0.7001949317738791,0.6683937823834197,0.3191489361702128,0.25862068965517243,0.4166666666666667,0.6853448275862069,0.6294416243654822,0.5166666666666667,0.8051948051948052
58,5,0.05,5,0.1,0.7,sqrt,0.7202227082919069,0.7022222222222222,0.7680555555555556,0.6467836257309941,0.7409326424870466,0.40476190476190477,0.3541666666666667,0.4722222222222222,0.6379310344827587,0.5,0.46153846153846156,0.5454545454545454
59,5,0.05,5,0.1,0.7,log2,0.7208192483595148,0.7051658966820663,0.7642239417387346,0.6545808966861598,0.6269430051813472,0.2653061224489796,0.20967741935483872,0.3611111111111111,0.5905172413793104,0.2962962962962963,0.3448275862068966,0.2597402597402597
60,5,0.05,6,0.05,0.3,sqrt,0.7337442831576855,0.710235879679723,0.7981517509727627,0.639766081871345,0.6994818652849741,0.21621621621621623,0.21052631578947367,0.2222222222222222,0.7844827586206896,0.7126436781609196,0.6391752577319587,0.8051948051948052
61,5,0.05,6,0.05,0.3,log2,0.7277788824816067,0.7276705788740799,0.7428919577579204,0.7130604288499025,0.6010362694300518,0.33043478260869563,0.24050632911392406,0.5277777777777778,0.5301724137931034,0.2875816993464052,0.2894736842105263,0.2857142857142857
62,5,0.05,6,0.05,0.4,sqrt,0.7518393318751243,0.735593220338983,0.8055684454756381,0.6768031189083821,0.694300518134715,0.3218390804597701,0.27450980392156865,0.3888888888888889,0.6724137931034483,0.5308641975308642,0.5058823529411764,0.5584415584415584
63,5,0.05,6,0.05,0.4,log2,0.7460727778882481,0.7241304817455174,0.812015503875969,0.653411306042885,0.6839378238341969,0.22784810126582278,0.20930232558139536,0.25,0.625,0.2809917355371901,0.38636363636363635,0.22077922077922077
64,5,0.05,6,0.05,0.5,sqrt,0.8140783455955458,0.8090667755768838,0.8494854202401372,0.7723196881091617,0.7253886010362695,0.3116883116883117,0.2926829268292683,0.3333333333333333,0.6681034482758621,0.37398373983739835,0.5,0.2987012987012987
65,5,0.05,6,0.05,0.5,log2,0.7243984887651621,0.7143446001648804,0.7577612592916484,0.6756335282651073,0.6113989637305699,0.17582417582417584,0.14545454545454545,0.2222222222222222,0.6422413793103449,0.5029940119760479,0.4666666666666667,0.5454545454545454
66,5,0.05,6,0.05,0.6,sqrt,0.7828594153907338,0.7677584006805614,0.844642021525503,0.7037037037037037,0.7253886010362695,0.3614457831325301,0.3191489361702128,0.4166666666666667,0.7887931034482759,0.72,0.6428571428571429,0.8181818181818182
67,5,0.05,6,0.05,0.6,log2,0.764167826605687,0.7532251352476071,0.8076751450245426,0.7056530214424951,0.694300518134715,0.3058823529411765,0.2653061224489796,0.3611111111111111,0.75,0.6914893617021277,0.5855855855855856,0.8441558441558441
68,5,0.05,6,0.05,0.7,sqrt,0.8258103002585007,0.820123203285421,0.8663774403470715,0.7785575048732943,0.7305699481865285,0.36585365853658536,0.32608695652173914,0.4166666666666667,0.6293103448275862,0.3064516129032258,0.40425531914893614,0.24675324675324675
69,5,0.05,6,0.05,0.7,log2,0.7741101610658182,0.7501099868015838,0.8606764260474508,0.6647173489278753,0.7305699481865285,0.35,0.3181818181818182,0.3888888888888889,0.7801724137931034,0.7150837988826816,0.6274509803921569,0.8311688311688312
70,5,0.05,6,0.1,0.3,sqrt,0.6679260290316166,0.6423982869379015,0.7125890736342043,0.5847953216374269,0.6217616580310881,0.2912621359223301,0.22388059701492538,0.4166666666666667,0.6508620689655172,0.5030674846625767,0.47674418604651164,0.5324675324675324
71,5,0.05,6,0.1,0.3,log2,0.612050109365679,0.6612259072755686,0.5961177207263619,0.7423001949317739,0.46113989637305697,0.2777777777777778,0.18518518518518517,0.5555555555555556,0.5862068965517241,0.5789473684210527,0.4370860927152318,0.8571428571428571
72,5,0.05,6,0.1,0.4,sqrt,0.6653410220719825,0.6523445569097294,0.6937609841827768,0.6155945419103314,0.6373056994818653,0.2553191489361702,0.20689655172413793,0.3333333333333333,0.6681034482758621,0.5217391304347826,0.5,0.5454545454545454
73,5,0.05,6,0.1,0.4,log2,0.6583813879498907,0.6478064780647806,0.6830955469087765,0.6159844054580896,0.6217616580310881,0.24742268041237114,0.19672131147540983,0.3333333333333333,0.6508620689655172,0.509090909090909,0.4772727272727273,0.5454545454545454
74,5,0.05,6,0.1,0.5,sqrt,0.7172400079538676,0.726853630426431,0.7163953048087845,0.7376218323586745,0.6113989637305699,0.3119266055045872,0.2328767123287671,0.4722222222222222,0.5258620689655172,0.32098765432098764,0.3058823529411765,0.33766233766233766
75,5,0.05,6,0.1,0.5,log2,0.6999403459932392,0.7047544511837214,0.7073841319717203,0.7021442495126705,0.6113989637305699,0.1935483870967742,0.15789473684210525,0.25,0.6637931034482759,0.5185185185185185,0.49411764705882355,0.5454545454545454
76,5,0.05,6,0.1,0.6,sqrt,0.7343408232252933,0.7124408092983211,0.7952907256126862,0.645224171539961,0.694300518134715,0.2716049382716049,0.24444444444444444,0.3055555555555556,0.728448275862069,0.6440677966101694,0.57,0.7402597402597403
77,5,0.05,6,0.1,0.6,log2,0.6621594750447405,0.5982501773468906,0.7602163461538461,0.49317738791423,0.6994818652849741,0.275,0.25,0.3055555555555556,0.7068965517241379,0.5277777777777778,0.5671641791044776,0.4935064935064935
78,5,0.05,6,0.1,0.7,sqrt,0.7078942135613442,0.6737730401954253,0.782765737874097,0.5914230019493177,0.7098445595854922,0.3,0.2727272727272727,0.3333333333333333,0.7586206896551724,0.6888888888888889,0.6019417475728155,0.8051948051948052
79,5,0.05,6,0.1,0.7,log2,0.7222111751839332,0.6978152714687432,0.7837706511175899,0.6288499025341131,0.6839378238341969,0.26506024096385544,0.23404255319148937,0.3055555555555556,0.603448275862069,0.28125,0.35294117647058826,0.23376623376623376
80,5,0.05,7,0.05,0.3,sqrt,0.7373235235633326,0.7457170356111645,0.7365019011406844,0.7551656920077973,0.6632124352331606,0.32989690721649484,0.26229508196721313,0.4444444444444444,0.5603448275862069,0.2916666666666667,0.31343283582089554,0.2727272727272727
81,5,0.05,7,0.05,0.3,log2,0.765758600119308,0.7565109549400578,0.8051033875934888,0.7134502923976608,0.6839378238341969,0.2077922077922078,0.1951219512195122,0.2222222222222222,0.7068965517241379,0.5342465753424658,0.5652173913043478,0.5064935064935064
82,5,0.05,7,0.05,0.4,sqrt,0.7532312586995427,0.7334049409237379,0.8167464114832536,0.6654970760233918,0.7150259067357513,0.3373493975903614,0.2978723404255319,0.3888888888888889,0.7155172413793104,0.5540540540540541,0.5774647887323944,0.5324675324675324
83,5,0.05,7,0.05,0.4,log2,0.7534301053887453,0.7366185216652507,0.809146056929538,0.6760233918128655,0.6994818652849741,0.30952380952380953,0.2708333333333333,0.3611111111111111,0.7844827586206896,0.7126436781609196,0.6391752577319587,0.8051948051948052
84,5,0.05,7,0.05,0.5,sqrt,0.7834559554583416,0.7834559554583416,0.799512987012987,0.7680311890838206,0.7046632124352331,0.4,0.3220338983050847,0.5277777777777778,0.5905172413793104,0.2962962962962963,0.3448275862068966,0.2597402597402597
85,5,0.05,7,0.05,0.5,log2,0.7448796977530324,0.7093997734994337,0.8464864864864865,0.6105263157894737,0.7305699481865285,0.23529411764705882,0.25,0.2222222222222222,0.7112068965517241,0.5314685314685315,0.5757575757575758,0.4935064935064935
86,5,0.05,7,0.05,0.6,sqrt,0.7251938755219726,0.7049530315969257,0.7791411042944786,0.6436647173489278,0.689119170984456,0.34782608695652173,0.2857142857142857,0.4444444444444444,0.7370689655172413,0.6737967914438503,0.5727272727272728,0.8181818181818182
87,5,0.05,7,0.05,0.6,log2,0.7697355339033605,0.764825345247766,0.798219584569733,0.7341130604288499,0.7357512953367875,0.45161290322580644,0.3684210526315789,0.5833333333333334,0.6939655172413793,0.5590062111801242,0.5357142857142857,0.5844155844155844
88,5,0.05,7,0.05,0.7,sqrt,0.7631735931596739,0.7355096602265156,0.8544891640866873,0.6456140350877193,0.7150259067357513,0.2857142857142857,0.2682926829268293,0.3055555555555556,0.6982758620689655,0.5394736842105263,0.5466666666666666,0.5324675324675324
89,5,0.05,7,0.05,0.7,log2,0.7548220322131637,0.7401475237091676,0.8055045871559633,0.6846003898635478,0.6735751295336787,0.29213483146067415,0.24528301886792453,0.3611111111111111,0.6681034482758621,0.5032258064516129,0.5,0.5064935064935064
90,5,0.05,7,0.1,0.3,sqrt,0.6665341022071982,0.6531540847983454,0.6955947136563877,0.6155945419103314,0.6476683937823834,0.2608695652173913,0.21428571428571427,0.3333333333333333,0.6681034482758621,0.5217391304347826,0.5,0.5454545454545454
91,5,0.05,7,0.1,0.3,log2,0.6504275203817856,0.657976653696498,0.6566990291262136,0.6592592592592592,0.694300518134715,0.4778761061946903,0.35064935064935066,0.75,0.4870689655172414,0.20134228187919462,0.20833333333333334,0.19480519480519481
92,5,0.05,7,0.1,0.4,sqrt,0.6794591370053689,0.6746063786838918,0.69945583926329,0.6514619883040935,0.6321243523316062,0.25263157894736843,0.2033898305084746,0.3333333333333333,0.6594827586206896,0.5212121212121212,0.48863636363636365,0.5584415584415584
93,5,0.05,7,0.1,0.4,log2,0.6561940743686617,0.6233935961664125,0.7063178677196447,0.5578947368421052,0.6528497409326425,0.26373626373626374,0.21818181818181817,0.3333333333333333,0.6810344827586207,0.5131578947368421,0.52,0.5064935064935064
94,5,0.05,7,0.1,0.5,sqrt,0.685225690992245,0.7076638965835642,0.6722807017543859,0.7469785575048733,0.5958549222797928,0.2777777777777778,0.20833333333333334,0.4166666666666667,0.7155172413793104,0.6764705882352942,0.5433070866141733,0.8961038961038961
95,5,0.05,7,0.1,0.5,log2,0.7037184330880891,0.6849894291754757,0.7482678983833718,0.631578947368421,0.6683937823834197,0.28888888888888886,0.24074074074074073,0.3611111111111111,0.7543103448275862,0.6850828729281768,0.5961538461538461,0.8051948051948052
96,5,0.05,7,0.1,0.6,sqrt,0.7341419765360907,0.7476882430647291,0.72457937088515,0.7723196881091617,0.6476683937823834,0.32,0.25,0.4444444444444444,0.6551724137931034,0.5402298850574713,0.4845360824742268,0.6103896103896104
97,5,0.05,7,0.1,0.6,log2,0.7261881089679857,0.6962276637988087,0.801829268292683,0.6152046783625731,0.694300518134715,0.25316455696202533,0.23255813953488372,0.2777777777777778,0.7801724137931034,0.7085714285714285,0.6326530612244898,0.8051948051948052
98,5,0.05,7,0.1,0.7,sqrt,0.7327500497116723,0.7035730039700044,0.8100558659217877,0.621832358674464,0.7409326424870466,0.358974358974359,0.3333333333333333,0.3888888888888889,0.7974137931034483,0.7283236994219653,0.65625,0.8181818181818182
99,5,0.05,7,0.1,0.7,log2,0.7174388546430702,0.6974664679582713,0.7682926829268293,0.6385964912280702,0.694300518134715,0.3058823529411765,0.2653061224489796,0.3611111111111111,0.5775862068965517,0.2898550724637681,0.32786885245901637,0.2597402597402597
100,5,0.05,8,0.05,0.3,sqrt,0.736130443428117,0.7197465681098205,0.7852534562211981,0.664327485380117,0.6632124352331606,0.2857142857142857,0.23636363636363636,0.3611111111111111,0.7327586206896551,0.6736842105263158,0.5663716814159292,0.8311688311688312
101,5,0.05,8,0.05,0.3,log2,0.754623185523961,0.735533647663952,0.8167539267015707,0.6690058479532164,0.694300518134715,0.21333333333333335,0.20512820512820512,0.2222222222222222,0.7974137931034483,0.7283236994219653,0.65625,0.8181818181818182
102,5,0.05,8,0.05,0.4,sqrt,0.7321535096440644,0.7102602710260271,0.7922264875239923,0.6436647173489278,0.7253886010362695,0.3764705882352941,0.32653061224489793,0.4444444444444444,0.6896551724137931,0.5324675324675324,0.5324675324675324,0.5324675324675324
103,5,0.05,8,0.05,0.4,log2,0.7464704712666534,0.7379239465570401,0.7804347826086957,0.6998050682261209,0.6735751295336787,0.3225806451612903,0.2631578947368421,0.4166666666666667,0.7844827586206896,0.7252747252747253,0.6285714285714286,0.8571428571428571
104,5,0.05,8,0.05,0.5,sqrt,0.7757009345794392,0.7703583061889251,0.8061354921175969,0.7376218323586745,0.689119170984456,0.25,0.22727272727272727,0.2777777777777778,0.7068965517241379,0.5641025641025641,0.5569620253164557,0.5714285714285714
105,5,0.05,8,0.05,0.5,log2,0.7663551401869159,0.7567791347547091,0.8067078552515445,0.7126705653021442,0.6839378238341969,0.26506024096385544,0.23404255319148937,0.3055555555555556,0.6767241379310345,0.5098039215686274,0.5131578947368421,0.5064935064935064
106,5,0.05,8,0.05,0.6,sqrt,0.7472658580234639,0.7321390937829294,0.7967889908256881,0.6771929824561403,0.6476683937823834,0.20930232558139536,0.18,0.25,0.5948275862068966,0.2878787878787879,0.34545454545454546,0.24675324675324675
107,5,0.05,8,0.05,0.6,log2,0.7933982899184728,0.7866967768425375,0.8308759757155247,0.7469785575048733,0.7253886010362695,0.4044943820224719,0.33962264150943394,0.5,0.7025862068965517,0.5369127516778524,0.5555555555555556,0.5194805194805194
108,5,0.05,8,0.05,0.7,sqrt,0.7570093457943925,0.7346938775510204,0.8290053895149436,0.6596491228070176,0.694300518134715,0.25316455696202533,0.23255813953488372,0.2777777777777778,0.7025862068965517,0.543046357615894,0.5540540540540541,0.5324675324675324
109,5,0.05,8,0.05,0.7,log2,0.7820640286339232,0.7815862893583101,0.7994292702812882,0.764522417153996,0.7046632124352331,0.3132530120481928,0.2765957446808511,0.3611111111111111,0.7629310344827587,0.7027027027027027,0.6018518518518519,0.8441558441558441
110,5,0.05,8,0.1,0.3,sqrt,0.6587790813282959,0.6479277800574477,0.6838458207016024,0.6155945419103314,0.6269430051813472,0.25,0.2,0.3333333333333333,0.6508620689655172,0.509090909090909,0.4772727272727273,0.5454545454545454
111,5,0.05,8,0.1,0.3,log2,0.6587790813282959,0.6479277800574477,0.6838458207016024,0.6155945419103314,0.6269430051813472,0.25,0.2,0.3333333333333333,0.6508620689655172,0.509090909090909,0.4772727272727273,0.5454545454545454
112,5,0.05,8,0.1,0.4,sqrt,0.6589779280174985,0.6480607428688693,0.6841421143847487,0.6155945419103314,0.6321243523316062,0.25263157894736843,0.2033898305084746,0.3333333333333333,0.6508620689655172,0.509090909090909,0.4772727272727273,0.5454545454545454
113,5,0.05,8,0.1,0.4,log2,0.7098826804533704,0.6931650893796004,0.7525114155251141,0.642495126705653,0.7772020725388601,0.49411764705882355,0.42857142857142855,0.5833333333333334,0.6767241379310345,0.5033112582781457,0.5135135135135135,0.4935064935064935
114,5,0.05,8,0.1,0.5,sqrt,0.7245973354543647,0.6981913270865112,0.791501976284585,0.624561403508772,0.7461139896373057,0.40963855421686746,0.3617021276595745,0.4722222222222222,0.646551724137931,0.4675324675324675,0.4675324675324675,0.4675324675324675
115,5,0.05,8,0.1,0.5,log2,0.7249950288327699,0.7355134825014343,0.7218468468468469,0.7497076023391813,0.6528497409326425,0.32323232323232326,0.25396825396825395,0.4444444444444444,0.646551724137931,0.5232558139534884,0.47368421052631576,0.5844155844155844
116,5,0.05,8,0.1,0.6,sqrt,0.7067011334261285,0.7039935781657636,0.7253928866832092,0.6838206627680312,0.6735751295336787,0.36363636363636365,0.2857142857142857,0.5,0.7112068965517241,0.6528497409326425,0.5431034482758621,0.8181818181818182
117,5,0.05,8,0.1,0.6,log2,0.7331477430900776,0.7149532710280374,0.785347643490434,0.656140350877193,0.7409326424870466,0.34210526315789475,0.325,0.3611111111111111,0.6637931034482759,0.4868421052631579,0.49333333333333335,0.4805194805194805
118,5,0.05,8,0.1,0.7,sqrt,0.7238019486975542,0.7185410334346505,0.7481012658227848,0.6912280701754386,0.694300518134715,0.4158415841584158,0.3230769230769231,0.5833333333333334,0.625,0.49122807017543857,0.44680851063829785,0.5454545454545454
119,5,0.05,8,0.1,0.7,log2,0.721813481805528,0.7157081893923999,0.7474533106960951,0.6865497076023391,0.6735751295336787,0.36363636363636365,0.2857142857142857,0.5,0.7112068965517241,0.6564102564102564,0.5423728813559322,0.8311688311688312
120,5,0.05,9,0.05,0.3,sqrt,0.7257904155895805,0.6949789869497899,0.8031697341513292,0.6124756335282651,0.7202072538860104,0.325,0.29545454545454547,0.3611111111111111,0.7801724137931034,0.7085714285714285,0.6326530612244898,0.8051948051948052
121,5,0.05,9,0.05,0.3,log2,0.7243984887651621,0.7077182623365669,0.7707854846118511,0.6541910331384015,0.6683937823834197,0.3333333333333333,0.26666666666666666,0.4444444444444444,0.7370689655172413,0.6772486772486772,0.5714285714285714,0.8311688311688312
122,5,0.05,9,0.05,0.4,sqrt,0.7886259693776099,0.771545239630346,0.8596743295019157,0.6998050682261209,0.6632124352331606,0.3157894736842105,0.2542372881355932,0.4166666666666667,0.603448275862069,0.3333333333333333,0.3770491803278688,0.2987012987012987
123,5,0.05,9,0.05,0.4,log2,0.7265858023463909,0.6950543357728987,0.8060699588477366,0.610916179337232,0.694300518134715,0.21333333333333335,0.20512820512820512,0.2222222222222222,0.6163793103448276,0.2764227642276423,0.3695652173913043,0.22077922077922077
124,5,0.05,9,0.05,0.5,sqrt,0.7566116524159873,0.7439330543933055,0.8027088036117381,0.69317738791423,0.689119170984456,0.2857142857142857,0.25,0.3333333333333333,0.603448275862069,0.30303030303030304,0.36363636363636365,0.2597402597402597
125,5,0.05,9,0.05,0.5,log2,0.7587989659972162,0.7537055837563452,0.7864406779661017,0.7235867446393762,0.6683937823834197,0.3333333333333333,0.26666666666666666,0.4444444444444444,0.7241379310344828,0.6666666666666666,0.5565217391304348,0.8311688311688312
126,5,0.05,9,0.05,0.6,sqrt,0.8051302445814277,0.7999183340138832,0.8396913844834977,0.7637426900584795,0.7616580310880829,0.41025641025641024,0.38095238095238093,0.4444444444444444,0.7844827586206896,0.7222222222222222,0.6310679611650486,0.8441558441558441
127,5,0.05,9,0.05,0.6,log2,0.7772917080930603,0.7616006811409111,0.8387248007501172,0.6974658869395711,0.6839378238341969,0.2823529411764706,0.24489795918367346,0.3333333333333333,0.6853448275862069,0.535031847133758,0.525,0.5454545454545454
128,5,0.05,9,0.05,0.7,sqrt,0.8099025651222908,0.792714657415438,0.8930141670737665,0.7126705653021442,0.7098445595854922,0.2631578947368421,0.25,0.2777777777777778,0.8060344827586207,0.7428571428571429,0.6632653061224489,0.8441558441558441
129,5,0.05,9,0.05,0.7,log2,0.7937959832968781,0.793302770580028,0.8115823817292006,0.7758284600389863,0.6580310880829016,0.2978723404255319,0.2413793103448276,0.3888888888888889,0.6594827586206896,0.5269461077844312,0.4888888888888889,0.5714285714285714
130,5,0.05,9,0.1,0.3,sqrt,0.666136408828793,0.6528840190200538,0.6949823943661971,0.6155945419103314,0.6373056994818653,0.2553191489361702,0.20689655172413793,0.3333333333333333,0.6681034482758621,0.5217391304347826,0.5,0.5454545454545454
131,5,0.05,9,0.1,0.3,log2,0.6653410220719825,0.6523445569097294,0.6937609841827768,0.6155945419103314,0.6476683937823834,0.2608695652173913,0.21428571428571427,0.3333333333333333,0.6637931034482759,0.5185185185185185,0.49411764705882355,0.5454545454545454
132,5,0.05,9,0.1,0.4,sqrt,0.6830383774110161,0.6325495620101429,0.7738296672306825,0.5348927875243664,0.6787564766839378,0.27906976744186046,0.24,0.3333333333333333,0.7198275862068966,0.5454545454545454,0.5909090909090909,0.5064935064935064
133,5,0.05,9,0.1,0.4,log2,0.7182342413998807,0.7106391668368389,0.7461406518010292,0.6783625730994152,0.6062176165803109,0.22448979591836735,0.1774193548387097,0.3055555555555556,0.5646551724137931,0.2733812949640288,0.3064516129032258,0.24675324675324675
134,5,0.05,9,0.1,0.5,sqrt,0.7245973354543647,0.7230553889222155,0.7422003284072249,0.7048732943469785,0.6580310880829016,0.37735849056603776,0.2857142857142857,0.5555555555555556,0.6336206896551724,0.5142857142857142,0.45918367346938777,0.5844155844155844
135,5,0.05,9,0.1,0.5,log2,0.7134619208590177,0.7027027027027027,0.7462751971954426,0.6639376218323587,0.7150259067357513,0.367816091954023,0.3137254901960784,0.4444444444444444,0.6767241379310345,0.6073298429319371,0.5087719298245614,0.7532467532467533
136,5,0.05,9,0.1,0.6,sqrt,0.713859614237423,0.6971163965480951,0.757548032936871,0.6456140350877193,0.6839378238341969,0.3146067415730337,0.2641509433962264,0.3888888888888889,0.6724137931034483,0.5189873417721519,0.5061728395061729,0.5324675324675324
137,5,0.05,9,0.1,0.6,log2,0.699542652614834,0.6916955723321772,0.7255993150684932,0.6608187134502924,0.6735751295336787,0.35051546391752575,0.2786885245901639,0.4722222222222222,0.5387931034482759,0.2620689655172414,0.27941176470588236,0.24675324675324675
138,5,0.05,9,0.1,0.7,sqrt,0.7299661960628355,0.7137436762225969,0.7769619091326296,0.6600389863547759,0.6735751295336787,0.25882352941176473,0.22448979591836735,0.3055555555555556,0.7801724137931034,0.7150837988826816,0.6274509803921569,0.8311688311688312
139,5,0.05,9,0.1,0.7,log2,0.6961622588983893,0.6895570906135717,0.7199830292745015,0.661598440545809,0.6580310880829016,0.2978723404255319,0.2413793103448276,0.3888888888888889,0.7241379310344828,0.6701030927835051,0.5555555555555556,0.8441558441558441
140,5,0.1,3,0.05,0.3,sqrt,0.7510439451183137,0.7411083540115798,0.789079700572435,0.698635477582846,0.6839378238341969,0.34408602150537637,0.2807017543859649,0.4444444444444444,0.6810344827586207,0.5375,0.5180722891566265,0.5584415584415584
141,5,0.1,3,0.05,0.3,log2,0.7192284748458938,0.6931768796175576,0.783014236622484,0.621832358674464,0.7357512953367875,0.33766233766233766,0.3170731707317073,0.3611111111111111,0.6508620689655172,0.5030674846625767,0.47674418604651164,0.5324675324675324
142,5,0.1,3,0.05,0.4,sqrt,0.7102803738317757,0.6739762810472142,0.7909663865546218,0.5871345029239766,0.694300518134715,0.21333333333333335,0.20512820512820512,0.2222222222222222,0.7112068965517241,0.5379310344827586,0.5735294117647058,0.5064935064935064
143,5,0.1,3,0.05,0.4,log2,0.7092861403857625,0.6753996447602132,0.7844249613202682,0.5929824561403508,0.7098445595854922,0.3,0.2727272727272727,0.3333333333333333,0.6077586206896551,0.272,0.3541666666666667,0.22077922077922077
144,5,0.1,3,0.05,0.5,sqrt,0.759395506064824,0.7360383944153578,0.8355621594848935,0.6576998050682261,0.7253886010362695,0.3614457831325301,0.3191489361702128,0.4166666666666667,0.6637931034482759,0.5063291139240507,0.49382716049382713,0.5194805194805194
145,5,0.1,3,0.05,0.5,log2,0.748260091469477,0.7179144385026738,0.8377535101404057,0.6280701754385964,0.7098445595854922,0.2222222222222222,0.2222222222222222,0.2222222222222222,0.6336206896551724,0.2975206611570248,0.4090909090909091,0.23376623376623376
146,5,0.1,3,0.05,0.6,sqrt,0.7247961821435673,0.6974202011368605,0.7939273270283723,0.621832358674464,0.7409326424870466,0.3902439024390244,0.34782608695652173,0.4444444444444444,0.7974137931034483,0.7251461988304093,0.6595744680851063,0.8051948051948052
147,5,0.1,3,0.05,0.6,log2,0.7373235235633326,0.7151175328876429,0.8001930501930502,0.6463937621832359,0.6735751295336787,0.24096385542168675,0.2127659574468085,0.2777777777777778,0.6077586206896551,0.28346456692913385,0.36,0.23376623376623376
148,5,0.1,3,0.05,0.7,sqrt,0.7534301053887453,0.7371767698177194,0.807710171853228,0.6779727095516569,0.7046632124352331,0.2962962962962963,0.26666666666666666,0.3333333333333333,0.7370689655172413,0.6702702702702703,0.5740740740740741,0.8051948051948052
149,5,0.1,3,0.05,0.7,log2,0.7711274607277789,0.7520999353866035,0.8402309913378249,0.6807017543859649,0.7202072538860104,0.2894736842105263,0.275,0.3055555555555556,0.7198275862068966,0.5695364238410596,0.581081081081081,0.5584415584415584
150,5,0.1,3,0.1,0.3,sqrt,0.6027043149731557,0.6384364820846905,0.5957446808510638,0.6877192982456141,0.616580310880829,0.44776119402985076,0.30612244897959184,0.8333333333333334,0.44396551724137934,0.19875776397515527,0.19047619047619047,0.2077922077922078
151,5,0.1,3,0.1,0.3,log2,0.6786637502485584,0.681010659297276,0.6897241103558577,0.672514619883041,0.6269430051813472,0.29411764705882354,0.22727272727272727,0.4166666666666667,0.5818965517241379,0.41916167664670656,0.3888888888888889,0.45454545454545453
152,5,0.1,3,0.1,0.4,sqrt,0.666136408828793,0.6016607354685647,0.7684848484848484,0.49434697855750487,0.7098445595854922,0.28205128205128205,0.2619047619047619,0.3055555555555556,0.7155172413793104,0.5352112676056338,0.5846153846153846,0.4935064935064935
153,5,0.1,3,0.1,0.4,log2,0.6762775899781268,0.6767275615567911,0.6895993524888709,0.664327485380117,0.6321243523316062,0.3106796116504854,0.23880597014925373,0.4444444444444444,0.6336206896551724,0.5086705202312138,0.4583333333333333,0.5714285714285714
154,5,0.1,3,0.1,0.5,sqrt,0.7106780672101809,0.7174208584191105,0.7147832817337462,0.7200779727095517,0.6528497409326425,0.40707964601769914,0.2987012987012987,0.6388888888888888,0.646551724137931,0.594059405940594,0.48,0.7792207792207793
155,5,0.1,3,0.1,0.5,log2,0.6728971962616822,0.6063651591289783,0.7850061957868649,0.4939571150097466,0.694300518134715,0.16901408450704225,0.17142857142857143,0.16666666666666666,0.7155172413793104,0.5352112676056338,0.5846153846153846,0.4935064935064935
156,5,0.1,3,0.1,0.6,sqrt,0.7158480811294492,0.7260877899175772,0.7141779788838613,0.7384015594541911,0.616580310880829,0.28846153846153844,0.22058823529411764,0.4166666666666667,0.6551724137931034,0.5402298850574713,0.4845360824742268,0.6103896103896104
157,5,0.1,3,0.1,0.6,log2,0.7291708093060251,0.7183622828784119,0.7648612945838837,0.6771929824561403,0.6321243523316062,0.297029702970297,0.23076923076923078,0.4166666666666667,0.6810344827586207,0.6372549019607843,0.5118110236220472,0.8441558441558441
158,5,0.1,3,0.1,0.7,sqrt,0.7228077152515411,0.7003439380911436,0.7805462386200287,0.6350877192982456,0.7046632124352331,0.32941176470588235,0.2857142857142857,0.3888888888888889,0.5474137931034483,0.26573426573426573,0.2878787878787879,0.24675324675324675
159,5,0.1,3,0.1,0.7,log2,0.7245973354543647,0.7019582526361093,0.7833813640730067,0.6358674463937621,0.6787564766839378,0.24390243902439024,0.21739130434782608,0.2777777777777778,0.5948275862068966,0.27692307692307694,0.33962264150943394,0.23376623376623376
160,5,0.1,4,0.05,0.3,sqrt,0.7104792205209783,0.6962870254484773,0.7487662628981606,0.650682261208577,0.6735751295336787,0.29213483146067415,0.24528301886792453,0.3611111111111111,0.6422413793103449,0.49696969696969695,0.4659090909090909,0.5324675324675324
161,5,0.1,4,0.05,0.3,log2,0.6832372241002187,0.6618552324347272,0.7264678471575023,0.6077972709551657,0.5647668393782384,0.20754716981132076,0.15714285714285714,0.3055555555555556,0.5258620689655172,0.2361111111111111,0.2537313432835821,0.22077922077922077
162,5,0.1,4,0.05,0.4,sqrt,0.7526347186319348,0.7289760348583878,0.8261728395061728,0.6522417153996102,0.689119170984456,0.23076923076923078,0.21428571428571427,0.25,0.6163793103448276,0.2992125984251969,0.38,0.24675324675324675
163,5,0.1,4,0.05,0.4,log2,0.727580035792404,0.7236789027833804,0.7496865858754701,0.6994152046783626,0.6683937823834197,0.3333333333333333,0.26666666666666666,0.4444444444444444,0.7068965517241379,0.6565656565656566,0.5371900826446281,0.8441558441558441
164,5,0.1,4,0.05,0.5,sqrt,0.776894014714655,0.777292576419214,0.7917509098261222,0.7633528265107212,0.7046632124352331,0.45714285714285713,0.34782608695652173,0.6666666666666666,0.6120689655172413,0.4827586206896552,0.4329896907216495,0.5454545454545454
165,5,0.1,4,0.05,0.5,log2,0.7776894014714655,0.7719298245614035,0.8095849379546427,0.7376218323586745,0.6787564766839378,0.32608695652173914,0.26785714285714285,0.4166666666666667,0.7456896551724138,0.6844919786096256,0.5818181818181818,0.8311688311688312
166,5,0.1,4,0.05,0.6,sqrt,0.7679459137005369,0.756722951844903,0.8131720430107527,0.7076023391812866,0.6528497409326425,0.32323232323232326,0.25396825396825395,0.4444444444444444,0.5862068965517241,0.3142857142857143,0.3492063492063492,0.2857142857142857
167,5,0.1,4,0.05,0.6,log2,0.7743090077550209,0.7734983037317901,0.7923139820114473,0.7555555555555555,0.6683937823834197,0.3191489361702128,0.25862068965517243,0.4166666666666667,0.6896551724137931,0.55,0.5301204819277109,0.5714285714285714
168,5,0.1,4,0.05,0.7,sqrt,0.7760986279578445,0.7620456466610313,0.8320258421781265,0.7029239766081872,0.7098445595854922,0.2631578947368421,0.25,0.2777777777777778,0.6379310344827587,0.3114754098360656,0.4222222222222222,0.24675324675324675
169,5,0.1,4,0.05,0.7,log2,0.776894014714655,0.7641866330390921,0.8290013679890561,0.7087719298245614,0.7150259067357513,0.367816091954023,0.3137254901960784,0.4444444444444444,0.6637931034482759,0.5125,0.4939759036144578,0.5324675324675324
170,5,0.1,4,0.1,0.3,sqrt,0.643865579638099,0.6314056390203746,0.6687009590235397,0.5980506822612086,0.5595854922279793,0.22018348623853212,0.1643835616438356,0.3333333333333333,0.5474137931034483,0.2553191489361702,0.28125,0.23376623376623376
171,5,0.1,4,0.1,0.3,log2,0.6605687015311195,0.6491264131551902,0.6865217391304348,0.6155945419103314,0.6321243523316062,0.25263157894736843,0.2033898305084746,0.3333333333333333,0.6508620689655172,0.509090909090909,0.4772727272727273,0.5454545454545454
172,5,0.1,4,0.1,0.4,sqrt,0.688407238019487,0.6419922321224583,0.7753863134657837,0.5477582846003899,0.7305699481865285,0.2571428571428571,0.2647058823529412,0.25,0.6896551724137931,0.4782608695652174,0.5409836065573771,0.42857142857142855
173,5,0.1,4,0.1,0.4,log2,0.7432889242394114,0.7506277767046552,0.7438744257274119,0.757504873294347,0.689119170984456,0.4117647058823529,0.3181818181818182,0.5833333333333334,0.6293103448275862,0.47560975609756095,0.4482758620689655,0.5064935064935064
174,5,0.1,4,0.1,0.5,sqrt,0.7160469278186519,0.7240046385775029,0.717899578382522,0.7302144249512671,0.616580310880829,0.28846153846153844,0.22058823529411764,0.4166666666666667,0.5818965517241379,0.2814814814814815,0.3275862068965517,0.24675324675324675
175,5,0.1,4,0.1,0.5,log2,0.7182342413998807,0.6889132821075741,0.7884422110552763,0.6116959064327485,0.7098445595854922,0.3170731707317073,0.2826086956521739,0.3611111111111111,0.7112068965517241,0.5503355704697986,0.5694444444444444,0.5324675324675324
176,5,0.1,4,0.1,0.6,sqrt,0.7393119904553589,0.7308560870457812,0.7718993928881179,0.6939571150097466,0.6994818652849741,0.3409090909090909,0.28846153846153844,0.4166666666666667,0.6508620689655172,0.5149700598802395,0.4777777777777778,0.5584415584415584
177,5,0.1,4,0.1,0.6,log2,0.7422946907933983,0.7281879194630873,0.7880163413527008,0.6768031189083821,0.694300518134715,0.2891566265060241,0.2553191489361702,0.3333333333333333,0.7413793103448276,0.6808510638297872,0.5765765765765766,0.8311688311688312
178,5,0.1,4,0.1,0.7,sqrt,0.7305627361304434,0.7212507714462045,0.7635017421602788,0.6834307992202729,0.694300518134715,0.3655913978494624,0.2982456140350877,0.4722222222222222,0.7241379310344828,0.6666666666666666,0.5565217391304348,0.8311688311688312
179,5,0.1,4,0.1,0.7,log2,0.7311592761980513,0.7062146892655368,0.7977417771232205,0.6335282651072125,0.7253886010362695,0.3614457831325301,0.3191489361702128,0.4166666666666667,0.6896551724137931,0.52,0.5342465753424658,0.5064935064935064
180,5,0.1,5,0.05,0.3,sqrt,0.7202227082919069,0.6905652078293381,0.7921291624621595,0.6120857699805068,0.7564766839378239,0.37333333333333335,0.358974358974359,0.3888888888888889,0.5862068965517241,0.22580645161290322,0.2978723404255319,0.18181818181818182
181,5,0.1,5,0.05,0.3,log2,0.7273811891032015,0.7082357948499681,0.7797563261480788,0.6487329434697856,0.6632124352331606,0.3010752688172043,0.24561403508771928,0.3888888888888889,0.75,0.6847826086956522,0.5887850467289719,0.8181818181818182
182,5,0.1,5,0.05,0.4,sqrt,0.7508450984291112,0.7463049200242964,0.7763268744734625,0.7185185185185186,0.6580310880829016,0.34,0.265625,0.4722222222222222,0.6594827586206896,0.5325443786982249,0.4891304347826087,0.5844155844155844
183,5,0.1,5,0.05,0.4,log2,0.7764963213362498,0.7677685950413223,0.8167032967032967,0.7243664717348928,0.6787564766839378,0.27906976744186046,0.24,0.3333333333333333,0.7931034482758621,0.7241379310344828,0.6494845360824743,0.8181818181818182
184,5,0.1,5,0.05,0.5,sqrt,0.7236031020083515,0.6919326241134752,0.8017462763225475,0.6085769980506822,0.6735751295336787,0.2222222222222222,0.2,0.25,0.6939655172413793,0.5298013245033113,0.5405405405405406,0.5194805194805194
185,5,0.1,5,0.05,0.5,log2,0.7651620600517002,0.7544187980869204,0.8083778966131907,0.7072124756335283,0.694300518134715,0.25316455696202533,0.23255813953488372,0.2777777777777778,0.6163793103448276,0.2764227642276423,0.3695652173913043,0.22077922077922077
186,5,0.1,5,0.05,0.6,sqrt,0.7572081924835952,0.739046804872836,0.8178807947019867,0.674074074074074,0.7150259067357513,0.32098765432098764,0.28888888888888886,0.3611111111111111,0.6896551724137931,0.5443037974683544,0.5308641975308642,0.5584415584415584
187,5,0.1,5,0.05,0.6,log2,0.802346390932591,0.7905604719764012,0.8601558917927556,0.7313840155945419,0.7202072538860104,0.4,0.3333333333333333,0.5,0.6853448275862069,0.546583850931677,0.5238095238095238,0.5714285714285714
188,5,0.1,5,0.05,0.7,sqrt,0.8099025651222908,0.8134270101483216,0.8143806174286831,0.8124756335282651,0.6839378238341969,0.34408602150537637,0.2807017543859649,0.4444444444444444,0.6077586206896551,0.3157894736842105,0.375,0.2727272727272727
189,5,0.1,5,0.05,0.7,log2,0.7922052097832571,0.77502691065662,0.8653846153846154,0.7017543859649122,0.7150259067357513,0.32098765432098764,0.28888888888888886,0.3611111111111111,0.7241379310344828,0.5789473684210527,0.5866666666666667,0.5714285714285714
190,5,0.1,5,0.1,0.3,sqrt,0.6553986876118513,0.6662815328326593,0.6582952815829528,0.6744639376218323,0.5699481865284974,0.26548672566371684,0.19480519480519481,0.4166666666666667,0.5991379310344828,0.48044692737430167,0.4215686274509804,0.5584415584415584
191,5,0.1,5,0.1,0.3,log2,0.6587790813282959,0.6479277800574477,0.6838458207016024,0.6155945419103314,0.6269430051813472,0.25,0.2,0.3333333333333333,0.6508620689655172,0.509090909090909,0.4772727272727273,0.5454545454545454
192,5,0.1,5,0.1,0.4,sqrt,0.6601710081527142,0.6488596671460859,0.6859252823631624,0.6155945419103314,0.6321243523316062,0.25263157894736843,0.2033898305084746,0.3333333333333333,0.6508620689655172,0.509090909090909,0.4772727272727273,0.5454545454545454
193,5,0.1,5,0.1,0.4,log2,0.6723006561940744,0.6856161770316673,0.6712738139708629,0.7005847953216374,0.533678756476684,0.19642857142857142,0.14473684210526316,0.3055555555555556,0.7068965517241379,0.66,0.5365853658536586,0.8571428571428571
194,5,0.1,5,0.1,0.5,sqrt,0.6663352555179957,0.6406852248394004,0.710688836104513,0.5832358674463938,0.6113989637305699,0.25742574257425743,0.2,0.3611111111111111,0.6508620689655172,0.4968944099378882,0.47619047619047616,0.5194805194805194
195,5,0.1,5,0.1,0.5,log2,0.6919864784251342,0.7028582390178401,0.6918429003021148,0.7142300194931774,0.6010362694300518,0.29357798165137616,0.2191780821917808,0.4444444444444444,0.5818965517241379,0.4327485380116959,0.39361702127659576,0.4805194805194805
196,5,0.1,5,0.1,0.6,sqrt,0.7241996420759594,0.7349512707815784,0.7207646176911544,0.7497076023391813,0.6632124352331606,0.32989690721649484,0.26229508196721313,0.4444444444444444,0.6551724137931034,0.5294117647058824,0.4838709677419355,0.5844155844155844
197,5,0.1,5,0.1,0.6,log2,0.7106780672101809,0.7298050139275766,0.6968085106382979,0.7660818713450293,0.6113989637305699,0.2857142857142857,0.21739130434782608,0.4166666666666667,0.521551724137931,0.2838709677419355,0.28205128205128205,0.2857142857142857
198,5,0.1,5,0.1,0.7,sqrt,0.715450387751044,0.6904607397793641,0.7755102040816326,0.6222222222222222,0.7150259067357513,0.38202247191011235,0.32075471698113206,0.4722222222222222,0.6810344827586207,0.5194805194805194,0.5194805194805194,0.5194805194805194
199,5,0.1,5,0.1,0.7,log2,0.7045138198448996,0.7008856682769726,0.7245110278818144,0.6787524366471734,0.6735751295336787,0.411214953271028,0.30985915492957744,0.6111111111111112,0.603448275862069,0.4772727272727273,0.42424242424242425,0.5454545454545454
200,5,0.1,6,0.05,0.3,sqrt,0.7422946907933983,0.7156647652479158,0.8183642749623683,0.6358674463937621,0.7202072538860104,0.2894736842105263,0.275,0.3055555555555556,0.646551724137931,0.3387096774193548,0.44680851063829785,0.2727272727272727
201,5,0.1,6,0.05,0.3,log2,0.7395108371445616,0.722457627118644,0.7911832946635731,0.6647173489278753,0.6787564766839378,0.3673469387755102,0.2903225806451613,0.5,0.6551724137931034,0.5294117647058824,0.4838709677419355,0.5844155844155844
202,5,0.1,6,0.05,0.4,sqrt,0.7144561543050308,0.7150793650793651,0.7280808080808081,0.7025341130604289,0.6683937823834197,0.36,0.28125,0.5,0.5948275862068966,0.4659090909090909,0.41414141414141414,0.5324675324675324
203,5,0.1,6,0.05,0.4,log2,0.7496520182938954,0.7378721632313138,0.7917783735478106,0.6908382066276804,0.7098445595854922,0.37777777777777777,0.3148148148148148,0.4722222222222222,0.6594827586206896,0.5031446540880503,0.4878048780487805,0.5194805194805194
204,5,0.1,6,0.05,0.5,sqrt,0.7735136209982104,0.7593492499471793,0.8288745387453874,0.7005847953216374,0.7357512953367875,0.4,0.3469387755102041,0.4722222222222222,0.6508620689655172,0.31932773109243695,0.4523809523809524,0.24675324675324675
205,5,0.1,6,0.05,0.5,log2,0.791210976337244,0.7840394899218429,0.8297779712668698,0.7430799220272905,0.7046632124352331,0.3132530120481928,0.2765957446808511,0.3611111111111111,0.7112068965517241,0.5620915032679739,0.5657894736842105,0.5584415584415584
206,5,0.1,6,0.05,0.6,sqrt,0.7671505269437264,0.7451577801958651,0.8433497536945813,0.6674463937621833,0.7357512953367875,0.37037037037037035,0.3333333333333333,0.4166666666666667,0.7198275862068966,0.5637583892617449,0.5833333333333334,0.5454545454545454
207,5,0.1,6,0.05,0.6,log2,0.8258103002585007,0.8248700519792083,0.8465326220763233,0.8042884990253412,0.7357512953367875,0.3855421686746988,0.3404255319148936,0.4444444444444444,0.7155172413793104,0.5714285714285714,0.5714285714285714,0.5714285714285714
208,5,0.1,6,0.05,0.7,sqrt,0.7653609067409027,0.7669826224328594,0.7771108443377351,0.7571150097465887,0.6683937823834197,0.3333333333333333,0.26666666666666666,0.4444444444444444,0.6163793103448276,0.47953216374269003,0.43617021276595747,0.5324675324675324
209,5,0.1,6,0.05,0.7,log2,0.7645655199840923,0.754356846473029,0.8062084257206208,0.7087719298245614,0.7098445595854922,0.4166666666666667,0.3333333333333333,0.5555555555555556,0.6896551724137931,0.5443037974683544,0.5308641975308642,0.5584415584415584
210,5,0.1,6,0.1,0.3,sqrt,0.6599721614635117,0.6487263763352507,0.6856274424663482,0.6155945419103314,0.6321243523316062,0.25263157894736843,0.2033898305084746,0.3333333333333333,0.6508620689655172,0.509090909090909,0.4772727272727273,0.5454545454545454
211,5,0.1,6,0.1,0.3,log2,0.6480413601113542,0.6664153788164342,0.6450200656694637,0.6892787524366472,0.5699481865284974,0.3025210084033613,0.21686746987951808,0.5,0.603448275862069,0.4945054945054945,0.42857142857142855,0.5844155844155844
212,5,0.1,6,0.1,0.4,sqrt,0.7424935374826009,0.725925925925926,0.7939814814814815,0.6686159844054581,0.6787564766839378,0.3111111111111111,0.25925925925925924,0.3888888888888889,0.7112068965517241,0.5562913907284768,0.5675675675675675,0.5454545454545454
213,5,0.1,6,0.1,0.4,log2,0.7389142970769537,0.7209351753453772,0.7925233644859813,0.6612085769980507,0.689119170984456,0.3023255813953488,0.26,0.3611111111111111,0.6810344827586207,0.5316455696202531,0.5185185185185185,0.5454545454545454
214,5,0.1,6,0.1,0.5,sqrt,0.7307615828196461,0.7341970946211229,0.7394226967180704,0.7290448343079922,0.7046632124352331,0.3870967741935484,0.3157894736842105,0.5,0.5775862068965517,0.30985915492957744,0.3384615384615385,0.2857142857142857
215,5,0.1,6,0.1,0.5,log2,0.7556174189699741,0.7651442767055227,0.7503748125937032,0.7805068226120858,0.6113989637305699,0.29906542056074764,0.22535211267605634,0.4444444444444444,0.5431034482758621,0.3116883116883117,0.3116883116883117,0.3116883116883117
216,5,0.1,6,0.1,0.6,sqrt,0.7172400079538676,0.718080888183981,0.7305365066559096,0.7060428849902534,0.6373056994818653,0.2708333333333333,0.21666666666666667,0.3611111111111111,0.5344827586206896,0.28,0.2876712328767123,0.2727272727272727
217,5,0.1,6,0.1,0.6,log2,0.7140584609266256,0.689952565761104,0.7718282682103232,0.6237816764132553,0.689119170984456,0.2857142857142857,0.25,0.3333333333333333,0.7672413793103449,0.6931818181818182,0.6161616161616161,0.7922077922077922
218,5,0.1,6,0.1,0.7,sqrt,0.7222111751839332,0.7236399604352126,0.7345381526104418,0.7130604288499025,0.6683937823834197,0.3191489361702128,0.25862068965517243,0.4166666666666667,0.7241379310344828,0.6701030927835051,0.5555555555555556,0.8441558441558441
219,5,0.1,6,0.1,0.7,log2,0.6983495724796183,0.6768903088391907,0.7460093896713615,0.6194931773879142,0.7305699481865285,0.3953488372093023,0.34,0.4722222222222222,0.7155172413793104,0.6292134831460674,0.5544554455445545,0.7272727272727273
220,5,0.1,7,0.05,0.3,sqrt,0.7480612447802744,0.7447108603667136,0.7706422018348624,0.7204678362573099,0.6683937823834197,0.23809523809523808,0.20833333333333334,0.2777777777777778,0.6724137931034483,0.5189873417721519,0.5061728395061729,0.5324675324675324
221,5,0.1,7,0.05,0.3,log2,0.6997414993040366,0.7093918398768283,0.7004941087039148,0.7185185185185186,0.6269430051813472,0.3333333333333333,0.25,0.5,0.6551724137931034,0.6153846153846154,0.48854961832061067,0.8311688311688312
222,5,0.1,7,0.05,0.4,sqrt,0.7353350566713064,0.7115926327193933,0.8009756097560976,0.6401559454191034,0.689119170984456,0.2857142857142857,0.25,0.3333333333333333,0.7801724137931034,0.7052023121387283,0.6354166666666666,0.7922077922077922
223,5,0.1,7,0.05,0.4,log2,0.7444820043746272,0.7366263578602172,0.7765773552290406,0.7005847953216374,0.6839378238341969,0.18666666666666668,0.1794871794871795,0.19444444444444445,0.6939655172413793,0.5477707006369427,0.5375,0.5584415584415584
224,5,0.1,7,0.05,0.5,sqrt,0.7591966593756214,0.7565829145728643,0.7809128630705394,0.7337231968810917,0.6994818652849741,0.3695652173913043,0.30357142857142855,0.4722222222222222,0.5818965517241379,0.3120567375886525,0.34375,0.2857142857142857
225,5,0.1,7,0.05,0.5,log2,0.7790813282958838,0.7650666102770142,0.8359519408502772,0.7052631578947368,0.6994818652849741,0.2564102564102564,0.23809523809523808,0.2777777777777778,0.728448275862069,0.5827814569536424,0.5945945945945946,0.5714285714285714
226,5,0.1,7,0.05,0.6,sqrt,0.7941936766752834,0.7836990595611285,0.8445945945945946,0.7309941520467836,0.7253886010362695,0.3116883116883117,0.2926829268292683,0.3333333333333333,0.6982758620689655,0.5569620253164557,0.5432098765432098,0.5714285714285714
227,5,0.1,7,0.05,0.6,log2,0.7550208789023662,0.7416107382550335,0.8025419881979119,0.6892787524366472,0.6787564766839378,0.27906976744186046,0.24,0.3333333333333333,0.625,0.2926829268292683,0.391304347826087,0.23376623376623376
228,5,0.1,7,0.05,0.7,sqrt,0.8085106382978723,0.8036697247706422,0.8423076923076923,0.7684210526315789,0.7461139896373057,0.36363636363636365,0.34146341463414637,0.3888888888888889,0.6982758620689655,0.5333333333333333,0.547945205479452,0.5194805194805194
229,5,0.1,7,0.05,0.7,log2,0.7611851262676477,0.7459276496720965,0.8154486586493987,0.6873294346978558,0.6994818652849741,0.32558139534883723,0.28,0.3888888888888889,0.7155172413793104,0.5769230769230769,0.569620253164557,0.5844155844155844
230,5,0.1,7,0.1,0.3,sqrt,0.6396897991648439,0.6749192680301399,0.6251246261216351,0.7333333333333333,0.5077720207253886,0.2857142857142857,0.1958762886597938,0.5277777777777778,0.5689655172413793,0.47368421052631576,0.39823008849557523,0.5844155844155844
231,5,0.1,7,0.1,0.3,log2,0.6371047922052098,0.656890392931002,0.6343500363108207,0.6810916179337232,0.6062176165803109,0.3559322033898305,0.25609756097560976,0.5833333333333334,0.5129310344827587,0.3825136612021858,0.330188679245283,0.45454545454545453
232,5,0.1,7,0.1,0.4,sqrt,0.6768741300457347,0.6772591857000994,0.6902834008097166,0.6647173489278753,0.6321243523316062,0.26804123711340205,0.21311475409836064,0.3611111111111111,0.5043103448275862,0.17266187050359713,0.1935483870967742,0.15584415584415584
233,5,0.1,7,0.1,0.4,log2,0.7061045933585206,0.7098547310561445,0.7149070778964017,0.7048732943469785,0.6528497409326425,0.34951456310679613,0.26865671641791045,0.5,0.6379310344827587,0.5841584158415841,0.472,0.7662337662337663
234,5,0.1,7,0.1,0.5,sqrt,0.6363094054483993,0.6571696344892222,0.6328519855595668,0.6834307992202729,0.49222797927461137,0.2222222222222222,0.15555555555555556,0.3888888888888889,0.6896551724137931,0.6504854368932039,0.5193798449612403,0.8701298701298701
235,5,0.1,7,0.1,0.5,log2,0.741896997414993,0.7380952380952381,0.7649519029694688,0.7130604288499025,0.6632124352331606,0.2857142857142857,0.23636363636363636,0.3611111111111111,0.771551724137931,0.7039106145251397,0.6176470588235294,0.8181818181818182
236,5,0.1,7,0.1,0.6,sqrt,0.7208192483595148,0.690339655932951,0.7948197054342305,0.6101364522417154,0.7046632124352331,0.2597402597402597,0.24390243902439024,0.2777777777777778,0.7801724137931034,0.7085714285714285,0.6326530612244898,0.8051948051948052
237,5,0.1,7,0.1,0.6,log2,0.7558162656591768,0.7339688041594454,0.825938566552901,0.6604288499025341,0.7305699481865285,0.3157894736842105,0.3,0.3333333333333333,0.7068965517241379,0.5641025641025641,0.5569620253164557,0.5714285714285714
238,5,0.1,7,0.1,0.7,sqrt,0.689998011533108,0.6608657820317598,0.7475393700787402,0.5922027290448343,0.6839378238341969,0.26506024096385544,0.23404255319148937,0.3055555555555556,0.5689655172413793,0.2537313432835821,0.2982456140350877,0.22077922077922077
239,5,0.1,7,0.1,0.7,log2,0.7216146351163253,0.6999571367338191,0.7772489290813898,0.6366471734892788,0.772020725388601,0.40540540540540543,0.39473684210526316,0.4166666666666667,0.6336206896551724,0.4217687074829932,0.44285714285714284,0.4025974025974026
240,5,0.1,8,0.05,0.3,sqrt,0.7166434678862597,0.7275855476964251,0.7138034508627157,0.7419103313840156,0.6424870466321243,0.31683168316831684,0.24615384615384617,0.4444444444444444,0.6422413793103449,0.5146198830409356,0.46808510638297873,0.5714285714285714
241,5,0.1,8,0.05,0.3,log2,0.7359315967389143,0.7327967806841046,0.7571725571725572,0.7099415204678362,0.6476683937823834,0.34615384615384615,0.2647058823529412,0.5,0.5862068965517241,0.3684210526315789,0.37333333333333335,0.36363636363636365
242,5,0.1,8,0.05,0.4,sqrt,0.7236031020083515,0.6943711521547933,0.7962682803832577,0.6155945419103314,0.6632124352331606,0.19753086419753085,0.17777777777777778,0.2222222222222222,0.5862068965517241,0.25,0.3137254901960784,0.2077922077922078
243,5,0.1,8,0.05,0.4,log2,0.7729170809306025,0.760486577181208,0.82296867907399,0.70682261208577,0.6787564766839378,0.24390243902439024,0.21739130434782608,0.2777777777777778,0.6982758620689655,0.5569620253164557,0.5432098765432098,0.5714285714285714
244,5,0.1,8,0.05,0.5,sqrt,0.8069198647842514,0.7943232366024148,0.8696660482374768,0.7309941520467836,0.7253886010362695,0.3291139240506329,0.3023255813953488,0.3611111111111111,0.7025862068965517,0.5490196078431373,0.5526315789473685,0.5454545454545454
245,5,0.1,8,0.05,0.5,log2,0.7347385166036986,0.7155650319829424,0.7896470588235294,0.6541910331384015,0.6735751295336787,0.27586206896551724,0.23529411764705882,0.3333333333333333,0.5517241379310345,0.2676056338028169,0.2923076923076923,0.24675324675324675
246,5,0.1,8,0.05,0.6,sqrt,0.7900178962020282,0.7870108914885035,0.8152946092770581,0.7606237816764132,0.689119170984456,0.2857142857142857,0.25,0.3333333333333333,0.6810344827586207,0.5432098765432098,0.5176470588235295,0.5714285714285714
247,5,0.1,8,0.05,0.6,log2,0.7591966593756214,0.7357626009164303,0.8354806739345887,0.6573099415204678,0.7253886010362695,0.3291139240506329,0.3023255813953488,0.3611111111111111,0.6077586206896551,0.29457364341085274,0.36538461538461536,0.24675324675324675
248,5,0.1,8,0.05,0.7,sqrt,0.7745078544442235,0.7582089552238805,0.8367058823529412,0.69317738791423,0.7202072538860104,0.3076923076923077,0.2857142857142857,0.3333333333333333,0.7241379310344828,0.5555555555555556,0.5970149253731343,0.5194805194805194
249,5,0.1,8,0.05,0.7,log2,0.7860409624179757,0.7861685214626392,0.8017835427644913,0.7711500974658869,0.6683937823834197,0.21951219512195122,0.1956521739130435,0.25,0.5948275862068966,0.29850746268656714,0.3508771929824561,0.2597402597402597
250,5,0.1,8,0.1,0.3,sqrt,0.6637502485583615,0.638906683749733,0.7063267233238905,0.5832358674463938,0.6373056994818653,0.2391304347826087,0.19642857142857142,0.3055555555555556,0.5258620689655172,0.15384615384615385,0.18867924528301888,0.12987012987012986
251,5,0.1,8,0.1,0.3,log2,0.6659375621395903,0.6521739130434783,0.695364238410596,0.6140350877192983,0.6476683937823834,0.2608695652173913,0.21428571428571427,0.3333333333333333,0.6681034482758621,0.5217391304347826,0.5,0.5454545454545454
252,5,0.1,8,0.1,0.4,sqrt,0.7130642274806125,0.6949904882688649,0.7590027700831025,0.6409356725146199,0.6787564766839378,0.29545454545454547,0.25,0.3611111111111111,0.7456896551724138,0.6589595375722543,0.59375,0.7402597402597403
253,5,0.1,8,0.1,0.4,log2,0.6593756213959038,0.648326832272634,0.6847354726799653,0.6155945419103314,0.6269430051813472,0.25,0.2,0.3333333333333333,0.6508620689655172,0.509090909090909,0.4772727272727273,0.5454545454545454
254,5,0.1,8,0.1,0.5,sqrt,0.7401073772121695,0.7217372791143283,0.7950281425891182,0.6608187134502924,0.6787564766839378,0.3404255319148936,0.27586206896551724,0.4444444444444444,0.7758620689655172,0.7111111111111111,0.6213592233009708,0.8311688311688312
255,5,0.1,8,0.1,0.5,log2,0.698946112547226,0.6612975391498881,0.7758530183727034,0.5762183235867446,0.6839378238341969,0.14084507042253522,0.14285714285714285,0.1388888888888889,0.7931034482758621,0.7303370786516854,0.6435643564356436,0.8441558441558441
256,5,0.1,8,0.1,0.6,sqrt,0.7241996420759594,0.7345454545454545,0.7214285714285714,0.7481481481481481,0.6528497409326425,0.32323232323232326,0.25396825396825395,0.4444444444444444,0.6336206896551724,0.519774011299435,0.46,0.5974025974025974
257,5,0.1,8,0.1,0.6,log2,0.6870153111950686,0.7045795795795796,0.67933405718422,0.7317738791423002,0.6010362694300518,0.2803738317757009,0.2112676056338028,0.4166666666666667,0.6853448275862069,0.6403940886699507,0.5158730158730159,0.8441558441558441
258,5,0.1,8,0.1,0.7,sqrt,0.7180353947106781,0.7302130898021308,0.7131178000743218,0.7481481481481481,0.6424870466321243,0.31683168316831684,0.24615384615384617,0.4444444444444444,0.6422413793103449,0.5146198830409356,0.46808510638297873,0.5714285714285714
259,5,0.1,8,0.1,0.7,log2,0.715450387751044,0.6924564796905223,0.771551724137931,0.6280701754385964,0.7202072538860104,0.34146341463414637,0.30434782608695654,0.3888888888888889,0.7241379310344828,0.6595744680851063,0.5585585585585585,0.8051948051948052
260,5,0.1,9,0.05,0.3,sqrt,0.7536289520779479,0.7359897720008524,0.8115601503759399,0.6732943469785575,0.6683937823834197,0.2727272727272727,0.23076923076923078,0.3333333333333333,0.6896551724137931,0.5324675324675324,0.5324675324675324,0.5324675324675324
261,5,0.1,9,0.05,0.3,log2,0.7321535096440644,0.7135870720816501,0.784845650140318,0.6541910331384015,0.6787564766839378,0.3541666666666667,0.2833333333333333,0.4722222222222222,0.603448275862069,0.28125,0.35294117647058826,0.23376623376623376
262,5,0.1,9,0.05,0.4,sqrt,0.7703320739709684,0.7578108618158943,0.8198729582577132,0.7044834307992203,0.6787564766839378,0.3111111111111111,0.25925925925925924,0.3888888888888889,0.6163793103448276,0.31007751937984496,0.38461538461538464,0.2597402597402597
263,5,0.1,9,0.05,0.4,log2,0.7725193875521973,0.7668161434977578,0.8035027765912004,0.7333333333333333,0.6839378238341969,0.3838383838383838,0.30158730158730157,0.5277777777777778,0.6551724137931034,0.5180722891566265,0.48314606741573035,0.5584415584415584
264,5,0.1,9,0.05,0.5,sqrt,0.7589978126864187,0.7398024903392014,0.8232202580028667,0.6717348927875244,0.7098445595854922,0.3,0.2727272727272727,0.3333333333333333,0.6163793103448276,0.31007751937984496,0.38461538461538464,0.2597402597402597
265,5,0.1,9,0.05,0.5,log2,0.7587989659972162,0.747974236442967,0.800711743772242,0.7017543859649122,0.6683937823834197,0.28888888888888886,0.24074074074074073,0.3611111111111111,0.7629310344827587,0.6994535519125683,0.6037735849056604,0.8311688311688312
266,5,0.1,9,0.05,0.6,sqrt,0.7456750845098429,0.7129068462401795,0.8402116402116402,0.6191033138401559,0.7564766839378239,0.37333333333333335,0.358974358974359,0.3888888888888889,0.7112068965517241,0.54421768707483,0.5714285714285714,0.5194805194805194
267,5,0.1,9,0.05,0.6,log2,0.7558162656591768,0.7488752556237219,0.7875268817204301,0.713840155945419,0.6683937823834197,0.30434782608695654,0.25,0.3888888888888889,0.6853448275862069,0.5408805031446541,0.524390243902439,0.5584415584415584
268,5,0.1,9,0.05,0.7,sqrt,0.76894014714655,0.745398773006135,0.8509254627313657,0.6631578947368421,0.6839378238341969,0.3146067415730337,0.2641509433962264,0.3888888888888889,0.5862068965517241,0.29411764705882354,0.3389830508474576,0.2597402597402597
269,5,0.1,9,0.05,0.7,log2,0.8283953072181348,0.8234090444035196,0.8664944013781223,0.7844054580896687,0.7202072538860104,0.38636363636363635,0.3269230769230769,0.4722222222222222,0.603448275862069,0.3333333333333333,0.3770491803278688,0.2987012987012987
270,5,0.1,9,0.1,0.3,sqrt,0.6585802346390932,0.6116263288848677,0.728448275862069,0.5270955165692007,0.6632124352331606,0.2857142857142857,0.23636363636363636,0.3611111111111111,0.5948275862068966,0.25396825396825395,0.32653061224489793,0.2077922077922078
271,5,0.1,9,0.1,0.3,log2,0.6476436667329489,0.6675422138836773,0.6433996383363472,0.6935672514619883,0.5284974093264249,0.23529411764705882,0.1686746987951807,0.3888888888888889,0.5818965517241379,0.4519774011299435,0.4,0.5194805194805194
272,5,0.1,9,0.1,0.4,sqrt,0.6400874925432491,0.6274186908192672,0.664631487134758,0.5941520467836258,0.5492227979274611,0.21621621621621623,0.16,0.3333333333333333,0.5344827586206896,0.23943661971830985,0.26153846153846155,0.22077922077922077
273,5,0.1,9,0.1,0.4,log2,0.6844303042354345,0.6897360703812316,0.691764705882353,0.6877192982456141,0.5751295336787565,0.2807017543859649,0.20512820512820512,0.4444444444444444,0.5301724137931034,0.2585034013605442,0.2714285714285714,0.24675324675324675
274,5,0.1,9,0.1,0.5,sqrt,0.678862596937761,0.6691251792665437,0.7050949913644214,0.6366471734892788,0.6321243523316062,0.26804123711340205,0.21311475409836064,0.3611111111111111,0.7758620689655172,0.7111111111111111,0.6213592233009708,0.8311688311688312
275,5,0.1,9,0.1,0.5,log2,0.7045138198448996,0.7096522078937085,0.7113200156678418,0.7079922027290448,0.6269430051813472,0.25,0.2,0.3333333333333333,0.5818965517241379,0.2814814814814815,0.3275862068965517,0.24675324675324675
276,5,0.1,9,0.1,0.6,sqrt,0.7204215549811096,0.7318840579710145,0.7163120567375887,0.7481481481481481,0.689119170984456,0.3617021276595745,0.29310344827586204,0.4722222222222222,0.646551724137931,0.5232558139534884,0.47368421052631576,0.5844155844155844
277,5,0.1,9,0.1,0.6,log2,0.7699343805925631,0.7591088902769103,0.8145665773011618,0.7107212475633529,0.7046632124352331,0.27848101265822783,0.2558139534883721,0.3055555555555556,0.6206896551724138,0.2903225806451613,0.3829787234042553,0.23376623376623376
278,5,0.1,9,0.1,0.7,sqrt,0.7393119904553589,0.7089900110987791,0.8231958762886598,0.6226120857699805,0.7150259067357513,0.26666666666666666,0.2564102564102564,0.2777777777777778,0.728448275862069,0.5655172413793104,0.6029411764705882,0.5324675324675324
279,5,0.1,9,0.1,0.7,log2,0.7134619208590177,0.6974595842956121,0.7556869881710646,0.6475633528265107,0.7461139896373057,0.449438202247191,0.37735849056603776,0.5555555555555556,0.6120689655172413,0.4444444444444444,0.4235294117647059,0.4675324675324675
280,5,0.15,3,0.05,0.3,sqrt,0.7134619208590177,0.7219756897549682,0.7146676852559205,0.7294346978557504,0.6321243523316062,0.2828282828282828,0.2222222222222222,0.3888888888888889,0.6379310344827587,0.5116279069767442,0.4631578947368421,0.5714285714285714
281,5,0.15,3,0.05,0.3,log2,0.7144561543050308,0.7257448433919023,0.711344065892924,0.7407407407407407,0.6373056994818653,0.3,0.234375,0.4166666666666667,0.625,0.5139664804469274,0.45098039215686275,0.5974025974025974
282,5,0.15,3,0.05,0.4,sqrt,0.7331477430900776,0.7155574395930479,0.7840222944728286,0.6580896686159844,0.689119170984456,0.3181818181818182,0.2692307692307692,0.3888888888888889,0.771551724137931,0.7039106145251397,0.6176470588235294,0.8181818181818182
283,5,0.15,3,0.05,0.4,log2,0.7295685026844303,0.7402597402597403,0.7255709472107825,0.7555555555555555,0.6632124352331606,0.32989690721649484,0.26229508196721313,0.4444444444444444,0.646551724137931,0.5176470588235295,0.4731182795698925,0.5714285714285714
284,5,0.15,3,0.05,0.5,sqrt,0.7552197255915689,0.7334920978566789,0.824732229795521,0.6604288499025341,0.7202072538860104,0.37209302325581395,0.32,0.4444444444444444,0.6982758620689655,0.5569620253164557,0.5432098765432098,0.5714285714285714
285,5,0.15,3,0.05,0.5,log2,0.7317558162656592,0.7060361734582697,0.8003952569169961,0.631578947368421,0.7150259067357513,0.3373493975903614,0.2978723404255319,0.3888888888888889,0.6896551724137931,0.5263157894736842,0.5333333333333333,0.5194805194805194
286,5,0.15,3,0.05,0.6,sqrt,0.7397096838337641,0.7324749642346209,0.7697594501718213,0.698635477582846,0.6528497409326425,0.34951456310679613,0.26865671641791045,0.5,0.5732758620689655,0.31724137931034485,0.3382352941176471,0.2987012987012987
287,5,0.15,3,0.05,0.6,log2,0.7836548021475442,0.7917304747320061,0.7777359909740504,0.8062378167641325,0.6373056994818653,0.3269230769230769,0.25,0.4722222222222222,0.6293103448275862,0.5168539325842697,0.45544554455445546,0.5974025974025974
288,5,0.15,3,0.05,0.7,sqrt,0.7377212169417379,0.7245771559824598,0.7801258992805755,0.6764132553606238,0.6735751295336787,0.3883495145631068,0.29850746268656714,0.5555555555555556,0.6508620689655172,0.4968944099378882,0.47619047619047616,0.5194805194805194
289,5,0.15,3,0.05,0.7,log2,0.7824617220123284,0.778989898989899,0.8083857442348008,0.7516569200779727,0.6994818652849741,0.40816326530612246,0.3225806451612903,0.5555555555555556,0.5603448275862069,0.28169014084507044,0.3076923076923077,0.2597402597402597
290,5,0.15,3,0.1,0.3,sqrt,0.6659375621395903,0.65274906986358,0.6946766388033436,0.6155945419103314,0.6476683937823834,0.2608695652173913,0.21428571428571427,0.3333333333333333,0.6637931034482759,0.5185185185185185,0.49411764705882355,0.5454545454545454
291,5,0.15,3,0.1,0.3,log2,0.6446609663949096,0.6319258496395469,0.6698689956331878,0.5980506822612086,0.5854922279792746,0.23076923076923078,0.17647058823529413,0.3333333333333333,0.5603448275862069,0.2608695652173913,0.29508196721311475,0.23376623376623376
292,5,0.15,3,0.1,0.4,sqrt,0.647047126665341,0.6339451433285214,0.6729422066549913,0.5992202729044834,0.5647668393782384,0.2222222222222222,0.16666666666666666,0.3333333333333333,0.5387931034482759,0.2517482517482518,0.2727272727272727,0.23376623376623376
293,5,0.15,3,0.1,0.4,log2,0.6669317955856034,0.6712463199214916,0.6758893280632411,0.6666666666666666,0.6373056994818653,0.3269230769230769,0.25,0.4722222222222222,0.6336206896551724,0.5029239766081871,0.4574468085106383,0.5584415584415584
294,5,0.15,3,0.1,0.5,sqrt,0.7411016106581826,0.7354733848029257,0.7679253288078065,0.7056530214424951,0.6010362694300518,0.3063063063063063,0.22666666666666666,0.4722222222222222,0.646551724137931,0.5232558139534884,0.47368421052631576,0.5844155844155844
295,5,0.15,3,0.1,0.5,log2,0.7317558162656592,0.7374975676201596,0.7362082362082362,0.7387914230019493,0.6580310880829016,0.2978723404255319,0.2413793103448276,0.3888888888888889,0.7370689655172413,0.6772486772486772,0.5714285714285714,0.8311688311688312
296,5,0.15,3,0.1,0.6,sqrt,0.7414993040365878,0.7291666666666666,0.7829977628635347,0.682261208576998,0.6787564766839378,0.32608695652173914,0.26785714285714285,0.4166666666666667,0.6853448275862069,0.535031847133758,0.525,0.5454545454545454
297,5,0.15,3,0.1,0.6,log2,0.6365082521376019,0.6038144776766363,0.6798438262567106,0.5430799220272905,0.6269430051813472,0.21739130434782608,0.17857142857142858,0.2777777777777778,0.5775862068965517,0.25757575757575757,0.3090909090909091,0.22077922077922077
298,5,0.15,3,0.1,0.7,sqrt,0.7140584609266256,0.6904864399483427,0.770783277270543,0.6253411306042885,0.694300518134715,0.3218390804597701,0.27450980392156865,0.3888888888888889,0.6939655172413793,0.5298013245033113,0.5405405405405406,0.5194805194805194
299,5,0.15,3,0.1,0.7,log2,0.7572081924835952,0.7353132451766746,0.828125,0.6612085769980507,0.6994818652849741,0.2926829268292683,0.2608695652173913,0.3333333333333333,0.771551724137931,0.7005649717514124,0.62,0.8051948051948052
300,5,0.15,4,0.05,0.3,sqrt,0.7007357327500497,0.660347551342812,0.7840300107181136,0.5703703703703704,0.694300518134715,0.2716049382716049,0.24444444444444444,0.3055555555555556,0.7025862068965517,0.5369127516778524,0.5555555555555556,0.5194805194805194
301,5,0.15,4,0.05,0.3,log2,0.7035195863988865,0.7191561499340742,0.6956997084548106,0.7442495126705653,0.6424870466321243,0.3783783783783784,0.28,0.5833333333333334,0.5732758620689655,0.42105263157894735,0.3829787234042553,0.4675324675324675
302,5,0.15,4,0.05,0.4,sqrt,0.7216146351163253,0.6910856134157105,0.7961362480935434,0.6105263157894737,0.7202072538860104,0.3076923076923077,0.2857142857142857,0.3333333333333333,0.7887931034482759,0.7134502923976608,0.648936170212766,0.7922077922077922
303,5,0.15,4,0.05,0.4,log2,0.7039172797772917,0.6627406568516421,0.7908108108108108,0.5703703703703704,0.7202072538860104,0.25,0.25,0.25,0.7758620689655172,0.7111111111111111,0.6213592233009708,0.8311688311688312
304,5,0.15,4,0.05,0.5,sqrt,0.7130642274806125,0.6949904882688649,0.7590027700831025,0.6409356725146199,0.6321243523316062,0.14457831325301204,0.1276595744680851,0.16666666666666666,0.7887931034482759,0.7292817679558011,0.6346153846153846,0.8571428571428571
305,5,0.15,4,0.05,0.5,log2,0.749850864983098,0.7205686361617059,0.8373773877129582,0.6323586744639377,0.7046632124352331,0.2597402597402597,0.24390243902439024,0.2777777777777778,0.728448275862069,0.5714285714285714,0.6,0.5454545454545454
306,5,0.15,4,0.05,0.6,sqrt,0.770530920660171,0.7554048325561679,0.8276823037621923,0.6947368421052632,0.6735751295336787,0.3225806451612903,0.2631578947368421,0.4166666666666667,0.5905172413793104,0.3262411347517731,0.359375,0.2987012987012987
307,5,0.15,4,0.05,0.6,log2,0.7086896003181548,0.7076431849930154,0.7248569092395748,0.6912280701754386,0.6839378238341969,0.35789473684210527,0.288135593220339,0.4722222222222222,0.7758620689655172,0.7111111111111111,0.6213592233009708,0.8311688311688312
308,5,0.15,4,0.05,0.7,sqrt,0.794392523364486,0.7905186385737439,0.8228595529312527,0.7606237816764132,0.6994818652849741,0.35555555555555557,0.2962962962962963,0.4444444444444444,0.6939655172413793,0.5419354838709678,0.5384615384615384,0.5454545454545454
309,5,0.15,4,0.05,0.7,log2,0.7462716245774508,0.7272338606241984,0.8050165641268339,0.6631578947368421,0.6994818652849741,0.2926829268292683,0.2608695652173913,0.3333333333333333,0.6724137931034483,0.5189873417721519,0.5061728395061729,0.5324675324675324
310,5,0.15,4,0.1,0.3,sqrt,0.6540067607874329,0.6704545454545454,0.6519337016574586,0.6900584795321637,0.5906735751295337,0.3130434782608696,0.22784810126582278,0.5,0.6120689655172413,0.5,0.4368932038834951,0.5844155844155844
311,5,0.15,4,0.1,0.3,log2,0.6396897991648439,0.6257744733581165,0.6653491436100132,0.5906432748538012,0.5544041450777202,0.2037037037037037,0.1527777777777778,0.3055555555555556,0.5344827586206896,0.25,0.26865671641791045,0.23376623376623376
312,5,0.15,4,0.1,0.4,sqrt,0.666136408828793,0.6528840190200538,0.6949823943661971,0.6155945419103314,0.6476683937823834,0.2608695652173913,0.21428571428571427,0.3333333333333333,0.6681034482758621,0.5217391304347826,0.5,0.5454545454545454
313,5,0.15,4,0.1,0.4,log2,0.7035195863988865,0.7057430432208407,0.7146282973621103,0.6970760233918128,0.6424870466321243,0.3669724770642202,0.273972602739726,0.5555555555555556,0.6853448275862069,0.6368159203980099,0.5161290322580645,0.8311688311688312
314,5,0.15,4,0.1,0.5,sqrt,0.7128653807914098,0.7216653816499614,0.7136866183759054,0.7298245614035088,0.6373056994818653,0.3,0.234375,0.4166666666666667,0.6379310344827587,0.5116279069767442,0.4631578947368421,0.5714285714285714
315,5,0.15,4,0.1,0.5,log2,0.7245973354543647,0.6954035627886519,0.7976791120080726,0.6163742690058479,0.8031088082901554,0.5128205128205128,0.47619047619047616,0.5555555555555556,0.6896551724137931,0.49295774647887325,0.5384615384615384,0.45454545454545453
316,5,0.15,4,0.1,0.6,sqrt,0.7241996420759594,0.7275584364564919,0.733174980205859,0.7220272904483431,0.6269430051813472,0.3333333333333333,0.25,0.5,0.6767241379310345,0.6268656716417911,0.5080645161290323,0.8181818181818182
317,5,0.15,4,0.1,0.6,log2,0.7194273215350965,0.6939926263283452,0.7820136852394917,0.6237816764132553,0.7046632124352331,0.32941176470588235,0.2857142857142857,0.3888888888888889,0.6724137931034483,0.5128205128205128,0.5063291139240507,0.5194805194805194
318,5,0.15,4,0.1,0.7,sqrt,0.7190296281566911,0.6886979510905485,0.7917933130699089,0.6093567251461989,0.7150259067357513,0.2857142857142857,0.2682926829268293,0.3055555555555556,0.6767241379310345,0.5222929936305732,0.5125,0.5324675324675324
319,5,0.15,4,0.1,0.7,log2,0.675681049910519,0.6416172269830807,0.7351460221550856,0.5692007797270955,0.6683937823834197,0.2,0.18181818181818182,0.2222222222222222,0.7801724137931034,0.7182320441988951,0.625,0.8441558441558441
320,5,0.15,5,0.05,0.3,sqrt,0.6977530324120104,0.6909312728751525,0.7220569485762856,0.6623781676413255,0.6321243523316062,0.25263157894736843,0.2033898305084746,0.3333333333333333,0.7629310344827587,0.7058823529411765,0.6,0.8571428571428571
321,5,0.15,5,0.05,0.3,log2,0.7247961821435673,0.7302144249512671,0.7302144249512671,0.7302144249512671,0.6683937823834197,0.28888888888888886,0.24074074074074073,0.3611111111111111,0.6551724137931034,0.5238095238095238,0.4835164835164835,0.5714285714285714
322,5,0.15,5,0.05,0.4,sqrt,0.7564128057267846,0.7702119677358844,0.7422270426608821,0.8003898635477583,0.6683937823834197,0.37254901960784315,0.2878787878787879,0.5277777777777778,0.6336206896551724,0.5142857142857142,0.45918367346938777,0.5844155844155844
323,5,0.15,5,0.05,0.4,log2,0.7395108371445616,0.7209203238176395,0.7947393142320338,0.6596491228070176,0.6839378238341969,0.22784810126582278,0.20930232558139536,0.25,0.7025862068965517,0.543046357615894,0.5540540540540541,0.5324675324675324
324,5,0.15,5,0.05,0.5,sqrt,0.7407039172797772,0.7265100671140939,0.7862006354970494,0.675243664717349,0.694300518134715,0.25316455696202533,0.23255813953488372,0.2777777777777778,0.6120689655172413,0.296875,0.37254901960784315,0.24675324675324675
325,5,0.15,5,0.05,0.5,log2,0.7343408232252933,0.7076586433260393,0.8064837905236908,0.6304093567251462,0.694300518134715,0.2716049382716049,0.24444444444444444,0.3055555555555556,0.6939655172413793,0.5359477124183006,0.5394736842105263,0.5324675324675324
326,5,0.15,5,0.05,0.6,sqrt,0.7353350566713064,0.7110918168005209,0.8021547502448579,0.6385964912280702,0.6735751295336787,0.25882352941176473,0.22448979591836735,0.3055555555555556,0.6896551724137931,0.5263157894736842,0.5333333333333333,0.5194805194805194
327,5,0.15,5,0.05,0.6,log2,0.719626168224299,0.6848457755923111,0.8025144054478784,0.597270955165692,0.7150259067357513,0.26666666666666666,0.2564102564102564,0.2777777777777778,0.6336206896551724,0.27350427350427353,0.4,0.2077922077922078
328,5,0.15,5,0.05,0.7,sqrt,0.7371246768741301,0.7114797031863815,0.8081308874566188,0.6354775828460039,0.689119170984456,0.2682926829268293,0.2391304347826087,0.3055555555555556,0.6163793103448276,0.2764227642276423,0.3695652173913043,0.22077922077922077
329,5,0.15,5,0.05,0.7,log2,0.7922052097832571,0.77685244501388,0.8588290840415487,0.7091617933723197,0.7253886010362695,0.3291139240506329,0.3023255813953488,0.3611111111111111,0.6508620689655172,0.31932773109243695,0.4523809523809524,0.24675324675324675
330,5,0.15,5,0.1,0.3,sqrt,0.6587790813282959,0.6479277800574477,0.6838458207016024,0.6155945419103314,0.6269430051813472,0.25,0.2,0.3333333333333333,0.6508620689655172,0.509090909090909,0.4772727272727273,0.5454545454545454
331,5,0.15,5,0.1,0.3,log2,0.6144362696361105,0.6108769817379089,0.62944582299421,0.5933723196881091,0.5958549222797928,0.23529411764705882,0.18181818181818182,0.3333333333333333,0.46551724137931033,0.1506849315068493,0.15942028985507245,0.14285714285714285
332,5,0.15,5,0.1,0.4,sqrt,0.7112746072777888,0.7160735236605397,0.7183209101608474,0.713840155945419,0.6321243523316062,0.37168141592920356,0.2727272727272727,0.5833333333333334,0.5086206896551724,0.2692307692307692,0.26582278481012656,0.2727272727272727
333,5,0.15,5,0.1,0.4,log2,0.7184330880890833,0.7031446540880503,0.7605442176870748,0.6538011695906433,0.7202072538860104,0.38636363636363635,0.3269230769230769,0.4722222222222222,0.6939655172413793,0.6203208556149733,0.5272727272727272,0.7532467532467533
334,5,0.15,5,0.1,0.5,sqrt,0.6901968582223106,0.6806068060680607,0.717682663207955,0.6471734892787524,0.6632124352331606,0.3010752688172043,0.24561403508771928,0.3888888888888889,0.6767241379310345,0.5283018867924528,0.5121951219512195,0.5454545454545454
335,5,0.15,5,0.1,0.5,log2,0.7413004573473851,0.7353001017293997,0.768936170212766,0.7044834307992203,0.6839378238341969,0.35789473684210527,0.288135593220339,0.4722222222222222,0.7327586206896551,0.6836734693877551,0.5630252100840336,0.8701298701298701
336,5,0.15,5,0.1,0.6,sqrt,0.7430900775502088,0.734375,0.7768595041322314,0.6962962962962963,0.6787564766839378,0.24390243902439024,0.21739130434782608,0.2777777777777778,0.7672413793103449,0.7096774193548387,0.6055045871559633,0.8571428571428571
337,5,0.15,5,0.1,0.6,log2,0.7140584609266256,0.7026468155500414,0.7481285777190665,0.6623781676413255,0.6580310880829016,0.35294117647058826,0.2727272727272727,0.5,0.5948275862068966,0.4891304347826087,0.4205607476635514,0.5844155844155844
338,5,0.15,5,0.1,0.7,sqrt,0.7560151123483794,0.7511660920705739,0.7827557058326289,0.7220272904483431,0.6580310880829016,0.3125,0.25,0.4166666666666667,0.6681034482758621,0.5276073619631901,0.5,0.5584415584415584
339,5,0.15,5,0.1,0.7,log2,0.7106780672101809,0.6959247648902821,0.75,0.6491228070175439,0.7150259067357513,0.42105263157894735,0.3389830508474576,0.5555555555555556,0.5258620689655172,0.19117647058823528,0.22033898305084745,0.16883116883116883
340,5,0.15,6,0.05,0.3,sqrt,0.7039172797772917,0.6758110167646418,0.7652859960552268,0.6050682261208578,0.772020725388601,0.42105263157894735,0.4,0.4444444444444444,0.5603448275862069,0.203125,0.2549019607843137,0.16883116883116883
341,5,0.15,6,0.05,0.3,log2,0.6858222310598528,0.6817082997582594,0.7052938724468528,0.6596491228070176,0.6528497409326425,0.27956989247311825,0.22807017543859648,0.3611111111111111,0.6551724137931034,0.5180722891566265,0.48314606741573035,0.5584415584415584
342,5,0.15,6,0.05,0.4,sqrt,0.727580035792404,0.6991655687307862,0.8004022121669181,0.6206627680311891,0.7253886010362695,0.29333333333333333,0.28205128205128205,0.3055555555555556,0.6982758620689655,0.5333333333333333,0.547945205479452,0.5194805194805194
343,5,0.15,6,0.05,0.4,log2,0.7126665341022071,0.6819282412502752,0.7831142568250758,0.6038986354775828,0.6839378238341969,0.24691358024691357,0.2222222222222222,0.2777777777777778,0.5948275862068966,0.265625,0.3333333333333333,0.22077922077922077
344,5,0.15,6,0.05,0.5,sqrt,0.7325512030224697,0.7137688869972335,0.7858481724461106,0.6538011695906433,0.7357512953367875,0.45161290322580644,0.3684210526315789,0.5833333333333334,0.6293103448275862,0.49411764705882355,0.45161290322580644,0.5454545454545454
345,5,0.15,6,0.05,0.5,log2,0.6967587989659972,0.665790050405435,0.7602602602602603,0.5922027290448343,0.689119170984456,0.2682926829268293,0.2391304347826087,0.3055555555555556,0.8017241379310345,0.735632183908046,0.6597938144329897,0.8311688311688312
346,5,0.15,6,0.05,0.6,sqrt,0.8045337045138199,0.7956765745167325,0.8521816562778273,0.7461988304093568,0.6994818652849741,0.23684210526315788,0.225,0.25,0.7974137931034483,0.7314285714285714,0.6530612244897959,0.8311688311688312
347,5,0.15,6,0.05,0.6,log2,0.746669317955856,0.7379679144385026,0.7810187200696561,0.6994152046783626,0.6994818652849741,0.3829787234042553,0.3103448275862069,0.5,0.6637931034482759,0.5125,0.4939759036144578,0.5324675324675324
348,5,0.15,6,0.05,0.7,sqrt,0.7478623980910718,0.7368202573682026,0.787838437638704,0.6920077972709552,0.7150259067357513,0.35294117647058826,0.30612244897959184,0.4166666666666667,0.7025862068965517,0.5490196078431373,0.5526315789473685,0.5454545454545454
349,5,0.15,6,0.05,0.7,log2,0.7619805130244581,0.7517112632233977,0.8031914893617021,0.7064327485380117,0.7046632124352331,0.32941176470588235,0.2857142857142857,0.3888888888888889,0.6163793103448276,0.31007751937984496,0.38461538461538464,0.2597402597402597
350,5,0.15,6,0.1,0.3,sqrt,0.6663352555179957,0.6530190239867659,0.695288419198591,0.6155945419103314,0.6476683937823834,0.2608695652173913,0.21428571428571427,0.3333333333333333,0.6681034482758621,0.5217391304347826,0.5,0.5454545454545454
351,5,0.15,6,0.1,0.3,log2,0.6921853251143368,0.6802973977695167,0.7233201581027668,0.6421052631578947,0.6787564766839378,0.40384615384615385,0.3088235294117647,0.5833333333333334,0.5,0.19444444444444445,0.208955223880597,0.18181818181818182
352,5,0.15,6,0.1,0.4,sqrt,0.7460727778882481,0.754186717998075,0.7448669201520912,0.7637426900584795,0.616580310880829,0.28846153846153844,0.22058823529411764,0.4166666666666667,0.5689655172413793,0.3055555555555556,0.3283582089552239,0.2857142857142857
353,5,0.15,6,0.1,0.4,log2,0.7078942135613442,0.7330546974377612,0.6865214431586113,0.78635477582846,0.5595854922279793,0.2975206611570248,0.21176470588235294,0.5,0.47413793103448276,0.2823529411764706,0.25806451612903225,0.3116883116883117
354,5,0.15,6,0.1,0.5,sqrt,0.736130443428117,0.7027995520716686,0.8257894736842105,0.6116959064327485,0.6632124352331606,0.25287356321839083,0.21568627450980393,0.3055555555555556,0.7543103448275862,0.7046632124352331,0.5862068965517241,0.8831168831168831
355,5,0.15,6,0.1,0.5,log2,0.6935772519387552,0.6946701010501288,0.7062852538275585,0.6834307992202729,0.5751295336787565,0.24074074074074073,0.18055555555555555,0.3611111111111111,0.7241379310344828,0.6701030927835051,0.5555555555555556,0.8441558441558441
356,5,0.15,6,0.1,0.6,sqrt,0.7414993040365878,0.718492854049372,0.8080857282026302,0.6467836257309941,0.7098445595854922,0.28205128205128205,0.2619047619047619,0.3055555555555556,0.6939655172413793,0.5419354838709678,0.5384615384615384,0.5454545454545454
357,5,0.15,6,0.1,0.6,log2,0.721813481805528,0.7441945511062351,0.7007575757575758,0.7933723196881092,0.5958549222797928,0.2641509433962264,0.2,0.3888888888888889,0.5818965517241379,0.48677248677248675,0.4107142857142857,0.5974025974025974
358,5,0.15,6,0.1,0.7,sqrt,0.7301650427520382,0.7125608981148062,0.7801484230055659,0.6557504873294348,0.694300518134715,0.3058823529411765,0.2653061224489796,0.3611111111111111,0.6163793103448276,0.288,0.375,0.23376623376623376
359,5,0.15,6,0.1,0.7,log2,0.6979518791012129,0.6548511701885935,0.7848583877995643,0.5617933723196881,0.7253886010362695,0.29333333333333333,0.28205128205128205,0.3055555555555556,0.7586206896551724,0.6989247311827957,0.5963302752293578,0.8441558441558441
360,5,0.15,7,0.05,0.3,sqrt,0.7303638894412408,0.700530035335689,0.8079470198675497,0.6183235867446394,0.694300518134715,0.1917808219178082,0.1891891891891892,0.19444444444444445,0.6206896551724138,0.2786885245901639,0.37777777777777777,0.22077922077922077
361,5,0.15,7,0.05,0.3,log2,0.6601710081527142,0.6488596671460859,0.6859252823631624,0.6155945419103314,0.6321243523316062,0.25263157894736843,0.2033898305084746,0.3333333333333333,0.6508620689655172,0.509090909090909,0.4772727272727273,0.5454545454545454
362,5,0.15,7,0.05,0.4,sqrt,0.7369258301849274,0.7348165965123271,0.7561881188118812,0.7146198830409357,0.6994818652849741,0.32558139534883723,0.28,0.3888888888888889,0.6853448275862069,0.5290322580645161,0.5256410256410257,0.5324675324675324
363,5,0.15,7,0.05,0.4,log2,0.7206204016703122,0.6897769927136234,0.7953156822810591,0.6089668615984406,0.7305699481865285,0.2972972972972973,0.2894736842105263,0.3055555555555556,0.6336206896551724,0.2857142857142857,0.40476190476190477,0.22077922077922077
364,5,0.15,7,0.05,0.5,sqrt,0.7395108371445616,0.7263993316624896,0.782276203328835,0.6779727095516569,0.6839378238341969,0.2823529411764706,0.24489795918367346,0.3333333333333333,0.6896551724137931,0.5324675324675324,0.5324675324675324,0.5324675324675324
365,5,0.15,7,0.05,0.5,log2,0.7100815271425731,0.7134433962264151,0.7193816884661117,0.7076023391812866,0.6787564766839378,0.3111111111111111,0.25925925925925924,0.3888888888888889,0.6767241379310345,0.5989304812834224,0.509090909090909,0.7272727272727273
366,5,0.15,7,0.05,0.6,sqrt,0.7357327500497117,0.7146231479493236,0.7954110898661568,0.6487329434697856,0.6683937823834197,0.2558139534883721,0.22,0.3055555555555556,0.771551724137931,0.7039106145251397,0.6176470588235294,0.8181818181818182
367,5,0.15,7,0.05,0.6,log2,0.7782859415390734,0.7661983644369889,0.8289473684210527,0.712280701754386,0.7357512953367875,0.41379310344827586,0.35294117647058826,0.5,0.7025862068965517,0.5605095541401274,0.55,0.5714285714285714
368,5,0.15,7,0.05,0.7,sqrt,0.7685424537681448,0.754222972972973,0.8226623675725472,0.6962962962962963,0.7357512953367875,0.41379310344827586,0.35294117647058826,0.5,0.7974137931034483,0.7344632768361582,0.65,0.8441558441558441
369,5,0.15,7,0.05,0.7,log2,0.7749055478226288,0.7637729549248747,0.8217332734620566,0.7134502923976608,0.7357512953367875,0.33766233766233766,0.3170731707317073,0.3611111111111111,0.625,0.304,0.3958333333333333,0.24675324675324675
370,5,0.15,7,0.1,0.3,sqrt,0.6653410220719825,0.6523445569097294,0.6937609841827768,0.6155945419103314,0.6373056994818653,0.2553191489361702,0.20689655172413793,0.3333333333333333,0.6681034482758621,0.5217391304347826,0.5,0.5454545454545454
371,5,0.15,7,0.1,0.3,log2,0.6482402068005567,0.6359333196130891,0.6734960767218832,0.6023391812865497,0.5595854922279793,0.22018348623853212,0.1643835616438356,0.3333333333333333,0.5387931034482759,0.2517482517482518,0.2727272727272727,0.23376623376623376
372,5,0.15,7,0.1,0.4,sqrt,0.6772718234241399,0.7188636757318552,0.6468204488778054,0.8089668615984406,0.5284974093264249,0.3053435114503817,0.21052631578947367,0.5555555555555556,0.5387931034482759,0.4623115577889447,0.3770491803278688,0.5974025974025974
373,5,0.15,7,0.1,0.4,log2,0.6681248757208192,0.6488533557752998,0.7047531992687386,0.6011695906432749,0.5958549222797928,0.30357142857142855,0.2236842105263158,0.4722222222222222,0.5344827586206896,0.25,0.26865671641791045,0.23376623376623376
374,5,0.15,7,0.1,0.5,sqrt,0.7436866176178166,0.7111808200761819,0.8361433087460485,0.6187134502923977,0.7357512953367875,0.33766233766233766,0.3170731707317073,0.3611111111111111,0.7844827586206896,0.7126436781609196,0.6391752577319587,0.8051948051948052
375,5,0.15,7,0.1,0.5,log2,0.6667329488964009,0.661140315406389,0.6866862662746746,0.6374269005847953,0.5958549222797928,0.30357142857142855,0.2236842105263158,0.4722222222222222,0.47844827586206895,0.18791946308724833,0.19444444444444445,0.18181818181818182
376,5,0.15,7,0.1,0.6,sqrt,0.7327500497116723,0.7201166180758017,0.7729101475189987,0.674074074074074,0.7046632124352331,0.2597402597402597,0.24390243902439024,0.2777777777777778,0.5818965517241379,0.2706766917293233,0.32142857142857145,0.23376623376623376
377,5,0.15,7,0.1,0.6,log2,0.7329488964008749,0.7336902637319056,0.7465698143664246,0.7212475633528265,0.6735751295336787,0.27586206896551724,0.23529411764705882,0.3333333333333333,0.5905172413793104,0.31654676258992803,0.3548387096774194,0.2857142857142857
378,5,0.15,7,0.1,0.7,sqrt,0.6890037780870949,0.6767259198015709,0.7201935767707875,0.6382066276803119,0.6424870466321243,0.25806451612903225,0.21052631578947367,0.3333333333333333,0.6810344827586207,0.5316455696202531,0.5185185185185185,0.5454545454545454
379,5,0.15,7,0.1,0.7,log2,0.6999403459932392,0.6665193370165746,0.7693877551020408,0.5879142300194932,0.694300518134715,0.2716049382716049,0.24444444444444444,0.3055555555555556,0.7629310344827587,0.6927374301675978,0.6078431372549019,0.8051948051948052
380,5,0.15,8,0.05,0.3,sqrt,0.6603698548419169,0.6031598513011153,0.7464059804485337,0.5060428849902534,0.6994818652849741,0.2564102564102564,0.23809523809523808,0.2777777777777778,0.6982758620689655,0.5205479452054794,0.5507246376811594,0.4935064935064935
381,5,0.15,8,0.05,0.3,log2,0.6601710081527142,0.614308282554728,0.7293676312968917,0.5306042884990253,0.6683937823834197,0.2558139534883721,0.22,0.3055555555555556,0.6767241379310345,0.5098039215686274,0.5131578947368421,0.5064935064935064
382,5,0.15,8,0.05,0.4,sqrt,0.7236031020083515,0.7155137126483831,0.7531236535975873,0.6814814814814815,0.616580310880829,0.27450980392156865,0.21212121212121213,0.3888888888888889,0.6724137931034483,0.6274509803921569,0.5039370078740157,0.8311688311688312
383,5,0.15,8,0.05,0.4,log2,0.7261881089679857,0.7285629804849202,0.7368421052631579,0.7204678362573099,0.6010362694300518,0.35294117647058826,0.25301204819277107,0.5833333333333334,0.6206896551724138,0.5111111111111111,0.44660194174757284,0.5974025974025974
384,5,0.15,8,0.05,0.5,sqrt,0.7146550009942334,0.7086294416243655,0.739406779661017,0.6803118908382066,0.6476683937823834,0.2608695652173913,0.21428571428571427,0.3333333333333333,0.646551724137931,0.5176470588235295,0.4731182795698925,0.5714285714285714
385,5,0.15,8,0.05,0.5,log2,0.7377212169417379,0.7179816121445372,0.7949810606060606,0.6545808966861598,0.7305699481865285,0.3953488372093023,0.34,0.4722222222222222,0.6336206896551724,0.5029239766081871,0.4574468085106383,0.5584415584415584
386,5,0.15,8,0.05,0.6,sqrt,0.7446808510638298,0.7182974989030276,0.821374811841445,0.6382066276803119,0.7253886010362695,0.3614457831325301,0.3191489361702128,0.4166666666666667,0.6896551724137931,0.5384615384615384,0.5316455696202531,0.5454545454545454
387,5,0.15,8,0.05,0.6,log2,0.7428912308610062,0.7227107012652798,0.8031458531935176,0.6569200779727096,0.6839378238341969,0.2823529411764706,0.24489795918367346,0.3333333333333333,0.7801724137931034,0.711864406779661,0.63,0.8181818181818182
388,5,0.15,8,0.05,0.7,sqrt,0.7536289520779479,0.7401971063115957,0.8008166969147006,0.6881091617933723,0.7202072538860104,0.41304347826086957,0.3392857142857143,0.5277777777777778,0.6724137931034483,0.5308641975308642,0.5058823529411764,0.5584415584415584
389,5,0.15,8,0.05,0.7,log2,0.7709286140385763,0.7536355859709153,0.8346755092373283,0.6869395711500975,0.7098445595854922,0.3333333333333333,0.2916666666666667,0.3888888888888889,0.7887931034482759,0.72,0.6428571428571429,0.8181818181818182
390,5,0.15,8,0.1,0.3,sqrt,0.6780672101809505,0.6500972552409768,0.7293889427740058,0.5863547758284601,0.6373056994818653,0.2222222222222222,0.18518518518518517,0.2777777777777778,0.6767241379310345,0.5098039215686274,0.5131578947368421,0.5064935064935064
391,5,0.15,8,0.1,0.3,log2,0.6579836945714854,0.6365173288250211,0.6949700046146746,0.5871345029239766,0.6113989637305699,0.32432432432432434,0.24,0.5,0.4870689655172414,0.15602836879432624,0.171875,0.14285714285714285
392,5,0.15,8,0.1,0.4,sqrt,0.6850268443030424,0.6321411983279145,0.7817346352670879,0.5306042884990253,0.7461139896373057,0.3287671232876712,0.32432432432432434,0.3333333333333333,0.6982758620689655,0.47761194029850745,0.5614035087719298,0.4155844155844156
393,5,0.15,8,0.1,0.4,log2,0.6935772519387552,0.6884980796442288,0.7149454240134341,0.6639376218323587,0.7046632124352331,0.41237113402061853,0.32786885245901637,0.5555555555555556,0.6982758620689655,0.6236559139784946,0.5321100917431193,0.7532467532467533
394,5,0.15,8,0.1,0.5,sqrt,0.7365281368065222,0.7300875942147077,0.764505119453925,0.698635477582846,0.6632124352331606,0.38095238095238093,0.2898550724637681,0.5555555555555556,0.6982758620689655,0.65,0.5284552845528455,0.8441558441558441
395,5,0.15,8,0.1,0.5,log2,0.6838337641678266,0.6547980894485453,0.7388535031847133,0.5879142300194932,0.6580310880829016,0.23255813953488372,0.2,0.2777777777777778,0.6939655172413793,0.5234899328859061,0.5416666666666666,0.5064935064935064
396,5,0.15,8,0.1,0.6,sqrt,0.7039172797772917,0.7157854552395495,0.7011967090501122,0.7309941520467836,0.6528497409326425,0.32323232323232326,0.25396825396825395,0.4444444444444444,0.6206896551724138,0.5111111111111111,0.44660194174757284,0.5974025974025974
397,5,0.15,8,0.1,0.6,log2,0.6750845098429111,0.6712273641851106,0.6935550935550936,0.6502923976608187,0.6476683937823834,0.2765957446808511,0.22413793103448276,0.3611111111111111,0.6594827586206896,0.5212121212121212,0.48863636363636365,0.5584415584415584
398,5,0.15,8,0.1,0.7,sqrt,0.7224100218731359,0.6925110132158591,0.7959493670886076,0.6128654970760234,0.6994818652849741,0.275,0.25,0.3055555555555556,0.6206896551724138,0.30158730158730157,0.3877551020408163,0.24675324675324675
399,5,0.15,8,0.1,0.7,log2,0.7230065619407436,0.7059320244880726,0.7697974217311234,0.6518518518518519,0.6580310880829016,0.2826086956521739,0.23214285714285715,0.3611111111111111,0.7198275862068966,0.6596858638743456,0.5526315789473685,0.8181818181818182
400,5,0.15,9,0.05,0.3,sqrt,0.7094849870749652,0.6906627143764557,0.7557924003707136,0.6358674463937621,0.6839378238341969,0.3146067415730337,0.2641509433962264,0.3888888888888889,0.6724137931034483,0.5128205128205128,0.5063291139240507,0.5194805194805194
401,5,0.15,9,0.05,0.3,log2,0.6705110359912507,0.6826278490710592,0.670933734939759,0.6947368421052632,0.6217616580310881,0.45112781954887216,0.30927835051546393,0.8333333333333334,0.4267241379310345,0.20359281437125748,0.18888888888888888,0.22077922077922077
402,5,0.15,9,0.05,0.4,sqrt,0.7092861403857625,0.6693803708729081,0.7969843834141088,0.5769980506822612,0.7357512953367875,0.33766233766233766,0.3170731707317073,0.3611111111111111,0.625,0.2809917355371901,0.38636363636363635,0.22077922077922077
403,5,0.15,9,0.05,0.4,log2,0.6876118512626764,0.6658157838757711,0.7326779026217228,0.6101364522417154,0.6735751295336787,0.3225806451612903,0.2631578947368421,0.4166666666666667,0.7672413793103449,0.7096774193548387,0.6055045871559633,0.8571428571428571
404,5,0.15,9,0.05,0.5,sqrt,0.7532312586995427,0.7453314180176482,0.7868284228769498,0.7079922027290448,0.7046632124352331,0.3595505617977528,0.3018867924528302,0.4444444444444444,0.6810344827586207,0.5256410256410257,0.5189873417721519,0.5324675324675324
405,5,0.15,9,0.05,0.5,log2,0.740306223901372,0.7132191480017567,0.81649069884364,0.6331384015594542,0.7046632124352331,0.27848101265822783,0.2558139534883721,0.3055555555555556,0.7370689655172413,0.5793103448275863,0.6176470588235294,0.5454545454545454
406,5,0.15,9,0.05,0.6,sqrt,0.797574070391728,0.7898431048720066,0.8394032470381746,0.7458089668615985,0.7202072538860104,0.34146341463414637,0.30434782608695654,0.3888888888888889,0.7025862068965517,0.5490196078431373,0.5526315789473685,0.5454545454545454
407,5,0.15,9,0.05,0.6,log2,0.7681447603897396,0.7457479284779764,0.8461157842652153,0.6666666666666666,0.7305699481865285,0.3157894736842105,0.3,0.3333333333333333,0.6896551724137931,0.5443037974683544,0.5308641975308642,0.5584415584415584
408,5,0.15,9,0.05,0.7,sqrt,0.7586001193080135,0.7571028411364545,0.7776407727085902,0.7376218323586745,0.6476683937823834,0.30612244897959184,0.24193548387096775,0.4166666666666667,0.7629310344827587,0.7120418848167539,0.5964912280701754,0.8831168831168831
409,5,0.15,9,0.05,0.7,log2,0.780075561741897,0.7765656565656566,0.8058700209643606,0.749317738791423,0.694300518134715,0.37894736842105264,0.3050847457627119,0.5,0.5344827586206896,0.2602739726027397,0.2753623188405797,0.24675324675324675
410,5,0.15,9,0.1,0.3,sqrt,0.6388944124080334,0.620718462823726,0.6684660368870895,0.5793372319688109,0.5647668393782384,0.2222222222222222,0.16666666666666666,0.3333333333333333,0.5560344827586207,0.24817518248175183,0.2833333333333333,0.22077922077922077
411,5,0.15,9,0.1,0.3,log2,0.6611652415987274,0.6850277264325324,0.6513181019332162,0.7224171539961014,0.6113989637305699,0.4094488188976378,0.2857142857142857,0.7222222222222222,0.4482758620689655,0.20987654320987653,0.2,0.22077922077922077
412,5,0.15,9,0.1,0.4,sqrt,0.7291708093060251,0.73512252042007,0.7334109429569267,0.7368421052631579,0.6269430051813472,0.23404255319148937,0.1896551724137931,0.3055555555555556,0.6379310344827587,0.5227272727272727,0.46464646464646464,0.5974025974025974
413,5,0.15,9,0.1,0.4,log2,0.6665341022071982,0.6531540847983454,0.6955947136563877,0.6155945419103314,0.6476683937823834,0.2608695652173913,0.21428571428571427,0.3333333333333333,0.6637931034482759,0.5185185185185185,0.49411764705882355,0.5454545454545454
414,5,0.15,9,0.1,0.5,sqrt,0.732352356333267,0.75064838829196,0.7151429579950582,0.7898635477582846,0.6113989637305699,0.3119266055045872,0.2328767123287671,0.4722222222222222,0.5086206896551724,0.2875,0.27710843373493976,0.2987012987012987
415,5,0.15,9,0.1,0.5,log2,0.7240007953867568,0.7323563440030852,0.7245326211369706,0.7403508771929824,0.6735751295336787,0.36363636363636365,0.2857142857142857,0.5,0.6681034482758621,0.5389221556886228,0.5,0.5844155844155844
416,5,0.15,9,0.1,0.6,sqrt,0.7347385166036986,0.715443686006826,0.7899199246349505,0.6538011695906433,0.694300518134715,0.3218390804597701,0.27450980392156865,0.3888888888888889,0.5905172413793104,0.2962962962962963,0.3448275862068966,0.2597402597402597
417,5,0.15,9,0.1,0.6,log2,0.7444820043746272,0.7267701467148628,0.7993451824134705,0.6662768031189084,0.6839378238341969,0.22784810126582278,0.20930232558139536,0.25,0.7112068965517241,0.5503355704697986,0.5694444444444444,0.5324675324675324
418,5,0.15,9,0.1,0.7,sqrt,0.721813481805528,0.6912381372765394,0.7965412004069176,0.6105263157894737,0.694300518134715,0.23376623376623376,0.21951219512195122,0.25,0.771551724137931,0.7005649717514124,0.62,0.8051948051948052
419,5,0.15,9,0.1,0.7,log2,0.7206204016703122,0.6844823714349877,0.8072033898305084,0.5941520467836258,0.7046632124352331,0.24,0.23076923076923078,0.25,0.7844827586206896,0.7058823529411765,0.6451612903225806,0.7792207792207793
420,5,0.2,3,0.05,0.3,sqrt,0.6333267051103599,0.5630331753554503,0.7178247734138973,0.4631578947368421,0.7461139896373057,0.3287671232876712,0.32432432432432434,0.3333333333333333,0.6637931034482759,0.4507042253521127,0.49230769230769234,0.4155844155844156
421,5,0.2,3,0.05,0.3,log2,0.6808510638297872,0.6550612508059317,0.7298850574712644,0.5941520467836258,0.6632124352331606,0.2857142857142857,0.23636363636363636,0.3611111111111111,0.7629310344827587,0.7027027027027027,0.6018518518518519,0.8441558441558441
422,5,0.2,3,0.05,0.4,sqrt,0.7214157884271227,0.7315577696876796,0.7192916352675207,0.7442495126705653,0.6269430051813472,0.2653061224489796,0.20967741935483872,0.3611111111111111,0.6422413793103449,0.5146198830409356,0.46808510638297873,0.5714285714285714
423,5,0.2,3,0.05,0.4,log2,0.7176377013322728,0.7288006111535523,0.7143391988019469,0.743859649122807,0.6373056994818653,0.3,0.234375,0.4166666666666667,0.6379310344827587,0.5116279069767442,0.4631578947368421,0.5714285714285714
424,5,0.2,3,0.05,0.5,sqrt,0.6631537084907536,0.6638888888888889,0.675959595959596,0.6522417153996102,0.6269430051813472,0.28,0.21875,0.3888888888888889,0.6422413793103449,0.5088757396449705,0.4673913043478261,0.5584415584415584
425,5,0.2,3,0.05,0.5,log2,0.7253927222111752,0.6981420765027322,0.7945273631840796,0.6226120857699805,0.7098445595854922,0.3,0.2727272727272727,0.3333333333333333,0.6939655172413793,0.5298013245033113,0.5405405405405406,0.5194805194805194
426,5,0.2,3,0.05,0.6,sqrt,0.7478623980910718,0.7313559322033898,0.8009280742459397,0.6729044834307992,0.694300518134715,0.3516483516483517,0.2909090909090909,0.4444444444444444,0.7672413793103449,0.7,0.6116504854368932,0.8181818181818182
427,5,0.2,3,0.05,0.6,log2,0.7236031020083515,0.7215544871794872,0.7420683971981871,0.7021442495126705,0.6217616580310881,0.21505376344086022,0.17543859649122806,0.2777777777777778,0.7672413793103449,0.7127659574468085,0.6036036036036037,0.8701298701298701
428,5,0.2,3,0.05,0.7,sqrt,0.7438854643070193,0.7191452245965984,0.8159327065809006,0.6428849902534113,0.7305699481865285,0.3333333333333333,0.30952380952380953,0.3611111111111111,0.7025862068965517,0.5490196078431373,0.5526315789473685,0.5454545454545454
429,5,0.2,3,0.05,0.7,log2,0.7313581228872539,0.708018154311649,0.7943743937924346,0.6385964912280702,0.6683937823834197,0.28888888888888886,0.24074074074074073,0.3611111111111111,0.6853448275862069,0.5408805031446541,0.524390243902439,0.5584415584415584
430,5,0.2,3,0.1,0.3,sqrt,0.6657387154503878,0.6526141764827443,0.6943711521547933,0.6155945419103314,0.6476683937823834,0.2608695652173913,0.21428571428571427,0.3333333333333333,0.6637931034482759,0.5185185185185185,0.49411764705882355,0.5454545454545454
431,5,0.2,3,0.1,0.3,log2,0.6424736528136806,0.633061224489796,0.6642398286937902,0.6046783625730994,0.5440414507772021,0.21428571428571427,0.15789473684210525,0.3333333333333333,0.5387931034482759,0.2517482517482518,0.2727272727272727,0.23376623376623376
432,5,0.2,3,0.1,0.4,sqrt,0.6848279976138397,0.6808938997382726,0.7039966694421316,0.6592592592592592,0.6528497409326425,0.27956989247311825,0.22807017543859648,0.3611111111111111,0.6681034482758621,0.5276073619631901,0.5,0.5584415584415584
433,5,0.2,3,0.1,0.4,log2,0.6832372241002187,0.68486646884273,0.6951807228915663,0.6748538011695906,0.6839378238341969,0.3838383838383838,0.30158730158730157,0.5277777777777778,0.6293103448275862,0.47560975609756095,0.4482758620689655,0.5064935064935064
434,5,0.2,3,0.1,0.5,sqrt,0.7341419765360907,0.7269756994078007,0.7632933104631218,0.6939571150097466,0.6528497409326425,0.24719101123595505,0.20754716981132076,0.3055555555555556,0.6853448275862069,0.5408805031446541,0.524390243902439,0.5584415584415584
435,5,0.2,3,0.1,0.5,log2,0.7164446211970571,0.7324577861163227,0.7059674502712477,0.7610136452241716,0.6424870466321243,0.3300970873786408,0.2537313432835821,0.4722222222222222,0.6293103448275862,0.5168539325842697,0.45544554455445546,0.5974025974025974
436,5,0.2,3,0.1,0.6,sqrt,0.6780672101809505,0.6214636427402385,0.7762850467289719,0.5181286549707602,0.7150259067357513,0.3037974683544304,0.27906976744186046,0.3333333333333333,0.6422413793103449,0.2905982905982906,0.425,0.22077922077922077
437,5,0.2,3,0.1,0.6,log2,0.7005368860608471,0.6889714993804213,0.7325428194993412,0.6502923976608187,0.6839378238341969,0.34408602150537637,0.2807017543859649,0.4444444444444444,0.6508620689655172,0.5030674846625767,0.47674418604651164,0.5324675324675324
438,5,0.2,3,0.1,0.7,sqrt,0.7118711473453967,0.7036203722642668,0.7401032702237521,0.6705653021442495,0.6269430051813472,0.25,0.2,0.3333333333333333,0.7068965517241379,0.6530612244897959,0.5378151260504201,0.8311688311688312
439,5,0.2,3,0.1,0.7,log2,0.6599721614635117,0.6935483870967742,0.6417910447761194,0.7543859649122807,0.5025906735751295,0.26153846153846155,0.18085106382978725,0.4722222222222222,0.521551724137931,0.4365482233502538,0.35833333333333334,0.5584415584415584
440,5,0.2,4,0.05,0.3,sqrt,0.6808510638297872,0.6252626663553584,0.7793946449359721,0.5220272904483431,0.7253886010362695,0.29333333333333333,0.28205128205128205,0.3055555555555556,0.7025862068965517,0.5306122448979592,0.5571428571428572,0.5064935064935064
441,5,0.2,4,0.05,0.3,log2,0.6514217538277988,0.631954650430401,0.6847133757961783,0.5867446393762183,0.616580310880829,0.24489795918367346,0.1935483870967742,0.3333333333333333,0.5517241379310345,0.2463768115942029,0.2786885245901639,0.22077922077922077
442,5,0.2,4,0.05,0.4,sqrt,0.7363292901173195,0.7187102248621129,0.7882736156351792,0.6604288499025341,0.6735751295336787,0.29213483146067415,0.24528301886792453,0.3611111111111111,0.6293103448275862,0.4819277108433735,0.449438202247191,0.5194805194805194
443,5,0.2,4,0.05,0.4,log2,0.7365281368065222,0.7211113449800042,0.783623055809698,0.6678362573099416,0.694300518134715,0.3655913978494624,0.2982456140350877,0.4722222222222222,0.728448275862069,0.5714285714285714,0.6,0.5454545454545454
444,5,0.2,4,0.05,0.5,sqrt,0.7448796977530324,0.7300652219650747,0.7929616087751371,0.6764132553606238,0.7046632124352331,0.3448275862068966,0.29411764705882354,0.4166666666666667,0.6939655172413793,0.5477707006369427,0.5375,0.5584415584415584
445,5,0.2,4,0.05,0.5,log2,0.7277788824816067,0.6995830590300637,0.8002008032128514,0.6214424951267057,0.7150259067357513,0.3373493975903614,0.2978723404255319,0.3888888888888889,0.6681034482758621,0.4460431654676259,0.5,0.4025974025974026
446,5,0.2,4,0.05,0.6,sqrt,0.7442831576854245,0.7234408602150537,0.8067146282973621,0.6557504873294348,0.6735751295336787,0.2222222222222222,0.2,0.25,0.7758620689655172,0.7111111111111111,0.6213592233009708,0.8311688311688312
447,5,0.2,4,0.05,0.6,log2,0.7357327500497117,0.7087442472057857,0.8093093093093093,0.6304093567251462,0.7098445595854922,0.24324324324324326,0.23684210526315788,0.25,0.7844827586206896,0.7126436781609196,0.6391752577319587,0.8051948051948052
448,5,0.2,4,0.05,0.7,sqrt,0.7236031020083515,0.6993944636678201,0.7853326857697912,0.6304093567251462,0.6787564766839378,0.225,0.20454545454545456,0.25,0.5905172413793104,0.2857142857142857,0.3392857142857143,0.24675324675324675
449,5,0.2,4,0.05,0.7,log2,0.7383177570093458,0.7323026851098454,0.7656316461080391,0.7017543859649122,0.689119170984456,0.34782608695652173,0.2857142857142857,0.4444444444444444,0.7025862068965517,0.6532663316582915,0.5327868852459017,0.8441558441558441
450,5,0.2,4,0.1,0.3,sqrt,0.6969576456551998,0.6694143167028199,0.7545232273838631,0.6015594541910332,0.6683937823834197,0.3191489361702128,0.25862068965517243,0.4166666666666667,0.5991379310344828,0.27906976744186046,0.34615384615384615,0.23376623376623376
451,5,0.2,4,0.1,0.3,log2,0.6540067607874329,0.6802646085997794,0.643378519290928,0.7216374269005847,0.5803108808290155,0.2831858407079646,0.2077922077922078,0.4444444444444444,0.5086206896551724,0.3870967741935484,0.3302752293577982,0.4675324675324675
452,5,0.2,4,0.1,0.4,sqrt,0.7106780672101809,0.7246925260170294,0.7040441176470589,0.746588693957115,0.6373056994818653,0.3137254901960784,0.24242424242424243,0.4444444444444444,0.6206896551724138,0.5056179775280899,0.44554455445544555,0.5844155844155844
453,5,0.2,4,0.1,0.4,log2,0.64545635315172,0.6307724166494099,0.6727031802120141,0.5937621832358675,0.5595854922279793,0.22018348623853212,0.1643835616438356,0.3333333333333333,0.5517241379310345,0.2463768115942029,0.2786885245901639,0.22077922077922077
454,5,0.2,4,0.1,0.5,sqrt,0.6557963809902565,0.6605216709158659,0.664561957379637,0.6565302144249513,0.6217616580310881,0.26262626262626265,0.20634920634920634,0.3611111111111111,0.6379310344827587,0.5058823529411764,0.46236559139784944,0.5584415584415584
455,5,0.2,4,0.1,0.5,log2,0.7285742692384172,0.724853860108849,0.7504173622704507,0.7009746588693957,0.616580310880829,0.26,0.203125,0.3611111111111111,0.6206896551724138,0.4883720930232558,0.4421052631578947,0.5454545454545454
456,5,0.2,4,0.1,0.6,sqrt,0.7478623980910718,0.7336134453781512,0.7954441913439636,0.6807017543859649,0.6994818652849741,0.3409090909090909,0.28846153846153844,0.4166666666666667,0.7672413793103449,0.7,0.6116504854368932,0.8181818181818182
457,5,0.2,4,0.1,0.6,log2,0.7021276595744681,0.6792291220556745,0.7534441805225653,0.6183235867446394,0.6321243523316062,0.21978021978021978,0.18181818181818182,0.2777777777777778,0.5560344827586207,0.2589928057553957,0.2903225806451613,0.23376623376623376
458,5,0.2,4,0.1,0.7,sqrt,0.7623782064028634,0.7491077052277976,0.8116469517743403,0.6955165692007798,0.7098445595854922,0.36363636363636365,0.3076923076923077,0.4444444444444444,0.7844827586206896,0.7159090909090909,0.6363636363636364,0.8181818181818182
459,5,0.2,4,0.1,0.7,log2,0.7178365480214755,0.6810519217801754,0.804140127388535,0.5906432748538012,0.694300518134715,0.23376623376623376,0.21951219512195122,0.25,0.603448275862069,0.2923076923076923,0.3584905660377358,0.24675324675324675
460,5,0.2,5,0.05,0.3,sqrt,0.6697156492344403,0.6017741548789259,0.7814445828144458,0.48927875243664715,0.7098445595854922,0.24324324324324326,0.23684210526315788,0.25,0.7068965517241379,0.5277777777777778,0.5671641791044776,0.4935064935064935
461,5,0.2,5,0.05,0.3,log2,0.6687214157884271,0.6307624113475178,0.7308680020544427,0.554775828460039,0.7098445595854922,0.28205128205128205,0.2619047619047619,0.3055555555555556,0.6810344827586207,0.6021505376344086,0.5137614678899083,0.7272727272727273
462,5,0.2,5,0.05,0.4,sqrt,0.6641479419367667,0.6542476970317298,0.6887931034482758,0.6230019493177388,0.6476683937823834,0.2765957446808511,0.22413793103448276,0.3611111111111111,0.6681034482758621,0.5276073619631901,0.5,0.5584415584415584
463,5,0.2,5,0.05,0.4,log2,0.6651421753827799,0.6945955749002539,0.6493726687012547,0.746588693957115,0.5544041450777202,0.25862068965517243,0.1875,0.4166666666666667,0.6939655172413793,0.6602870813397129,0.5227272727272727,0.8961038961038961
464,5,0.2,5,0.05,0.5,sqrt,0.7142573076158282,0.6899676375404531,0.7724637681159421,0.623391812865497,0.7150259067357513,0.35294117647058826,0.30612244897959184,0.4166666666666667,0.6896551724137931,0.5384615384615384,0.5316455696202531,0.5454545454545454
465,5,0.2,5,0.05,0.5,log2,0.7232054086299463,0.722266560255387,0.7396812423375562,0.7056530214424951,0.6269430051813472,0.32075471698113206,0.24285714285714285,0.4722222222222222,0.6379310344827587,0.5116279069767442,0.4631578947368421,0.5714285714285714
466,5,0.2,5,0.05,0.6,sqrt,0.7464704712666534,0.7355320472930927,0.785904255319149,0.6912280701754386,0.6994818652849741,0.275,0.25,0.3055555555555556,0.6853448275862069,0.535031847133758,0.525,0.5454545454545454
467,5,0.2,5,0.05,0.6,log2,0.7524358719427322,0.7463841922998574,0.7815699658703071,0.7142300194931774,0.6424870466321243,0.31683168316831684,0.24615384615384617,0.4444444444444444,0.7025862068965517,0.6698564593301436,0.5303030303030303,0.9090909090909091
468,5,0.2,5,0.05,0.7,sqrt,0.7333465897792801,0.7280470492800649,0.7586644125105664,0.6998050682261209,0.6424870466321243,0.3300970873786408,0.2537313432835821,0.4722222222222222,0.6163793103448276,0.4971751412429379,0.44,0.5714285714285714
469,5,0.2,5,0.05,0.7,log2,0.7301650427520382,0.716405433646813,0.7720720720720721,0.6682261208576998,0.6839378238341969,0.34408602150537637,0.2807017543859649,0.4444444444444444,0.728448275862069,0.6666666666666666,0.5625,0.8181818181818182
470,5,0.2,5,0.1,0.3,sqrt,0.6444621197057069,0.6342062193126022,0.667240637107189,0.6042884990253411,0.5492227979274611,0.21621621621621623,0.16,0.3333333333333333,0.5344827586206896,0.25,0.26865671641791045,0.23376623376623376
471,5,0.2,5,0.1,0.3,log2,0.6659375621395903,0.6521739130434783,0.695364238410596,0.6140350877192983,0.6476683937823834,0.2608695652173913,0.21428571428571427,0.3333333333333333,0.6681034482758621,0.5217391304347826,0.5,0.5454545454545454
472,5,0.2,5,0.1,0.4,sqrt,0.6544044541658381,0.6692044156832889,0.6537746374116772,0.6853801169590643,0.5595854922279793,0.2608695652173913,0.189873417721519,0.4166666666666667,0.5905172413793104,0.47513812154696133,0.41346153846153844,0.5584415584415584
473,5,0.2,5,0.1,0.4,log2,0.7649632133624975,0.7501057082452431,0.8193995381062356,0.6916179337231969,0.7823834196891192,0.43243243243243246,0.42105263157894735,0.4444444444444444,0.7844827586206896,0.7058823529411765,0.6451612903225806,0.7792207792207793
474,5,0.2,5,0.1,0.5,sqrt,0.6669317955856034,0.6430854464095461,0.7091165413533834,0.5883040935672514,0.6217616580310881,0.26262626262626265,0.20634920634920634,0.3611111111111111,0.6508620689655172,0.4968944099378882,0.47619047619047616,0.5194805194805194
475,5,0.2,5,0.1,0.5,log2,0.748260091469477,0.7429963459196103,0.7750952986022872,0.7134502923976608,0.6528497409326425,0.29473684210526313,0.23728813559322035,0.3888888888888889,0.6508620689655172,0.5149700598802395,0.4777777777777778,0.5584415584415584
476,5,0.2,5,0.1,0.6,sqrt,0.6414794193676675,0.5963734049697784,0.7003154574132492,0.519298245614035,0.689119170984456,0.23076923076923078,0.21428571428571427,0.25,0.5517241379310345,0.14754098360655737,0.2,0.11688311688311688
477,5,0.2,5,0.1,0.6,log2,0.7176377013322728,0.6939655172413793,0.7759036144578313,0.6276803118908382,0.7253886010362695,0.3291139240506329,0.3023255813953488,0.3611111111111111,0.6896551724137931,0.5324675324675324,0.5324675324675324,0.5324675324675324
478,5,0.2,5,0.1,0.7,sqrt,0.7315569695764566,0.7045951859956237,0.8029925187032418,0.6276803118908382,0.6839378238341969,0.24691358024691357,0.2222222222222222,0.2777777777777778,0.771551724137931,0.7039106145251397,0.6176470588235294,0.8181818181818182
479,5,0.2,5,0.1,0.7,log2,0.7243984887651621,0.7269503546099291,0.7347670250896058,0.7192982456140351,0.5699481865284974,0.20952380952380953,0.15942028985507245,0.3055555555555556,0.6551724137931034,0.5121951219512195,0.4827586206896552,0.5454545454545454
480,5,0.2,6,0.05,0.3,sqrt,0.7124676874130046,0.7216018482864844,0.7128185621909471,0.7306042884990254,0.6321243523316062,0.2828282828282828,0.2222222222222222,0.3888888888888889,0.6422413793103449,0.5202312138728323,0.46875,0.5844155844155844
481,5,0.2,6,0.05,0.3,log2,0.6685225690992245,0.6089608257095942,0.7644287396937574,0.5060428849902534,0.694300518134715,0.23376623376623376,0.21951219512195122,0.25,0.7068965517241379,0.5277777777777778,0.5671641791044776,0.4935064935064935
482,5,0.2,6,0.05,0.4,sqrt,0.7088884470073573,0.7132784958871915,0.7166469893742621,0.7099415204678362,0.5181347150259067,0.27906976744186046,0.1935483870967742,0.5,0.4870689655172414,0.2608695652173913,0.25,0.2727272727272727
483,5,0.2,6,0.05,0.4,log2,0.7150526943726387,0.6863646312103305,0.782435129740519,0.6113060428849902,0.7046632124352331,0.32941176470588235,0.2857142857142857,0.3888888888888889,0.6120689655172413,0.27419354838709675,0.3617021276595745,0.22077922077922077
484,5,0.2,6,0.05,0.5,sqrt,0.7331477430900776,0.7597565341926245,0.7024164184045019,0.82729044834308,0.6062176165803109,0.36666666666666664,0.2619047619047619,0.6111111111111112,0.5646551724137931,0.4873096446700508,0.4,0.6233766233766234
485,5,0.2,6,0.05,0.5,log2,0.6768741300457347,0.6767455739009349,0.6909017059301381,0.6631578947368421,0.6113989637305699,0.336283185840708,0.24675324675324675,0.5277777777777778,0.5129310344827587,0.2709677419354839,0.2692307692307692,0.2727272727272727
486,5,0.2,6,0.05,0.6,sqrt,0.719626168224299,0.7085572550640761,0.7540695116586009,0.6682261208576998,0.6839378238341969,0.2988505747126437,0.2549019607843137,0.3611111111111111,0.5818965517241379,0.291970802919708,0.3333333333333333,0.2597402597402597
487,5,0.2,6,0.05,0.6,log2,0.6689202624776297,0.6119785597762759,0.7607184241019699,0.5118908382066277,0.689119170984456,0.3181818181818182,0.2692307692307692,0.3888888888888889,0.6293103448275862,0.3484848484848485,0.41818181818181815,0.2987012987012987
488,5,0.2,6,0.05,0.7,sqrt,0.7470670113342612,0.7404081632653061,0.7768736616702355,0.7072124756335283,0.6839378238341969,0.3711340206185567,0.29508196721311475,0.5,0.7543103448275862,0.6951871657754011,0.5909090909090909,0.8441558441558441
489,5,0.2,6,0.05,0.7,log2,0.7766951680254524,0.763429534442806,0.8304307974335472,0.7064327485380117,0.7253886010362695,0.3764705882352941,0.32653061224489793,0.4444444444444444,0.6939655172413793,0.5534591194968553,0.5365853658536586,0.5714285714285714
490,5,0.2,6,0.1,0.3,sqrt,0.6587790813282959,0.6246719160104987,0.7115097159940209,0.5567251461988304,0.6528497409326425,0.24719101123595505,0.20754716981132076,0.3055555555555556,0.6077586206896551,0.272,0.3541666666666667,0.22077922077922077
491,5,0.2,6,0.1,0.3,log2,0.6528136806522171,0.7203715566944267,0.6113074204946997,0.876803118908382,0.44559585492227977,0.2913907284768212,0.19130434782608696,0.6111111111111112,0.5517241379310345,0.5702479338842975,0.41818181818181815,0.8961038961038961
492,5,0.2,6,0.1,0.4,sqrt,0.6772718234241399,0.6774001192605844,0.6909975669099757,0.664327485380117,0.6321243523316062,0.3238095238095238,0.2463768115942029,0.4722222222222222,0.6681034482758621,0.5276073619631901,0.5,0.5584415584415584
493,5,0.2,6,0.1,0.4,log2,0.6380990256512229,0.6219360199418363,0.665629168519342,0.583625730994152,0.5803108808290155,0.24299065420560748,0.18309859154929578,0.3611111111111111,0.5560344827586207,0.2589928057553957,0.2903225806451613,0.23376623376623376
494,5,0.2,6,0.1,0.5,sqrt,0.719626168224299,0.7528916929547844,0.6838586437440306,0.8374269005847953,0.5595854922279793,0.34108527131782945,0.23655913978494625,0.6111111111111112,0.5344827586206896,0.47058823529411764,0.3779527559055118,0.6233766233766234
495,5,0.2,6,0.1,0.5,log2,0.6490355935573673,0.6509788412102037,0.6605136436597111,0.6417153996101365,0.5854922279792746,0.1836734693877551,0.14516129032258066,0.25,0.5387931034482759,0.24113475177304963,0.265625,0.22077922077922077
496,5,0.2,6,0.1,0.6,sqrt,0.6892026247762975,0.6505700871898055,0.7625786163522013,0.5672514619883041,0.694300518134715,0.21333333333333335,0.20512820512820512,0.2222222222222222,0.6724137931034483,0.4647887323943662,0.5076923076923077,0.42857142857142855
497,5,0.2,6,0.1,0.6,log2,0.7178365480214755,0.6959502892650525,0.7725975261655567,0.6331384015594542,0.689119170984456,0.3023255813953488,0.26,0.3611111111111111,0.771551724137931,0.7005649717514124,0.62,0.8051948051948052
498,5,0.2,6,0.1,0.7,sqrt,0.7341419765360907,0.7283072546230441,0.7606112054329371,0.698635477582846,0.6683937823834197,0.3333333333333333,0.26666666666666666,0.4444444444444444,0.5732758620689655,0.3076923076923077,0.3333333333333333,0.2857142857142857
499,5,0.2,6,0.1,0.7,log2,0.7470670113342612,0.7225130890052356,0.8202080237741456,0.6456140350877193,0.7461139896373057,0.30985915492957744,0.3142857142857143,0.3055555555555556,0.7629310344827587,0.708994708994709,0.5982142857142857,0.8701298701298701
500,5,0.2,7,0.05,0.3,sqrt,0.7208192483595148,0.6951801997394702,0.7844194022537971,0.6241715399610136,0.7098445595854922,0.3333333333333333,0.2916666666666667,0.3888888888888889,0.6982758620689655,0.5394736842105263,0.5466666666666666,0.5324675324675324
501,5,0.2,7,0.05,0.3,log2,0.658182541260688,0.6518128418067652,0.6783305227655987,0.6272904483430799,0.5751295336787565,0.22641509433962265,0.17142857142857143,0.3333333333333333,0.7068965517241379,0.66,0.5365853658536586,0.8571428571428571
502,5,0.2,7,0.05,0.4,sqrt,0.6888049313978922,0.6656697286904507,0.7362948960302458,0.6074074074074074,0.6632124352331606,0.2696629213483146,0.22641509433962265,0.3333333333333333,0.6508620689655172,0.5030674846625767,0.47674418604651164,0.5324675324675324
503,5,0.2,7,0.05,0.4,log2,0.7061045933585206,0.6852640545144804,0.7550445800093852,0.6272904483430799,0.6580310880829016,0.2826086956521739,0.23214285714285715,0.3611111111111111,0.6594827586206896,0.5031446540880503,0.4878048780487805,0.5194805194805194
504,5,0.2,7,0.05,0.5,sqrt,0.7136607675482203,0.7009966777408638,0.7498889382496668,0.6580896686159844,0.7357512953367875,0.5048543689320388,0.3880597014925373,0.7222222222222222,0.6551724137931034,0.5238095238095238,0.4835164835164835,0.5714285714285714
505,5,0.2,7,0.05,0.5,log2,0.7411016106581826,0.7571801566579635,0.7257776188773686,0.7914230019493177,0.6476683937823834,0.34615384615384615,0.2647058823529412,0.5,0.6163793103448276,0.5082872928176796,0.4423076923076923,0.5974025974025974
506,5,0.2,7,0.05,0.6,sqrt,0.754623185523961,0.747545008183306,0.7864829961256995,0.712280701754386,0.6580310880829016,0.36538461538461536,0.27941176470588236,0.5277777777777778,0.6379310344827587,0.5,0.46153846153846156,0.5454545454545454
507,5,0.2,7,0.05,0.6,log2,0.75303241201034,0.7340471092077088,0.8142517814726841,0.6682261208576998,0.694300518134715,0.33707865168539325,0.2830188679245283,0.4166666666666667,0.7327586206896551,0.6770833333333334,0.5652173913043478,0.8441558441558441
508,5,0.2,7,0.05,0.7,sqrt,0.7665539868761185,0.7458874458874459,0.8384428223844282,0.6717348927875244,0.7305699481865285,0.36585365853658536,0.32608695652173914,0.4166666666666667,0.7758620689655172,0.7111111111111111,0.6213592233009708,0.8311688311688312
509,5,0.2,7,0.05,0.7,log2,0.749850864983098,0.7362683438155136,0.7963718820861678,0.6846003898635478,0.7098445595854922,0.28205128205128205,0.2619047619047619,0.3055555555555556,0.6206896551724138,0.2903225806451613,0.3829787234042553,0.23376623376623376
510,5,0.2,7,0.1,0.3,sqrt,0.6659375621395903,0.65274906986358,0.6946766388033436,0.6155945419103314,0.6476683937823834,0.2608695652173913,0.21428571428571427,0.3333333333333333,0.6637931034482759,0.5185185185185185,0.49411764705882355,0.5454545454545454
511,5,0.2,7,0.1,0.3,log2,0.6651421753827799,0.6522098306484924,0.6934563021519543,0.6155945419103314,0.6373056994818653,0.2553191489361702,0.20689655172413793,0.3333333333333333,0.6681034482758621,0.5217391304347826,0.5,0.5454545454545454
512,5,0.2,7,0.1,0.4,sqrt,0.6482402068005567,0.6011273957158962,0.7128342245989305,0.5196881091617934,0.6476683937823834,0.22727272727272727,0.19230769230769232,0.2777777777777778,0.6767241379310345,0.5161290322580645,0.5128205128205128,0.5194805194805194
513,5,0.2,7,0.1,0.4,log2,0.6514217538277988,0.6750695088044486,0.6434628975265018,0.7099415204678362,0.49222797927461137,0.20967741935483872,0.14772727272727273,0.3611111111111111,0.5129310344827587,0.2802547770700637,0.275,0.2857142857142857
514,5,0.2,7,0.1,0.5,sqrt,0.7088884470073573,0.7139507620164126,0.7156286721504113,0.712280701754386,0.6373056994818653,0.2857142857142857,0.22580645161290322,0.3888888888888889,0.646551724137931,0.5176470588235295,0.4731182795698925,0.5714285714285714
515,5,0.2,7,0.1,0.5,log2,0.6802545237621793,0.6944127708095781,0.6774193548387096,0.712280701754386,0.5906735751295337,0.2616822429906542,0.19718309859154928,0.3888888888888889,0.6293103448275862,0.49411764705882355,0.45161290322580644,0.5454545454545454
516,5,0.2,7,0.1,0.6,sqrt,0.7347385166036986,0.7062967855570234,0.8113302984319676,0.6253411306042885,0.7046632124352331,0.27848101265822783,0.2558139534883721,0.3055555555555556,0.7155172413793104,0.5540540540540541,0.5774647887323944,0.5324675324675324
517,5,0.2,7,0.1,0.6,log2,0.7084907536289521,0.7013039934800326,0.7345283824157064,0.6709551656920077,0.6476683937823834,0.2608695652173913,0.21428571428571427,0.3333333333333333,0.6551724137931034,0.5,0.4819277108433735,0.5194805194805194
518,5,0.2,7,0.1,0.7,sqrt,0.7369258301849274,0.7096774193548387,0.8117469879518072,0.6304093567251462,0.7202072538860104,0.2894736842105263,0.275,0.3055555555555556,0.7025862068965517,0.5548387096774193,0.5512820512820513,0.5584415584415584
519,5,0.2,7,0.1,0.7,log2,0.738715450387751,0.7241813602015114,0.7844474761255116,0.672514619883041,0.6735751295336787,0.24096385542168675,0.2127659574468085,0.2777777777777778,0.7543103448275862,0.6951871657754011,0.5909090909090909,0.8441558441558441
520,5,0.2,8,0.05,0.3,sqrt,0.6999403459932392,0.6918521543802328,0.7264150943396226,0.6604288499025341,0.6217616580310881,0.34234234234234234,0.25333333333333335,0.5277777777777778,0.5517241379310345,0.2676056338028169,0.2923076923076923,0.24675324675324675
521,5,0.2,8,0.05,0.3,log2,0.6607675482203221,0.6382527565733672,0.699674569967457,0.5867446393762183,0.6062176165803109,0.19148936170212766,0.15517241379310345,0.25,0.6508620689655172,0.4968944099378882,0.47619047619047616,0.5194805194805194
522,5,0.2,8,0.05,0.4,sqrt,0.7176377013322728,0.6944922547332186,0.7748439750360058,0.6292397660818714,0.7046632124352331,0.32941176470588235,0.2857142857142857,0.3888888888888889,0.6982758620689655,0.5333333333333333,0.547945205479452,0.5194805194805194
523,5,0.2,8,0.05,0.4,log2,0.7379200636309405,0.7415686274509804,0.745956607495069,0.7372319688109161,0.6010362694300518,0.3185840707964602,0.23376623376623376,0.5,0.5172413793103449,0.2911392405063291,0.2839506172839506,0.2987012987012987
524,5,0.2,8,0.05,0.5,sqrt,0.7303638894412408,0.6959641255605381,0.8189973614775725,0.6050682261208578,0.7409326424870466,0.32432432432432434,0.3157894736842105,0.3333333333333333,0.7025862068965517,0.5369127516778524,0.5555555555555556,0.5194805194805194
525,5,0.2,8,0.05,0.5,log2,0.6641479419367667,0.6658753709198814,0.6759036144578313,0.656140350877193,0.6010362694300518,0.2524271844660194,0.19402985074626866,0.3611111111111111,0.7112068965517241,0.6633165829145728,0.5409836065573771,0.8571428571428571
526,5,0.2,8,0.05,0.6,sqrt,0.7552197255915689,0.7480040941658137,0.7875,0.712280701754386,0.6787564766839378,0.29545454545454547,0.25,0.3611111111111111,0.603448275862069,0.28125,0.35294117647058826,0.23376623376623376
527,5,0.2,8,0.05,0.6,log2,0.7301650427520382,0.70722761596548,0.7917874396135266,0.6389863547758284,0.7098445595854922,0.391304347826087,0.32142857142857145,0.5,0.5905172413793104,0.2748091603053435,0.3333333333333333,0.23376623376623376
528,5,0.2,8,0.05,0.7,sqrt,0.762577053092066,0.7446535500427716,0.8247276172430128,0.6787524366471734,0.7253886010362695,0.3291139240506329,0.3023255813953488,0.3611111111111111,0.625,0.2926829268292683,0.391304347826087,0.23376623376623376
529,5,0.2,8,0.05,0.7,log2,0.7168423145754623,0.6928386540120793,0.7754707870593917,0.6261208576998051,0.694300518134715,0.2891566265060241,0.2553191489361702,0.3333333333333333,0.6810344827586207,0.5256410256410257,0.5189873417721519,0.5324675324675324
530,5,0.2,8,0.1,0.3,sqrt,0.6267647643666733,0.6523430264863863,0.6213832039520113,0.6865497076023391,0.538860103626943,0.25210084033613445,0.18072289156626506,0.4166666666666667,0.5905172413793104,0.4808743169398907,0.41509433962264153,0.5714285714285714
531,5,0.2,8,0.1,0.3,log2,0.6621594750447405,0.6501955939880585,0.6889179755671903,0.6155945419103314,0.6321243523316062,0.25263157894736843,0.2033898305084746,0.3333333333333333,0.6508620689655172,0.509090909090909,0.4772727272727273,0.5454545454545454
532,5,0.2,8,0.1,0.4,sqrt,0.6331278584211573,0.6479679450486548,0.6345291479820628,0.6619883040935672,0.5284974093264249,0.18018018018018017,0.13333333333333333,0.2777777777777778,0.5129310344827587,0.2709677419354839,0.2692307692307692,0.2727272727272727
533,5,0.2,8,0.1,0.4,log2,0.6728971962616822,0.6728971962616822,0.6866883116883117,0.6596491228070176,0.6787564766839378,0.40384615384615385,0.3088235294117647,0.5833333333333334,0.6206896551724138,0.4567901234567901,0.43529411764705883,0.4805194805194805
534,5,0.2,8,0.1,0.5,sqrt,0.6802545237621793,0.7094325984821106,0.6611653755473224,0.7653021442495127,0.5492227979274611,0.2689075630252101,0.1927710843373494,0.4444444444444444,0.6724137931034483,0.6346153846153846,0.5038167938931297,0.8571428571428571
535,5,0.2,8,0.1,0.5,log2,0.7236031020083515,0.7198710197501008,0.7450980392156863,0.6962962962962963,0.6632124352331606,0.3925233644859813,0.29577464788732394,0.5833333333333334,0.625,0.5028571428571429,0.4489795918367347,0.5714285714285714
536,5,0.2,8,0.1,0.6,sqrt,0.7458739311990455,0.7480283911671924,0.7566812923813323,0.7395711500974659,0.7253886010362695,0.49523809523809526,0.37681159420289856,0.7222222222222222,0.6724137931034483,0.6122448979591837,0.5042016806722689,0.7792207792207793
537,5,0.2,8,0.1,0.6,log2,0.6858222310598528,0.6727423363711682,0.7176314626601856,0.6331384015594542,0.6632124352331606,0.32989690721649484,0.26229508196721313,0.4444444444444444,0.7327586206896551,0.6770833333333334,0.5652173913043478,0.8441558441558441
538,5,0.2,8,0.1,0.7,sqrt,0.6939749453171604,0.6826149721592081,0.7246059544658494,0.645224171539961,0.6113989637305699,0.25742574257425743,0.2,0.3611111111111111,0.7801724137931034,0.7213114754098361,0.6226415094339622,0.8571428571428571
539,5,0.2,8,0.1,0.7,log2,0.6943726386955658,0.6805237996258574,0.7288512911843277,0.6382066276803119,0.689119170984456,0.3333333333333333,0.2777777777777778,0.4166666666666667,0.7413793103448276,0.6052631578947368,0.6133333333333333,0.5974025974025974
540,5,0.2,9,0.05,0.3,sqrt,0.6945714853847683,0.6730523627075351,0.7412095639943741,0.6163742690058479,0.6424870466321243,0.20689655172413793,0.17647058823529413,0.25,0.646551724137931,0.49382716049382713,0.47058823529411764,0.5194805194805194
541,5,0.2,9,0.05,0.3,log2,0.6975541857228077,0.6423700916999765,0.8092417061611374,0.5325536062378168,0.7202072538860104,0.25,0.25,0.25,0.7112068965517241,0.5379310344827586,0.5735294117647058,0.5064935064935064
542,5,0.2,9,0.05,0.4,sqrt,0.7182342413998807,0.7087358684480987,0.7495652173913043,0.6721247563352827,0.6424870466321243,0.2736842105263158,0.22033898305084745,0.3611111111111111,0.5775862068965517,0.26865671641791045,0.3157894736842105,0.23376623376623376
543,5,0.2,9,0.05,0.4,log2,0.7319546629548618,0.7317946677278153,0.7472572125152377,0.7169590643274854,0.6373056994818653,0.3137254901960784,0.24242424242424243,0.4444444444444444,0.7155172413793104,0.6632653061224489,0.5462184873949579,0.8441558441558441
544,5,0.2,9,0.05,0.5,sqrt,0.7446808510638298,0.7305916911456147,0.7910040890504316,0.6787524366471734,0.6735751295336787,0.29213483146067415,0.24528301886792453,0.3611111111111111,0.6422413793103449,0.4779874213836478,0.4634146341463415,0.4935064935064935
545,5,0.2,9,0.05,0.5,log2,0.7413004573473851,0.7246560846560847,0.7925925925925926,0.6674463937621833,0.6787564766839378,0.32608695652173914,0.26785714285714285,0.4166666666666667,0.6810344827586207,0.5375,0.5180722891566265,0.5584415584415584
546,5,0.2,9,0.05,0.6,sqrt,0.7236031020083515,0.7019725557461407,0.7798951881848499,0.6382066276803119,0.6632124352331606,0.2857142857142857,0.23636363636363636,0.3611111111111111,0.5905172413793104,0.2748091603053435,0.3333333333333333,0.23376623376623376
547,5,0.2,9,0.05,0.6,log2,0.7273811891032015,0.7262926731882612,0.7442716857610474,0.7091617933723197,0.6632124352331606,0.3434343434343434,0.2698412698412698,0.4722222222222222,0.6293103448275862,0.5057471264367817,0.4536082474226804,0.5714285714285714
548,5,0.2,9,0.05,0.7,sqrt,0.7251938755219726,0.7027956989247311,0.7836930455635491,0.6370370370370371,0.6735751295336787,0.27586206896551724,0.23529411764705882,0.3333333333333333,0.7586206896551724,0.6923076923076923,0.6,0.8181818181818182
549,5,0.2,9,0.05,0.7,log2,0.7580035792404056,0.7339890710382514,0.8353233830845771,0.6545808966861598,0.6994818652849741,0.2926829268292683,0.2608695652173913,0.3333333333333333,0.6163793103448276,0.288,0.375,0.23376623376623376
550,5,0.2,9,0.1,0.3,sqrt,0.6504275203817856,0.5911627906976744,0.732564841498559,0.49551656920077974,0.7616580310880829,0.30303030303030304,0.3333333333333333,0.2777777777777778,0.5862068965517241,0.15789473684210525,0.24324324324324326,0.11688311688311688
551,5,0.2,9,0.1,0.3,log2,0.6380990256512229,0.6551724137931034,0.6373018798378179,0.674074074074074,0.5751295336787565,0.26785714285714285,0.19736842105263158,0.4166666666666667,0.6077586206896551,0.4858757062146893,0.43,0.5584415584415584
552,5,0.2,9,0.1,0.4,sqrt,0.6971564923444025,0.7010794896957802,0.7059288537549407,0.6962962962962963,0.6321243523316062,0.3238095238095238,0.2463768115942029,0.4722222222222222,0.6551724137931034,0.5238095238095238,0.4835164835164835,0.5714285714285714
553,5,0.2,9,0.1,0.4,log2,0.6870153111950686,0.633953488372093,0.7855907780979827,0.531384015594542,0.6787564766839378,0.20512820512820512,0.19047619047619047,0.2222222222222222,0.7198275862068966,0.5454545454545454,0.5909090909090909,0.5064935064935064
554,5,0.2,9,0.1,0.5,sqrt,0.6977530324120104,0.7083653108211819,0.6973932754061202,0.7196881091617934,0.5699481865284974,0.2905982905982906,0.20987654320987653,0.4722222222222222,0.625,0.5028571428571429,0.4489795918367347,0.5714285714285714
555,5,0.2,9,0.1,0.5,log2,0.701133426128455,0.7168958372574873,0.6935131195335277,0.7419103313840156,0.5647668393782384,0.288135593220339,0.2073170731707317,0.4722222222222222,0.6293103448275862,0.5168539325842697,0.45544554455445546,0.5974025974025974
556,5,0.2,9,0.1,0.6,sqrt,0.6935772519387552,0.6665223977494049,0.7490272373540856,0.6003898635477583,0.6528497409326425,0.22988505747126436,0.19607843137254902,0.2777777777777778,0.7370689655172413,0.6702702702702703,0.5740740740740741,0.8051948051948052
557,5,0.2,9,0.1,0.6,log2,0.6997414993040366,0.6891724989707698,0.7300479720889664,0.6526315789473685,0.6735751295336787,0.36363636363636365,0.2857142857142857,0.5,0.5,0.19444444444444445,0.208955223880597,0.18181818181818182
558,5,0.2,9,0.1,0.7,sqrt,0.7645655199840923,0.7526117843710823,0.8108959927960379,0.7021442495126705,0.7150259067357513,0.367816091954023,0.3137254901960784,0.4444444444444444,0.7068965517241379,0.5584415584415584,0.5584415584415584,0.5584415584415584
559,5,0.2,9,0.1,0.7,log2,0.7100815271425731,0.7196153846153847,0.710056925996205,0.7294346978557504,0.6269430051813472,0.29411764705882354,0.22727272727272727,0.4166666666666667,0.5646551724137931,0.30344827586206896,0.3235294117647059,0.2857142857142857
560,10,0.05,3,0.05,0.3,sqrt,0.7220123284947305,0.6979256698357822,0.7828405235094522,0.6296296296296297,0.7098445595854922,0.28205128205128205,0.2619047619047619,0.3055555555555556,0.7758620689655172,0.7045454545454546,0.6262626262626263,0.8051948051948052
561,10,0.05,3,0.05,0.3,log2,0.7472658580234639,0.7278955255833869,0.8072174738841406,0.6627680311890838,0.7150259067357513,0.367816091954023,0.3137254901960784,0.4444444444444444,0.7112068965517241,0.5503355704697986,0.5694444444444444,0.5324675324675324
562,10,0.05,3,0.05,0.4,sqrt,0.7321535096440644,0.7002003115958157,0.8158713692946058,0.6132553606237817,0.7150259067357513,0.2857142857142857,0.2682926829268293,0.3055555555555556,0.6206896551724138,0.2903225806451613,0.3829787234042553,0.23376623376623376
563,10,0.05,3,0.05,0.4,log2,0.7295685026844303,0.7040905134899913,0.7966518956179222,0.6307992202729045,0.7202072538860104,0.3076923076923077,0.2857142857142857,0.3333333333333333,0.7025862068965517,0.543046357615894,0.5540540540540541,0.5324675324675324
564,10,0.05,3,0.05,0.5,sqrt,0.7681447603897396,0.7514919011082694,0.8288669487541138,0.6873294346978558,0.7305699481865285,0.3953488372093023,0.34,0.4722222222222222,0.6982758620689655,0.5512820512820513,0.5443037974683544,0.5584415584415584
565,10,0.05,3,0.05,0.5,log2,0.7965798369457149,0.7861174994773155,0.8476104598737602,0.732943469785575,0.7202072538860104,0.35714285714285715,0.3125,0.4166666666666667,0.6767241379310345,0.5161290322580645,0.5128205128205128,0.5194805194805194
566,10,0.05,3,0.05,0.6,sqrt,0.7607874328892424,0.7426737967914439,0.8227488151658767,0.6768031189083821,0.7098445595854922,0.28205128205128205,0.2619047619047619,0.3055555555555556,0.6163793103448276,0.2992125984251969,0.38,0.24675324675324675
567,10,0.05,3,0.05,0.6,log2,0.7878305826207994,0.7822893287084268,0.8206335616438356,0.7473684210526316,0.689119170984456,0.3617021276595745,0.29310344827586204,0.4722222222222222,0.6206896551724138,0.3230769230769231,0.39622641509433965,0.2727272727272727
568,10,0.05,3,0.05,0.7,sqrt,0.7852455756611653,0.7775947281713345,0.8240942819729375,0.7360623781676413,0.6839378238341969,0.24691358024691357,0.2222222222222222,0.2777777777777778,0.6853448275862069,0.546583850931677,0.5238095238095238,0.5714285714285714
569,10,0.05,3,0.05,0.7,log2,0.8297872340425532,0.8272103350827614,0.8576810380912516,0.7988304093567251,0.7046632124352331,0.27848101265822783,0.2558139534883721,0.3055555555555556,0.7672413793103449,0.686046511627907,0.6210526315789474,0.7662337662337663
570,10,0.05,3,0.1,0.3,sqrt,0.6512229071385961,0.6350395339159384,0.680946006247211,0.5949317738791423,0.5906735751295337,0.21782178217821782,0.16923076923076924,0.3055555555555556,0.5603448275862069,0.2608695652173913,0.29508196721311475,0.23376623376623376
571,10,0.05,3,0.1,0.3,log2,0.6512229071385961,0.6383505154639175,0.6774617067833698,0.6035087719298246,0.5595854922279793,0.22018348623853212,0.1643835616438356,0.3333333333333333,0.5560344827586207,0.24817518248175183,0.2833333333333333,0.22077922077922077
572,10,0.05,3,0.1,0.4,sqrt,0.7017299661960629,0.7356362354599929,0.6712769379221615,0.81364522417154,0.5958549222797928,0.36065573770491804,0.2558139534883721,0.6111111111111112,0.6594827586206896,0.6359447004608295,0.4928571428571429,0.8961038961038961
573,10,0.05,3,0.1,0.4,log2,0.6637502485583615,0.6433241932081839,0.7008272058823529,0.594541910331384,0.6528497409326425,0.29473684210526313,0.23728813559322035,0.3888888888888889,0.6508620689655172,0.4968944099378882,0.47619047619047616,0.5194805194805194
574,10,0.05,3,0.1,0.5,sqrt,0.7194273215350965,0.7187562288220052,0.7353181076672104,0.7029239766081872,0.6321243523316062,0.23655913978494625,0.19298245614035087,0.3055555555555556,0.6637931034482759,0.5301204819277109,0.4943820224719101,0.5714285714285714
575,10,0.05,3,0.1,0.5,log2,0.7188307814674886,0.7254368932038835,0.7226305609284333,0.7282651072124756,0.6476683937823834,0.30612244897959184,0.24193548387096775,0.4166666666666667,0.6422413793103449,0.5202312138728323,0.46875,0.5844155844155844
576,10,0.05,3,0.1,0.6,sqrt,0.7357327500497117,0.7189680693592726,0.7855822550831792,0.6627680311890838,0.6994818652849741,0.32558139534883723,0.28,0.3888888888888889,0.6982758620689655,0.5394736842105263,0.5466666666666666,0.5324675324675324
577,10,0.05,3,0.1,0.6,log2,0.7047126665341023,0.679196370706416,0.7616279069767442,0.6128654970760234,0.689119170984456,0.3023255813953488,0.26,0.3611111111111111,0.6767241379310345,0.5222929936305732,0.5125,0.5324675324675324
578,10,0.05,3,0.1,0.7,sqrt,0.7232054086299463,0.7009024495058015,0.7807563427477262,0.6358674463937621,0.6787564766839378,0.2619047619047619,0.22916666666666666,0.3055555555555556,0.6896551724137931,0.5443037974683544,0.5308641975308642,0.5584415584415584
579,10,0.05,3,0.1,0.7,log2,0.725989262278783,0.6986001749781278,0.7957149975087194,0.6226120857699805,0.7202072538860104,0.325,0.29545454545454547,0.3611111111111111,0.7068965517241379,0.5405405405405406,0.5633802816901409,0.5194805194805194
580,10,0.05,4,0.05,0.3,sqrt,0.7343408232252933,0.7059859154929577,0.810510358767054,0.6253411306042885,0.7150259067357513,0.2465753424657534,0.24324324324324326,0.25,0.625,0.304,0.3958333333333333,0.24675324675324675
581,10,0.05,4,0.05,0.3,log2,0.7395108371445616,0.7165729121592385,0.8050559066601848,0.6456140350877193,0.689119170984456,0.25,0.22727272727272727,0.2777777777777778,0.7543103448275862,0.6815642458100558,0.5980392156862745,0.7922077922077922
582,10,0.05,4,0.05,0.4,sqrt,0.7379200636309405,0.7181351582549187,0.7953576504026527,0.6545808966861598,0.6735751295336787,0.20253164556962025,0.18604651162790697,0.2222222222222222,0.6637931034482759,0.5063291139240507,0.49382716049382713,0.5194805194805194
583,10,0.05,4,0.05,0.4,log2,0.7365281368065222,0.7102558495517166,0.8087649402390438,0.6331384015594542,0.7098445595854922,0.24324324324324326,0.23684210526315788,0.25,0.7758620689655172,0.7045454545454546,0.6262626262626263,0.8051948051948052
584,10,0.05,4,0.05,0.5,sqrt,0.7999602306621595,0.7988804478208716,0.8198604842018876,0.7789473684210526,0.7202072538860104,0.41304347826086957,0.3392857142857143,0.5277777777777778,0.6853448275862069,0.5408805031446541,0.524390243902439,0.5584415584415584
585,10,0.05,4,0.05,0.5,log2,0.7844501889043547,0.7676810972996142,0.8524512137077582,0.6982456140350877,0.7202072538860104,0.34146341463414637,0.30434782608695654,0.3888888888888889,0.6379310344827587,0.3225806451612903,0.425531914893617,0.2597402597402597
586,10,0.05,4,0.05,0.6,sqrt,0.7828594153907338,0.7697174188106284,0.8383096003674781,0.7115009746588694,0.6839378238341969,0.24691358024691357,0.2222222222222222,0.2777777777777778,0.6120689655172413,0.3076923076923077,0.37735849056603776,0.2597402597402597
587,10,0.05,4,0.05,0.6,log2,0.7862398091071784,0.7769246731687072,0.8305235137533274,0.7298245614035088,0.6839378238341969,0.2823529411764706,0.24489795918367346,0.3333333333333333,0.7844827586206896,0.7159090909090909,0.6363636363636364,0.8181818181818182
588,10,0.05,4,0.05,0.7,sqrt,0.8027440843109962,0.7982919886132575,0.8342541436464088,0.7653021442495127,0.6994818652849741,0.30952380952380953,0.2708333333333333,0.3611111111111111,0.6982758620689655,0.5625,0.5421686746987951,0.5844155844155844
589,10,0.05,4,0.05,0.7,log2,0.7965798369457149,0.7837666455294864,0.8559556786703602,0.7228070175438597,0.7150259067357513,0.32098765432098764,0.28888888888888886,0.3611111111111111,0.625,0.32558139534883723,0.40384615384615385,0.2727272727272727
590,10,0.05,4,0.1,0.3,sqrt,0.6834360707894214,0.6661073825503355,0.7208352246935996,0.6191033138401559,0.7202072538860104,0.425531914893617,0.3448275862068966,0.5555555555555556,0.5129310344827587,0.19858156028368795,0.21875,0.18181818181818182
591,10,0.05,4,0.1,0.3,log2,0.6359117120699941,0.6257919476803597,0.6576460481099656,0.5968810916179337,0.5751295336787565,0.29310344827586204,0.2125,0.4722222222222222,0.5344827586206896,0.25,0.26865671641791045,0.23376623376623376
592,10,0.05,4,0.1,0.4,sqrt,0.7021276595744681,0.6830300465509945,0.7468764460897732,0.6292397660818714,0.6528497409326425,0.24719101123595505,0.20754716981132076,0.3055555555555556,0.6896551724137931,0.5263157894736842,0.5333333333333333,0.5194805194805194
593,10,0.05,4,0.1,0.4,log2,0.6766752833565322,0.622737819025522,0.769054441260745,0.5231968810916179,0.7668393782383419,0.4,0.38461538461538464,0.4166666666666667,0.6982758620689655,0.47761194029850745,0.5614035087719298,0.4155844155844156
594,10,0.05,4,0.1,0.5,sqrt,0.7212169417379201,0.7263856362217018,0.7272372020320438,0.7255360623781676,0.6580310880829016,0.2978723404255319,0.2413793103448276,0.3888888888888889,0.6681034482758621,0.5333333333333333,0.5,0.5714285714285714
595,10,0.05,4,0.1,0.5,log2,0.7510439451183137,0.7333901192504259,0.8080713280150165,0.6713450292397661,0.7098445595854922,0.3170731707317073,0.2826086956521739,0.3611111111111111,0.5818965517241379,0.2814814814814815,0.3275862068965517,0.24675324675324675
596,10,0.05,4,0.1,0.6,sqrt,0.7146550009942334,0.7098078867542973,0.7373949579831933,0.6842105263157895,0.6839378238341969,0.3711340206185567,0.29508196721311475,0.5,0.6939655172413793,0.6321243523316062,0.5258620689655172,0.7922077922077922
597,10,0.05,4,0.1,0.6,log2,0.7327500497116723,0.7156157426999576,0.7825080981027303,0.6592592592592592,0.7046632124352331,0.32941176470588235,0.2857142857142857,0.3888888888888889,0.6853448275862069,0.535031847133758,0.525,0.5454545454545454
598,10,0.05,4,0.1,0.7,sqrt,0.7295685026844303,0.7031863814927979,0.7987109568666336,0.6280701754385964,0.7202072538860104,0.325,0.29545454545454547,0.3611111111111111,0.7068965517241379,0.5405405405405406,0.5633802816901409,0.5194805194805194
599,10,0.05,4,0.1,0.7,log2,0.711672300656194,0.6797703180212014,0.7840040753948039,0.6,0.7098445595854922,0.3170731707317073,0.2826086956521739,0.3611111111111111,0.7586206896551724,0.6888888888888889,0.6019417475728155,0.8051948051948052
600,10,0.05,5,0.05,0.3,sqrt,0.7194273215350965,0.6935939196525516,0.782843137254902,0.6226120857699805,0.7150259067357513,0.32098765432098764,0.28888888888888886,0.3611111111111111,0.6939655172413793,0.5298013245033113,0.5405405405405406,0.5194805194805194
601,10,0.05,5,0.05,0.3,log2,0.7675482203221317,0.7589193648174881,0.8056042031523643,0.7173489278752436,0.6580310880829016,0.32653061224489793,0.25806451612903225,0.4444444444444444,0.6379310344827587,0.5227272727272727,0.46464646464646464,0.5974025974025974
602,10,0.05,5,0.05,0.4,sqrt,0.7723205408629946,0.7550802139037434,0.8364928909952607,0.6881091617933723,0.7253886010362695,0.3764705882352941,0.32653061224489793,0.4444444444444444,0.7025862068965517,0.5490196078431373,0.5526315789473685,0.5454545454545454
603,10,0.05,5,0.05,0.4,log2,0.7357327500497117,0.7153566074105804,0.7937262357414449,0.6510721247563352,0.689119170984456,0.2682926829268293,0.2391304347826087,0.3055555555555556,0.5991379310344828,0.2900763358778626,0.35185185185185186,0.24675324675324675
604,10,0.05,5,0.05,0.5,sqrt,0.7492543249154902,0.725809958686671,0.8205506391347099,0.650682261208577,0.689119170984456,0.2682926829268293,0.2391304347826087,0.3055555555555556,0.6120689655172413,0.2857142857142857,0.3673469387755102,0.23376623376623376
605,10,0.05,5,0.05,0.5,log2,0.805527937959833,0.7955685618729097,0.857593510590356,0.7419103313840156,0.7305699481865285,0.3333333333333333,0.30952380952380953,0.3611111111111111,0.646551724137931,0.359375,0.45098039215686275,0.2987012987012987
606,10,0.05,5,0.05,0.6,sqrt,0.8186518194472062,0.8207547169811321,0.8275862068965517,0.8140350877192982,0.6839378238341969,0.2988505747126437,0.2549019607843137,0.3611111111111111,0.6206896551724138,0.3333333333333333,0.4,0.2857142857142857
607,10,0.05,5,0.05,0.6,log2,0.7687413004573473,0.7541745931092793,0.8236380424746076,0.6955165692007798,0.7202072538860104,0.35714285714285715,0.3125,0.4166666666666667,0.7887931034482759,0.7262569832402235,0.6372549019607843,0.8441558441558441
608,10,0.05,5,0.05,0.7,sqrt,0.7981706104593359,0.7889374090247453,0.8453654188948306,0.7395711500974659,0.7150259067357513,0.2857142857142857,0.2682926829268293,0.3055555555555556,0.625,0.31496062992125984,0.4,0.2597402597402597
609,10,0.05,5,0.05,0.7,log2,0.7949890634320939,0.7917592405574632,0.8214585079631181,0.7641325536062378,0.6994818652849741,0.32558139534883723,0.28,0.3888888888888889,0.7629310344827587,0.7027027027027027,0.6018518518518519,0.8441558441558441
610,10,0.05,5,0.1,0.3,sqrt,0.6160270431497316,0.6151086306557704,0.6292822185970636,0.6015594541910332,0.5544041450777202,0.17307692307692307,0.1323529411764706,0.25,0.5646551724137931,0.4419889502762431,0.38461538461538464,0.5194805194805194
611,10,0.05,5,0.1,0.3,log2,0.6514217538277988,0.6201516793066089,0.6980487804878048,0.5578947368421052,0.6217616580310881,0.23157894736842105,0.1864406779661017,0.3055555555555556,0.5732758620689655,0.26666666666666666,0.3103448275862069,0.23376623376623376
612,10,0.05,5,0.1,0.4,sqrt,0.686816464505866,0.6344859596194012,0.7838302752293578,0.532943469785575,0.7150259067357513,0.2857142857142857,0.2682926829268293,0.3055555555555556,0.7068965517241379,0.5342465753424658,0.5652173913043478,0.5064935064935064
613,10,0.05,5,0.1,0.4,log2,0.6607675482203221,0.6492598684210527,0.686820356676816,0.6155945419103314,0.6321243523316062,0.25263157894736843,0.2033898305084746,0.3333333333333333,0.6508620689655172,0.509090909090909,0.4772727272727273,0.5454545454545454
614,10,0.05,5,0.1,0.5,sqrt,0.6888049313978922,0.6546016331935555,0.754323499491353,0.5781676413255361,0.6683937823834197,0.28888888888888886,0.24074074074074073,0.3611111111111111,0.6982758620689655,0.5333333333333333,0.547945205479452,0.5194805194805194
615,10,0.05,5,0.1,0.5,log2,0.7148538476834361,0.7073469387755102,0.7421841541755889,0.6756335282651073,0.6373056994818653,0.3137254901960784,0.24242424242424243,0.4444444444444444,0.7370689655172413,0.6737967914438503,0.5727272727272728,0.8181818181818182
616,10,0.05,5,0.1,0.6,sqrt,0.7303638894412408,0.7054735013032146,0.7964688572829819,0.6331384015594542,0.7098445595854922,0.3170731707317073,0.2826086956521739,0.3611111111111111,0.7068965517241379,0.5466666666666666,0.5616438356164384,0.5324675324675324
617,10,0.05,5,0.1,0.6,log2,0.7238019486975542,0.6994157108850898,0.7859922178988327,0.6300194931773879,0.6994818652849741,0.2926829268292683,0.2608695652173913,0.3333333333333333,0.7672413793103449,0.6966292134831461,0.6138613861386139,0.8051948051948052
618,10,0.05,5,0.1,0.7,sqrt,0.7375223702525353,0.7096348438187418,0.8142352347299344,0.6288499025341131,0.7150259067357513,0.2857142857142857,0.2682926829268293,0.3055555555555556,0.6982758620689655,0.5454545454545454,0.5454545454545454,0.5454545454545454
619,10,0.05,5,0.1,0.7,log2,0.727580035792404,0.7365384615384616,0.7267552182163188,0.746588693957115,0.6528497409326425,0.32323232323232326,0.25396825396825395,0.4444444444444444,0.646551724137931,0.5232558139534884,0.47368421052631576,0.5844155844155844
620,10,0.05,6,0.05,0.3,sqrt,0.7407039172797772,0.7218430034129693,0.7969853980216675,0.6596491228070176,0.7046632124352331,0.37362637362637363,0.3090909090909091,0.4722222222222222,0.7413793103448276,0.6774193548387096,0.5779816513761468,0.8181818181818182
621,10,0.05,6,0.05,0.3,log2,0.7468681646450587,0.728165705744181,0.8050047214353163,0.6647173489278753,0.7202072538860104,0.2894736842105263,0.275,0.3055555555555556,0.625,0.2926829268292683,0.391304347826087,0.23376623376623376
622,10,0.05,6,0.05,0.4,sqrt,0.7659574468085106,0.7465001076889942,0.8339749759384023,0.6756335282651073,0.7202072538860104,0.34146341463414637,0.30434782608695654,0.3888888888888889,0.7025862068965517,0.5490196078431373,0.5526315789473685,0.5454545454545454
623,10,0.05,6,0.05,0.4,log2,0.7597931994432293,0.7406612279948476,0.8241758241758241,0.672514619883041,0.7202072538860104,0.325,0.29545454545454547,0.3611111111111111,0.7112068965517241,0.5620915032679739,0.5657894736842105,0.5584415584415584
624,10,0.05,6,0.05,0.5,sqrt,0.7430900775502088,0.7133984028393966,0.8275862068965517,0.6269005847953216,0.7253886010362695,0.29333333333333333,0.28205128205128205,0.3055555555555556,0.6206896551724138,0.2786885245901639,0.37777777777777777,0.22077922077922077
625,10,0.05,6,0.05,0.5,log2,0.7564128057267846,0.7378557671731222,0.8178368121442126,0.6721247563352827,0.7098445595854922,0.3333333333333333,0.2916666666666667,0.3888888888888889,0.5818965517241379,0.302158273381295,0.3387096774193548,0.2727272727272727
626,10,0.05,6,0.05,0.6,sqrt,0.7760986279578445,0.7702978376172991,0.8078733418913137,0.7360623781676413,0.6994818652849741,0.3409090909090909,0.28846153846153844,0.4166666666666667,0.7672413793103449,0.7032967032967034,0.6095238095238096,0.8311688311688312
627,10,0.05,6,0.05,0.6,log2,0.7977729170809306,0.7927450580802935,0.8304867634500427,0.7582846003898636,0.7253886010362695,0.4421052631578947,0.3559322033898305,0.5833333333333334,0.5905172413793104,0.30656934306569344,0.35,0.2727272727272727
628,10,0.05,6,0.05,0.7,sqrt,0.7872340425531915,0.7761506276150628,0.837471783295711,0.723196881091618,0.7150259067357513,0.32098765432098764,0.28888888888888886,0.3611111111111111,0.625,0.304,0.3958333333333333,0.24675324675324675
629,10,0.05,6,0.05,0.7,log2,0.8053290912706303,0.7982691118895529,0.8465909090909091,0.7551656920077973,0.7253886010362695,0.3291139240506329,0.3023255813953488,0.3611111111111111,0.7025862068965517,0.5490196078431373,0.5526315789473685,0.5454545454545454
630,10,0.05,6,0.1,0.3,sqrt,0.6379001789620203,0.5973911120937431,0.6899897854954035,0.5267056530214425,0.7046632124352331,0.32941176470588235,0.2857142857142857,0.3888888888888889,0.5560344827586207,0.16260162601626016,0.21739130434782608,0.12987012987012986
631,10,0.05,6,0.1,0.3,log2,0.685225690992245,0.6851004575293416,0.6994313566206336,0.6713450292397661,0.6269430051813472,0.2653061224489796,0.20967741935483872,0.3611111111111111,0.646551724137931,0.5119047619047619,0.4725274725274725,0.5584415584415584
632,10,0.05,6,0.1,0.4,sqrt,0.6601710081527142,0.6488596671460859,0.6859252823631624,0.6155945419103314,0.6321243523316062,0.25263157894736843,0.2033898305084746,0.3333333333333333,0.6508620689655172,0.509090909090909,0.4772727272727273,0.5454545454545454
633,10,0.05,6,0.1,0.4,log2,0.7255915689003778,0.7392290249433107,0.7172717271727173,0.7625730994152047,0.616580310880829,0.3148148148148148,0.2361111111111111,0.4722222222222222,0.5387931034482759,0.3006535947712418,0.3026315789473684,0.2987012987012987
634,10,0.05,6,0.1,0.5,sqrt,0.7591966593756214,0.7571686384599959,0.7795210569777044,0.7360623781676413,0.6994818652849741,0.3829787234042553,0.3103448275862069,0.5,0.6939655172413793,0.5477707006369427,0.5375,0.5584415584415584
635,10,0.05,6,0.1,0.5,log2,0.6665341022071982,0.6944798688285663,0.6518467852257182,0.7430799220272905,0.5544041450777202,0.29508196721311475,0.20930232558139536,0.5,0.6293103448275862,0.6018518518518519,0.4676258992805755,0.8441558441558441
636,10,0.05,6,0.1,0.6,sqrt,0.733943129846888,0.7082424771042303,0.8035625927758535,0.6331384015594542,0.7202072538860104,0.2894736842105263,0.275,0.3055555555555556,0.6939655172413793,0.5477707006369427,0.5375,0.5584415584415584
637,10,0.05,6,0.1,0.6,log2,0.7102803738317757,0.6905924824803568,0.7583955223880597,0.6339181286549708,0.6632124352331606,0.25287356321839083,0.21568627450980393,0.3055555555555556,0.6637931034482759,0.5125,0.4939759036144578,0.5324675324675324
638,10,0.05,6,0.1,0.7,sqrt,0.721813481805528,0.6956710898412007,0.7869094488188977,0.623391812865497,0.7098445595854922,0.3170731707317073,0.2826086956521739,0.3611111111111111,0.7931034482758621,0.7209302325581395,0.6526315789473685,0.8051948051948052
639,10,0.05,6,0.1,0.7,log2,0.7601908928216345,0.7401981904351572,0.8271545498314877,0.6697855750487329,0.7046632124352331,0.27848101265822783,0.2558139534883721,0.3055555555555556,0.6422413793103449,0.336,0.4375,0.2727272727272727
640,10,0.05,7,0.05,0.3,sqrt,0.7470670113342612,0.7331095258078053,0.793730122671513,0.6810916179337232,0.6994818652849741,0.3409090909090909,0.28846153846153844,0.4166666666666667,0.6767241379310345,0.5283018867924528,0.5121951219512195,0.5454545454545454
641,10,0.05,7,0.05,0.3,log2,0.7446808510638298,0.7161803713527851,0.8269525267993875,0.631578947368421,0.7202072538860104,0.2702702702702703,0.2631578947368421,0.2777777777777778,0.7155172413793104,0.5540540540540541,0.5774647887323944,0.5324675324675324
642,10,0.05,7,0.05,0.4,sqrt,0.7633724398488765,0.7520833333333333,0.8076062639821029,0.7037037037037037,0.7202072538860104,0.37209302325581395,0.32,0.4444444444444444,0.7068965517241379,0.5526315789473685,0.56,0.5454545454545454
643,10,0.05,7,0.05,0.4,log2,0.746669317955856,0.7529092319627618,0.7491316094172135,0.7567251461988304,0.6373056994818653,0.3,0.234375,0.4166666666666667,0.6163793103448276,0.4971751412429379,0.44,0.5714285714285714
644,10,0.05,7,0.05,0.5,sqrt,0.7703320739709684,0.7569955817378498,0.8222120658135283,0.701364522417154,0.689119170984456,0.2682926829268293,0.2391304347826087,0.3055555555555556,0.6077586206896551,0.29457364341085274,0.36538461538461536,0.24675324675324675
645,10,0.05,7,0.05,0.5,log2,0.78484788228276,0.7760761589403974,0.8270842523158359,0.7309941520467836,0.7202072538860104,0.35714285714285715,0.3125,0.4166666666666667,0.625,0.31496062992125984,0.4,0.2597402597402597
646,10,0.05,7,0.05,0.6,sqrt,0.7731159276198051,0.7614467907171232,0.821009918845807,0.7099415204678362,0.7046632124352331,0.3448275862068966,0.29411764705882354,0.4166666666666667,0.6810344827586207,0.5432098765432098,0.5176470588235295,0.5714285714285714
647,10,0.05,7,0.05,0.6,log2,0.7621793597136608,0.7454235845040442,0.8209095171120487,0.6826510721247563,0.7098445595854922,0.3488372093023256,0.3,0.4166666666666667,0.7068965517241379,0.5584415584415584,0.5584415584415584,0.5584415584415584
648,10,0.05,7,0.05,0.7,sqrt,0.8194472062040167,0.8176706827309237,0.843064182194617,0.7937621832358674,0.7046632124352331,0.2962962962962963,0.26666666666666666,0.3333333333333333,0.728448275862069,0.5771812080536913,0.5972222222222222,0.5584415584415584
649,10,0.05,7,0.05,0.7,log2,0.8037383177570093,0.7982007769372317,0.8392089423903697,0.7610136452241716,0.7409326424870466,0.4186046511627907,0.36,0.5,0.6939655172413793,0.5534591194968553,0.5365853658536586,0.5714285714285714
650,10,0.05,7,0.1,0.3,sqrt,0.6553986876118513,0.6277121374865736,0.6990430622009569,0.5695906432748538,0.6010362694300518,0.2222222222222222,0.1746031746031746,0.3055555555555556,0.5646551724137931,0.26277372262773724,0.3,0.23376623376623376
651,10,0.05,7,0.1,0.3,log2,0.6619606283555379,0.6345657781599312,0.7072352659319597,0.5754385964912281,0.6113989637305699,0.29906542056074764,0.22535211267605634,0.4444444444444444,0.5689655172413793,0.2647058823529412,0.3050847457627119,0.23376623376623376
652,10,0.05,7,0.1,0.4,sqrt,0.6738914297076953,0.634906500445236,0.7400103788271926,0.5559454191033139,0.6683937823834197,0.2727272727272727,0.23076923076923078,0.3333333333333333,0.6681034482758621,0.5032258064516129,0.5,0.5064935064935064
653,10,0.05,7,0.1,0.4,log2,0.7214157884271227,0.6913417052214144,0.7948328267477204,0.6116959064327485,0.7253886010362695,0.3614457831325301,0.3191489361702128,0.4166666666666667,0.6206896551724138,0.2903225806451613,0.3829787234042553,0.23376623376623376
654,10,0.05,7,0.1,0.5,sqrt,0.7393119904553589,0.7193320488118176,0.7977207977207977,0.6549707602339181,0.6839378238341969,0.3146067415730337,0.2641509433962264,0.3888888888888889,0.7758620689655172,0.7078651685393258,0.6237623762376238,0.8181818181818182
655,10,0.05,7,0.1,0.5,log2,0.7076953668721416,0.6950207468879668,0.7427937915742794,0.6530214424951267,0.6476683937823834,0.32,0.25,0.4444444444444444,0.5775862068965517,0.27941176470588236,0.3220338983050847,0.24675324675324675
656,10,0.05,7,0.1,0.6,sqrt,0.7063034400477232,0.6956521739130435,0.7377622377622378,0.6580896686159844,0.6683937823834197,0.2558139534883721,0.22,0.3055555555555556,0.5301724137931034,0.23776223776223776,0.25757575757575757,0.22077922077922077
657,10,0.05,7,0.1,0.6,log2,0.6822429906542056,0.6699710863279636,0.7123407992973211,0.6323586744639377,0.6269430051813472,0.21739130434782608,0.17857142857142858,0.2777777777777778,0.5474137931034483,0.2553191489361702,0.28125,0.23376623376623376
658,10,0.05,7,0.1,0.7,sqrt,0.723404255319149,0.6970159006752341,0.7897334649555775,0.6237816764132553,0.6994818652849741,0.275,0.25,0.3055555555555556,0.6896551724137931,0.5263157894736842,0.5333333333333333,0.5194805194805194
659,10,0.05,7,0.1,0.7,log2,0.7273811891032015,0.700589648394846,0.7964250248262165,0.6253411306042885,0.6994818652849741,0.2564102564102564,0.23809523809523808,0.2777777777777778,0.6077586206896551,0.272,0.3541666666666667,0.22077922077922077
660,10,0.05,8,0.05,0.3,sqrt,0.713859614237423,0.6916648810799229,0.7678401522359658,0.6292397660818714,0.694300518134715,0.3058823529411765,0.2653061224489796,0.3611111111111111,0.6810344827586207,0.5194805194805194,0.5194805194805194,0.5194805194805194
661,10,0.05,8,0.05,0.3,log2,0.7375223702525353,0.7125435540069687,0.807104094721263,0.6378167641325536,0.6683937823834197,0.2,0.18181818181818182,0.2222222222222222,0.6508620689655172,0.509090909090909,0.4772727272727273,0.5454545454545454
662,10,0.05,8,0.05,0.4,sqrt,0.7552197255915689,0.733261105092091,0.8253658536585365,0.6596491228070176,0.7098445595854922,0.2631578947368421,0.25,0.2777777777777778,0.6163793103448276,0.2992125984251969,0.38,0.24675324675324675
663,10,0.05,8,0.05,0.4,log2,0.7391131437661563,0.7139119058002616,0.809995051954478,0.6382066276803119,0.7305699481865285,0.3157894736842105,0.3,0.3333333333333333,0.7758620689655172,0.7045454545454546,0.6262626262626263,0.8051948051948052
664,10,0.05,8,0.05,0.5,sqrt,0.7697355339033605,0.7544529262086515,0.8270571827057183,0.6935672514619883,0.7150259067357513,0.35294117647058826,0.30612244897959184,0.4166666666666667,0.6120689655172413,0.296875,0.37254901960784315,0.24675324675324675
665,10,0.05,8,0.05,0.5,log2,0.7291708093060251,0.7014467338886453,0.801201802704056,0.6237816764132553,0.689119170984456,0.23076923076923078,0.21428571428571427,0.25,0.6939655172413793,0.5298013245033113,0.5405405405405406,0.5194805194805194
666,10,0.05,8,0.05,0.6,sqrt,0.7788824816066813,0.7628997867803838,0.8418823529411765,0.6974658869395711,0.7668393782383419,0.4444444444444444,0.4,0.5,0.7068965517241379,0.5584415584415584,0.5584415584415584,0.5584415584415584
667,10,0.05,8,0.05,0.6,log2,0.7993636905945516,0.7889562852959632,0.8510830324909747,0.7352826510721248,0.7305699481865285,0.38095238095238093,0.3333333333333333,0.4444444444444444,0.6939655172413793,0.5477707006369427,0.5375,0.5584415584415584
668,10,0.05,8,0.05,0.7,sqrt,0.800159077351362,0.7904940587867417,0.8494623655913979,0.7391812865497076,0.7150259067357513,0.26666666666666666,0.2564102564102564,0.2777777777777778,0.6293103448275862,0.3064516129032258,0.40425531914893614,0.24675324675324675
669,10,0.05,8,0.05,0.7,log2,0.8003579240405647,0.7933305887196377,0.8403837767117314,0.7512670565302144,0.7098445595854922,0.3333333333333333,0.2916666666666667,0.3888888888888889,0.6767241379310345,0.5283018867924528,0.5121951219512195,0.5454545454545454
670,10,0.05,8,0.1,0.3,sqrt,0.6432690395704912,0.6288787753413322,0.6698986337593653,0.5925925925925926,0.5647668393782384,0.19230769230769232,0.14705882352941177,0.2777777777777778,0.5431034482758621,0.24285714285714285,0.2698412698412698,0.22077922077922077
671,10,0.05,8,0.1,0.3,log2,0.6814476038973951,0.6875975039001561,0.6878657822863832,0.6873294346978558,0.5958549222797928,0.3389830508474576,0.24390243902439024,0.5555555555555556,0.4698275862068966,0.2064516129032258,0.20512820512820512,0.2077922077922078
672,10,0.05,8,0.1,0.4,sqrt,0.7035195863988865,0.7028104444887383,0.7190048939641109,0.6873294346978558,0.6683937823834197,0.3469387755102041,0.27419354838709675,0.4722222222222222,0.6681034482758621,0.5333333333333333,0.5,0.5714285714285714
673,10,0.05,8,0.1,0.4,log2,0.740306223901372,0.7186557518311073,0.8030813673567646,0.6502923976608187,0.6994818652849741,0.2926829268292683,0.2608695652173913,0.3333333333333333,0.6853448275862069,0.535031847133758,0.525,0.5454545454545454
674,10,0.05,8,0.1,0.5,sqrt,0.7232054086299463,0.7128712871287128,0.7568988173455979,0.6736842105263158,0.6269430051813472,0.28,0.21875,0.3888888888888889,0.6422413793103449,0.5029940119760479,0.4666666666666667,0.5454545454545454
675,10,0.05,8,0.1,0.5,log2,0.6780672101809505,0.6708680626143525,0.7009345794392523,0.6432748538011696,0.616580310880829,0.28846153846153844,0.22058823529411764,0.4166666666666667,0.5560344827586207,0.2589928057553957,0.2903225806451613,0.23376623376623376
676,10,0.05,8,0.1,0.6,sqrt,0.7178365480214755,0.7240909974722924,0.7222653219550039,0.725925925925926,0.616580310880829,0.22916666666666666,0.18333333333333332,0.3055555555555556,0.6163793103448276,0.5027932960893855,0.4411764705882353,0.5844155844155844
677,10,0.05,8,0.1,0.6,log2,0.7247961821435673,0.6974202011368605,0.7939273270283723,0.621832358674464,0.7098445595854922,0.28205128205128205,0.2619047619047619,0.3055555555555556,0.771551724137931,0.7071823204419889,0.6153846153846154,0.8311688311688312
678,10,0.05,8,0.1,0.7,sqrt,0.7373235235633326,0.7089667327605199,0.815096251266464,0.6272904483430799,0.7046632124352331,0.27848101265822783,0.2558139534883721,0.3055555555555556,0.6077586206896551,0.28346456692913385,0.36,0.23376623376623376
679,10,0.05,8,0.1,0.7,log2,0.7257904155895805,0.6949789869497899,0.8031697341513292,0.6124756335282651,0.6994818652849741,0.275,0.25,0.3055555555555556,0.7155172413793104,0.547945205479452,0.5797101449275363,0.5194805194805194
680,10,0.05,9,0.05,0.3,sqrt,0.7502485583615033,0.7260034904013961,0.8241703813769192,0.6487329434697856,0.6994818652849741,0.23684210526315788,0.225,0.25,0.7068965517241379,0.5641025641025641,0.5569620253164557,0.5714285714285714
681,10,0.05,9,0.05,0.3,log2,0.7329488964008749,0.7141945094701,0.7863167760074976,0.6541910331384015,0.689119170984456,0.2857142857142857,0.25,0.3333333333333333,0.7629310344827587,0.6961325966850829,0.6057692307692307,0.8181818181818182
682,10,0.05,9,0.05,0.4,sqrt,0.7490554782262875,0.7260095527572731,0.8192062714355708,0.6518518518518519,0.7202072538860104,0.325,0.29545454545454547,0.3611111111111111,0.7801724137931034,0.7150837988826816,0.6274509803921569,0.8311688311688312
683,10,0.05,9,0.05,0.4,log2,0.775303241201034,0.7502210433244916,0.8662582950484942,0.661598440545809,0.7461139896373057,0.3466666666666667,0.3333333333333333,0.3611111111111111,0.6982758620689655,0.5394736842105263,0.5466666666666666,0.5324675324675324
684,10,0.05,9,0.05,0.5,sqrt,0.7379200636309405,0.7102022867194371,0.8144225920322743,0.6296296296296297,0.7046632124352331,0.27848101265822783,0.2558139534883721,0.3055555555555556,0.6077586206896551,0.272,0.3541666666666667,0.22077922077922077
685,10,0.05,9,0.05,0.5,log2,0.7854444223503678,0.7702789014264424,0.8484990619136961,0.7052631578947368,0.7202072538860104,0.325,0.29545454545454547,0.3611111111111111,0.6422413793103449,0.3252032520325203,0.43478260869565216,0.2597402597402597
686,10,0.05,9,0.05,0.6,sqrt,0.8045337045138199,0.7955065529436239,0.8528099910793934,0.7454191033138402,0.7253886010362695,0.3614457831325301,0.3191489361702128,0.4166666666666667,0.5948275862068966,0.3088235294117647,0.3559322033898305,0.2727272727272727
687,10,0.05,9,0.05,0.6,log2,0.7637701332272817,0.7514644351464436,0.8108352144469526,0.7001949317738791,0.6839378238341969,0.2823529411764706,0.24489795918367346,0.3333333333333333,0.7801724137931034,0.7182320441988951,0.625,0.8441558441558441
688,10,0.05,9,0.05,0.7,sqrt,0.7751043945118313,0.7619448537150074,0.827996340347667,0.7056530214424951,0.694300518134715,0.2891566265060241,0.2553191489361702,0.3333333333333333,0.6982758620689655,0.5625,0.5421686746987951,0.5844155844155844
689,10,0.05,9,0.05,0.7,log2,0.7778882481606681,0.762087326943557,0.8399061032863849,0.6974658869395711,0.7150259067357513,0.2857142857142857,0.2682926829268293,0.3055555555555556,0.7068965517241379,0.5405405405405406,0.5633802816901409,0.5194805194805194
690,10,0.05,9,0.1,0.3,sqrt,0.6436667329488964,0.6288318144159072,0.6707909854175873,0.591812865497076,0.5544041450777202,0.18867924528301888,0.14285714285714285,0.2777777777777778,0.5517241379310345,0.2571428571428571,0.2857142857142857,0.23376623376623376
691,10,0.05,9,0.1,0.3,log2,0.6462517399085306,0.6347772531307739,0.6704249783174328,0.602729044834308,0.5958549222797928,0.30357142857142855,0.2236842105263158,0.4722222222222222,0.5560344827586207,0.2589928057553957,0.2903225806451613,0.23376623376623376
692,10,0.05,9,0.1,0.4,sqrt,0.7178365480214755,0.7268527430221366,0.7178707224334601,0.7360623781676413,0.6373056994818653,0.3137254901960784,0.24242424242424243,0.4444444444444444,0.6336206896551724,0.5086705202312138,0.4583333333333333,0.5714285714285714
693,10,0.05,9,0.1,0.4,log2,0.6844303042354345,0.6780279975654291,0.7068527918781726,0.6514619883040935,0.6528497409326425,0.27956989247311825,0.22807017543859648,0.3611111111111111,0.6594827586206896,0.5153374233128835,0.4883720930232558,0.5454545454545454
694,10,0.05,9,0.1,0.5,sqrt,0.740306223901372,0.7414885193982581,0.7531162042621633,0.7302144249512671,0.694300518134715,0.3516483516483517,0.2909090909090909,0.4444444444444444,0.6336206896551724,0.5142857142857142,0.45918367346938777,0.5844155844155844
695,10,0.05,9,0.1,0.5,log2,0.7114734539669915,0.7233555767397521,0.7078358208955224,0.7395711500974659,0.6113989637305699,0.25742574257425743,0.2,0.3611111111111111,0.6120689655172413,0.5,0.4368932038834951,0.5844155844155844
696,10,0.05,9,0.1,0.6,sqrt,0.7226088685623384,0.731265652090156,0.7227722772277227,0.7399610136452242,0.6373056994818653,0.2553191489361702,0.20689655172413793,0.3333333333333333,0.646551724137931,0.5232558139534884,0.47368421052631576,0.5844155844155844
697,10,0.05,9,0.1,0.6,log2,0.7198250149135017,0.6901253573784913,0.7916246215943491,0.6116959064327485,0.694300518134715,0.25316455696202533,0.23255813953488372,0.2777777777777778,0.7672413793103449,0.6966292134831461,0.6138613861386139,0.8051948051948052
698,10,0.05,9,0.1,0.7,sqrt,0.7168423145754623,0.6915077989601387,0.7781569965870307,0.6222222222222222,0.6839378238341969,0.26506024096385544,0.23404255319148937,0.3055555555555556,0.5948275862068966,0.27692307692307694,0.33962264150943394,0.23376623376623376
699,10,0.05,9,0.1,0.7,log2,0.7265858023463909,0.7039827771797632,0.7860576923076923,0.6374269005847953,0.7202072538860104,0.325,0.29545454545454547,0.3611111111111111,0.6724137931034483,0.5189873417721519,0.5061728395061729,0.5324675324675324
700,10,0.1,3,0.05,0.3,sqrt,0.7464704712666534,0.7252747252747253,0.8106936416184971,0.656140350877193,0.689119170984456,0.2857142857142857,0.25,0.3333333333333333,0.625,0.2926829268292683,0.391304347826087,0.23376623376623376
701,10,0.1,3,0.05,0.3,log2,0.7309604295088487,0.7040035003281557,0.8020937188434696,0.6272904483430799,0.7098445595854922,0.28205128205128205,0.2619047619047619,0.3055555555555556,0.7844827586206896,0.7126436781609196,0.6391752577319587,0.8051948051948052
702,10,0.1,3,0.05,0.4,sqrt,0.7599920461324319,0.7359439947495078,0.8384845463609173,0.6557504873294348,0.7150259067357513,0.367816091954023,0.3137254901960784,0.4444444444444444,0.7887931034482759,0.72,0.6428571428571429,0.8181818181818182
703,10,0.1,3,0.05,0.4,log2,0.7401073772121695,0.7126841063970103,0.8170362903225806,0.6319688109161793,0.7357512953367875,0.33766233766233766,0.3170731707317073,0.3611111111111111,0.7758620689655172,0.7045454545454546,0.6262626262626263,0.8051948051948052
704,10,0.1,3,0.05,0.5,sqrt,0.7649632133624975,0.7468950749464668,0.8285035629453682,0.6799220272904484,0.7098445595854922,0.3170731707317073,0.2826086956521739,0.3611111111111111,0.7025862068965517,0.5490196078431373,0.5526315789473685,0.5454545454545454
705,10,0.1,3,0.05,0.5,log2,0.7780870948498707,0.7602062741727547,0.8468166586883676,0.6896686159844054,0.7253886010362695,0.3116883116883117,0.2926829268292683,0.3333333333333333,0.7112068965517241,0.54421768707483,0.5714285714285714,0.5194805194805194
706,10,0.1,3,0.05,0.6,sqrt,0.7597931994432293,0.7411058722674668,0.8229414564493098,0.674074074074074,0.694300518134715,0.25316455696202533,0.23255813953488372,0.2777777777777778,0.6163793103448276,0.288,0.375,0.23376623376623376
707,10,0.1,3,0.05,0.6,log2,0.7918075164048518,0.7919729783429367,0.8075364667747164,0.7769980506822612,0.6994818652849741,0.3409090909090909,0.28846153846153844,0.4166666666666667,0.7456896551724138,0.6878306878306878,0.5803571428571429,0.8441558441558441
708,10,0.1,3,0.05,0.7,sqrt,0.7910121296480414,0.786772164739298,0.8202199661590525,0.7559454191033138,0.694300518134715,0.3218390804597701,0.27450980392156865,0.3888888888888889,0.5818965517241379,0.291970802919708,0.3333333333333333,0.2597402597402597
709,10,0.1,3,0.05,0.7,log2,0.7528335653211374,0.7360373752389042,0.8083022388059702,0.6756335282651073,0.7046632124352331,0.32941176470588235,0.2857142857142857,0.3888888888888889,0.6982758620689655,0.5394736842105263,0.5466666666666666,0.5324675324675324
710,10,0.1,3,0.1,0.3,sqrt,0.6665341022071982,0.6531540847983454,0.6955947136563877,0.6155945419103314,0.6476683937823834,0.2608695652173913,0.21428571428571427,0.3333333333333333,0.6681034482758621,0.5217391304347826,0.5,0.5454545454545454
711,10,0.1,3,0.1,0.3,log2,0.6641479419367667,0.6293614219881501,0.7198795180722891,0.5590643274853802,0.6580310880829016,0.25,0.21153846153846154,0.3055555555555556,0.6810344827586207,0.5194805194805194,0.5194805194805194,0.5194805194805194
712,10,0.1,3,0.1,0.4,sqrt,0.6687214157884271,0.657483552631579,0.6955197912135711,0.623391812865497,0.6528497409326425,0.27956989247311825,0.22807017543859648,0.3611111111111111,0.6637931034482759,0.524390243902439,0.4942528735632184,0.5584415584415584
713,10,0.1,3,0.1,0.4,log2,0.6728971962616822,0.6791496001560366,0.6795472287275566,0.6787524366471734,0.5544041450777202,0.24561403508771928,0.1794871794871795,0.3888888888888889,0.5301724137931034,0.2684563758389262,0.2777777777777778,0.2597402597402597
714,10,0.1,3,0.1,0.5,sqrt,0.7393119904553589,0.750997150997151,0.7322222222222222,0.7707602339181286,0.6735751295336787,0.37623762376237624,0.2923076923076923,0.5277777777777778,0.6594827586206896,0.5433526011560693,0.4895833333333333,0.6103896103896104
715,10,0.1,3,0.1,0.5,log2,0.7253927222111752,0.727988969864093,0.7356687898089171,0.7204678362573099,0.6010362694300518,0.3185840707964602,0.23376623376623376,0.5,0.5646551724137931,0.2937062937062937,0.3181818181818182,0.2727272727272727
716,10,0.1,3,0.1,0.6,sqrt,0.7399085305229668,0.7297520661157024,0.7762637362637362,0.6884990253411306,0.6994818652849741,0.40816326530612246,0.3225806451612903,0.5555555555555556,0.6206896551724138,0.4942528735632184,0.44329896907216493,0.5584415584415584
717,10,0.1,3,0.1,0.6,log2,0.7118711473453967,0.6877828054298643,0.7687861271676301,0.6222222222222222,0.689119170984456,0.25,0.22727272727272727,0.2777777777777778,0.7543103448275862,0.6850828729281768,0.5961538461538461,0.8051948051948052
718,10,0.1,3,0.1,0.7,sqrt,0.7285742692384172,0.69068660774983,0.8246753246753247,0.5941520467836258,0.7098445595854922,0.24324324324324326,0.23684210526315788,0.25,0.6379310344827587,0.288135593220339,0.4146341463414634,0.22077922077922077
719,10,0.1,3,0.1,0.7,log2,0.7506462517399085,0.7235449735449735,0.832572298325723,0.639766081871345,0.7098445595854922,0.3170731707317073,0.2826086956521739,0.3611111111111111,0.6982758620689655,0.5512820512820513,0.5443037974683544,0.5584415584415584
720,10,0.1,4,0.05,0.3,sqrt,0.7245973354543647,0.7076208570825417,0.7716390423572744,0.653411306042885,0.6476683937823834,0.24444444444444444,0.2037037037037037,0.3055555555555556,0.6810344827586207,0.5194805194805194,0.5194805194805194,0.5194805194805194
721,10,0.1,4,0.05,0.3,log2,0.7186319347782859,0.6940540540540541,0.779126213592233,0.6257309941520468,0.7098445595854922,0.3333333333333333,0.2916666666666667,0.3888888888888889,0.6982758620689655,0.5333333333333333,0.547945205479452,0.5194805194805194
722,10,0.1,4,0.05,0.4,sqrt,0.7764963213362498,0.7584873227331328,0.8449018669219722,0.6881091617933723,0.7202072538860104,0.3076923076923077,0.2857142857142857,0.3333333333333333,0.7370689655172413,0.5906040268456376,0.6111111111111112,0.5714285714285714
723,10,0.1,4,0.05,0.4,log2,0.7303638894412408,0.7052173913043478,0.797051597051597,0.6323586744639377,0.689119170984456,0.3023255813953488,0.26,0.3611111111111111,0.7629310344827587,0.6927374301675978,0.6078431372549019,0.8051948051948052
724,10,0.1,4,0.05,0.5,sqrt,0.7643666732948896,0.7494184817086065,0.8188539741219963,0.6908382066276804,0.6994818652849741,0.23684210526315788,0.225,0.25,0.6206896551724138,0.30158730158730157,0.3877551020408163,0.24675324675324675
725,10,0.1,4,0.05,0.5,log2,0.7675482203221317,0.7572170301142264,0.8102222222222222,0.7107212475633529,0.694300518134715,0.33707865168539325,0.2830188679245283,0.4166666666666667,0.5732758620689655,0.2978723404255319,0.328125,0.2727272727272727
726,10,0.1,4,0.05,0.6,sqrt,0.7922052097832571,0.7778014033595577,0.8554724041159962,0.7130604288499025,0.6683937823834197,0.2,0.18181818181818182,0.2222222222222222,0.6853448275862069,0.546583850931677,0.5238095238095238,0.5714285714285714
727,10,0.1,4,0.05,0.6,log2,0.783257108769139,0.7786352558895208,0.8126324713861806,0.7473684210526316,0.6839378238341969,0.34408602150537637,0.2807017543859649,0.4444444444444444,0.771551724137931,0.7103825136612022,0.6132075471698113,0.8441558441558441
728,10,0.1,4,0.05,0.7,sqrt,0.7786836349174786,0.7717859339758047,0.8140138408304498,0.7337231968810917,0.6787564766839378,0.24390243902439024,0.21739130434782608,0.2777777777777778,0.6681034482758621,0.5217391304347826,0.5,0.5454545454545454
729,10,0.1,4,0.05,0.7,log2,0.7878305826207994,0.7760755508919203,0.8404545454545455,0.7208576998050682,0.6787564766839378,0.3111111111111111,0.25925925925925924,0.3888888888888889,0.7801724137931034,0.7150837988826816,0.6274509803921569,0.8311688311688312
730,10,0.1,4,0.1,0.3,sqrt,0.662954861801551,0.6244183469975626,0.723305954825462,0.549317738791423,0.6632124352331606,0.19753086419753085,0.17777777777777778,0.2222222222222222,0.5818965517241379,0.23622047244094488,0.3,0.19480519480519481
731,10,0.1,4,0.1,0.3,log2,0.6211970570689997,0.5837885077561722,0.6640159045725647,0.5208576998050682,0.6269430051813472,0.25,0.2,0.3333333333333333,0.5689655172413793,0.24242424242424243,0.2909090909090909,0.2077922077922078
732,10,0.1,4,0.1,0.4,sqrt,0.7359315967389143,0.7378602447690485,0.7473010795681727,0.7286549707602339,0.6787564766839378,0.32608695652173914,0.26785714285714285,0.4166666666666667,0.75,0.6914893617021277,0.5855855855855856,0.8441558441558441
733,10,0.1,4,0.1,0.4,log2,0.6551998409226486,0.6155210643015521,0.7136246786632391,0.541130604288499,0.6683937823834197,0.2727272727272727,0.23076923076923078,0.3333333333333333,0.6594827586206896,0.4968152866242038,0.4875,0.5064935064935064
734,10,0.1,4,0.1,0.5,sqrt,0.7395108371445616,0.719004719004719,0.7992370052455889,0.653411306042885,0.689119170984456,0.3023255813953488,0.26,0.3611111111111111,0.7801724137931034,0.711864406779661,0.63,0.8181818181818182
735,10,0.1,4,0.1,0.5,log2,0.7357327500497117,0.7269365111978632,0.768462206776716,0.6896686159844054,0.6528497409326425,0.32323232323232326,0.25396825396825395,0.4444444444444444,0.7112068965517241,0.6598984771573604,0.5416666666666666,0.8441558441558441
736,10,0.1,4,0.1,0.6,sqrt,0.7220123284947305,0.7287543655413271,0.7253765932792584,0.7321637426900585,0.6632124352331606,0.3157894736842105,0.2542372881355932,0.4166666666666667,0.646551724137931,0.5232558139534884,0.47368421052631576,0.5844155844155844
737,10,0.1,4,0.1,0.6,log2,0.7389142970769537,0.7204598680008516,0.7936210131332082,0.6596491228070176,0.694300518134715,0.3218390804597701,0.27450980392156865,0.3888888888888889,0.6982758620689655,0.5394736842105263,0.5466666666666666,0.5324675324675324
738,10,0.1,4,0.1,0.7,sqrt,0.7086896003181548,0.6787985090988818,0.7755511022044088,0.6035087719298246,0.6735751295336787,0.25882352941176473,0.22448979591836735,0.3055555555555556,0.6724137931034483,0.5189873417721519,0.5061728395061729,0.5324675324675324
739,10,0.1,4,0.1,0.7,log2,0.7607874328892424,0.7397793640493187,0.8309037900874635,0.6666666666666666,0.7046632124352331,0.2962962962962963,0.26666666666666666,0.3333333333333333,0.6422413793103449,0.336,0.4375,0.2727272727272727
740,10,0.1,5,0.05,0.3,sqrt,0.7267846490355936,0.7055293613373339,0.7834364588291289,0.6417153996101365,0.689119170984456,0.3023255813953488,0.26,0.3611111111111111,0.7758620689655172,0.7111111111111111,0.6213592233009708,0.8311688311688312
741,10,0.1,5,0.05,0.3,log2,0.7291708093060251,0.723395613322502,0.75498092412039,0.6943469785575048,0.6321243523316062,0.297029702970297,0.23076923076923078,0.4166666666666667,0.5086206896551724,0.2597402597402597,0.2597402597402597,0.2597402597402597
742,10,0.1,5,0.05,0.4,sqrt,0.7540266454563531,0.7453160387070208,0.7897033158813264,0.7056530214424951,0.6735751295336787,0.29213483146067415,0.24528301886792453,0.3611111111111111,0.6767241379310345,0.5341614906832298,0.5119047619047619,0.5584415584415584
743,10,0.1,5,0.05,0.4,log2,0.7277788824816067,0.7156801661474559,0.7657777777777778,0.6717348927875244,0.7202072538860104,0.38636363636363635,0.3269230769230769,0.4722222222222222,0.7413793103448276,0.6808510638297872,0.5765765765765766,0.8311688311688312
744,10,0.1,5,0.05,0.5,sqrt,0.7854444223503678,0.7797509695856297,0.818337617823479,0.7446393762183235,0.689119170984456,0.3617021276595745,0.29310344827586204,0.4722222222222222,0.771551724137931,0.7103825136612022,0.6132075471698113,0.8441558441558441
745,10,0.1,5,0.05,0.5,log2,0.7615828196460529,0.7469930365055919,0.8141674333026679,0.6900584795321637,0.6994818652849741,0.32558139534883723,0.28,0.3888888888888889,0.6810344827586207,0.5256410256410257,0.5189873417721519,0.5324675324675324
746,10,0.1,5,0.05,0.6,sqrt,0.7898190495128257,0.7826444581534032,0.8281114012184508,0.7419103313840156,0.7253886010362695,0.4175824175824176,0.34545454545454546,0.5277777777777778,0.7025862068965517,0.5605095541401274,0.55,0.5714285714285714
747,10,0.1,5,0.05,0.6,log2,0.7691389938357527,0.7542857142857143,0.825,0.6947368421052632,0.6787564766839378,0.3111111111111111,0.25925925925925924,0.3888888888888889,0.7931034482758621,0.7303370786516854,0.6435643564356436,0.8441558441558441
748,10,0.1,5,0.05,0.7,sqrt,0.7838536488367469,0.7717824900272937,0.8362147406733395,0.7165692007797271,0.7253886010362695,0.39080459770114945,0.3333333333333333,0.4722222222222222,0.7155172413793104,0.5657894736842105,0.5733333333333334,0.5584415584415584
749,10,0.1,5,0.05,0.7,log2,0.7882282759992046,0.7764014276716356,0.8412192902638762,0.7208576998050682,0.6839378238341969,0.26506024096385544,0.23404255319148937,0.3055555555555556,0.8017241379310345,0.7386363636363636,0.6565656565656566,0.8441558441558441
750,10,0.1,5,0.1,0.3,sqrt,0.6436667329488964,0.6311239193083573,0.6685564762320104,0.5976608187134503,0.5595854922279793,0.22018348623853212,0.1643835616438356,0.3333333333333333,0.5344827586206896,0.23943661971830985,0.26153846153846155,0.22077922077922077
751,10,0.1,5,0.1,0.3,log2,0.6472459733545437,0.6343775762572135,0.6729339746392654,0.6,0.5647668393782384,0.2222222222222222,0.16666666666666666,0.3333333333333333,0.5646551724137931,0.26277372262773724,0.3,0.23376623376623376
752,10,0.1,5,0.1,0.4,sqrt,0.6655398687611851,0.6524793388429752,0.6940659340659341,0.6155945419103314,0.6476683937823834,0.2608695652173913,0.21428571428571427,0.3333333333333333,0.6637931034482759,0.5185185185185185,0.49411764705882355,0.5454545454545454
753,10,0.1,5,0.1,0.4,log2,0.6850268443030424,0.6801292407108239,0.70548806032677,0.6565302144249513,0.6528497409326425,0.27956989247311825,0.22807017543859648,0.3611111111111111,0.6551724137931034,0.5180722891566265,0.48314606741573035,0.5584415584415584
754,10,0.1,5,0.1,0.5,sqrt,0.7516404851859216,0.7368864546029071,0.8015582034830431,0.6818713450292397,0.6994818652849741,0.3409090909090909,0.28846153846153844,0.4166666666666667,0.7068965517241379,0.5466666666666666,0.5616438356164384,0.5324675324675324
755,10,0.1,5,0.1,0.5,log2,0.6969576456551998,0.6799664006719865,0.7369139736003641,0.6311890838206627,0.6424870466321243,0.2736842105263158,0.22033898305084745,0.3611111111111111,0.5560344827586207,0.24817518248175183,0.2833333333333333,0.22077922077922077
756,10,0.1,5,0.1,0.6,sqrt,0.721813481805528,0.6938060844823812,0.7909181636726547,0.6179337231968811,0.7098445595854922,0.3,0.2727272727272727,0.3333333333333333,0.5905172413793104,0.2748091603053435,0.3333333333333333,0.23376623376623376
757,10,0.1,5,0.1,0.6,log2,0.7685424537681448,0.7530759439966058,0.8259655653792461,0.6920077972709552,0.7202072538860104,0.38636363636363635,0.3269230769230769,0.4722222222222222,0.6896551724137931,0.5443037974683544,0.5308641975308642,0.5584415584415584
758,10,0.1,5,0.1,0.7,sqrt,0.7269834957247961,0.7005452562704471,0.7950495049504951,0.6261208576998051,0.7253886010362695,0.3614457831325301,0.3191489361702128,0.4166666666666667,0.6120689655172413,0.27419354838709675,0.3617021276595745,0.22077922077922077
759,10,0.1,5,0.1,0.7,log2,0.7301650427520382,0.7069747354782985,0.792352371732817,0.6382066276803119,0.7098445595854922,0.3,0.2727272727272727,0.3333333333333333,0.6982758620689655,0.5454545454545454,0.5454545454545454,0.5454545454545454
760,10,0.1,6,0.05,0.3,sqrt,0.7836548021475442,0.7765913757700206,0.8203904555314534,0.7372319688109161,0.7202072538860104,0.34146341463414637,0.30434782608695654,0.3888888888888889,0.7672413793103449,0.7127659574468085,0.6036036036036037,0.8701298701298701
761,10,0.1,6,0.05,0.3,log2,0.7241996420759594,0.7013993541442411,0.7831730769230769,0.6350877192982456,0.7046632124352331,0.2962962962962963,0.26666666666666666,0.3333333333333333,0.6724137931034483,0.5308641975308642,0.5058823529411764,0.5584415584415584
762,10,0.1,6,0.05,0.4,sqrt,0.7538277987671506,0.7344487344487345,0.8164043872198379,0.6674463937621833,0.7253886010362695,0.3116883116883117,0.2926829268292683,0.3333333333333333,0.6077586206896551,0.29457364341085274,0.36538461538461536,0.24675324675324675
763,10,0.1,6,0.05,0.4,log2,0.7792801749850865,0.7572178477690289,0.8624813153961136,0.6748538011695906,0.7564766839378239,0.3561643835616438,0.35135135135135137,0.3611111111111111,0.7155172413793104,0.5714285714285714,0.5714285714285714,0.5714285714285714
764,10,0.1,6,0.05,0.5,sqrt,0.7635712865380792,0.7498422049232064,0.8144424131627057,0.6947368421052632,0.7046632124352331,0.3595505617977528,0.3018867924528302,0.4444444444444444,0.6120689655172413,0.2857142857142857,0.3673469387755102,0.23376623376623376
765,10,0.1,6,0.05,0.5,log2,0.8025452376217936,0.8011215701982776,0.8237232289950577,0.7797270955165692,0.7098445595854922,0.37777777777777777,0.3148148148148148,0.4722222222222222,0.7586206896551724,0.6989247311827957,0.5963302752293578,0.8441558441558441
766,10,0.1,6,0.05,0.6,sqrt,0.8110956452575064,0.8033940397350994,0.8561976179973533,0.7567251461988304,0.694300518134715,0.3218390804597701,0.27450980392156865,0.3888888888888889,0.7112068965517241,0.567741935483871,0.5641025641025641,0.5714285714285714
767,10,0.1,6,0.05,0.6,log2,0.8027440843109962,0.7982919886132575,0.8342541436464088,0.7653021442495127,0.7150259067357513,0.3373493975903614,0.2978723404255319,0.3888888888888889,0.625,0.32558139534883723,0.40384615384615385,0.2727272727272727
768,10,0.1,6,0.05,0.7,sqrt,0.8301849274209584,0.8291316526610645,0.8516235100698726,0.8077972709551657,0.7409326424870466,0.4318181818181818,0.36538461538461536,0.5277777777777778,0.771551724137931,0.7135135135135136,0.6111111111111112,0.8571428571428571
769,10,0.1,6,0.05,0.7,log2,0.7910121296480414,0.7859034426563455,0.8229522184300341,0.752046783625731,0.7046632124352331,0.32941176470588235,0.2857142857142857,0.3888888888888889,0.6982758620689655,0.5512820512820513,0.5443037974683544,0.5584415584415584
770,10,0.1,6,0.1,0.3,sqrt,0.6528136806522171,0.6784530386740332,0.6429319371727749,0.7181286549707603,0.5544041450777202,0.2711864406779661,0.1951219512195122,0.4444444444444444,0.5905172413793104,0.4808743169398907,0.41509433962264153,0.5714285714285714
771,10,0.1,6,0.1,0.3,log2,0.6466494332869358,0.6156175643521523,0.6914480077745384,0.554775828460039,0.6373056994818653,0.2857142857142857,0.22580645161290322,0.3888888888888889,0.6551724137931034,0.5,0.4819277108433735,0.5194805194805194
772,10,0.1,6,0.1,0.4,sqrt,0.6673294889640088,0.6488982161594963,0.7027272727272728,0.602729044834308,0.6528497409326425,0.27956989247311825,0.22807017543859648,0.3611111111111111,0.6681034482758621,0.5217391304347826,0.5,0.5454545454545454
773,10,0.1,6,0.1,0.4,log2,0.655000994233446,0.6298271815660337,0.6955702167766258,0.5754385964912281,0.6010362694300518,0.2222222222222222,0.1746031746031746,0.3055555555555556,0.6508620689655172,0.5030674846625767,0.47674418604651164,0.5324675324675324
774,10,0.1,6,0.1,0.5,sqrt,0.711672300656194,0.7231767850324551,0.7085671530115975,0.7384015594541911,0.5699481865284974,0.23853211009174313,0.1780821917808219,0.3611111111111111,0.5905172413793104,0.4919786096256685,0.41818181818181815,0.5974025974025974
775,10,0.1,6,0.1,0.5,log2,0.7160469278186519,0.6930352536543423,0.7724005749880211,0.6284600389863548,0.6839378238341969,0.3146067415730337,0.2641509433962264,0.3888888888888889,0.6767241379310345,0.5161290322580645,0.5128205128205128,0.5194805194805194
776,10,0.1,6,0.1,0.6,sqrt,0.7072976734937363,0.6771929824561403,0.7739348370927318,0.6019493177387915,0.6735751295336787,0.2222222222222222,0.2,0.25,0.603448275862069,0.2698412698412698,0.3469387755102041,0.22077922077922077
777,10,0.1,6,0.1,0.6,log2,0.7045138198448996,0.692084542063821,0.7386112339672711,0.6510721247563352,0.6632124352331606,0.3010752688172043,0.24561403508771928,0.3888888888888889,0.6422413793103449,0.49696969696969695,0.4659090909090909,0.5324675324675324
778,10,0.1,6,0.1,0.7,sqrt,0.7240007953867568,0.6987847222222222,0.7880567792462065,0.6276803118908382,0.694300518134715,0.2891566265060241,0.2553191489361702,0.3333333333333333,0.6939655172413793,0.5359477124183006,0.5394736842105263,0.5324675324675324
779,10,0.1,6,0.1,0.7,log2,0.7319546629548618,0.7060619276057567,0.8010885700148441,0.6311890838206627,0.7461139896373057,0.379746835443038,0.3488372093023256,0.4166666666666667,0.7112068965517241,0.5503355704697986,0.5694444444444444,0.5324675324675324
780,10,0.1,7,0.05,0.3,sqrt,0.7351362099821038,0.7229617304492513,0.7748551047703968,0.6775828460038986,0.6735751295336787,0.29213483146067415,0.24528301886792453,0.3611111111111111,0.6594827586206896,0.5031446540880503,0.4878048780487805,0.5194805194805194
781,10,0.1,7,0.05,0.3,log2,0.7337442831576855,0.7073224043715847,0.8049751243781095,0.6307992202729045,0.7305699481865285,0.38095238095238093,0.3333333333333333,0.4444444444444444,0.7112068965517241,0.54421768707483,0.5714285714285714,0.5194805194805194
782,10,0.1,7,0.05,0.4,sqrt,0.723404255319149,0.6975429441182865,0.7885939036381514,0.6253411306042885,0.7046632124352331,0.3132530120481928,0.2765957446808511,0.3611111111111111,0.7586206896551724,0.6818181818181818,0.6060606060606061,0.7792207792207793
783,10,0.1,7,0.05,0.4,log2,0.7586001193080135,0.7409304310712761,0.8184818481848185,0.6768031189083821,0.7046632124352331,0.32941176470588235,0.2857142857142857,0.3888888888888889,0.6982758620689655,0.5569620253164557,0.5432098765432098,0.5714285714285714
784,10,0.1,7,0.05,0.5,sqrt,0.773712467687413,0.7496700395952486,0.8601716304896517,0.664327485380117,0.7253886010362695,0.3291139240506329,0.3023255813953488,0.3611111111111111,0.7198275862068966,0.5517241379310345,0.5882352941176471,0.5194805194805194
785,10,0.1,7,0.05,0.5,log2,0.7488566315370849,0.736380713838447,0.7924528301886793,0.6877192982456141,0.6839378238341969,0.32967032967032966,0.2727272727272727,0.4166666666666667,0.625,0.49122807017543857,0.44680851063829785,0.5454545454545454
786,10,0.1,7,0.05,0.6,sqrt,0.783257108769139,0.7726324572382144,0.8308658591296546,0.7220272904483431,0.6994818652849741,0.32558139534883723,0.28,0.3888888888888889,0.7025862068965517,0.5605095541401274,0.55,0.5714285714285714
787,10,0.1,7,0.05,0.6,log2,0.8132829588387354,0.8098805426199636,0.8424599831508003,0.7797270955165692,0.7046632124352331,0.2962962962962963,0.26666666666666666,0.3333333333333333,0.8060344827586207,0.7428571428571429,0.6632653061224489,0.8441558441558441
788,10,0.1,7,0.05,0.7,sqrt,0.8232252932988666,0.8259252007049148,0.8296616837136114,0.8222222222222222,0.694300518134715,0.33707865168539325,0.2830188679245283,0.4166666666666667,0.6163793103448276,0.32061068702290074,0.3888888888888889,0.2727272727272727
789,10,0.1,7,0.05,0.7,log2,0.794392523364486,0.7839531968240702,0.8446645655110311,0.7313840155945419,0.7150259067357513,0.35294117647058826,0.30612244897959184,0.4166666666666667,0.7025862068965517,0.5605095541401274,0.55,0.5714285714285714
790,10,0.1,7,0.1,0.3,sqrt,0.6486379001789621,0.5961142857142857,0.7204419889502762,0.5083820662768032,0.7046632124352331,0.2597402597402597,0.24390243902439024,0.2777777777777778,0.6982758620689655,0.527027027027027,0.5492957746478874,0.5064935064935064
791,10,0.1,7,0.1,0.3,log2,0.6436667329488964,0.6311239193083573,0.6685564762320104,0.5976608187134503,0.5595854922279793,0.22018348623853212,0.1643835616438356,0.3333333333333333,0.5301724137931034,0.23776223776223776,0.25757575757575757,0.22077922077922077
792,10,0.1,7,0.1,0.4,sqrt,0.7273811891032015,0.7371045062320231,0.7252830188679246,0.749317738791423,0.6632124352331606,0.3434343434343434,0.2698412698412698,0.4722222222222222,0.6594827586206896,0.5325443786982249,0.4891304347826087,0.5844155844155844
793,10,0.1,7,0.1,0.4,log2,0.7146550009942334,0.7339143333951419,0.6997878359264498,0.7715399610136452,0.6010362694300518,0.2803738317757009,0.2112676056338028,0.4166666666666667,0.5301724137931034,0.2967741935483871,0.2948717948717949,0.2987012987012987
794,10,0.1,7,0.1,0.5,sqrt,0.7134619208590177,0.7222971670842167,0.7141768292682927,0.7306042884990254,0.6321243523316062,0.297029702970297,0.23076923076923078,0.4166666666666667,0.6379310344827587,0.5116279069767442,0.4631578947368421,0.5714285714285714
795,10,0.1,7,0.1,0.5,log2,0.6882083913302843,0.6811712078080521,0.7118572035699108,0.6530214424951267,0.6269430051813472,0.29411764705882354,0.22727272727272727,0.4166666666666667,0.7068965517241379,0.6494845360824743,0.5384615384615384,0.8181818181818182
796,10,0.1,7,0.1,0.6,sqrt,0.7285742692384172,0.7217125382262997,0.7564102564102564,0.6900584795321637,0.6321243523316062,0.297029702970297,0.23076923076923078,0.4166666666666667,0.5431034482758621,0.28378378378378377,0.29577464788732394,0.2727272727272727
797,10,0.1,7,0.1,0.6,log2,0.713859614237423,0.7195478464236991,0.7194076383476228,0.7196881091617934,0.6217616580310881,0.23157894736842105,0.1864406779661017,0.3055555555555556,0.6379310344827587,0.5227272727272727,0.46464646464646464,0.5974025974025974
798,10,0.1,7,0.1,0.7,sqrt,0.6907933982899185,0.6326482400188991,0.802757793764988,0.5220272904483431,0.694300518134715,0.16901408450704225,0.17142857142857143,0.16666666666666666,0.6336206896551724,0.27350427350427353,0.4,0.2077922077922078
799,10,0.1,7,0.1,0.7,log2,0.732352356333267,0.7154334038054968,0.7815242494226328,0.6596491228070176,0.7098445595854922,0.3,0.2727272727272727,0.3333333333333333,0.6163793103448276,0.2992125984251969,0.38,0.24675324675324675
800,10,0.1,8,0.05,0.3,sqrt,0.7367269834957247,0.7115468409586057,0.8064197530864198,0.6366471734892788,0.7202072538860104,0.325,0.29545454545454547,0.3611111111111111,0.6982758620689655,0.5394736842105263,0.5466666666666666,0.5324675324675324
801,10,0.1,8,0.05,0.3,log2,0.7120699940345994,0.6838427947598253,0.7771712158808933,0.6105263157894737,0.7046632124352331,0.32941176470588235,0.2857142857142857,0.3888888888888889,0.6896551724137931,0.5324675324675324,0.5324675324675324,0.5324675324675324
802,10,0.1,8,0.05,0.4,sqrt,0.7395108371445616,0.7246742328709542,0.7861377108983129,0.6721247563352827,0.6787564766839378,0.27906976744186046,0.24,0.3333333333333333,0.6896551724137931,0.5443037974683544,0.5308641975308642,0.5584415584415584
803,10,0.1,8,0.05,0.4,log2,0.7420958441041957,0.7268898715519057,0.7902930402930403,0.6729044834307992,0.6839378238341969,0.3146067415730337,0.2641509433962264,0.3888888888888889,0.7456896551724138,0.6775956284153005,0.5849056603773585,0.8051948051948052
804,10,0.1,8,0.05,0.5,sqrt,0.760986279578445,0.7451229855810009,0.8168293816829382,0.684990253411306,0.7150259067357513,0.367816091954023,0.3137254901960784,0.4444444444444444,0.7543103448275862,0.6951871657754011,0.5909090909090909,0.8441558441558441
805,10,0.1,8,0.05,0.5,log2,0.7749055478226288,0.7627829002514669,0.8246488445854101,0.7095516569200779,0.6994818652849741,0.30952380952380953,0.2708333333333333,0.3611111111111111,0.603448275862069,0.3235294117647059,0.3728813559322034,0.2857142857142857
806,10,0.1,8,0.05,0.6,sqrt,0.7564128057267846,0.739084132055378,0.8145539906103286,0.6764132553606238,0.689119170984456,0.2857142857142857,0.25,0.3333333333333333,0.5862068965517241,0.29411764705882354,0.3389830508474576,0.2597402597402597
807,10,0.1,8,0.05,0.6,log2,0.7782859415390734,0.7656085768341392,0.8307481751824818,0.7099415204678362,0.6994818652849741,0.3409090909090909,0.28846153846153844,0.4166666666666667,0.6982758620689655,0.5569620253164557,0.5432098765432098,0.5714285714285714
808,10,0.1,8,0.05,0.7,sqrt,0.7852455756611653,0.7701149425287356,0.8481012658227848,0.7052631578947368,0.7253886010362695,0.345679012345679,0.3111111111111111,0.3888888888888889,0.6206896551724138,0.3125,0.39215686274509803,0.2597402597402597
809,10,0.1,8,0.05,0.7,log2,0.8206402863392325,0.8155419222903886,0.8576344086021506,0.7773879142300195,0.7098445595854922,0.3,0.2727272727272727,0.3333333333333333,0.6206896551724138,0.3333333333333333,0.4,0.2857142857142857
810,10,0.1,8,0.1,0.3,sqrt,0.6894014714655001,0.6443533697632058,0.7744937055281883,0.5516569200779727,0.6994818652849741,0.2926829268292683,0.2608695652173913,0.3333333333333333,0.6120689655172413,0.26229508196721313,0.35555555555555557,0.2077922077922078
811,10,0.1,8,0.1,0.3,log2,0.6822429906542056,0.6533622559652928,0.7364303178484107,0.5871345029239766,0.6476683937823834,0.22727272727272727,0.19230769230769232,0.2777777777777778,0.6896551724137931,0.52,0.5342465753424658,0.5064935064935064
812,10,0.1,8,0.1,0.4,sqrt,0.6591767747067011,0.6481937602627258,0.6844386649328131,0.6155945419103314,0.6321243523316062,0.25263157894736843,0.2033898305084746,0.3333333333333333,0.6508620689655172,0.509090909090909,0.4772727272727273,0.5454545454545454
813,10,0.1,8,0.1,0.4,log2,0.6838337641678266,0.6420531292210716,0.7597229621736814,0.5559454191033139,0.7046632124352331,0.3132530120481928,0.2765957446808511,0.3611111111111111,0.6939655172413793,0.5234899328859061,0.5416666666666666,0.5064935064935064
814,10,0.1,8,0.1,0.5,sqrt,0.723404255319149,0.7357020710621318,0.7175685693106004,0.754775828460039,0.6528497409326425,0.32323232323232326,0.25396825396825395,0.4444444444444444,0.7327586206896551,0.6770833333333334,0.5652173913043478,0.8441558441558441
815,10,0.1,8,0.1,0.5,log2,0.7359315967389143,0.7102966841186736,0.8063397721644379,0.6346978557504873,0.7357512953367875,0.37037037037037035,0.3333333333333333,0.4166666666666667,0.6896551724137931,0.5384615384615384,0.5316455696202531,0.5454545454545454
816,10,0.1,8,0.1,0.6,sqrt,0.7241996420759594,0.7036957914975432,0.7783553875236295,0.6421052631578947,0.6839378238341969,0.24691358024691357,0.2222222222222222,0.2777777777777778,0.7629310344827587,0.6961325966850829,0.6057692307692307,0.8181818181818182
817,10,0.1,8,0.1,0.6,log2,0.7236031020083515,0.6975630983463882,0.7892663712456918,0.6249512670565303,0.6994818652849741,0.2564102564102564,0.23809523809523808,0.2777777777777778,0.7758620689655172,0.7045454545454546,0.6262626262626263,0.8051948051948052
818,10,0.1,8,0.1,0.7,sqrt,0.7206204016703122,0.6934322496181541,0.7874132804757186,0.6194931773879142,0.7098445595854922,0.3170731707317073,0.2826086956521739,0.3611111111111111,0.5948275862068966,0.265625,0.3333333333333333,0.22077922077922077
819,10,0.1,8,0.1,0.7,log2,0.7210180950487174,0.6900817318312348,0.7961264016309888,0.6089668615984406,0.7253886010362695,0.3291139240506329,0.3023255813953488,0.3611111111111111,0.7758620689655172,0.7045454545454546,0.6262626262626263,0.8051948051948052
820,10,0.1,9,0.05,0.3,sqrt,0.7333465897792801,0.703252932064616,0.8132036847492323,0.6194931773879142,0.7046632124352331,0.2597402597402597,0.24390243902439024,0.2777777777777778,0.7887931034482759,0.7167630057803468,0.6458333333333334,0.8051948051948052
821,10,0.1,9,0.05,0.3,log2,0.7317558162656592,0.702928870292887,0.8076923076923077,0.6222222222222222,0.7046632124352331,0.2191780821917808,0.21621621621621623,0.2222222222222222,0.7155172413793104,0.5540540540540541,0.5774647887323944,0.5324675324675324
822,10,0.1,9,0.05,0.4,sqrt,0.7846490355935574,0.7748908750779464,0.8299198575244879,0.7267056530214425,0.6994818652849741,0.35555555555555557,0.2962962962962963,0.4444444444444444,0.75,0.6881720430107527,0.5871559633027523,0.8311688311688312
823,10,0.1,9,0.05,0.4,log2,0.7709286140385763,0.7572692793931732,0.8239339752407153,0.7005847953216374,0.7409326424870466,0.40476190476190477,0.3541666666666667,0.4722222222222222,0.7112068965517241,0.567741935483871,0.5641025641025641,0.5714285714285714
824,10,0.1,9,0.05,0.5,sqrt,0.7719228474845894,0.7709207110045936,0.7903357903357904,0.7524366471734892,0.689119170984456,0.3023255813953488,0.26,0.3611111111111111,0.6767241379310345,0.5283018867924528,0.5121951219512195,0.5454545454545454
825,10,0.1,9,0.05,0.5,log2,0.7878305826207994,0.7710791675606093,0.8573473282442748,0.7005847953216374,0.7150259067357513,0.26666666666666666,0.2564102564102564,0.2777777777777778,0.728448275862069,0.5882352941176471,0.5921052631578947,0.5844155844155844
826,10,0.1,9,0.05,0.6,sqrt,0.7812686418771128,0.7680303669337832,0.8364722094625632,0.7099415204678362,0.7253886010362695,0.345679012345679,0.3111111111111111,0.3888888888888889,0.7112068965517241,0.5562913907284768,0.5675675675675675,0.5454545454545454
827,10,0.1,9,0.05,0.6,log2,0.7979717637701332,0.7918032786885246,0.8345572354211663,0.7532163742690059,0.7616580310880829,0.425,0.38636363636363635,0.4722222222222222,0.7586206896551724,0.654320987654321,0.6235294117647059,0.6883116883116883
828,10,0.1,9,0.05,0.7,sqrt,0.7979717637701332,0.7798006068487213,0.8779892630551489,0.701364522417154,0.7305699481865285,0.2972972972972973,0.2894736842105263,0.3055555555555556,0.6422413793103449,0.336,0.4375,0.2727272727272727
829,10,0.1,9,0.05,0.7,log2,0.8124875720819248,0.8074331223197876,0.847770154373928,0.7707602339181286,0.7202072538860104,0.34146341463414637,0.30434782608695654,0.3888888888888889,0.625,0.33587786259541985,0.4074074074074074,0.2857142857142857
830,10,0.1,9,0.1,0.3,sqrt,0.6593756213959038,0.6489034638245542,0.6840968020743302,0.6171539961013646,0.6269430051813472,0.25,0.2,0.3333333333333333,0.6508620689655172,0.509090909090909,0.4772727272727273,0.5454545454545454
831,10,0.1,9,0.1,0.3,log2,0.7184330880890833,0.7095980311730927,0.7485936823885764,0.6744639376218323,0.6735751295336787,0.3883495145631068,0.29850746268656714,0.5555555555555556,0.5905172413793104,0.31654676258992803,0.3548387096774194,0.2857142857142857
832,10,0.1,9,0.1,0.4,sqrt,0.7156492344402465,0.723724884080371,0.7173496744542321,0.7302144249512671,0.6528497409326425,0.30927835051546393,0.2459016393442623,0.4166666666666667,0.6551724137931034,0.5294117647058824,0.4838709677419355,0.5844155844155844
833,10,0.1,9,0.1,0.4,log2,0.6707098826804534,0.6271949572264746,0.742141715503463,0.5430799220272905,0.6580310880829016,0.23255813953488372,0.2,0.2777777777777778,0.6767241379310345,0.5161290322580645,0.5128205128205128,0.5194805194805194
834,10,0.1,9,0.1,0.5,sqrt,0.7152515410618413,0.6913793103448276,0.7730120481927711,0.6253411306042885,0.7098445595854922,0.3488372093023256,0.3,0.4166666666666667,0.6939655172413793,0.5298013245033113,0.5405405405405406,0.5194805194805194
835,10,0.1,9,0.1,0.5,log2,0.7182342413998807,0.6882288228822883,0.7898989898989899,0.6097465886939571,0.6994818652849741,0.2926829268292683,0.2608695652173913,0.3333333333333333,0.7629310344827587,0.6961325966850829,0.6057692307692307,0.8181818181818182
836,10,0.1,9,0.1,0.6,sqrt,0.7152515410618413,0.6942783945345858,0.7673430863614913,0.6339181286549708,0.6735751295336787,0.27586206896551724,0.23529411764705882,0.3333333333333333,0.6982758620689655,0.5394736842105263,0.5466666666666666,0.5324675324675324
837,10,0.1,9,0.1,0.6,log2,0.7490554782262875,0.7334178284748627,0.8003688335638544,0.6768031189083821,0.6683937823834197,0.30434782608695654,0.25,0.3888888888888889,0.603448275862069,0.30303030303030304,0.36363636363636365,0.2597402597402597
838,10,0.1,9,0.1,0.7,sqrt,0.7333465897792801,0.7089212068591274,0.7997061704211558,0.6366471734892788,0.6528497409326425,0.24719101123595505,0.20754716981132076,0.3055555555555556,0.646551724137931,0.5,0.47126436781609193,0.5324675324675324
839,10,0.1,9,0.1,0.7,log2,0.717041161264665,0.6923243243243243,0.7771844660194175,0.6241715399610136,0.7046632124352331,0.2597402597402597,0.24390243902439024,0.2777777777777778,0.7586206896551724,0.6888888888888889,0.6019417475728155,0.8051948051948052
840,10,0.15,3,0.05,0.3,sqrt,0.7232054086299463,0.6927152317880795,0.7984732824427481,0.6116959064327485,0.7150259067357513,0.3037974683544304,0.27906976744186046,0.3333333333333333,0.7068965517241379,0.5466666666666666,0.5616438356164384,0.5324675324675324
841,10,0.15,3,0.05,0.3,log2,0.6971564923444025,0.6570592208961945,0.7777185501066098,0.5688109161793372,0.7150259067357513,0.3037974683544304,0.27906976744186046,0.3333333333333333,0.6982758620689655,0.527027027027027,0.5492957746478874,0.5064935064935064
842,10,0.15,3,0.05,0.4,sqrt,0.7214157884271227,0.6885974661035785,0.8009307135470527,0.6038986354775828,0.7202072538860104,0.325,0.29545454545454547,0.3611111111111111,0.7155172413793104,0.547945205479452,0.5797101449275363,0.5194805194805194
843,10,0.15,3,0.05,0.4,log2,0.7238019486975542,0.6922224684245513,0.8018480492813141,0.6089668615984406,0.7305699481865285,0.3333333333333333,0.30952380952380953,0.3611111111111111,0.7068965517241379,0.5466666666666666,0.5616438356164384,0.5324675324675324
844,10,0.15,3,0.05,0.5,sqrt,0.744084310996222,0.7271570913716345,0.7969330855018587,0.6686159844054581,0.6839378238341969,0.26506024096385544,0.23404255319148937,0.3055555555555556,0.6853448275862069,0.5290322580645161,0.5256410256410257,0.5324675324675324
845,10,0.15,3,0.05,0.5,log2,0.7420958441041957,0.7306334371754932,0.7817777777777778,0.6857699805068226,0.6632124352331606,0.2857142857142857,0.23636363636363636,0.3611111111111111,0.5689655172413793,0.2753623188405797,0.3114754098360656,0.24675324675324675
846,10,0.15,3,0.05,0.6,sqrt,0.7518393318751243,0.7313818338355574,0.8164344065353195,0.6623781676413255,0.6839378238341969,0.24691358024691357,0.2222222222222222,0.2777777777777778,0.6206896551724138,0.30158730158730157,0.3877551020408163,0.24675324675324675
847,10,0.15,3,0.05,0.6,log2,0.7685424537681448,0.7497850386930353,0.8356492573071395,0.6799220272904484,0.7046632124352331,0.3132530120481928,0.2765957446808511,0.3611111111111111,0.7155172413793104,0.56,0.5753424657534246,0.5454545454545454
848,10,0.15,3,0.05,0.7,sqrt,0.7653609067409027,0.7494692144373672,0.8228438228438228,0.6881091617933723,0.6683937823834197,0.30434782608695654,0.25,0.3888888888888889,0.6853448275862069,0.546583850931677,0.5238095238095238,0.5714285714285714
849,10,0.15,3,0.05,0.7,log2,0.80075561741897,0.7921161825726141,0.8465631929046563,0.7442495126705653,0.7253886010362695,0.3614457831325301,0.3191489361702128,0.4166666666666667,0.6336206896551724,0.33070866141732286,0.42,0.2727272727272727
850,10,0.15,3,0.1,0.3,sqrt,0.6659375621395903,0.65274906986358,0.6946766388033436,0.6155945419103314,0.6476683937823834,0.2608695652173913,0.21428571428571427,0.3333333333333333,0.6681034482758621,0.5217391304347826,0.5,0.5454545454545454
851,10,0.15,3,0.1,0.3,log2,0.6603698548419169,0.6489930127414715,0.6862233811386353,0.6155945419103314,0.6321243523316062,0.25263157894736843,0.2033898305084746,0.3333333333333333,0.6508620689655172,0.509090909090909,0.4772727272727273,0.5454545454545454
852,10,0.15,3,0.1,0.4,sqrt,0.6721018095048718,0.6288543776727437,0.7438764643237487,0.5446393762183236,0.694300518134715,0.2891566265060241,0.2553191489361702,0.3333333333333333,0.6896551724137931,0.52,0.5342465753424658,0.5064935064935064
853,10,0.15,3,0.1,0.4,log2,0.667727182342414,0.6655993596157694,0.6837993421052632,0.6483430799220273,0.5854922279792746,0.2727272727272727,0.20270270270270271,0.4166666666666667,0.5474137931034483,0.2553191489361702,0.28125,0.23376623376623376
854,10,0.15,3,0.1,0.5,sqrt,0.7031218930204812,0.7074270037233,0.7111899133175729,0.7037037037037037,0.5595854922279793,0.2608695652173913,0.189873417721519,0.4166666666666667,0.5172413793103449,0.28205128205128205,0.27848101265822783,0.2857142857142857
855,10,0.15,3,0.1,0.5,log2,0.7432889242394114,0.7259605179367438,0.7968313140726934,0.6666666666666666,0.7150259067357513,0.42105263157894735,0.3389830508474576,0.5555555555555556,0.7155172413793104,0.56,0.5753424657534246,0.5454545454545454
856,10,0.15,3,0.1,0.6,sqrt,0.7299661960628355,0.7088336192109777,0.7875178656503097,0.6444444444444445,0.689119170984456,0.2682926829268293,0.2391304347826087,0.3055555555555556,0.7241379310344828,0.6559139784946236,0.5596330275229358,0.7922077922077922
857,10,0.15,3,0.1,0.6,log2,0.702724199642076,0.685461813591416,0.7445155393053017,0.6350877192982456,0.6632124352331606,0.2857142857142857,0.23636363636363636,0.3611111111111111,0.6594827586206896,0.5093167701863354,0.4880952380952381,0.5324675324675324
858,10,0.15,3,0.1,0.7,sqrt,0.7653609067409027,0.7535505430242272,0.8115159694107063,0.7033138401559454,0.7098445595854922,0.3333333333333333,0.2916666666666667,0.3888888888888889,0.6853448275862069,0.535031847133758,0.525,0.5454545454545454
859,10,0.15,3,0.1,0.7,log2,0.727580035792404,0.6952846975088968,0.8094251683065768,0.6093567251461989,0.6994818652849741,0.21621621621621623,0.21052631578947367,0.2222222222222222,0.7672413793103449,0.6966292134831461,0.6138613861386139,0.8051948051948052
860,10,0.15,4,0.05,0.3,sqrt,0.713263074169815,0.6861123204179365,0.7767373090192213,0.6144249512670565,0.6994818652849741,0.275,0.25,0.3055555555555556,0.7629310344827587,0.6961325966850829,0.6057692307692307,0.8181818181818182
861,10,0.15,4,0.05,0.3,log2,0.7118711473453967,0.6807666886979511,0.7826747720364742,0.6023391812865497,0.6994818652849741,0.3409090909090909,0.28846153846153844,0.4166666666666667,0.6681034482758621,0.5157232704402516,0.5,0.5324675324675324
862,10,0.15,4,0.05,0.4,sqrt,0.7510439451183137,0.7594158339738662,0.7487684729064039,0.7703703703703704,0.6735751295336787,0.35051546391752575,0.2786885245901639,0.4722222222222222,0.6508620689655172,0.5263157894736842,0.4787234042553192,0.5844155844155844
863,10,0.15,4,0.05,0.4,log2,0.7371246768741301,0.7292093404342482,0.7682347863616745,0.6939571150097466,0.6632124352331606,0.3157894736842105,0.2542372881355932,0.4166666666666667,0.6637931034482759,0.5185185185185185,0.49411764705882355,0.5454545454545454
864,10,0.15,4,0.05,0.5,sqrt,0.7212169417379201,0.6993996569468267,0.7770366841353026,0.6358674463937621,0.6683937823834197,0.2558139534883721,0.22,0.3055555555555556,0.6637931034482759,0.5063291139240507,0.49382716049382713,0.5194805194805194
865,10,0.15,4,0.05,0.5,log2,0.7621793597136608,0.7482105263157894,0.8132723112128146,0.6927875243664717,0.7202072538860104,0.37209302325581395,0.32,0.4444444444444444,0.6163793103448276,0.2992125984251969,0.38,0.24675324675324675
866,10,0.15,4,0.05,0.6,sqrt,0.7524358719427322,0.7316231946540203,0.8182256509161041,0.661598440545809,0.689119170984456,0.2857142857142857,0.25,0.3333333333333333,0.7025862068965517,0.543046357615894,0.5540540540540541,0.5324675324675324
867,10,0.15,4,0.05,0.6,log2,0.7446808510638298,0.720626631853786,0.8153618906942393,0.6456140350877193,0.7253886010362695,0.3764705882352941,0.32653061224489793,0.4444444444444444,0.6896551724137931,0.5443037974683544,0.5308641975308642,0.5584415584415584
868,10,0.15,4,0.05,0.7,sqrt,0.7858421157287732,0.7727368643173665,0.8422263109475621,0.713840155945419,0.689119170984456,0.3023255813953488,0.26,0.3611111111111111,0.7974137931034483,0.7283236994219653,0.65625,0.8181818181818182
869,10,0.15,4,0.05,0.7,log2,0.759395506064824,0.7410102739726028,0.8215472235405791,0.6748538011695906,0.7046632124352331,0.27848101265822783,0.2558139534883721,0.3055555555555556,0.7974137931034483,0.7314285714285714,0.6530612244897959,0.8311688311688312
870,10,0.15,4,0.1,0.3,sqrt,0.6643467886259694,0.6516714816343376,0.6922402455063569,0.6155945419103314,0.6424870466321243,0.25806451612903225,0.21052631578947367,0.3333333333333333,0.6637931034482759,0.5185185185185185,0.49411764705882355,0.5454545454545454
871,10,0.15,4,0.1,0.3,log2,0.6261682242990654,0.5859030837004405,0.6734177215189874,0.5185185185185185,0.6683937823834197,0.2727272727272727,0.23076923076923078,0.3333333333333333,0.6681034482758621,0.5032258064516129,0.5,0.5064935064935064
872,10,0.15,4,0.1,0.4,sqrt,0.6860210777490555,0.6900883218842002,0.6948616600790514,0.6853801169590643,0.5751295336787565,0.2807017543859649,0.20512820512820512,0.4444444444444444,0.5387931034482759,0.2517482517482518,0.2727272727272727,0.23376623376623376
873,10,0.15,4,0.1,0.4,log2,0.688407238019487,0.6938855245165071,0.6953797963978073,0.6923976608187135,0.6113989637305699,0.29906542056074764,0.22535211267605634,0.4444444444444444,0.6422413793103449,0.5146198830409356,0.46808510638297873,0.5714285714285714
874,10,0.15,4,0.1,0.5,sqrt,0.7267846490355936,0.7252,0.744558521560575,0.70682261208577,0.6528497409326425,0.34951456310679613,0.26865671641791045,0.5,0.6379310344827587,0.5172413793103449,0.4639175257731959,0.5844155844155844
875,10,0.15,4,0.1,0.5,log2,0.7110757605885862,0.7196604283233649,0.712375859434683,0.7270955165692008,0.6528497409326425,0.30927835051546393,0.2459016393442623,0.4166666666666667,0.6551724137931034,0.5294117647058824,0.4838709677419355,0.5844155844155844
876,10,0.15,4,0.1,0.6,sqrt,0.7178365480214755,0.6909170115443258,0.7828232971372162,0.6183235867446394,0.6839378238341969,0.24691358024691357,0.2222222222222222,0.2777777777777778,0.6724137931034483,0.5189873417721519,0.5061728395061729,0.5324675324675324
877,10,0.15,4,0.1,0.6,log2,0.7733147743090077,0.7652388797364086,0.8109995635093845,0.7243664717348928,0.6373056994818653,0.3,0.234375,0.4166666666666667,0.6767241379310345,0.5454545454545454,0.5113636363636364,0.5844155844155844
878,10,0.15,4,0.1,0.7,sqrt,0.7470670113342612,0.7222707423580786,0.8208436724565756,0.6448343079922028,0.6994818652849741,0.23684210526315788,0.225,0.25,0.603448275862069,0.28125,0.35294117647058826,0.23376623376623376
879,10,0.15,4,0.1,0.7,log2,0.7595943527540266,0.7457413249211357,0.8095890410958904,0.6912280701754386,0.6994818652849741,0.30952380952380953,0.2708333333333333,0.3611111111111111,0.7155172413793104,0.5714285714285714,0.5714285714285714,0.5714285714285714
880,10,0.15,5,0.05,0.3,sqrt,0.7015311195068602,0.6957226839651328,0.7246621621621622,0.6690058479532164,0.6321243523316062,0.3364485981308411,0.2535211267605634,0.5,0.6163793103448276,0.49142857142857144,0.4387755102040816,0.5584415584415584
881,10,0.15,5,0.05,0.3,log2,0.7391131437661563,0.7232067510548523,0.7880459770114943,0.6682261208576998,0.689119170984456,0.2857142857142857,0.25,0.3333333333333333,0.7801724137931034,0.7150837988826816,0.6274509803921569,0.8311688311688312
882,10,0.15,5,0.05,0.4,sqrt,0.7377212169417379,0.712698758440427,0.807502467917078,0.6378167641325536,0.7150259067357513,0.2857142857142857,0.2682926829268293,0.3055555555555556,0.7758620689655172,0.7045454545454546,0.6262626262626263,0.8051948051948052
883,10,0.15,5,0.05,0.4,log2,0.7315569695764566,0.7159090909090909,0.7777777777777778,0.6631578947368421,0.694300518134715,0.3218390804597701,0.27450980392156865,0.3888888888888889,0.6551724137931034,0.5180722891566265,0.48314606741573035,0.5584415584415584
884,10,0.15,5,0.05,0.5,sqrt,0.7591966593756214,0.763799492880827,0.7642466822794691,0.7633528265107212,0.6632124352331606,0.3157894736842105,0.2542372881355932,0.4166666666666667,0.6637931034482759,0.5411764705882353,0.4946236559139785,0.5974025974025974
885,10,0.15,5,0.05,0.5,log2,0.7432889242394114,0.7185524307826466,0.8150346191889218,0.642495126705653,0.7098445595854922,0.28205128205128205,0.2619047619047619,0.3055555555555556,0.7801724137931034,0.7085714285714285,0.6326530612244898,0.8051948051948052
886,10,0.15,5,0.05,0.6,sqrt,0.7450785444422351,0.731574539363484,0.7901402080506558,0.6810916179337232,0.6994818652849741,0.3409090909090909,0.28846153846153844,0.4166666666666667,0.6896551724137931,0.5443037974683544,0.5308641975308642,0.5584415584415584
887,10,0.15,5,0.05,0.6,log2,0.7365281368065222,0.7182649372740804,0.7899906454630495,0.6584795321637427,0.6321243523316062,0.23655913978494625,0.19298245614035087,0.3055555555555556,0.6508620689655172,0.4968944099378882,0.47619047619047616,0.5194805194805194
888,10,0.15,5,0.05,0.7,sqrt,0.7794790216742892,0.7637912673056443,0.8417840375586855,0.6990253411306043,0.6994818652849741,0.2926829268292683,0.2608695652173913,0.3333333333333333,0.7068965517241379,0.5526315789473685,0.56,0.5454545454545454
889,10,0.15,5,0.05,0.7,log2,0.7906144362696361,0.7764805773721078,0.8522833178005592,0.7130604288499025,0.7305699481865285,0.36585365853658536,0.32608695652173914,0.4166666666666667,0.6163793103448276,0.32061068702290074,0.3888888888888889,0.2727272727272727
890,10,0.15,5,0.1,0.3,sqrt,0.6909922449791212,0.6469786460699682,0.7751769188894937,0.5551656920077973,0.6839378238341969,0.2988505747126437,0.2549019607843137,0.3611111111111111,0.6293103448275862,0.29508196721311475,0.4,0.23376623376623376
891,10,0.15,5,0.1,0.3,log2,0.6341220918671704,0.6423017107309487,0.6405583559519193,0.6440545808966862,0.5958549222797928,0.2777777777777778,0.20833333333333334,0.4166666666666667,0.6163793103448276,0.49142857142857144,0.4387755102040816,0.5584415584415584
892,10,0.15,5,0.1,0.4,sqrt,0.6760787432889243,0.6558208324529896,0.7158671586715867,0.6050682261208578,0.616580310880829,0.3018867924528302,0.22857142857142856,0.4444444444444444,0.6508620689655172,0.5030674846625767,0.47674418604651164,0.5324675324675324
893,10,0.15,5,0.1,0.4,log2,0.6488367468681646,0.6323896752706079,0.678427869584636,0.5922027290448343,0.5854922279792746,0.21568627450980393,0.16666666666666666,0.3055555555555556,0.5387931034482759,0.2302158273381295,0.25806451612903225,0.2077922077922078
894,10,0.15,5,0.1,0.5,sqrt,0.6927818651819447,0.6855281905149603,0.717206132879046,0.6565302144249513,0.6373056994818653,0.3,0.234375,0.4166666666666667,0.7629310344827587,0.7058823529411765,0.6,0.8571428571428571
895,10,0.15,5,0.1,0.5,log2,0.7295685026844303,0.7402597402597403,0.7255709472107825,0.7555555555555555,0.5647668393782384,0.288135593220339,0.2073170731707317,0.4722222222222222,0.5,0.2839506172839506,0.27058823529411763,0.2987012987012987
896,10,0.15,5,0.1,0.6,sqrt,0.7224100218731359,0.6962576153176675,0.7877892663712457,0.6237816764132553,0.7098445595854922,0.3170731707317073,0.2826086956521739,0.3611111111111111,0.7629310344827587,0.6927374301675978,0.6078431372549019,0.8051948051948052
897,10,0.15,5,0.1,0.6,log2,0.7238019486975542,0.7036483891615105,0.7770970782280867,0.6428849902534113,0.694300518134715,0.33707865168539325,0.2830188679245283,0.4166666666666667,0.6939655172413793,0.5477707006369427,0.5375,0.5584415584415584
898,10,0.15,5,0.1,0.7,sqrt,0.7305627361304434,0.7071536632807435,0.7934044616876819,0.6378167641325536,0.7046632124352331,0.27848101265822783,0.2558139534883721,0.3055555555555556,0.7586206896551724,0.6923076923076923,0.6,0.8181818181818182
899,10,0.15,5,0.1,0.7,log2,0.7566116524159873,0.7433962264150943,0.8040816326530612,0.6912280701754386,0.6528497409326425,0.27956989247311825,0.22807017543859648,0.3611111111111111,0.5905172413793104,0.30656934306569344,0.35,0.2727272727272727
900,10,0.15,6,0.05,0.3,sqrt,0.7265858023463909,0.7346072186836518,0.7274464831804281,0.7419103313840156,0.6580310880829016,0.3125,0.25,0.4166666666666667,0.646551724137931,0.5232558139534884,0.47368421052631576,0.5844155844155844
901,10,0.15,6,0.05,0.3,log2,0.7305627361304434,0.6990894958916278,0.8121775025799793,0.61364522417154,0.7409326424870466,0.34210526315789475,0.325,0.3611111111111111,0.6206896551724138,0.2903225806451613,0.3829787234042553,0.23376623376623376
902,10,0.15,6,0.05,0.4,sqrt,0.7128653807914098,0.6862233811386353,0.7751595483554247,0.6155945419103314,0.694300518134715,0.3058823529411765,0.2653061224489796,0.3611111111111111,0.6681034482758621,0.5157232704402516,0.5,0.5324675324675324
903,10,0.15,6,0.05,0.4,log2,0.7381189103201432,0.7300676368108219,0.7696629213483146,0.6943469785575048,0.6217616580310881,0.24742268041237114,0.19672131147540983,0.3333333333333333,0.6206896551724138,0.34328358208955223,0.40350877192982454,0.2987012987012987
904,10,0.15,6,0.05,0.5,sqrt,0.727580035792404,0.7041036717062635,0.7893462469733656,0.6354775828460039,0.6787564766839378,0.2619047619047619,0.22916666666666666,0.3055555555555556,0.6767241379310345,0.5161290322580645,0.5128205128205128,0.5194805194805194
905,10,0.15,6,0.05,0.5,log2,0.7659574468085106,0.7421686746987952,0.847,0.6604288499025341,0.7461139896373057,0.3287671232876712,0.32432432432432434,0.3333333333333333,0.7844827586206896,0.7159090909090909,0.6363636363636364,0.8181818181818182
906,10,0.15,6,0.05,0.6,sqrt,0.7868363491747863,0.7756383424026789,0.8373248983280615,0.7224171539961014,0.7046632124352331,0.3448275862068966,0.29411764705882354,0.4166666666666667,0.6163793103448276,0.32061068702290074,0.3888888888888889,0.2727272727272727
907,10,0.15,6,0.05,0.6,log2,0.7319546629548618,0.7017699115044248,0.8112531969309463,0.6183235867446394,0.6839378238341969,0.22784810126582278,0.20930232558139536,0.25,0.6077586206896551,0.272,0.3541666666666667,0.22077922077922077
908,10,0.15,6,0.05,0.7,sqrt,0.7665539868761185,0.741637323943662,0.8514401212733704,0.6569200779727096,0.7305699481865285,0.3333333333333333,0.30952380952380953,0.3611111111111111,0.6120689655172413,0.2857142857142857,0.3673469387755102,0.23376623376623376
909,10,0.15,6,0.05,0.7,log2,0.7743090077550209,0.7637877211238293,0.8191964285714286,0.7153996101364523,0.7253886010362695,0.4044943820224719,0.33962264150943394,0.5,0.7155172413793104,0.56,0.5753424657534246,0.5454545454545454
910,10,0.15,6,0.1,0.3,sqrt,0.6396897991648439,0.64733359283768,0.6463272444617179,0.6483430799220273,0.6010362694300518,0.2803738317757009,0.2112676056338028,0.4166666666666667,0.625,0.5028571428571429,0.4489795918367347,0.5714285714285714
911,10,0.15,6,0.1,0.3,log2,0.6458540465301252,0.6337651655356775,0.6705831157528286,0.6007797270955165,0.7150259067357513,0.3956043956043956,0.32727272727272727,0.5,0.5172413793103449,0.18840579710144928,0.21311475409836064,0.16883116883116883
912,10,0.15,6,0.1,0.4,sqrt,0.6408828793000596,0.6312780726827276,0.6626660951564509,0.602729044834308,0.5647668393782384,0.25,0.18421052631578946,0.3888888888888889,0.5517241379310345,0.2571428571428571,0.2857142857142857,0.23376623376623376
913,10,0.15,6,0.1,0.4,log2,0.7383177570093458,0.7321937321937322,0.7658578118348234,0.701364522417154,0.7098445595854922,0.3488372093023256,0.3,0.4166666666666667,0.6982758620689655,0.5454545454545454,0.5454545454545454,0.5454545454545454
914,10,0.15,6,0.1,0.5,sqrt,0.70908729369656,0.7232835256289011,0.7024246877296105,0.7454191033138402,0.5854922279792746,0.25925925925925924,0.19444444444444445,0.3888888888888889,0.5258620689655172,0.2857142857142857,0.2857142857142857,0.2857142857142857
915,10,0.15,6,0.1,0.5,log2,0.7416981507257904,0.735707019328586,0.7693617021276595,0.7048732943469785,0.6683937823834197,0.3333333333333333,0.26666666666666666,0.4444444444444444,0.5387931034482759,0.28187919463087246,0.2916666666666667,0.2727272727272727
916,10,0.15,6,0.1,0.6,sqrt,0.7484589381586797,0.7411499897687743,0.7799310938845823,0.7060428849902534,0.6528497409326425,0.29473684210526313,0.23728813559322035,0.3888888888888889,0.5775862068965517,0.2898550724637681,0.32786885245901637,0.2597402597402597
917,10,0.15,6,0.1,0.6,log2,0.7514416384967191,0.7327917913638307,0.8111689540937056,0.6682261208576998,0.7202072538860104,0.25,0.25,0.25,0.7112068965517241,0.5620915032679739,0.5657894736842105,0.5584415584415584
918,10,0.15,6,0.1,0.7,sqrt,0.721813481805528,0.6915104740904079,0.7959390862944162,0.6113060428849902,0.7202072538860104,0.325,0.29545454545454547,0.3611111111111111,0.7112068965517241,0.5379310344827586,0.5735294117647058,0.5064935064935064
919,10,0.15,6,0.1,0.7,log2,0.7739113143766156,0.7606819616922753,0.8266239707227814,0.7044834307992203,0.694300518134715,0.3516483516483517,0.2909090909090909,0.4444444444444444,0.5991379310344828,0.32116788321167883,0.36666666666666664,0.2857142857142857
920,10,0.15,7,0.05,0.3,sqrt,0.7379200636309405,0.7377636291285317,0.7533522958147094,0.7228070175438597,0.6528497409326425,0.29473684210526313,0.23728813559322035,0.3888888888888889,0.6594827586206896,0.5093167701863354,0.4880952380952381,0.5324675324675324
921,10,0.15,7,0.05,0.3,log2,0.7293696559952276,0.7026436530478479,0.7992047713717694,0.6269005847953216,0.689119170984456,0.21052631578947367,0.2,0.2222222222222222,0.6077586206896551,0.28346456692913385,0.36,0.23376623376623376
922,10,0.15,7,0.05,0.4,sqrt,0.7283754225492145,0.7102248621128553,0.7789669613773849,0.6526315789473685,0.689119170984456,0.3181818181818182,0.2692307692307692,0.3888888888888889,0.7758620689655172,0.7078651685393258,0.6237623762376238,0.8181818181818182
923,10,0.15,7,0.05,0.4,log2,0.7828594153907338,0.7707808564231738,0.834924965893588,0.7157894736842105,0.7202072538860104,0.38636363636363635,0.3269230769230769,0.4722222222222222,0.6982758620689655,0.5625,0.5421686746987951,0.5844155844155844
924,10,0.15,7,0.05,0.5,sqrt,0.7486577848478823,0.7173524150268337,0.8411116937598322,0.6253411306042885,0.6994818652849741,0.21621621621621623,0.21052631578947367,0.2222222222222222,0.8060344827586207,0.7428571428571429,0.6632653061224489,0.8441558441558441
925,10,0.15,7,0.05,0.5,log2,0.7130642274806125,0.6743398781313473,0.8006430868167203,0.5824561403508772,0.694300518134715,0.23376623376623376,0.21951219512195122,0.25,0.6982758620689655,0.5333333333333333,0.547945205479452,0.5194805194805194
926,10,0.15,7,0.05,0.6,sqrt,0.7719228474845894,0.7562167906482465,0.8313084112149532,0.6935672514619883,0.7305699481865285,0.35,0.3181818181818182,0.3888888888888889,0.6336206896551724,0.3089430894308943,0.41304347826086957,0.24675324675324675
927,10,0.15,7,0.05,0.6,log2,0.7570093457943925,0.7273538598839804,0.8502869066249348,0.6354775828460039,0.7461139896373057,0.24615384615384617,0.27586206896551724,0.2222222222222222,0.8275862068965517,0.7674418604651163,0.6947368421052632,0.8571428571428571
928,10,0.15,7,0.05,0.7,sqrt,0.7949890634320939,0.7864097783302259,0.8390804597701149,0.7399610136452242,0.694300518134715,0.33707865168539325,0.2830188679245283,0.4166666666666667,0.7025862068965517,0.5548387096774193,0.5512820512820513,0.5584415584415584
929,10,0.15,7,0.05,0.7,log2,0.7637701332272817,0.7546468401486989,0.8023715415019763,0.712280701754386,0.694300518134715,0.3058823529411765,0.2653061224489796,0.3611111111111111,0.6810344827586207,0.5316455696202531,0.5185185185185185,0.5454545454545454
930,10,0.15,7,0.1,0.3,sqrt,0.666136408828793,0.6525967308090214,0.6953262786596119,0.6148148148148148,0.6476683937823834,0.2608695652173913,0.21428571428571427,0.3333333333333333,0.6681034482758621,0.5217391304347826,0.5,0.5454545454545454
931,10,0.15,7,0.1,0.3,log2,0.6520182938954067,0.6200607902735562,0.699657030867222,0.5567251461988304,0.6321243523316062,0.26804123711340205,0.21311475409836064,0.3611111111111111,0.5818965517241379,0.2595419847328244,0.3148148148148148,0.22077922077922077
932,10,0.15,7,0.1,0.4,sqrt,0.6798568303837741,0.6711601307189542,0.7048477048477049,0.6405458089668616,0.6476683937823834,0.32,0.25,0.4444444444444444,0.6681034482758621,0.5333333333333333,0.5,0.5714285714285714
933,10,0.15,7,0.1,0.4,log2,0.6746868164645059,0.648323301805675,0.7225682798275036,0.5879142300194932,0.689119170984456,0.3333333333333333,0.2777777777777778,0.4166666666666667,0.6724137931034483,0.5128205128205128,0.5063291139240507,0.5194805194805194
934,10,0.15,7,0.1,0.5,sqrt,0.7140584609266256,0.7258863896301945,0.7101827676240209,0.7423001949317739,0.6217616580310881,0.2912621359223301,0.22388059701492538,0.4166666666666667,0.7112068965517241,0.6666666666666666,0.5403225806451613,0.8701298701298701
935,10,0.15,7,0.1,0.5,log2,0.6416782660568702,0.6533282031550597,0.6448917584504368,0.6619883040935672,0.5751295336787565,0.24074074074074073,0.18055555555555555,0.3611111111111111,0.5948275862068966,0.47191011235955055,0.4158415841584158,0.5454545454545454
936,10,0.15,7,0.1,0.6,sqrt,0.7409027639689799,0.7318378267133155,0.7750653879686138,0.69317738791423,0.6580310880829016,0.2978723404255319,0.2413793103448276,0.3888888888888889,0.7025862068965517,0.5660377358490566,0.5487804878048781,0.5844155844155844
937,10,0.15,7,0.1,0.6,log2,0.7222111751839332,0.6957089958614681,0.7882527147087858,0.6226120857699805,0.6994818652849741,0.23684210526315788,0.225,0.25,0.7801724137931034,0.7085714285714285,0.6326530612244898,0.8051948051948052
938,10,0.15,7,0.1,0.7,sqrt,0.7144561543050308,0.6910499139414802,0.771003360537686,0.6261208576998051,0.7253886010362695,0.3291139240506329,0.3023255813953488,0.3611111111111111,0.7413793103448276,0.6739130434782609,0.5794392523364486,0.8051948051948052
939,10,0.15,7,0.1,0.7,log2,0.7269834957247961,0.7063101604278075,0.7824644549763033,0.6436647173489278,0.7202072538860104,0.35714285714285715,0.3125,0.4166666666666667,0.6853448275862069,0.5228758169934641,0.5263157894736842,0.5194805194805194
940,10,0.15,8,0.05,0.3,sqrt,0.717041161264665,0.7234207968901847,0.7213178294573643,0.7255360623781676,0.6580310880829016,0.3125,0.25,0.4166666666666667,0.6336206896551724,0.5142857142857142,0.45918367346938777,0.5844155844155844
941,10,0.15,8,0.05,0.3,log2,0.6723006561940744,0.6722354813046937,0.6861550954120991,0.6588693957115009,0.6217616580310881,0.24742268041237114,0.19672131147540983,0.3333333333333333,0.6336206896551724,0.5029239766081871,0.4574468085106383,0.5584415584415584
942,10,0.15,8,0.05,0.4,sqrt,0.7432889242394114,0.7238502673796792,0.8018957345971564,0.6596491228070176,0.7098445595854922,0.3,0.2727272727272727,0.3333333333333333,0.7241379310344828,0.5616438356164384,0.5942028985507246,0.5324675324675324
943,10,0.15,8,0.05,0.4,log2,0.7470670113342612,0.7473182359952324,0.7618469015795869,0.7333333333333333,0.6580310880829016,0.2978723404255319,0.2413793103448276,0.3888888888888889,0.7543103448275862,0.6885245901639344,0.5943396226415094,0.8181818181818182
944,10,0.15,8,0.05,0.5,sqrt,0.7663551401869159,0.7521619911411095,0.8193933823529411,0.6951267056530215,0.7409326424870466,0.40476190476190477,0.3541666666666667,0.4722222222222222,0.6853448275862069,0.5521472392638037,0.5232558139534884,0.5844155844155844
945,10,0.15,8,0.05,0.5,log2,0.7331477430900776,0.7072425828970331,0.8028727092620109,0.6319688109161793,0.7098445595854922,0.3170731707317073,0.2826086956521739,0.3611111111111111,0.6853448275862069,0.5228758169934641,0.5263157894736842,0.5194805194805194
946,10,0.15,8,0.05,0.6,sqrt,0.7709286140385763,0.7441137272323411,0.8647392875580795,0.6530214424951267,0.7305699481865285,0.2777777777777778,0.2777777777777778,0.2777777777777778,0.7112068965517241,0.5562913907284768,0.5675675675675675,0.5454545454545454
947,10,0.15,8,0.05,0.6,log2,0.7605885862000398,0.7437207322264794,0.8190342240975153,0.6810916179337232,0.6994818652849741,0.2926829268292683,0.2608695652173913,0.3333333333333333,0.6896551724137931,0.5384615384615384,0.5316455696202531,0.5454545454545454
948,10,0.15,8,0.05,0.7,sqrt,0.7675482203221317,0.7554904831625183,0.8149819494584838,0.704093567251462,0.7305699481865285,0.3953488372093023,0.34,0.4722222222222222,0.6896551724137931,0.5384615384615384,0.5316455696202531,0.5454545454545454
949,10,0.15,8,0.05,0.7,log2,0.7830582620799363,0.7660304524983916,0.8512869399428027,0.6962962962962963,0.7357512953367875,0.4,0.3469387755102041,0.4722222222222222,0.646551724137931,0.32786885245901637,0.4444444444444444,0.2597402597402597
950,10,0.15,8,0.1,0.3,sqrt,0.666136408828793,0.6243007384202283,0.7326680672268907,0.543859649122807,0.6683937823834197,0.2727272727272727,0.23076923076923078,0.3333333333333333,0.5818965517241379,0.24806201550387597,0.3076923076923077,0.2077922077922078
951,10,0.15,8,0.1,0.3,log2,0.6404851859216544,0.6282894736842105,0.6646367986080904,0.5957115009746589,0.6113989637305699,0.3119266055045872,0.2328767123287671,0.4722222222222222,0.5431034482758621,0.2535211267605634,0.27692307692307694,0.23376623376623376
952,10,0.15,8,0.1,0.4,sqrt,0.7287731159276198,0.731284475965327,0.7391477499004381,0.7235867446393762,0.6632124352331606,0.3564356435643564,0.27692307692307694,0.5,0.6551724137931034,0.5238095238095238,0.4835164835164835,0.5714285714285714
953,10,0.15,8,0.1,0.4,log2,0.6617617816663353,0.6439187774754029,0.6952983725135624,0.5996101364522417,0.6269430051813472,0.29411764705882354,0.22727272727272727,0.4166666666666667,0.5646551724137931,0.26277372262773724,0.3,0.23376623376623376
954,10,0.15,8,0.1,0.5,sqrt,0.6832372241002187,0.6973209196275888,0.6801334321719792,0.7153996101364523,0.6113989637305699,0.2857142857142857,0.21739130434782608,0.4166666666666667,0.6077586206896551,0.4972375690607735,0.4326923076923077,0.5844155844155844
955,10,0.15,8,0.1,0.5,log2,0.6717041161264665,0.6884317795810531,0.6671543525969276,0.7111111111111111,0.5906735751295337,0.24761904761904763,0.18840579710144928,0.3611111111111111,0.6077586206896551,0.4858757062146893,0.43,0.5584415584415584
956,10,0.15,8,0.1,0.6,sqrt,0.723404255319149,0.6971478336599173,0.789447731755424,0.6241715399610136,0.7150259067357513,0.32098765432098764,0.28888888888888886,0.3611111111111111,0.6853448275862069,0.535031847133758,0.525,0.5454545454545454
957,10,0.15,8,0.1,0.6,log2,0.7148538476834361,0.6896103896103896,0.7751824817518248,0.6210526315789474,0.6735751295336787,0.29213483146067415,0.24528301886792453,0.3611111111111111,0.6637931034482759,0.5063291139240507,0.49382716049382713,0.5194805194805194
958,10,0.15,8,0.1,0.7,sqrt,0.7174388546430702,0.6865210677255681,0.790650406504065,0.6066276803118908,0.7150259067357513,0.26666666666666666,0.2564102564102564,0.2777777777777778,0.6120689655172413,0.27419354838709675,0.3617021276595745,0.22077922077922077
959,10,0.15,8,0.1,0.7,log2,0.7502485583615033,0.7302405498281787,0.8130081300813008,0.6627680311890838,0.7098445595854922,0.3170731707317073,0.2826086956521739,0.3611111111111111,0.6120689655172413,0.2857142857142857,0.3673469387755102,0.23376623376623376
960,10,0.15,9,0.05,0.3,sqrt,0.7389142970769537,0.7176951193291765,0.8000958772770853,0.650682261208577,0.694300518134715,0.3058823529411765,0.2653061224489796,0.3611111111111111,0.7112068965517241,0.5503355704697986,0.5694444444444444,0.5324675324675324
961,10,0.15,9,0.05,0.3,log2,0.7156492344402465,0.6819395017793595,0.7938891765924392,0.5976608187134503,0.694300518134715,0.23376623376623376,0.21951219512195122,0.25,0.7629310344827587,0.6994535519125683,0.6037735849056604,0.8311688311688312
962,10,0.15,9,0.05,0.4,sqrt,0.7436866176178166,0.7305038678653565,0.7876465284039675,0.6810916179337232,0.6735751295336787,0.3225806451612903,0.2631578947368421,0.4166666666666667,0.5948275862068966,0.2878787878787879,0.34545454545454546,0.24675324675324675
963,10,0.15,9,0.05,0.4,log2,0.7039172797772917,0.6851342778600127,0.7486136783733827,0.631578947368421,0.6839378238341969,0.2823529411764706,0.24489795918367346,0.3333333333333333,0.6508620689655172,0.5030674846625767,0.47674418604651164,0.5324675324675324
964,10,0.15,9,0.05,0.5,sqrt,0.7458739311990455,0.7261037291041578,0.806282722513089,0.6604288499025341,0.7046632124352331,0.2962962962962963,0.26666666666666666,0.3333333333333333,0.6120689655172413,0.2857142857142857,0.3673469387755102,0.23376623376623376
965,10,0.15,9,0.05,0.5,log2,0.7643666732948896,0.740529888329319,0.8446553446553446,0.6592592592592592,0.7046632124352331,0.2597402597402597,0.24390243902439024,0.2777777777777778,0.6724137931034483,0.5308641975308642,0.5058823529411764,0.5584415584415584
966,10,0.15,9,0.05,0.6,sqrt,0.7595943527540266,0.751898214652165,0.7937608318890814,0.7142300194931774,0.6787564766839378,0.29545454545454547,0.25,0.3611111111111111,0.6594827586206896,0.5153374233128835,0.4883720930232558,0.5454545454545454
967,10,0.15,9,0.05,0.6,log2,0.7631735931596739,0.741704619388419,0.8357771260997068,0.6666666666666666,0.7253886010362695,0.29333333333333333,0.28205128205128205,0.3055555555555556,0.7155172413793104,0.5540540540540541,0.5774647887323944,0.5324675324675324
968,10,0.15,9,0.05,0.7,sqrt,0.7842513422151521,0.7727748691099476,0.834841628959276,0.7192982456140351,0.6839378238341969,0.26506024096385544,0.23404255319148937,0.3055555555555556,0.6853448275862069,0.535031847133758,0.525,0.5454545454545454
969,10,0.15,9,0.05,0.7,log2,0.8293895406641479,0.8302334784329244,0.8429087987143431,0.8179337231968811,0.7098445595854922,0.3488372093023256,0.3,0.4166666666666667,0.7112068965517241,0.567741935483871,0.5641025641025641,0.5714285714285714
970,10,0.15,9,0.1,0.3,sqrt,0.6806522171405847,0.6613243357233235,0.7202572347266881,0.6113060428849902,0.6528497409326425,0.29473684210526313,0.23728813559322035,0.3888888888888889,0.5732758620689655,0.2556390977443609,0.30357142857142855,0.22077922077922077
971,10,0.15,9,0.1,0.3,log2,0.6649433286935773,0.6259711431742508,0.7268041237113402,0.5497076023391813,0.6787564766839378,0.29545454545454547,0.25,0.3611111111111111,0.5862068965517241,0.25,0.3137254901960784,0.2077922077922078
972,10,0.15,9,0.1,0.4,sqrt,0.664545635315172,0.6449168596085034,0.7008234217749314,0.597270955165692,0.6528497409326425,0.29473684210526313,0.23728813559322035,0.3888888888888889,0.5862068965517241,0.26153846153846155,0.32075471698113206,0.22077922077922077
973,10,0.15,9,0.1,0.4,log2,0.7283754225492145,0.7325763508222396,0.7357451828548958,0.7294346978557504,0.6528497409326425,0.26373626373626374,0.21818181818181817,0.3333333333333333,0.6422413793103449,0.5202312138728323,0.46875,0.5844155844155844
974,10,0.15,9,0.1,0.5,sqrt,0.7496520182938954,0.741849497641993,0.782439446366782,0.7052631578947368,0.6580310880829016,0.35294117647058826,0.2727272727272727,0.5,0.7758620689655172,0.717391304347826,0.616822429906542,0.8571428571428571
975,10,0.15,9,0.1,0.5,log2,0.7126665341022071,0.7094309270058314,0.7325581395348837,0.6877192982456141,0.6683937823834197,0.37254901960784315,0.2878787878787879,0.5277777777777778,0.6767241379310345,0.6153846153846154,0.5084745762711864,0.7792207792207793
976,10,0.15,9,0.1,0.6,sqrt,0.7251938755219726,0.6979895104895105,0.7941322725012432,0.6226120857699805,0.7409326424870466,0.375,0.3409090909090909,0.4166666666666667,0.7241379310344828,0.5616438356164384,0.5942028985507246,0.5324675324675324
977,10,0.15,9,0.1,0.6,log2,0.7371246768741301,0.7306438467807661,0.7652582159624414,0.6990253411306043,0.6839378238341969,0.3711340206185567,0.29508196721311475,0.5,0.6379310344827587,0.5116279069767442,0.4631578947368421,0.5714285714285714
978,10,0.15,9,0.1,0.7,sqrt,0.717041161264665,0.6931205520810869,0.7755791505791506,0.6265107212475634,0.7046632124352331,0.27848101265822783,0.2558139534883721,0.3055555555555556,0.6896551724137931,0.5324675324675324,0.5324675324675324,0.5324675324675324
979,10,0.15,9,0.1,0.7,log2,0.7243984887651621,0.6985645933014354,0.7899655681259223,0.6261208576998051,0.7046632124352331,0.27848101265822783,0.2558139534883721,0.3055555555555556,0.7025862068965517,0.5369127516778524,0.5555555555555556,0.5194805194805194
980,10,0.2,3,0.05,0.3,sqrt,0.7287731159276198,0.6996917657419639,0.8037430450177036,0.6194931773879142,0.7150259067357513,0.367816091954023,0.3137254901960784,0.4444444444444444,0.7112068965517241,0.5503355704697986,0.5694444444444444,0.5324675324675324
981,10,0.2,3,0.05,0.3,log2,0.6603698548419169,0.5964083175803403,0.7570485902819436,0.49200779727095517,0.689119170984456,0.25,0.22727272727272727,0.2777777777777778,0.6982758620689655,0.5205479452054794,0.5507246376811594,0.4935064935064935
982,10,0.2,3,0.05,0.4,sqrt,0.7228077152515411,0.6962962962962963,0.7891358024691358,0.6230019493177388,0.7357512953367875,0.33766233766233766,0.3170731707317073,0.3611111111111111,0.6896551724137931,0.5324675324675324,0.5324675324675324,0.5324675324675324
983,10,0.2,3,0.05,0.4,log2,0.7134619208590177,0.69592741084617,0.7585096596136155,0.6428849902534113,0.6787564766839378,0.3111111111111111,0.25925925925925924,0.3888888888888889,0.6767241379310345,0.5222929936305732,0.5125,0.5324675324675324
984,10,0.2,3,0.05,0.5,sqrt,0.7118711473453967,0.7216138328530259,0.7113636363636363,0.7321637426900585,0.6373056994818653,0.3,0.234375,0.4166666666666667,0.6379310344827587,0.5116279069767442,0.4631578947368421,0.5714285714285714
985,10,0.2,3,0.05,0.5,log2,0.7202227082919069,0.6944625407166124,0.7838235294117647,0.623391812865497,0.689119170984456,0.2682926829268293,0.2391304347826087,0.3055555555555556,0.5862068965517241,0.2835820895522388,0.3333333333333333,0.24675324675324675
986,10,0.2,3,0.05,0.6,sqrt,0.7347385166036986,0.7330932372949179,0.7529798602548294,0.7142300194931774,0.6735751295336787,0.29213483146067415,0.24528301886792453,0.3611111111111111,0.6637931034482759,0.5125,0.4939759036144578,0.5324675324675324
987,10,0.2,3,0.05,0.6,log2,0.7241996420759594,0.6959000219250164,0.7950901803607214,0.6187134502923977,0.694300518134715,0.21333333333333335,0.20512820512820512,0.2222222222222222,0.7801724137931034,0.7150837988826816,0.6274509803921569,0.8311688311688312
988,10,0.2,3,0.05,0.7,sqrt,0.7395108371445616,0.7100486941124391,0.821300563236047,0.6253411306042885,0.7357512953367875,0.3855421686746988,0.3404255319148936,0.4444444444444444,0.6982758620689655,0.5394736842105263,0.5466666666666666,0.5324675324675324
989,10,0.2,3,0.05,0.7,log2,0.7325512030224697,0.7010446765947989,0.8154084798345398,0.6148148148148148,0.7202072538860104,0.3076923076923077,0.2857142857142857,0.3333333333333333,0.7025862068965517,0.543046357615894,0.5540540540540541,0.5324675324675324
990,10,0.2,3,0.1,0.3,sqrt,0.6665341022071982,0.6531540847983454,0.6955947136563877,0.6155945419103314,0.6476683937823834,0.2608695652173913,0.21428571428571427,0.3333333333333333,0.6637931034482759,0.5185185185185185,0.49411764705882355,0.5454545454545454
991,10,0.2,3,0.1,0.3,log2,0.6460528932193279,0.6343467543138867,0.6704298740772905,0.6019493177387915,0.5647668393782384,0.2222222222222222,0.16666666666666666,0.3333333333333333,0.5344827586206896,0.25,0.26865671641791045,0.23376623376623376
992,10,0.2,3,0.1,0.4,sqrt,0.6595744680851063,0.6484599589322382,0.6850325379609544,0.6155945419103314,0.6321243523316062,0.25263157894736843,0.2033898305084746,0.3333333333333333,0.6508620689655172,0.509090909090909,0.4772727272727273,0.5454545454545454
993,10,0.2,3,0.1,0.4,log2,0.6744879697753032,0.6673440357650884,0.6969439728353141,0.6401559454191034,0.6321243523316062,0.26804123711340205,0.21311475409836064,0.3611111111111111,0.5517241379310345,0.2777777777777778,0.29850746268656714,0.2597402597402597
994,10,0.2,3,0.1,0.5,sqrt,0.7249950288327699,0.7332690453230473,0.7255725190839695,0.741130604288499,0.6476683937823834,0.30612244897959184,0.24193548387096775,0.4166666666666667,0.7327586206896551,0.6804123711340206,0.5641025641025641,0.8571428571428571
995,10,0.2,3,0.1,0.5,log2,0.6557963809902565,0.6161011310711909,0.7145061728395061,0.5415204678362573,0.6528497409326425,0.21176470588235294,0.1836734693877551,0.25,0.6594827586206896,0.4968152866242038,0.4875,0.5064935064935064
996,10,0.2,3,0.1,0.6,sqrt,0.7156492344402465,0.6907439446366782,0.7756192326372026,0.6226120857699805,0.6994818652849741,0.30952380952380953,0.2708333333333333,0.3611111111111111,0.6853448275862069,0.5290322580645161,0.5256410256410257,0.5324675324675324
997,10,0.2,3,0.1,0.6,log2,0.7599920461324319,0.7469071084084714,0.808076225045372,0.6943469785575048,0.6839378238341969,0.2823529411764706,0.24489795918367346,0.3333333333333333,0.7844827586206896,0.7159090909090909,0.6363636363636364,0.8181818181818182
998,10,0.2,3,0.1,0.7,sqrt,0.7261881089679857,0.7018835245724183,0.7891918208373905,0.6319688109161793,0.689119170984456,0.25,0.22727272727272727,0.2777777777777778,0.6810344827586207,0.5256410256410257,0.5189873417721519,0.5324675324675324
999,10,0.2,3,0.1,0.7,log2,0.7291708093060251,0.7147046501885211,0.7722951561792666,0.6651072124756335,0.6683937823834197,0.3191489361702128,0.25862068965517243,0.4166666666666667,0.6551724137931034,0.5180722891566265,0.48314606741573035,0.5584415584415584
1000,10,0.2,4,0.05,0.3,sqrt,0.6800556770729768,0.6648614871901687,0.7137745974955277,0.6222222222222222,0.6321243523316062,0.20224719101123595,0.16981132075471697,0.25,0.7543103448275862,0.6951871657754011,0.5909090909090909,0.8441558441558441
1001,10,0.2,4,0.05,0.3,log2,0.7174388546430702,0.6957824876900022,0.7716049382716049,0.6335282651072125,0.7046632124352331,0.3132530120481928,0.2765957446808511,0.3611111111111111,0.6810344827586207,0.5194805194805194,0.5194805194805194,0.5194805194805194
1002,10,0.2,4,0.05,0.4,sqrt,0.6792602903161662,0.6512432432432432,0.7310679611650486,0.5871345029239766,0.6424870466321243,0.2247191011235955,0.18867924528301888,0.2777777777777778,0.6810344827586207,0.5131578947368421,0.52,0.5064935064935064
1003,10,0.2,4,0.05,0.4,log2,0.7047126665341023,0.6599496221662469,0.7996670366259712,0.5617933723196881,0.7150259067357513,0.3037974683544304,0.27906976744186046,0.3333333333333333,0.6206896551724138,0.2786885245901639,0.37777777777777777,0.22077922077922077
1004,10,0.2,4,0.05,0.5,sqrt,0.7247961821435673,0.7396538750940557,0.7146492184660124,0.7664717348927875,0.6424870466321243,0.34285714285714286,0.2608695652173913,0.5,0.6077586206896551,0.4972375690607735,0.4326923076923077,0.5844155844155844
1005,10,0.2,4,0.05,0.5,log2,0.7607874328892424,0.7489041953663118,0.8059299191374663,0.6994152046783626,0.6994818652849741,0.32558139534883723,0.28,0.3888888888888889,0.6896551724137931,0.5443037974683544,0.5308641975308642,0.5584415584415584
1006,10,0.2,4,0.05,0.6,sqrt,0.7255915689003778,0.7117794486215538,0.766531713900135,0.664327485380117,0.6735751295336787,0.3076923076923077,0.2545454545454545,0.3888888888888889,0.5603448275862069,0.2608695652173913,0.29508196721311475,0.23376623376623376
1007,10,0.2,4,0.05,0.6,log2,0.7693378405249552,0.7607260726072608,0.8077091546211126,0.7189083820662768,0.6683937823834197,0.36,0.28125,0.5,0.5732758620689655,0.28776978417266186,0.3225806451612903,0.2597402597402597
1008,10,0.2,4,0.05,0.7,sqrt,0.7558162656591768,0.7336225596529284,0.8268948655256724,0.6592592592592592,0.7202072538860104,0.325,0.29545454545454547,0.3611111111111111,0.6853448275862069,0.535031847133758,0.525,0.5454545454545454
1009,10,0.2,4,0.05,0.7,log2,0.7385166036985484,0.7190771202734458,0.7953686200378072,0.656140350877193,0.6735751295336787,0.16,0.15384615384615385,0.16666666666666666,0.6853448275862069,0.5290322580645161,0.5256410256410257,0.5324675324675324
1010,10,0.2,4,0.1,0.3,sqrt,0.6655398687611851,0.6524793388429752,0.6940659340659341,0.6155945419103314,0.6476683937823834,0.2608695652173913,0.21428571428571427,0.3333333333333333,0.6681034482758621,0.5217391304347826,0.5,0.5454545454545454
1011,10,0.2,4,0.1,0.3,log2,0.6768741300457347,0.6637699151665633,0.7072310405643739,0.6253411306042885,0.6424870466321243,0.34285714285714286,0.2608695652173913,0.5,0.5517241379310345,0.2571428571428571,0.2857142857142857,0.23376623376623376
1012,10,0.2,4,0.1,0.4,sqrt,0.7222111751839332,0.7332442237922475,0.718562874251497,0.7485380116959064,0.6424870466321243,0.3300970873786408,0.2537313432835821,0.4722222222222222,0.6551724137931034,0.5294117647058824,0.4838709677419355,0.5844155844155844
1013,10,0.2,4,0.1,0.4,log2,0.6754822032213164,0.6721574929690639,0.693327807708247,0.6522417153996102,0.6321243523316062,0.3106796116504854,0.23880597014925373,0.4444444444444444,0.6637931034482759,0.524390243902439,0.4942528735632184,0.5584415584415584
1014,10,0.2,4,0.1,0.5,sqrt,0.694770332073971,0.7092252320515249,0.6897568165070007,0.7298245614035088,0.6217616580310881,0.2912621359223301,0.22388059701492538,0.4166666666666667,0.7112068965517241,0.6633165829145728,0.5409836065573771,0.8571428571428571
1015,10,0.2,4,0.1,0.5,log2,0.723404255319149,0.7324485477976534,0.7228549734244495,0.7423001949317739,0.6580310880829016,0.3125,0.25,0.4166666666666667,0.6422413793103449,0.5202312138728323,0.46875,0.5844155844155844
1016,10,0.2,4,0.1,0.6,sqrt,0.7293696559952276,0.728722344030297,0.7455138662316476,0.7126705653021442,0.6528497409326425,0.27956989247311825,0.22807017543859648,0.3611111111111111,0.6594827586206896,0.5153374233128835,0.4883720930232558,0.5454545454545454
1017,10,0.2,4,0.1,0.6,log2,0.7204215549811096,0.7296153846153847,0.7199240986717268,0.7395711500974659,0.6683937823834197,0.36,0.28125,0.5,0.6982758620689655,0.65,0.5284552845528455,0.8441558441558441
1018,10,0.2,4,0.1,0.7,sqrt,0.7277788824816067,0.6997148497477517,0.7998996990972919,0.621832358674464,0.6994818652849741,0.275,0.25,0.3055555555555556,0.7672413793103449,0.7,0.6116504854368932,0.8181818181818182
1019,10,0.2,4,0.1,0.7,log2,0.7438854643070193,0.7241970021413277,0.8033254156769596,0.6592592592592592,0.7305699481865285,0.3157894736842105,0.3,0.3333333333333333,0.6853448275862069,0.5408805031446541,0.524390243902439,0.5584415584415584
1020,10,0.2,5,0.05,0.3,sqrt,0.7238019486975542,0.6987638256343527,0.7873900293255132,0.6280701754385964,0.7098445595854922,0.3170731707317073,0.2826086956521739,0.3611111111111111,0.6853448275862069,0.5290322580645161,0.5256410256410257,0.5324675324675324
1021,10,0.2,5,0.05,0.3,log2,0.7013322728176575,0.6778206778206778,0.7534573199809251,0.6159844054580896,0.6735751295336787,0.24096385542168675,0.2127659574468085,0.2777777777777778,0.6724137931034483,0.5128205128205128,0.5063291139240507,0.5194805194805194
1022,10,0.2,5,0.05,0.4,sqrt,0.7301650427520382,0.6987791342952275,0.811340206185567,0.61364522417154,0.7305699481865285,0.35,0.3181818181818182,0.3888888888888889,0.6853448275862069,0.5228758169934641,0.5263157894736842,0.5194805194805194
1023,10,0.2,5,0.05,0.4,log2,0.7506462517399085,0.7281006071118821,0.8202247191011236,0.6545808966861598,0.7253886010362695,0.345679012345679,0.3111111111111111,0.3888888888888889,0.7025862068965517,0.543046357615894,0.5540540540540541,0.5324675324675324
1024,10,0.2,5,0.05,0.5,sqrt,0.7331477430900776,0.7311698717948718,0.7519571487433044,0.7115009746588694,0.6528497409326425,0.29473684210526313,0.23728813559322035,0.3888888888888889,0.6637931034482759,0.5125,0.4939759036144578,0.5324675324675324
1025,10,0.2,5,0.05,0.5,log2,0.7430900775502088,0.7239316239316239,0.8009456264775414,0.6604288499025341,0.689119170984456,0.3333333333333333,0.2777777777777778,0.4166666666666667,0.7025862068965517,0.5490196078431373,0.5526315789473685,0.5454545454545454
1026,10,0.2,5,0.05,0.6,sqrt,0.7420958441041957,0.721374865735768,0.8033492822966507,0.6545808966861598,0.7098445595854922,0.3488372093023256,0.3,0.4166666666666667,0.6853448275862069,0.5290322580645161,0.5256410256410257,0.5324675324675324
1027,10,0.2,5,0.05,0.6,log2,0.7428912308610062,0.7122190073447585,0.8298755186721992,0.6237816764132553,0.7305699481865285,0.2972972972972973,0.2894736842105263,0.3055555555555556,0.7025862068965517,0.543046357615894,0.5540540540540541,0.5324675324675324
1028,10,0.2,5,0.05,0.7,sqrt,0.7456750845098429,0.725123576187406,0.8079501915708812,0.6576998050682261,0.6994818652849741,0.2926829268292683,0.2608695652173913,0.3333333333333333,0.6767241379310345,0.5222929936305732,0.5125,0.5324675324675324
1029,10,0.2,5,0.05,0.7,log2,0.727580035792404,0.6973044631020769,0.8046914839367669,0.6152046783625731,0.6994818652849741,0.21621621621621623,0.21052631578947367,0.2222222222222222,0.771551724137931,0.7005649717514124,0.62,0.8051948051948052
1030,10,0.2,5,0.1,0.3,sqrt,0.6802545237621793,0.6572890025575447,0.7249647390691114,0.6011695906432749,0.6580310880829016,0.3125,0.25,0.4166666666666667,0.6810344827586207,0.5256410256410257,0.5189873417721519,0.5324675324675324
1031,10,0.2,5,0.1,0.3,log2,0.7035195863988865,0.7129932627526467,0.7041825095057034,0.7220272904483431,0.6113989637305699,0.2857142857142857,0.21739130434782608,0.4166666666666667,0.6379310344827587,0.5172413793103449,0.4639175257731959,0.5844155844155844
1032,10,0.2,5,0.1,0.4,sqrt,0.6848279976138397,0.6546088472434082,0.7420948616600791,0.5855750487329434,0.6528497409326425,0.29473684210526313,0.23728813559322035,0.3888888888888889,0.6724137931034483,0.5128205128205128,0.5063291139240507,0.5194805194805194
1033,10,0.2,5,0.1,0.4,log2,0.6937760986279579,0.6951702296120348,0.7060715721753116,0.6846003898635478,0.6217616580310881,0.34234234234234234,0.25333333333333335,0.5277777777777778,0.5258620689655172,0.26666666666666666,0.273972602739726,0.2597402597402597
1034,10,0.2,5,0.1,0.5,sqrt,0.6866176178166633,0.6638225255972696,0.7329251059821008,0.6066276803118908,0.6321243523316062,0.21978021978021978,0.18181818181818182,0.2777777777777778,0.7586206896551724,0.6888888888888889,0.6019417475728155,0.8051948051948052
1035,10,0.2,5,0.1,0.5,log2,0.7228077152515411,0.7168968318440292,0.748198389147944,0.6881091617933723,0.6528497409326425,0.26373626373626374,0.21818181818181817,0.3333333333333333,0.6767241379310345,0.5222929936305732,0.5125,0.5324675324675324
1036,10,0.2,5,0.1,0.6,sqrt,0.7373235235633326,0.7054626532887402,0.8239583333333333,0.6167641325536063,0.7305699481865285,0.2777777777777778,0.2777777777777778,0.2777777777777778,0.7025862068965517,0.5548387096774193,0.5512820512820513,0.5584415584415584
1037,10,0.2,5,0.1,0.6,log2,0.7023265062636707,0.6854381172515235,0.7433910665451231,0.6358674463937621,0.6683937823834197,0.2727272727272727,0.23076923076923078,0.3333333333333333,0.6853448275862069,0.535031847133758,0.525,0.5454545454545454
1038,10,0.2,5,0.1,0.7,sqrt,0.6917876317359316,0.6750524109014675,0.7301587301587301,0.6276803118908382,0.6424870466321243,0.2736842105263158,0.22033898305084745,0.3611111111111111,0.6336206896551724,0.4785276073619632,0.45348837209302323,0.5064935064935064
1039,10,0.2,5,0.1,0.7,log2,0.732352356333267,0.7030008826125331,0.809862735129639,0.6210526315789474,0.7253886010362695,0.345679012345679,0.3111111111111111,0.3888888888888889,0.6896551724137931,0.5324675324675324,0.5324675324675324,0.5324675324675324
1040,10,0.2,6,0.05,0.3,sqrt,0.6878106979518791,0.6806346623270952,0.711612079965972,0.6522417153996102,0.6321243523316062,0.23655913978494625,0.19298245614035087,0.3055555555555556,0.6551724137931034,0.5180722891566265,0.48314606741573035,0.5584415584415584
1041,10,0.2,6,0.05,0.3,log2,0.6864187711274607,0.673160621761658,0.7185840707964601,0.6331384015594542,0.6683937823834197,0.2558139534883721,0.22,0.3055555555555556,0.5818965517241379,0.291970802919708,0.3333333333333333,0.2597402597402597
1042,10,0.2,6,0.05,0.4,sqrt,0.7281765758600119,0.708839190628328,0.7812206572769953,0.6487329434697856,0.694300518134715,0.3058823529411765,0.2653061224489796,0.3611111111111111,0.6810344827586207,0.5316455696202531,0.5185185185185185,0.5454545454545454
1043,10,0.2,6,0.05,0.4,log2,0.7411016106581826,0.7068887888338586,0.8364411294619073,0.6120857699805068,0.7253886010362695,0.29333333333333333,0.28205128205128205,0.3055555555555556,0.7068965517241379,0.5405405405405406,0.5633802816901409,0.5194805194805194
1044,10,0.2,6,0.05,0.5,sqrt,0.7220123284947305,0.7284382284382285,0.7259001161440186,0.7309941520467836,0.6632124352331606,0.3157894736842105,0.2542372881355932,0.4166666666666667,0.6379310344827587,0.5116279069767442,0.4631578947368421,0.5714285714285714
1045,10,0.2,6,0.05,0.5,log2,0.7055080532909127,0.6850946204550287,0.7535079513564079,0.6280701754385964,0.6839378238341969,0.3146067415730337,0.2641509433962264,0.3888888888888889,0.6853448275862069,0.5290322580645161,0.5256410256410257,0.5324675324675324
1046,10,0.2,6,0.05,0.6,sqrt,0.7257904155895805,0.7032494082203572,0.7848222862632085,0.6370370370370371,0.7202072538860104,0.34146341463414637,0.30434782608695654,0.3888888888888889,0.5948275862068966,0.27692307692307694,0.33962264150943394,0.23376623376623376
1047,10,0.2,6,0.05,0.6,log2,0.7327500497116723,0.7076989995650282,0.8002951303492376,0.634307992202729,0.7098445595854922,0.3,0.2727272727272727,0.3333333333333333,0.5905172413793104,0.26356589147286824,0.3269230769230769,0.22077922077922077
1048,10,0.2,6,0.05,0.7,sqrt,0.7508450984291112,0.729548888409238,0.8172147001934236,0.6588693957115009,0.7202072538860104,0.325,0.29545454545454547,0.3611111111111111,0.6810344827586207,0.5256410256410257,0.5189873417721519,0.5324675324675324
1049,10,0.2,6,0.05,0.7,log2,0.7699343805925631,0.755028583527419,0.8262279888785913,0.6951267056530215,0.7253886010362695,0.3614457831325301,0.3191489361702128,0.4166666666666667,0.7241379310344828,0.5789473684210527,0.5866666666666667,0.5714285714285714
1050,10,0.2,6,0.1,0.3,sqrt,0.6623583217339432,0.6261558784676354,0.7192716236722306,0.5543859649122806,0.6424870466321243,0.30303030303030304,0.23809523809523808,0.4166666666666667,0.6724137931034483,0.5128205128205128,0.5063291139240507,0.5194805194805194
1051,10,0.2,6,0.1,0.3,log2,0.6414794193676675,0.6304570608731297,0.6646499567847882,0.5996101364522417,0.5544041450777202,0.23214285714285715,0.17105263157894737,0.3611111111111111,0.5344827586206896,0.23943661971830985,0.26153846153846155,0.22077922077922077
1052,10,0.2,6,0.1,0.4,sqrt,0.7164446211970571,0.7011735121542331,0.7580425917535115,0.6522417153996102,0.6994818652849741,0.35555555555555557,0.2962962962962963,0.4444444444444444,0.6982758620689655,0.5454545454545454,0.5454545454545454,0.5454545454545454
1053,10,0.2,6,0.1,0.4,log2,0.6975541857228077,0.7001774098166765,0.7081339712918661,0.6923976608187135,0.6321243523316062,0.297029702970297,0.23076923076923078,0.4166666666666667,0.646551724137931,0.5176470588235295,0.4731182795698925,0.5714285714285714
1054,10,0.2,6,0.1,0.5,sqrt,0.7255915689003778,0.6978984238178634,0.7958062905641538,0.6214424951267057,0.6839378238341969,0.24691358024691357,0.2222222222222222,0.2777777777777778,0.771551724137931,0.7005649717514124,0.62,0.8051948051948052
1055,10,0.2,6,0.1,0.5,log2,0.7289719626168224,0.7327974906881004,0.73698738170347,0.7286549707602339,0.6476683937823834,0.30612244897959184,0.24193548387096775,0.4166666666666667,0.6681034482758621,0.5333333333333333,0.5,0.5714285714285714
1056,10,0.2,6,0.1,0.6,sqrt,0.6738914297076953,0.6221198156682027,0.7605633802816901,0.5263157894736842,0.6839378238341969,0.22784810126582278,0.20930232558139536,0.25,0.6853448275862069,0.5165562913907285,0.527027027027027,0.5064935064935064
1057,10,0.2,6,0.1,0.6,log2,0.7166434678862597,0.6892039258451472,0.7821782178217822,0.6159844054580896,0.7046632124352331,0.27848101265822783,0.2558139534883721,0.3055555555555556,0.6810344827586207,0.5194805194805194,0.5194805194805194,0.5194805194805194
1058,10,0.2,6,0.1,0.7,sqrt,0.7341419765360907,0.7072476461572148,0.8066933066933067,0.6296296296296297,0.6994818652849741,0.30952380952380953,0.2708333333333333,0.3611111111111111,0.6594827586206896,0.5212121212121212,0.48863636363636365,0.5584415584415584
1059,10,0.2,6,0.1,0.7,log2,0.7245973354543647,0.7009285251565537,0.7855759922555663,0.632748538011696,0.6839378238341969,0.2823529411764706,0.24489795918367346,0.3333333333333333,0.603448275862069,0.2923076923076923,0.3584905660377358,0.24675324675324675
1060,10,0.2,7,0.05,0.3,sqrt,0.6802545237621793,0.6501305483028721,0.7355982274741507,0.5824561403508772,0.6632124352331606,0.17721518987341772,0.16279069767441862,0.19444444444444445,0.7629310344827587,0.6961325966850829,0.6057692307692307,0.8181818181818182
1061,10,0.2,7,0.05,0.3,log2,0.7273811891032015,0.7026675341574495,0.7917888563049853,0.631578947368421,0.694300518134715,0.3058823529411765,0.2653061224489796,0.3611111111111111,0.5862068965517241,0.26153846153846155,0.32075471698113206,0.22077922077922077
1062,10,0.2,7,0.05,0.4,sqrt,0.7164446211970571,0.6893246187363834,0.7812345679012346,0.6167641325536063,0.7046632124352331,0.3132530120481928,0.2765957446808511,0.3611111111111111,0.6681034482758621,0.5095541401273885,0.5,0.5194805194805194
1063,10,0.2,7,0.05,0.4,log2,0.7325512030224697,0.7148611405554378,0.783457249070632,0.6573099415204678,0.6632124352331606,0.2857142857142857,0.23636363636363636,0.3611111111111111,0.6767241379310345,0.5283018867924528,0.5121951219512195,0.5454545454545454
1064,10,0.2,7,0.05,0.5,sqrt,0.7554185722807715,0.731675392670157,0.8306092124814265,0.6538011695906433,0.7305699481865285,0.36585365853658536,0.32608695652173914,0.4166666666666667,0.7931034482758621,0.7272727272727273,0.6464646464646465,0.8311688311688312
1065,10,0.2,7,0.05,0.5,log2,0.7037184330880891,0.6684468179795282,0.7786417833074132,0.5855750487329434,0.6994818652849741,0.30952380952380953,0.2708333333333333,0.3611111111111111,0.6810344827586207,0.5256410256410257,0.5189873417721519,0.5324675324675324
1066,10,0.2,7,0.05,0.6,sqrt,0.7414993040365878,0.724342663273961,0.794049279404928,0.6658869395711501,0.694300518134715,0.3218390804597701,0.27450980392156865,0.3888888888888889,0.6853448275862069,0.5290322580645161,0.5256410256410257,0.5324675324675324
1067,10,0.2,7,0.05,0.6,log2,0.756213959037582,0.7318460192475941,0.833582461385152,0.6522417153996102,0.6994818652849741,0.23684210526315788,0.225,0.25,0.7801724137931034,0.711864406779661,0.63,0.8181818181818182
1068,10,0.2,7,0.05,0.7,sqrt,0.7349373632929012,0.708888403581568,0.8058589870903674,0.632748538011696,0.7046632124352331,0.27848101265822783,0.2558139534883721,0.3055555555555556,0.7025862068965517,0.5548387096774193,0.5512820512820513,0.5584415584415584
1069,10,0.2,7,0.05,0.7,log2,0.7540266454563531,0.7363035600085269,0.8123236124176858,0.6732943469785575,0.7046632124352331,0.3132530120481928,0.2765957446808511,0.3611111111111111,0.6163793103448276,0.288,0.375,0.23376623376623376
1070,10,0.2,7,0.1,0.3,sqrt,0.6498309803141777,0.6333541536539663,0.6796246648793566,0.5929824561403508,0.6010362694300518,0.29357798165137616,0.2191780821917808,0.4444444444444444,0.5560344827586207,0.2589928057553957,0.2903225806451613,0.23376623376623376
1071,10,0.2,7,0.1,0.3,log2,0.6377013322728177,0.6170659941151745,0.6694026447788418,0.5723196881091618,0.5699481865284974,0.20952380952380953,0.15942028985507245,0.3055555555555556,0.5517241379310345,0.2463768115942029,0.2786885245901639,0.22077922077922077
1072,10,0.2,7,0.1,0.4,sqrt,0.6591767747067011,0.6481937602627258,0.6844386649328131,0.6155945419103314,0.6269430051813472,0.25,0.2,0.3333333333333333,0.6508620689655172,0.509090909090909,0.4772727272727273,0.5454545454545454
1073,10,0.2,7,0.1,0.4,log2,0.6778683634917478,0.6928327645051194,0.6744186046511628,0.712280701754386,0.5751295336787565,0.2807017543859649,0.20512820512820512,0.4444444444444444,0.5991379310344828,0.4861878453038674,0.4230769230769231,0.5714285714285714
1074,10,0.2,7,0.1,0.5,sqrt,0.7247961821435673,0.6968900569426194,0.7951024487756122,0.6202729044834308,0.694300518134715,0.25316455696202533,0.23255813953488372,0.2777777777777778,0.6810344827586207,0.5256410256410257,0.5189873417721519,0.5324675324675324
1075,10,0.2,7,0.1,0.5,log2,0.7178365480214755,0.6918566775244299,0.7808823529411765,0.6210526315789474,0.6787564766839378,0.27906976744186046,0.24,0.3333333333333333,0.6637931034482759,0.5125,0.4939759036144578,0.5324675324675324
1076,10,0.2,7,0.1,0.6,sqrt,0.7327500497116723,0.7333333333333333,0.7466666666666667,0.7204678362573099,0.6632124352331606,0.2857142857142857,0.23636363636363636,0.3611111111111111,0.646551724137931,0.5176470588235295,0.4731182795698925,0.5714285714285714
1077,10,0.2,7,0.1,0.6,log2,0.7377212169417379,0.7153032592272826,0.8012572533849129,0.6460038986354776,0.7253886010362695,0.3764705882352941,0.32653061224489793,0.4444444444444444,0.6896551724137931,0.5443037974683544,0.5308641975308642,0.5584415584415584
1078,10,0.2,7,0.1,0.7,sqrt,0.7220123284947305,0.6869682042095835,0.8069437138348238,0.5980506822612086,0.7098445595854922,0.28205128205128205,0.2619047619047619,0.3055555555555556,0.5948275862068966,0.265625,0.3333333333333333,0.22077922077922077
1079,10,0.2,7,0.1,0.7,log2,0.7047126665341023,0.6887444980088032,0.7447869446962828,0.6405458089668616,0.694300518134715,0.33707865168539325,0.2830188679245283,0.4166666666666667,0.6853448275862069,0.5228758169934641,0.5263157894736842,0.5194805194805194
1080,10,0.2,8,0.05,0.3,sqrt,0.7130642274806125,0.672566371681416,0.8045602605863192,0.5777777777777777,0.7461139896373057,0.30985915492957744,0.3142857142857143,0.3055555555555556,0.6939655172413793,0.5298013245033113,0.5405405405405406,0.5194805194805194
1081,10,0.2,8,0.05,0.3,log2,0.715450387751044,0.687076317515854,0.7823705179282868,0.6124756335282651,0.694300518134715,0.2716049382716049,0.24444444444444444,0.3055555555555556,0.7543103448275862,0.6850828729281768,0.5961538461538461,0.8051948051948052
1082,10,0.2,8,0.05,0.4,sqrt,0.6667329488964009,0.6541477507222452,0.6948706707584393,0.6179337231968811,0.6528497409326425,0.27956989247311825,0.22807017543859648,0.3611111111111111,0.6637931034482759,0.5185185185185185,0.49411764705882355,0.5454545454545454
1083,10,0.2,8,0.05,0.4,log2,0.7200238616027043,0.6945770065075922,0.7828850855745721,0.6241715399610136,0.7046632124352331,0.32941176470588235,0.2857142857142857,0.3888888888888889,0.6982758620689655,0.5333333333333333,0.547945205479452,0.5194805194805194
1084,10,0.2,8,0.05,0.5,sqrt,0.7279777291708093,0.7399239543726236,0.7220779220779221,0.7586744639376218,0.6476683937823834,0.32,0.25,0.4444444444444444,0.7370689655172413,0.6839378238341969,0.5689655172413793,0.8571428571428571
1085,10,0.2,8,0.05,0.5,log2,0.7468681646450587,0.7239210583387552,0.8157380254154448,0.650682261208577,0.7305699481865285,0.35,0.3181818181818182,0.3888888888888889,0.6939655172413793,0.5359477124183006,0.5394736842105263,0.5324675324675324
1086,10,0.2,8,0.05,0.6,sqrt,0.7202227082919069,0.7310265723571019,0.7171792948237059,0.7454191033138402,0.6424870466321243,0.30303030303030304,0.23809523809523808,0.4166666666666667,0.6336206896551724,0.5086705202312138,0.4583333333333333,0.5714285714285714
1087,10,0.2,8,0.05,0.6,log2,0.7411016106581826,0.7230965546575925,0.7955077211043519,0.6627680311890838,0.6787564766839378,0.3111111111111111,0.25925925925925924,0.3888888888888889,0.603448275862069,0.28125,0.35294117647058826,0.23376623376623376
1088,10,0.2,8,0.05,0.7,sqrt,0.7522370252535295,0.7364636209813875,0.8049006010171059,0.6787524366471734,0.694300518134715,0.23376623376623376,0.21951219512195122,0.25,0.6163793103448276,0.2764227642276423,0.3695652173913043,0.22077922077922077
1089,10,0.2,8,0.05,0.7,log2,0.7691389938357527,0.7576706324358171,0.8153638814016172,0.7076023391812866,0.7253886010362695,0.3764705882352941,0.32653061224489793,0.4444444444444444,0.7155172413793104,0.56,0.5753424657534246,0.5454545454545454
1090,10,0.2,8,0.1,0.3,sqrt,0.6599721614635117,0.6487263763352507,0.6856274424663482,0.6155945419103314,0.6269430051813472,0.25,0.2,0.3333333333333333,0.6508620689655172,0.509090909090909,0.4772727272727273,0.5454545454545454
1091,10,0.2,8,0.1,0.3,log2,0.6359117120699941,0.6242561050687462,0.6590121317157712,0.5929824561403508,0.5854922279792746,0.2857142857142857,0.21052631578947367,0.4444444444444444,0.5387931034482759,0.2517482517482518,0.2727272727272727,0.23376623376623376
1092,10,0.2,8,0.1,0.4,sqrt,0.666136408828793,0.6528840190200538,0.6949823943661971,0.6155945419103314,0.6476683937823834,0.2608695652173913,0.21428571428571427,0.3333333333333333,0.6637931034482759,0.5185185185185185,0.49411764705882355,0.5454545454545454
1093,10,0.2,8,0.1,0.4,log2,0.7241996420759594,0.7512107623318386,0.6956810631229235,0.816374269005848,0.616580310880829,0.3508771929824561,0.2564102564102564,0.5555555555555556,0.6594827586206896,0.6359447004608295,0.4928571428571429,0.8961038961038961
1094,10,0.2,8,0.1,0.5,sqrt,0.7182342413998807,0.7248009322198485,0.7221362229102167,0.7274853801169591,0.6373056994818653,0.2857142857142857,0.22580645161290322,0.3888888888888889,0.646551724137931,0.5176470588235295,0.4731182795698925,0.5714285714285714
1095,10,0.2,8,0.1,0.5,log2,0.6905945516007158,0.697158427403659,0.6960746210649048,0.6982456140350877,0.5803108808290155,0.31932773109243695,0.2289156626506024,0.5277777777777778,0.6810344827586207,0.6372549019607843,0.5118110236220472,0.8441558441558441
1096,10,0.2,8,0.1,0.6,sqrt,0.7325512030224697,0.7063959834097359,0.8025793650793651,0.6307992202729045,0.6735751295336787,0.25882352941176473,0.22448979591836735,0.3055555555555556,0.6724137931034483,0.5189873417721519,0.5061728395061729,0.5324675324675324
1097,10,0.2,8,0.1,0.6,log2,0.7216146351163253,0.6868008948545862,0.8057742782152231,0.5984405458089669,0.7253886010362695,0.273972602739726,0.2702702702702703,0.2777777777777778,0.7844827586206896,0.7126436781609196,0.6391752577319587,0.8051948051948052
1098,10,0.2,8,0.1,0.7,sqrt,0.7351362099821038,0.7153846153846154,0.7914893617021277,0.6526315789473685,0.6787564766839378,0.2619047619047619,0.22916666666666666,0.3055555555555556,0.5646551724137931,0.28368794326241137,0.3125,0.2597402597402597
1099,10,0.2,8,0.1,0.7,log2,0.7194273215350965,0.6907736138505369,0.7887887887887888,0.6144249512670565,0.7098445595854922,0.28205128205128205,0.2619047619047619,0.3055555555555556,0.6077586206896551,0.28346456692913385,0.36,0.23376623376623376
1100,10,0.2,9,0.05,0.3,sqrt,0.6979518791012129,0.6450105164758121,0.8051341890315052,0.5380116959064327,0.7150259067357513,0.1791044776119403,0.1935483870967742,0.16666666666666666,0.6982758620689655,0.5394736842105263,0.5466666666666666,0.5324675324675324
1101,10,0.2,9,0.05,0.3,log2,0.6979518791012129,0.6715675675675675,0.753883495145631,0.605458089668616,0.694300518134715,0.3516483516483517,0.2909090909090909,0.4444444444444444,0.5818965517241379,0.2595419847328244,0.3148148148148148,0.22077922077922077
1102,10,0.2,9,0.05,0.4,sqrt,0.733943129846888,0.7159235668789808,0.786013986013986,0.6573099415204678,0.6735751295336787,0.3076923076923077,0.2545454545454545,0.3888888888888889,0.7155172413793104,0.5714285714285714,0.5714285714285714,0.5714285714285714
1103,10,0.2,9,0.05,0.4,log2,0.7335454364684828,0.7197825177749896,0.7762742444745151,0.6709551656920077,0.689119170984456,0.375,0.3,0.5,0.5818965517241379,0.2706766917293233,0.32142857142857145,0.23376623376623376
1104,10,0.2,9,0.05,0.5,sqrt,0.7202227082919069,0.6970936490850377,0.7783653846153846,0.6311890838206627,0.6994818652849741,0.2926829268292683,0.2608695652173913,0.3333333333333333,0.5905172413793104,0.2748091603053435,0.3333333333333333,0.23376623376623376
1105,10,0.2,9,0.05,0.5,log2,0.721813481805528,0.6944747761519983,0.7894736842105263,0.6198830409356725,0.7150259067357513,0.32098765432098764,0.28888888888888886,0.3611111111111111,0.771551724137931,0.7005649717514124,0.62,0.8051948051948052
1106,10,0.2,9,0.05,0.6,sqrt,0.7331477430900776,0.7036219081272085,0.8115129903209374,0.6210526315789474,0.7098445595854922,0.2631578947368421,0.25,0.2777777777777778,0.6896551724137931,0.5263157894736842,0.5333333333333333,0.5194805194805194
1107,10,0.2,9,0.05,0.6,log2,0.741896997414993,0.7241818954526137,0.7958897711349836,0.664327485380117,0.6787564766839378,0.3111111111111111,0.25925925925925924,0.3888888888888889,0.6681034482758621,0.5157232704402516,0.5,0.5324675324675324
1108,10,0.2,9,0.05,0.7,sqrt,0.7814674885663153,0.7597814207650273,0.8646766169154229,0.6775828460038986,0.7461139896373057,0.379746835443038,0.3488372093023256,0.4166666666666667,0.6379310344827587,0.3114754098360656,0.4222222222222222,0.24675324675324675
1109,10,0.2,9,0.05,0.7,log2,0.7452773911314376,0.7386247704550092,0.7748287671232876,0.7056530214424951,0.6787564766839378,0.29545454545454547,0.25,0.3611111111111111,0.6767241379310345,0.5222929936305732,0.5125,0.5324675324675324
1110,10,0.2,9,0.1,0.3,sqrt,0.6627560151123484,0.6719535783365571,0.6667946257197697,0.6771929824561403,0.5751295336787565,0.2545454545454545,0.1891891891891892,0.3888888888888889,0.603448275862069,0.48314606741573035,0.42574257425742573,0.5584415584415584
1111,10,0.2,9,0.1,0.3,log2,0.7518393318751243,0.7508982035928143,0.7693251533742331,0.7333333333333333,0.6528497409326425,0.3963963963963964,0.29333333333333333,0.6111111111111112,0.6077586206896551,0.4858757062146893,0.43,0.5584415584415584
1112,10,0.2,9,0.1,0.4,sqrt,0.6544044541658381,0.6360971524288107,0.687019448213478,0.5922027290448343,0.5699481865284974,0.1782178217821782,0.13846153846153847,0.25,0.6508620689655172,0.5030674846625767,0.47674418604651164,0.5324675324675324
1113,10,0.2,9,0.1,0.4,log2,0.7238019486975542,0.7022508038585209,0.78,0.6385964912280702,0.6787564766839378,0.29545454545454547,0.25,0.3611111111111111,0.6896551724137931,0.5263157894736842,0.5333333333333333,0.5194805194805194
1114,10,0.2,9,0.1,0.5,sqrt,0.7238019486975542,0.7345690808331741,0.7203898050974513,0.749317738791423,0.616580310880829,0.27450980392156865,0.21212121212121213,0.3888888888888889,0.7370689655172413,0.6965174129353234,0.5645161290322581,0.9090909090909091
1115,10,0.2,9,0.1,0.5,log2,0.7029230463312786,0.6927190456602221,0.7331301697866782,0.6565302144249513,0.6787564766839378,0.3673469387755102,0.2903225806451613,0.5,0.49137931034482757,0.20270270270270271,0.2112676056338028,0.19480519480519481
1116,10,0.2,9,0.1,0.6,sqrt,0.7045138198448996,0.6665170556552962,0.7852987837123215,0.5789473684210527,0.694300518134715,0.23376623376623376,0.21951219512195122,0.25,0.6939655172413793,0.5359477124183006,0.5394736842105263,0.5324675324675324
1117,10,0.2,9,0.1,0.6,log2,0.7156492344402465,0.7331093691675998,0.7031865377730039,0.765692007797271,0.6321243523316062,0.3364485981308411,0.2535211267605634,0.5,0.603448275862069,0.4945054945054945,0.42857142857142855,0.5844155844155844
1118,10,0.2,9,0.1,0.7,sqrt,0.740306223901372,0.7215351812366738,0.796235294117647,0.6596491228070176,0.7150259067357513,0.32098765432098764,0.28888888888888886,0.3611111111111111,0.6896551724137931,0.55,0.5301204819277109,0.5714285714285714
1119,10,0.2,9,0.1,0.7,log2,0.7220123284947305,0.6902968542312805,0.7993842996408415,0.6074074074074074,0.7046632124352331,0.2597402597402597,0.24390243902439024,0.2777777777777778,0.6939655172413793,0.5359477124183006,0.5394736842105263,0.5324675324675324
1120,15,0.05,3,0.05,0.3,sqrt,0.7329488964008749,0.7084870848708487,0.7992164544564153,0.6362573099415205,0.7046632124352331,0.2962962962962963,0.26666666666666666,0.3333333333333333,0.6896551724137931,0.5324675324675324,0.5324675324675324,0.5324675324675324
1121,15,0.05,3,0.05,0.3,log2,0.7454762378206403,0.729957805907173,0.7954022988505747,0.6744639376218323,0.689119170984456,0.3333333333333333,0.2777777777777778,0.4166666666666667,0.6982758620689655,0.5569620253164557,0.5432098765432098,0.5714285714285714
1122,15,0.05,3,0.05,0.4,sqrt,0.7331477430900776,0.7058307759754494,0.8062093139709564,0.6276803118908382,0.6994818652849741,0.23684210526315788,0.225,0.25,0.6982758620689655,0.5333333333333333,0.547945205479452,0.5194805194805194
1123,15,0.05,3,0.05,0.4,log2,0.7472658580234639,0.731005291005291,0.799537037037037,0.6732943469785575,0.7098445595854922,0.36363636363636365,0.3076923076923077,0.4444444444444444,0.6982758620689655,0.5512820512820513,0.5443037974683544,0.5584415584415584
1124,15,0.05,3,0.05,0.5,sqrt,0.7492543249154902,0.7302673796791443,0.8090047393364929,0.6654970760233918,0.7253886010362695,0.345679012345679,0.3111111111111111,0.3888888888888889,0.6982758620689655,0.5394736842105263,0.5466666666666666,0.5324675324675324
1125,15,0.05,3,0.05,0.5,log2,0.7739113143766156,0.7624817213285983,0.8213321332133213,0.7115009746588694,0.6994818652849741,0.2926829268292683,0.2608695652173913,0.3333333333333333,0.7068965517241379,0.5584415584415584,0.5584415584415584,0.5584415584415584
1126,15,0.05,3,0.05,0.6,sqrt,0.7745078544442235,0.7576923076923077,0.8382978723404255,0.6912280701754386,0.7202072538860104,0.2894736842105263,0.275,0.3055555555555556,0.6163793103448276,0.2992125984251969,0.38,0.24675324675324675
1127,15,0.05,3,0.05,0.6,log2,0.7601908928216345,0.7322380106571936,0.850438370293966,0.6428849902534113,0.7305699481865285,0.3333333333333333,0.30952380952380953,0.3611111111111111,0.5905172413793104,0.2857142857142857,0.3392857142857143,0.24675324675324675
1128,15,0.05,3,0.05,0.7,sqrt,0.78484788228276,0.7716336006753904,0.8412333179935573,0.7126705653021442,0.7046632124352331,0.3132530120481928,0.2765957446808511,0.3611111111111111,0.7931034482758621,0.7303370786516854,0.6435643564356436,0.8441558441558441
1129,15,0.05,3,0.05,0.7,log2,0.767349373632929,0.7477360931435963,0.8364688856729378,0.6760233918128655,0.7305699481865285,0.2777777777777778,0.2777777777777778,0.2777777777777778,0.7112068965517241,0.5620915032679739,0.5657894736842105,0.5584415584415584
1130,15,0.05,3,0.1,0.3,sqrt,0.6651421753827799,0.6522098306484924,0.6934563021519543,0.6155945419103314,0.6373056994818653,0.2553191489361702,0.20689655172413793,0.3333333333333333,0.6681034482758621,0.5217391304347826,0.5,0.5454545454545454
1131,15,0.05,3,0.1,0.3,log2,0.6734937363292901,0.6458153580672994,0.7228392081120232,0.583625730994152,0.6528497409326425,0.32323232323232326,0.25396825396825395,0.4444444444444444,0.5775862068965517,0.26865671641791045,0.3157894736842105,0.23376623376623376
1132,15,0.05,3,0.1,0.4,sqrt,0.6643467886259694,0.6525319061342116,0.691234191016136,0.6179337231968811,0.6528497409326425,0.29473684210526313,0.23728813559322035,0.3888888888888889,0.6594827586206896,0.5153374233128835,0.4883720930232558,0.5454545454545454
1133,15,0.05,3,0.1,0.4,log2,0.7277788824816067,0.6977257672775448,0.8044806517311609,0.6159844054580896,0.7202072538860104,0.34146341463414637,0.30434782608695654,0.3888888888888889,0.7198275862068966,0.5517241379310345,0.5882352941176471,0.5194805194805194
1134,15,0.05,3,0.1,0.5,sqrt,0.7226088685623384,0.7313691507798961,0.7226027397260274,0.7403508771929824,0.6528497409326425,0.30927835051546393,0.2459016393442623,0.4166666666666667,0.6379310344827587,0.5116279069767442,0.4631578947368421,0.5714285714285714
1135,15,0.05,3,0.1,0.5,log2,0.707496520182939,0.6860192102454642,0.7580188679245283,0.6265107212475634,0.6632124352331606,0.2696629213483146,0.22641509433962265,0.3333333333333333,0.6594827586206896,0.5093167701863354,0.4880952380952381,0.5324675324675324
1136,15,0.05,3,0.1,0.6,sqrt,0.7502485583615033,0.7349092444069227,0.801196502531063,0.6787524366471734,0.6839378238341969,0.2823529411764706,0.24489795918367346,0.3333333333333333,0.6206896551724138,0.3230769230769231,0.39622641509433965,0.2727272727272727
1137,15,0.05,3,0.1,0.6,log2,0.7158480811294492,0.7173095944609298,0.7281124497991968,0.70682261208577,0.6217616580310881,0.26262626262626265,0.20634920634920634,0.3611111111111111,0.6077586206896551,0.46153846153846156,0.42391304347826086,0.5064935064935064
1138,15,0.05,3,0.1,0.7,sqrt,0.717041161264665,0.6878701469620531,0.7863590772316951,0.6113060428849902,0.7253886010362695,0.345679012345679,0.3111111111111111,0.3888888888888889,0.6853448275862069,0.5228758169934641,0.5263157894736842,0.5194805194805194
1139,15,0.05,3,0.1,0.7,log2,0.7381189103201432,0.7108671789242591,0.8135678391959799,0.6311890838206627,0.7098445595854922,0.2631578947368421,0.25,0.2777777777777778,0.6163793103448276,0.288,0.375,0.23376623376623376
1140,15,0.05,4,0.05,0.3,sqrt,0.7295685026844303,0.7000441111601235,0.8059928897917725,0.6187134502923977,0.7253886010362695,0.3291139240506329,0.3023255813953488,0.3611111111111111,0.6767241379310345,0.5161290322580645,0.5128205128205128,0.5194805194805194
1141,15,0.05,4,0.05,0.3,log2,0.7607874328892424,0.7424534360950545,0.8233618233618234,0.6760233918128655,0.7150259067357513,0.3037974683544304,0.27906976744186046,0.3333333333333333,0.7025862068965517,0.5548387096774193,0.5512820512820513,0.5584415584415584
1142,15,0.05,4,0.05,0.4,sqrt,0.7729170809306025,0.7539853511417492,0.8425613866153105,0.682261208576998,0.7461139896373057,0.3950617283950617,0.35555555555555557,0.4444444444444444,0.7887931034482759,0.7231638418079096,0.64,0.8311688311688312
1143,15,0.05,4,0.05,0.4,log2,0.7303638894412408,0.7050891692040018,0.7973438268568618,0.6319688109161793,0.7202072538860104,0.34146341463414637,0.30434782608695654,0.3888888888888889,0.6939655172413793,0.5359477124183006,0.5394736842105263,0.5324675324675324
1144,15,0.05,4,0.05,0.5,sqrt,0.7812686418771128,0.7692953020134228,0.8325011348161597,0.715009746588694,0.7409326424870466,0.40476190476190477,0.3541666666666667,0.4722222222222222,0.7112068965517241,0.5620915032679739,0.5657894736842105,0.5584415584415584
1145,15,0.05,4,0.05,0.5,log2,0.7973752237025253,0.7910600779167521,0.8343425605536332,0.752046783625731,0.7098445595854922,0.3488372093023256,0.3,0.4166666666666667,0.6163793103448276,0.31007751937984496,0.38461538461538464,0.2597402597402597
1146,15,0.05,4,0.05,0.6,sqrt,0.7856432690395705,0.7709307267318317,0.847267631947688,0.7072124756335283,0.7253886010362695,0.3291139240506329,0.3023255813953488,0.3611111111111111,0.7112068965517241,0.567741935483871,0.5641025641025641,0.5714285714285714
1147,15,0.05,4,0.05,0.6,log2,0.7683436070789421,0.7537518495032762,0.8231763619575254,0.6951267056530215,0.7098445595854922,0.3,0.2727272727272727,0.3333333333333333,0.6077586206896551,0.29457364341085274,0.36538461538461536,0.24675324675324675
1148,15,0.05,4,0.05,0.7,sqrt,0.8079140982302645,0.7996681874740772,0.8542312804607887,0.7516569200779727,0.7202072538860104,0.38636363636363635,0.3269230769230769,0.4722222222222222,0.8017241379310345,0.7261904761904762,0.6703296703296703,0.7922077922077922
1149,15,0.05,4,0.05,0.7,log2,0.8130841121495327,0.8065047344586249,0.8543392935019625,0.7637426900584795,0.7305699481865285,0.3157894736842105,0.3,0.3333333333333333,0.6206896551724138,0.34328358208955223,0.40350877192982454,0.2987012987012987
1150,15,0.05,4,0.1,0.3,sqrt,0.6882083913302843,0.6914600550964187,0.6980532379817243,0.684990253411306,0.616580310880829,0.28846153846153844,0.22058823529411764,0.4166666666666667,0.646551724137931,0.5232558139534884,0.47368421052631576,0.5844155844155844
1151,15,0.05,4,0.1,0.3,log2,0.6848279976138397,0.6900058673968316,0.6923076923076923,0.6877192982456141,0.6217616580310881,0.35398230088495575,0.2597402597402597,0.5555555555555556,0.5129310344827587,0.2709677419354839,0.2692307692307692,0.2727272727272727
1152,15,0.05,4,0.1,0.4,sqrt,0.6792602903161662,0.6574644298152474,0.7220149253731343,0.6035087719298246,0.6632124352331606,0.3010752688172043,0.24561403508771928,0.3888888888888889,0.6939655172413793,0.5359477124183006,0.5394736842105263,0.5324675324675324
1153,15,0.05,4,0.1,0.4,log2,0.694770332073971,0.6583574449143111,0.7671161825726142,0.5766081871345029,0.6580310880829016,0.25,0.21153846153846154,0.3055555555555556,0.6939655172413793,0.5298013245033113,0.5405405405405406,0.5194805194805194
1154,15,0.05,4,0.1,0.5,sqrt,0.7200238616027043,0.7293348712033834,0.7193780811528252,0.7395711500974659,0.6528497409326425,0.30927835051546393,0.2459016393442623,0.4166666666666667,0.6293103448275862,0.5113636363636364,0.45454545454545453,0.5844155844155844
1155,15,0.05,4,0.1,0.5,log2,0.7045138198448996,0.7121270825261526,0.7077396996534463,0.7165692007797271,0.6476683937823834,0.32,0.25,0.4444444444444444,0.6293103448275862,0.49411764705882355,0.45161290322580644,0.5454545454545454
1156,15,0.05,4,0.1,0.6,sqrt,0.7206204016703122,0.6884009758261255,0.7983539094650206,0.6050682261208578,0.7253886010362695,0.3291139240506329,0.3023255813953488,0.3611111111111111,0.6982758620689655,0.5394736842105263,0.5466666666666666,0.5324675324675324
1157,15,0.05,4,0.1,0.6,log2,0.7315569695764566,0.7084233261339092,0.7941888619854721,0.6393762183235867,0.7046632124352331,0.3132530120481928,0.2765957446808511,0.3611111111111111,0.771551724137931,0.7039106145251397,0.6176470588235294,0.8181818181818182
1158,15,0.05,4,0.1,0.7,sqrt,0.7212169417379201,0.6977145321259164,0.7805113362276893,0.6307992202729045,0.694300518134715,0.2891566265060241,0.2553191489361702,0.3333333333333333,0.5862068965517241,0.26153846153846155,0.32075471698113206,0.22077922077922077
1159,15,0.05,4,0.1,0.7,log2,0.7236031020083515,0.7005601034037053,0.7828598940779972,0.6339181286549708,0.7098445595854922,0.3,0.2727272727272727,0.3333333333333333,0.6637931034482759,0.5185185185185185,0.49411764705882355,0.5454545454545454
1160,15,0.05,5,0.05,0.3,sqrt,0.7200238616027043,0.6932461873638345,0.785679012345679,0.6202729044834308,0.7202072538860104,0.35714285714285715,0.3125,0.4166666666666667,0.6939655172413793,0.5298013245033113,0.5405405405405406,0.5194805194805194
1161,15,0.05,5,0.05,0.3,log2,0.7236031020083515,0.6882009869896815,0.8103539355520338,0.5980506822612086,0.7098445595854922,0.2631578947368421,0.25,0.2777777777777778,0.625,0.2809917355371901,0.38636363636363635,0.22077922077922077
1162,15,0.05,5,0.05,0.4,sqrt,0.7703320739709684,0.7578108618158943,0.8198729582577132,0.7044834307992203,0.7098445595854922,0.3488372093023256,0.3,0.4166666666666667,0.7198275862068966,0.5751633986928104,0.5789473684210527,0.5714285714285714
1163,15,0.05,5,0.05,0.4,log2,0.7442831576854245,0.7181060938185007,0.8202303455182774,0.6385964912280702,0.7150259067357513,0.2857142857142857,0.2682926829268293,0.3055555555555556,0.7931034482758621,0.7209302325581395,0.6526315789473685,0.8051948051948052
1164,15,0.05,5,0.05,0.5,sqrt,0.7828594153907338,0.776595744680851,0.8170469220835127,0.7399610136452242,0.694300518134715,0.3516483516483517,0.2909090909090909,0.4444444444444444,0.7801724137931034,0.7182320441988951,0.625,0.8441558441558441
1165,15,0.05,5,0.05,0.5,log2,0.7496520182938954,0.7275481497511361,0.8176070038910506,0.6553606237816764,0.7150259067357513,0.26666666666666666,0.2564102564102564,0.2777777777777778,0.6810344827586207,0.5194805194805194,0.5194805194805194,0.5194805194805194
1166,15,0.05,5,0.05,0.6,sqrt,0.7774905547822629,0.7654579752672396,0.827742520398912,0.7118908382066277,0.6994818652849741,0.2926829268292683,0.2608695652173913,0.3333333333333333,0.7198275862068966,0.5695364238410596,0.581081081081081,0.5584415584415584
1167,15,0.05,5,0.05,0.6,log2,0.789620202823623,0.7750850340136054,0.8522674146797569,0.7107212475633529,0.7357512953367875,0.3855421686746988,0.3404255319148936,0.4444444444444444,0.5948275862068966,0.32857142857142857,0.36507936507936506,0.2987012987012987
1168,15,0.05,5,0.05,0.7,sqrt,0.8116921853251143,0.8098011648925487,0.8351284175642087,0.7859649122807018,0.7046632124352331,0.2597402597402597,0.24390243902439024,0.2777777777777778,0.7112068965517241,0.567741935483871,0.5641025641025641,0.5714285714285714
1169,15,0.05,5,0.05,0.7,log2,0.7924040564724597,0.7814985349518627,0.8436511522819702,0.7278752436647173,0.7305699481865285,0.38095238095238093,0.3333333333333333,0.4444444444444444,0.625,0.32558139534883723,0.40384615384615385,0.2727272727272727
1170,15,0.05,5,0.1,0.3,sqrt,0.6486379001789621,0.678902416863529,0.6358066712049013,0.7282651072124756,0.5492227979274611,0.2809917355371901,0.2,0.4722222222222222,0.5818965517241379,0.48128342245989303,0.4090909090909091,0.5844155844155844
1171,15,0.05,5,0.1,0.3,log2,0.6249751441638497,0.597524541186513,0.6600660066006601,0.5458089668615984,0.6217616580310881,0.26262626262626265,0.20634920634920634,0.3611111111111111,0.5603448275862069,0.23880597014925373,0.2807017543859649,0.2077922077922078
1172,15,0.05,5,0.1,0.4,sqrt,0.6619606283555379,0.6519246519246519,0.6865028029322984,0.6206627680311891,0.6373056994818653,0.2708333333333333,0.21666666666666667,0.3611111111111111,0.6551724137931034,0.5180722891566265,0.48314606741573035,0.5584415584415584
1173,15,0.05,5,0.1,0.4,log2,0.7238019486975542,0.7251137937858698,0.7363344051446945,0.7142300194931774,0.6735751295336787,0.3368421052631579,0.2711864406779661,0.4444444444444444,0.6551724137931034,0.5180722891566265,0.48314606741573035,0.5584415584415584
1174,15,0.05,5,0.1,0.5,sqrt,0.7186319347782859,0.6871545434446164,0.7936670071501533,0.6058479532163743,0.694300518134715,0.3058823529411765,0.2653061224489796,0.3611111111111111,0.7801724137931034,0.7085714285714285,0.6326530612244898,0.8051948051948052
1175,15,0.05,5,0.1,0.5,log2,0.7351362099821038,0.7410575427682737,0.7390461419154711,0.7430799220272905,0.6735751295336787,0.3368421052631579,0.2711864406779661,0.4444444444444444,0.6508620689655172,0.5317919075144508,0.4791666666666667,0.5974025974025974
1176,15,0.05,5,0.1,0.6,sqrt,0.7255915689003778,0.7329721362229102,0.7276219746446408,0.7384015594541911,0.6735751295336787,0.35051546391752575,0.2786885245901639,0.4722222222222222,0.6379310344827587,0.5172413793103449,0.4639175257731959,0.5844155844155844
1177,15,0.05,5,0.1,0.6,log2,0.7305627361304434,0.7341573474592897,0.7389415481832543,0.7294346978557504,0.6528497409326425,0.26373626373626374,0.21818181818181817,0.3333333333333333,0.5732758620689655,0.3076923076923077,0.3333333333333333,0.2857142857142857
1178,15,0.05,5,0.1,0.7,sqrt,0.7212169417379201,0.6942869603139992,0.7877288471053934,0.6206627680311891,0.7253886010362695,0.3291139240506329,0.3023255813953488,0.3611111111111111,0.6077586206896551,0.28346456692913385,0.36,0.23376623376623376
1179,15,0.05,5,0.1,0.7,log2,0.7146550009942334,0.6864758575486126,0.7808151093439364,0.6124756335282651,0.7098445595854922,0.3333333333333333,0.2916666666666667,0.3888888888888889,0.6896551724137931,0.5263157894736842,0.5333333333333333,0.5194805194805194
1180,15,0.05,6,0.05,0.3,sqrt,0.7319546629548618,0.7197505197505197,0.7710467706013363,0.6748538011695906,0.689119170984456,0.3333333333333333,0.2777777777777778,0.4166666666666667,0.6767241379310345,0.5283018867924528,0.5121951219512195,0.5454545454545454
1181,15,0.05,6,0.05,0.3,log2,0.750447405050706,0.7332624867162593,0.8060747663551402,0.672514619883041,0.6994818652849741,0.30952380952380953,0.2708333333333333,0.3611111111111111,0.6853448275862069,0.535031847133758,0.525,0.5454545454545454
1182,15,0.05,6,0.05,0.4,sqrt,0.7780870948498707,0.7659395973154363,0.828869723104857,0.7118908382066277,0.7150259067357513,0.3373493975903614,0.2978723404255319,0.3888888888888889,0.6896551724137931,0.5384615384615384,0.5316455696202531,0.5454545454545454
1183,15,0.05,6,0.05,0.4,log2,0.7872340425531915,0.7755872483221476,0.8393100317748525,0.7208576998050682,0.7409326424870466,0.358974358974359,0.3333333333333333,0.3888888888888889,0.625,0.33587786259541985,0.4074074074074074,0.2857142857142857
1184,15,0.05,6,0.05,0.5,sqrt,0.7578047325512031,0.7339449541284404,0.834575260804769,0.6549707602339181,0.7046632124352331,0.2597402597402597,0.24390243902439024,0.2777777777777778,0.6939655172413793,0.5419354838709678,0.5384615384615384,0.5454545454545454
1185,15,0.05,6,0.05,0.5,log2,0.7570093457943925,0.736296935692706,0.8245529241179314,0.6651072124756335,0.6994818652849741,0.30952380952380953,0.2708333333333333,0.3611111111111111,0.6982758620689655,0.5454545454545454,0.5454545454545454,0.5454545454545454
1186,15,0.05,6,0.05,0.6,sqrt,0.788029429310002,0.7782861896838602,0.8341506910387874,0.7294346978557504,0.7409326424870466,0.4444444444444444,0.37037037037037035,0.5555555555555556,0.7025862068965517,0.5548387096774193,0.5512820512820513,0.5584415584415584
1187,15,0.05,6,0.05,0.6,log2,0.8005567707297674,0.792468446099731,0.8443562610229277,0.746588693957115,0.7046632124352331,0.32941176470588235,0.2857142857142857,0.3888888888888889,0.7068965517241379,0.5641025641025641,0.5569620253164557,0.5714285714285714
1188,15,0.05,6,0.05,0.7,sqrt,0.814476038973951,0.8069522036002483,0.8597883597883598,0.7602339181286549,0.7150259067357513,0.2465753424657534,0.24324324324324326,0.25,0.7112068965517241,0.567741935483871,0.5641025641025641,0.5714285714285714
1189,15,0.05,6,0.05,0.7,log2,0.7776894014714655,0.7659128978224455,0.8272274988692899,0.7130604288499025,0.7098445595854922,0.3333333333333333,0.2916666666666667,0.3888888888888889,0.603448275862069,0.31343283582089554,0.3684210526315789,0.2727272727272727
1190,15,0.05,6,0.1,0.3,sqrt,0.6452575064625174,0.630947455523376,0.6721022476862054,0.594541910331384,0.5803108808290155,0.22857142857142856,0.17391304347826086,0.3333333333333333,0.5387931034482759,0.24113475177304963,0.265625,0.22077922077922077
1191,15,0.05,6,0.1,0.3,log2,0.6380990256512229,0.6272019664072102,0.6607682347863617,0.5968810916179337,0.6010362694300518,0.3063063063063063,0.22666666666666666,0.4722222222222222,0.5431034482758621,0.2535211267605634,0.27692307692307694,0.23376623376623376
1192,15,0.05,6,0.1,0.4,sqrt,0.6848279976138397,0.7054450845567738,0.6740056818181818,0.7399610136452242,0.5492227979274611,0.21621621621621623,0.16,0.3333333333333333,0.5129310344827587,0.2802547770700637,0.275,0.2857142857142857
1193,15,0.05,6,0.1,0.4,log2,0.6649433286935773,0.6241356234664287,0.7294056308654849,0.5454191033138401,0.6735751295336787,0.27586206896551724,0.23529411764705882,0.3333333333333333,0.6982758620689655,0.527027027027027,0.5492957746478874,0.5064935064935064
1194,15,0.05,6,0.1,0.5,sqrt,0.7580035792404056,0.7510738392309265,0.7900172117039587,0.7157894736842105,0.7046632124352331,0.3132530120481928,0.2765957446808511,0.3611111111111111,0.7198275862068966,0.5578231292517006,0.5857142857142857,0.5324675324675324
1195,15,0.05,6,0.1,0.5,log2,0.694770332073971,0.6997848621161744,0.7021193092621664,0.6974658869395711,0.5803108808290155,0.25688073394495414,0.1917808219178082,0.3888888888888889,0.5431034482758621,0.273972602739726,0.2898550724637681,0.2597402597402597
1196,15,0.05,6,0.1,0.6,sqrt,0.7309604295088487,0.702048007046906,0.8066801619433198,0.6214424951267057,0.694300518134715,0.21333333333333335,0.20512820512820512,0.2222222222222222,0.7758620689655172,0.7045454545454546,0.6262626262626263,0.8051948051948052
1197,15,0.05,6,0.1,0.6,log2,0.7164446211970571,0.7088607594936709,0.7441063009001286,0.6768031189083821,0.6424870466321243,0.24175824175824176,0.2,0.3055555555555556,0.5517241379310345,0.2676056338028169,0.2923076923076923,0.24675324675324675
1198,15,0.05,6,0.1,0.7,sqrt,0.7285742692384172,0.6960587842351369,0.8115264797507789,0.6093567251461989,0.7202072538860104,0.3076923076923077,0.2857142857142857,0.3333333333333333,0.6896551724137931,0.5324675324675324,0.5324675324675324,0.5324675324675324
1199,15,0.05,6,0.1,0.7,log2,0.7512427918075164,0.7442240850541811,0.7824591573516767,0.7095516569200779,0.7150259067357513,0.32098765432098764,0.28888888888888886,0.3611111111111111,0.603448275862069,0.28125,0.35294117647058826,0.23376623376623376
1200,15,0.05,7,0.05,0.3,sqrt,0.7243984887651621,0.6975120034919249,0.7922657411998016,0.6230019493177388,0.7046632124352331,0.3132530120481928,0.2765957446808511,0.3611111111111111,0.7758620689655172,0.7045454545454546,0.6262626262626263,0.8051948051948052
1201,15,0.05,7,0.05,0.3,log2,0.7373235235633326,0.7125136017410229,0.8064039408866995,0.6382066276803119,0.7305699481865285,0.3333333333333333,0.30952380952380953,0.3611111111111111,0.5948275862068966,0.265625,0.3333333333333333,0.22077922077922077
1202,15,0.05,7,0.05,0.4,sqrt,0.7333465897792801,0.7019337630584574,0.8164426059979317,0.6155945419103314,0.7046632124352331,0.2597402597402597,0.24390243902439024,0.2777777777777778,0.7025862068965517,0.5369127516778524,0.5555555555555556,0.5194805194805194
1203,15,0.05,7,0.05,0.4,log2,0.7395108371445616,0.7165729121592385,0.8050559066601848,0.6456140350877193,0.7046632124352331,0.2962962962962963,0.26666666666666666,0.3333333333333333,0.6724137931034483,0.5189873417721519,0.5061728395061729,0.5324675324675324
1204,15,0.05,7,0.05,0.5,sqrt,0.7939948299860807,0.7861271676300579,0.8354541465555068,0.7423001949317739,0.7409326424870466,0.4186046511627907,0.36,0.5,0.8017241379310345,0.7386363636363636,0.6565656565656566,0.8441558441558441
1205,15,0.05,7,0.05,0.5,log2,0.7584012726188109,0.7369560510933102,0.8286270691333982,0.6635477582846004,0.7046632124352331,0.27848101265822783,0.2558139534883721,0.3055555555555556,0.6853448275862069,0.5290322580645161,0.5256410256410257,0.5324675324675324
1206,15,0.05,7,0.05,0.6,sqrt,0.7484589381586797,0.7355216391386159,0.7930568079350766,0.6857699805068226,0.689119170984456,0.3181818181818182,0.2692307692307692,0.3888888888888889,0.6810344827586207,0.5256410256410257,0.5189873417721519,0.5324675324675324
1207,15,0.05,7,0.05,0.6,log2,0.7544243388347585,0.7390661314177055,0.8067343173431735,0.6818713450292397,0.7202072538860104,0.35714285714285715,0.3125,0.4166666666666667,0.6724137931034483,0.5308641975308642,0.5058823529411764,0.5584415584415584
1208,15,0.05,7,0.05,0.7,sqrt,0.7854444223503678,0.7782117163412128,0.8230434782608695,0.7380116959064328,0.7098445595854922,0.3488372093023256,0.3,0.4166666666666667,0.6853448275862069,0.5408805031446541,0.524390243902439,0.5584415584415584
1209,15,0.05,7,0.05,0.7,log2,0.8011533107973752,0.7917534360683048,0.8497988377291015,0.741130604288499,0.7305699481865285,0.36585365853658536,0.32608695652173914,0.4166666666666667,0.7112068965517241,0.567741935483871,0.5641025641025641,0.5714285714285714
1210,15,0.05,7,0.1,0.3,sqrt,0.659773314774309,0.6485931402752105,0.6853298611111112,0.6155945419103314,0.6321243523316062,0.25263157894736843,0.2033898305084746,0.3333333333333333,0.6508620689655172,0.509090909090909,0.4772727272727273,0.5454545454545454
1211,15,0.05,7,0.1,0.3,log2,0.6436667329488964,0.6312757201646091,0.6684095860566449,0.5980506822612086,0.5595854922279793,0.22018348623853212,0.1643835616438356,0.3333333333333333,0.5431034482758621,0.2535211267605634,0.27692307692307694,0.23376623376623376
1212,15,0.05,7,0.1,0.4,sqrt,0.7329488964008749,0.7175604626708728,0.7789954337899543,0.6651072124756335,0.7098445595854922,0.36363636363636365,0.3076923076923077,0.4444444444444444,0.6853448275862069,0.5290322580645161,0.5256410256410257,0.5324675324675324
1213,15,0.05,7,0.1,0.4,log2,0.6832372241002187,0.6525627044711014,0.7405940594059406,0.5832358674463938,0.6683937823834197,0.30434782608695654,0.25,0.3888888888888889,0.6681034482758621,0.5095541401273885,0.5,0.5194805194805194
1214,15,0.05,7,0.1,0.5,sqrt,0.721813481805528,0.7254170755642787,0.7304347826086957,0.7204678362573099,0.6321243523316062,0.23655913978494625,0.19298245614035087,0.3055555555555556,0.6379310344827587,0.5172413793103449,0.4639175257731959,0.5844155844155844
1215,15,0.05,7,0.1,0.5,log2,0.7450785444422351,0.7255993150684932,0.8044613194114856,0.6608187134502924,0.7046632124352331,0.3132530120481928,0.2765957446808511,0.3611111111111111,0.7586206896551724,0.6888888888888889,0.6019417475728155,0.8051948051948052
1216,15,0.05,7,0.1,0.6,sqrt,0.713859614237423,0.6880554953392586,0.77490234375,0.6187134502923977,0.7046632124352331,0.27848101265822783,0.2558139534883721,0.3055555555555556,0.7543103448275862,0.6850828729281768,0.5961538461538461,0.8051948051948052
1217,15,0.05,7,0.1,0.6,log2,0.7158480811294492,0.6841988950276243,0.789795918367347,0.6035087719298246,0.7253886010362695,0.3291139240506329,0.3023255813953488,0.3611111111111111,0.7068965517241379,0.5405405405405406,0.5633802816901409,0.5194805194805194
1218,15,0.05,7,0.1,0.7,sqrt,0.7289719626168224,0.7027262813522356,0.7975247524752476,0.6280701754385964,0.7098445595854922,0.3170731707317073,0.2826086956521739,0.3611111111111111,0.6896551724137931,0.5263157894736842,0.5333333333333333,0.5194805194805194
1219,15,0.05,7,0.1,0.7,log2,0.7450785444422351,0.7288494077834179,0.7965788257050394,0.6717348927875244,0.7357512953367875,0.42696629213483145,0.3584905660377358,0.5277777777777778,0.6637931034482759,0.5301204819277109,0.4943820224719101,0.5714285714285714
1220,15,0.05,8,0.05,0.3,sqrt,0.7317558162656592,0.701350453841045,0.8114754098360656,0.6175438596491228,0.7253886010362695,0.3116883116883117,0.2926829268292683,0.3333333333333333,0.6077586206896551,0.272,0.3541666666666667,0.22077922077922077
1221,15,0.05,8,0.05,0.3,log2,0.7319546629548618,0.7011086474501108,0.8128534704370179,0.6163742690058479,0.7253886010362695,0.273972602739726,0.2702702702702703,0.2777777777777778,0.6120689655172413,0.2857142857142857,0.3673469387755102,0.23376623376623376
1222,15,0.05,8,0.05,0.4,sqrt,0.7285742692384172,0.6979420225713654,0.8070624360286591,0.6148148148148148,0.7253886010362695,0.29333333333333333,0.28205128205128205,0.3055555555555556,0.6163793103448276,0.2764227642276423,0.3695652173913043,0.22077922077922077
1223,15,0.05,8,0.05,0.4,log2,0.7556174189699741,0.73449989198531,0.8236434108527132,0.6627680311890838,0.7150259067357513,0.2857142857142857,0.2682926829268293,0.3055555555555556,0.6077586206896551,0.3053435114503817,0.37037037037037035,0.2597402597402597
1224,15,0.05,8,0.05,0.5,sqrt,0.7729170809306025,0.753773178094006,0.8432223830197781,0.6814814814814815,0.7253886010362695,0.345679012345679,0.3111111111111111,0.3888888888888889,0.6206896551724138,0.2903225806451613,0.3829787234042553,0.23376623376623376
1225,15,0.05,8,0.05,0.5,log2,0.7794790216742892,0.7655886704713591,0.8361034164358264,0.7060428849902534,0.7512953367875648,0.38461538461538464,0.35714285714285715,0.4166666666666667,0.5991379310344828,0.3007518796992481,0.35714285714285715,0.2597402597402597
1226,15,0.05,8,0.05,0.6,sqrt,0.7818651819447207,0.7695862213820626,0.8342440801457195,0.7142300194931774,0.7046632124352331,0.32941176470588235,0.2857142857142857,0.3888888888888889,0.7025862068965517,0.5605095541401274,0.55,0.5714285714285714
1227,15,0.05,8,0.05,0.6,log2,0.7649632133624975,0.7522012578616353,0.8136054421768707,0.6994152046783626,0.6735751295336787,0.29213483146067415,0.24528301886792453,0.3611111111111111,0.7844827586206896,0.7159090909090909,0.6363636363636364,0.8181818181818182
1228,15,0.05,8,0.05,0.7,sqrt,0.838934181745874,0.8374146928944199,0.8630533719486967,0.8132553606237817,0.7202072538860104,0.325,0.29545454545454547,0.3611111111111111,0.7974137931034483,0.7374301675977654,0.6470588235294118,0.8571428571428571
1229,15,0.05,8,0.05,0.7,log2,0.7961821435673097,0.7901740020470829,0.8318965517241379,0.7524366471734892,0.6994818652849741,0.35555555555555557,0.2962962962962963,0.4444444444444444,0.6681034482758621,0.5217391304347826,0.5,0.5454545454545454
1230,15,0.05,8,0.1,0.3,sqrt,0.6400874925432491,0.6214972814721874,0.670275146594497,0.5793372319688109,0.6373056994818653,0.2391304347826087,0.19642857142857142,0.3055555555555556,0.5172413793103449,0.16417910447761194,0.19298245614035087,0.14285714285714285
1231,15,0.05,8,0.1,0.3,log2,0.6637502485583615,0.6437750157994523,0.7002749770852429,0.5957115009746589,0.6217616580310881,0.3047619047619048,0.2318840579710145,0.4444444444444444,0.5646551724137931,0.26277372262773724,0.3,0.23376623376623376
1232,15,0.05,8,0.1,0.4,sqrt,0.6657387154503878,0.6526141764827443,0.6943711521547933,0.6155945419103314,0.6476683937823834,0.2608695652173913,0.21428571428571427,0.3333333333333333,0.6681034482758621,0.5217391304347826,0.5,0.5454545454545454
1233,15,0.05,8,0.1,0.4,log2,0.7315569695764566,0.7119078104993598,0.7864214992927864,0.6502923976608187,0.6839378238341969,0.34408602150537637,0.2807017543859649,0.4444444444444444,0.6982758620689655,0.5394736842105263,0.5466666666666666,0.5324675324675324
1234,15,0.05,8,0.1,0.5,sqrt,0.6790614436269636,0.6726166328600406,0.7010570824524313,0.6463937621832359,0.6373056994818653,0.2708333333333333,0.21666666666666667,0.3611111111111111,0.646551724137931,0.5060240963855421,0.47191011235955055,0.5454545454545454
1235,15,0.05,8,0.1,0.5,log2,0.7021276595744681,0.677710843373494,0.7561209793566971,0.6140350877192983,0.694300518134715,0.2891566265060241,0.2553191489361702,0.3333333333333333,0.6594827586206896,0.5093167701863354,0.4880952380952381,0.5324675324675324
1236,15,0.05,8,0.1,0.6,sqrt,0.7243984887651621,0.6959192628345766,0.7957852483692925,0.6183235867446394,0.7150259067357513,0.3373493975903614,0.2978723404255319,0.3888888888888889,0.6767241379310345,0.5161290322580645,0.5128205128205128,0.5194805194805194
1237,15,0.05,8,0.1,0.6,log2,0.7283754225492145,0.6985878199470432,0.8047788510421963,0.6171539961013646,0.6994818652849741,0.2926829268292683,0.2608695652173913,0.3333333333333333,0.7758620689655172,0.7045454545454546,0.6262626262626263,0.8051948051948052
1238,15,0.05,8,0.1,0.7,sqrt,0.7232054086299463,0.6979166666666666,0.7870778267254038,0.6269005847953216,0.689119170984456,0.25,0.22727272727272727,0.2777777777777778,0.6896551724137931,0.5324675324675324,0.5324675324675324,0.5324675324675324
1239,15,0.05,8,0.1,0.7,log2,0.7142573076158282,0.6868598823273044,0.7786561264822134,0.6144249512670565,0.7150259067357513,0.3373493975903614,0.2978723404255319,0.3888888888888889,0.6637931034482759,0.5063291139240507,0.49382716049382713,0.5194805194805194
1240,15,0.05,9,0.05,0.3,sqrt,0.7369258301849274,0.7054108216432866,0.822429906542056,0.6175438596491228,0.7253886010362695,0.345679012345679,0.3111111111111111,0.3888888888888889,0.7155172413793104,0.547945205479452,0.5797101449275363,0.5194805194805194
1241,15,0.05,9,0.05,0.3,log2,0.7092861403857625,0.683960224816256,0.7675885492479378,0.6167641325536063,0.7357512953367875,0.32,0.3076923076923077,0.3333333333333333,0.6508620689655172,0.46357615894039733,0.47297297297297297,0.45454545454545453
1242,15,0.05,9,0.05,0.4,sqrt,0.7279777291708093,0.7058064516129032,0.7870503597122303,0.639766081871345,0.7098445595854922,0.3170731707317073,0.2826086956521739,0.3611111111111111,0.6637931034482759,0.5063291139240507,0.49382716049382713,0.5194805194805194
1243,15,0.05,9,0.05,0.4,log2,0.749850864983098,0.7314261315115286,0.8084001887682869,0.6678362573099416,0.6839378238341969,0.24691358024691357,0.2222222222222222,0.2777777777777778,0.6810344827586207,0.5256410256410257,0.5189873417721519,0.5324675324675324
1244,15,0.05,9,0.05,0.5,sqrt,0.7416981507257904,0.7242623646784122,0.7949673811742777,0.6651072124756335,0.689119170984456,0.3023255813953488,0.26,0.3611111111111111,0.6767241379310345,0.5283018867924528,0.5121951219512195,0.5454545454545454
1245,15,0.05,9,0.05,0.5,log2,0.7572081924835952,0.7333478925529592,0.8336643495531281,0.6545808966861598,0.7098445595854922,0.2631578947368421,0.25,0.2777777777777778,0.7974137931034483,0.7283236994219653,0.65625,0.8181818181818182
1246,15,0.05,9,0.05,0.6,sqrt,0.7659574468085106,0.7482352941176471,0.828909952606635,0.6818713450292397,0.7150259067357513,0.32098765432098764,0.28888888888888886,0.3611111111111111,0.7025862068965517,0.543046357615894,0.5540540540540541,0.5324675324675324
1247,15,0.05,9,0.05,0.6,log2,0.8067210180950487,0.8028397565922921,0.8367864693446089,0.7715399610136452,0.6787564766839378,0.27906976744186046,0.24,0.3333333333333333,0.5991379310344828,0.2900763358778626,0.35185185185185186,0.24675324675324675
1248,15,0.05,9,0.05,0.7,sqrt,0.8303837741101611,0.8281281482974008,0.8569641367806505,0.8011695906432749,0.7305699481865285,0.35,0.3181818181818182,0.3888888888888889,0.7155172413793104,0.5769230769230769,0.569620253164557,0.5844155844155844
1249,15,0.05,9,0.05,0.7,log2,0.7633724398488765,0.7506286672254819,0.8115088355233349,0.6982456140350877,0.7046632124352331,0.3448275862068966,0.29411764705882354,0.4166666666666667,0.7586206896551724,0.6923076923076923,0.6,0.8181818181818182
1250,15,0.05,9,0.1,0.3,sqrt,0.6663352555179957,0.6530190239867659,0.695288419198591,0.6155945419103314,0.6476683937823834,0.2608695652173913,0.21428571428571427,0.3333333333333333,0.6681034482758621,0.5217391304347826,0.5,0.5454545454545454
1251,15,0.05,9,0.1,0.3,log2,0.6482402068005567,0.6622111896123735,0.6489520958083832,0.6760233918128655,0.5906735751295337,0.24761904761904763,0.18840579710144928,0.3611111111111111,0.6206896551724138,0.4942528735632184,0.44329896907216493,0.5584415584415584
1252,15,0.05,9,0.1,0.4,sqrt,0.6856233843706502,0.6823387582881254,0.7039800995024875,0.6619883040935672,0.6632124352331606,0.3010752688172043,0.24561403508771928,0.3888888888888889,0.5818965517241379,0.291970802919708,0.3333333333333333,0.2597402597402597
1253,15,0.05,9,0.1,0.4,log2,0.7335454364684828,0.7343378271213322,0.7470754336425979,0.7220272904483431,0.6839378238341969,0.32967032967032966,0.2727272727272727,0.4166666666666667,0.6594827586206896,0.5269461077844312,0.4888888888888889,0.5714285714285714
1254,15,0.05,9,0.1,0.5,sqrt,0.7182342413998807,0.6985747713252499,0.7687265917602997,0.6401559454191034,0.6994818652849741,0.32558139534883723,0.28,0.3888888888888889,0.6896551724137931,0.5324675324675324,0.5324675324675324,0.5324675324675324
1255,15,0.05,9,0.1,0.5,log2,0.70908729369656,0.6871926448578148,0.7608901515151515,0.6265107212475634,0.6787564766839378,0.2619047619047619,0.22916666666666666,0.3055555555555556,0.6810344827586207,0.5256410256410257,0.5189873417721519,0.5324675324675324
1256,15,0.05,9,0.1,0.6,sqrt,0.7347385166036986,0.7077125328659071,0.807903951975988,0.6296296296296297,0.7253886010362695,0.3291139240506329,0.3023255813953488,0.3611111111111111,0.6982758620689655,0.5394736842105263,0.5466666666666666,0.5324675324675324
1257,15,0.05,9,0.1,0.6,log2,0.7249950288327699,0.7007141311404458,0.7874513618677043,0.6311890838206627,0.689119170984456,0.3023255813953488,0.26,0.3611111111111111,0.771551724137931,0.7005649717514124,0.62,0.8051948051948052
1258,15,0.05,9,0.1,0.7,sqrt,0.7395108371445616,0.7165729121592385,0.8050559066601848,0.6456140350877193,0.7305699481865285,0.3333333333333333,0.30952380952380953,0.3611111111111111,0.6293103448275862,0.31746031746031744,0.40816326530612246,0.2597402597402597
1259,15,0.05,9,0.1,0.7,log2,0.738715450387751,0.7145960034752389,0.8067680235409515,0.6413255360623782,0.7046632124352331,0.24,0.23076923076923078,0.25,0.771551724137931,0.7005649717514124,0.62,0.8051948051948052
1260,15,0.1,3,0.05,0.3,sqrt,0.7353350566713064,0.7205542725173211,0.7807097361237488,0.6690058479532164,0.7046632124352331,0.3870967741935484,0.3157894736842105,0.5,0.6896551724137931,0.64,0.5203252032520326,0.8311688311688312
1261,15,0.1,3,0.05,0.3,log2,0.7341419765360907,0.7357185214469263,0.7461908580593424,0.7255360623781676,0.6632124352331606,0.3157894736842105,0.2542372881355932,0.4166666666666667,0.6551724137931034,0.5061728395061729,0.4823529411764706,0.5324675324675324
1262,15,0.1,3,0.05,0.4,sqrt,0.75303241201034,0.7301173402868318,0.8247422680412371,0.6549707602339181,0.7098445595854922,0.3,0.2727272727272727,0.3333333333333333,0.625,0.2809917355371901,0.38636363636363635,0.22077922077922077
1263,15,0.1,3,0.05,0.4,log2,0.7470670113342612,0.7264516129032258,0.8100719424460432,0.6584795321637427,0.694300518134715,0.2716049382716049,0.24444444444444444,0.3055555555555556,0.7844827586206896,0.7159090909090909,0.6363636363636364,0.8181818181818182
1264,15,0.1,3,0.05,0.5,sqrt,0.7586001193080135,0.7392611683848798,0.8230511716881874,0.6709551656920077,0.7305699481865285,0.36585365853658536,0.32608695652173914,0.4166666666666667,0.6939655172413793,0.5359477124183006,0.5394736842105263,0.5324675324675324
1265,15,0.1,3,0.05,0.5,log2,0.741896997414993,0.719047619047619,0.808272506082725,0.6475633528265107,0.694300518134715,0.2716049382716049,0.24444444444444444,0.3055555555555556,0.6163793103448276,0.288,0.375,0.23376623376623376
1266,15,0.1,3,0.05,0.6,sqrt,0.7446808510638298,0.7229175658178679,0.8095698405026583,0.6530214424951267,0.6994818652849741,0.275,0.25,0.3055555555555556,0.6077586206896551,0.28346456692913385,0.36,0.23376623376623376
1267,15,0.1,3,0.05,0.6,log2,0.7454762378206403,0.7219808861859253,0.815105443845022,0.6479532163742691,0.6994818652849741,0.2564102564102564,0.23809523809523808,0.2777777777777778,0.6896551724137931,0.52,0.5342465753424658,0.5064935064935064
1268,15,0.1,3,0.05,0.7,sqrt,0.7836548021475442,0.7717163239613932,0.8355293048614266,0.7169590643274854,0.7098445595854922,0.3333333333333333,0.2916666666666667,0.3888888888888889,0.6896551724137931,0.55,0.5301204819277109,0.5714285714285714
1269,15,0.1,3,0.05,0.7,log2,0.7540266454563531,0.7304423621704075,0.8280632411067194,0.653411306042885,0.6994818652849741,0.2564102564102564,0.23809523809523808,0.2777777777777778,0.6206896551724138,0.2903225806451613,0.3829787234042553,0.23376623376623376
1270,15,0.1,3,0.1,0.3,sqrt,0.6842314575462318,0.6892367906066537,0.6919449901768173,0.6865497076023391,0.6010362694300518,0.2803738317757009,0.2112676056338028,0.4166666666666667,0.6293103448275862,0.5113636363636364,0.45454545454545453,0.5844155844155844
1271,15,0.1,3,0.1,0.3,log2,0.6585802346390932,0.6335112059765208,0.7,0.5785575048732944,0.689119170984456,0.3617021276595745,0.29310344827586204,0.4722222222222222,0.5344827586206896,0.16923076923076924,0.20754716981132076,0.14285714285714285
1272,15,0.1,3,0.1,0.4,sqrt,0.6721018095048718,0.6033197017079625,0.7876884422110553,0.4888888888888889,0.7875647668393783,0.3492063492063492,0.4074074074074074,0.3055555555555556,0.6982758620689655,0.47761194029850745,0.5614035087719298,0.4155844155844156
1273,15,0.1,3,0.1,0.4,log2,0.6886060847086896,0.6558241758241758,0.7516372795969773,0.5816764132553606,0.6994818652849741,0.32558139534883723,0.28,0.3888888888888889,0.6767241379310345,0.5161290322580645,0.5128205128205128,0.5194805194805194
1274,15,0.1,3,0.1,0.5,sqrt,0.6921853251143368,0.6931007137192704,0.7051230334812424,0.6814814814814815,0.5958549222797928,0.23529411764705882,0.18181818181818182,0.3333333333333333,0.6853448275862069,0.6331658291457286,0.5163934426229508,0.8181818181818182
1275,15,0.1,3,0.1,0.5,log2,0.7291708093060251,0.7044270833333334,0.7944199706314243,0.632748538011696,0.7098445595854922,0.3170731707317073,0.2826086956521739,0.3611111111111111,0.6853448275862069,0.5290322580645161,0.5256410256410257,0.5324675324675324
1276,15,0.1,3,0.1,0.6,sqrt,0.7174388546430702,0.6928895612708018,0.7774005819592629,0.6249512670565303,0.7046632124352331,0.32941176470588235,0.2857142857142857,0.3888888888888889,0.6810344827586207,0.5256410256410257,0.5189873417721519,0.5324675324675324
1277,15,0.1,3,0.1,0.6,log2,0.7329488964008749,0.7056760902914749,0.8058058058058059,0.6276803118908382,0.7046632124352331,0.3132530120481928,0.2765957446808511,0.3611111111111111,0.6896551724137931,0.5324675324675324,0.5324675324675324,0.5324675324675324
1278,15,0.1,3,0.1,0.7,sqrt,0.7329488964008749,0.7081069332753749,0.800098231827112,0.6350877192982456,0.6787564766839378,0.27906976744186046,0.24,0.3333333333333333,0.5732758620689655,0.26666666666666666,0.3103448275862069,0.23376623376623376
1279,15,0.1,3,0.1,0.7,log2,0.7178365480214755,0.6887475323535863,0.7873620862587764,0.6120857699805068,0.7150259067357513,0.2857142857142857,0.2682926829268293,0.3055555555555556,0.6896551724137931,0.5263157894736842,0.5333333333333333,0.5194805194805194
1280,15,0.1,4,0.05,0.3,sqrt,0.725989262278783,0.7017316017316018,0.7888077858880779,0.6319688109161793,0.7046632124352331,0.3132530120481928,0.2765957446808511,0.3611111111111111,0.7025862068965517,0.5490196078431373,0.5526315789473685,0.5454545454545454
1281,15,0.1,4,0.05,0.3,log2,0.729767349373633,0.700990099009901,0.8045454545454546,0.6210526315789474,0.7253886010362695,0.3614457831325301,0.3191489361702128,0.4166666666666667,0.7068965517241379,0.5405405405405406,0.5633802816901409,0.5194805194805194
1282,15,0.1,4,0.05,0.4,sqrt,0.7321535096440644,0.7076188408942913,0.7982370225269344,0.6354775828460039,0.7046632124352331,0.32941176470588235,0.2857142857142857,0.3888888888888889,0.6982758620689655,0.5333333333333333,0.547945205479452,0.5194805194805194
1283,15,0.1,4,0.05,0.4,log2,0.7757009345794392,0.7628259041211102,0.8279324509356458,0.7072124756335283,0.7461139896373057,0.379746835443038,0.3488372093023256,0.4166666666666667,0.771551724137931,0.7071823204419889,0.6153846153846154,0.8311688311688312
1284,15,0.1,4,0.05,0.5,sqrt,0.7721216941737921,0.7618453865336658,0.8157543391188251,0.7146198830409357,0.689119170984456,0.3023255813953488,0.26,0.3611111111111111,0.6896551724137931,0.5384615384615384,0.5316455696202531,0.5454545454545454
1285,15,0.1,4,0.05,0.5,log2,0.7647643666732948,0.7474919957310565,0.8259433962264151,0.6826510721247563,0.694300518134715,0.2716049382716049,0.24444444444444444,0.3055555555555556,0.6982758620689655,0.5512820512820513,0.5443037974683544,0.5584415584415584
1286,15,0.1,4,0.05,0.6,sqrt,0.8120898787035196,0.8069458631256384,0.8476394849785408,0.7699805068226121,0.7098445595854922,0.3170731707317073,0.2826086956521739,0.3611111111111111,0.8017241379310345,0.7386363636363636,0.6565656565656566,0.8441558441558441
1287,15,0.1,4,0.05,0.6,log2,0.7989659972161464,0.7918468190240889,0.8390052356020943,0.7497076023391813,0.7202072538860104,0.2702702702702703,0.2631578947368421,0.2777777777777778,0.7758620689655172,0.7111111111111111,0.6213592233009708,0.8311688311688312
1288,15,0.1,4,0.05,0.7,sqrt,0.8104991051898985,0.8046730887476942,0.848314606741573,0.7653021442495127,0.694300518134715,0.25316455696202533,0.23255813953488372,0.2777777777777778,0.7025862068965517,0.5548387096774193,0.5512820512820513,0.5584415584415584
1289,15,0.1,4,0.05,0.7,log2,0.7993636905945516,0.7920016491445063,0.8403324584426947,0.7489278752436647,0.7357512953367875,0.37037037037037035,0.3333333333333333,0.4166666666666667,0.7068965517241379,0.5641025641025641,0.5569620253164557,0.5714285714285714
1290,15,0.1,4,0.1,0.3,sqrt,0.6641479419367667,0.6515370332164225,0.6919368974583698,0.6155945419103314,0.6424870466321243,0.25806451612903225,0.21052631578947367,0.3333333333333333,0.6637931034482759,0.5185185185185185,0.49411764705882355,0.5454545454545454
1291,15,0.1,4,0.1,0.3,log2,0.686816464505866,0.6873138773079214,0.7002427184466019,0.6748538011695906,0.6321243523316062,0.26804123711340205,0.21311475409836064,0.3611111111111111,0.6422413793103449,0.5088757396449705,0.4673913043478261,0.5584415584415584
1292,15,0.1,4,0.1,0.4,sqrt,0.6480413601113542,0.6361019736842105,0.6729012614180079,0.6031189083820663,0.5544041450777202,0.23214285714285715,0.17105263157894737,0.3611111111111111,0.6293103448275862,0.4880952380952381,0.45054945054945056,0.5324675324675324
1293,15,0.1,4,0.1,0.4,log2,0.6611652415987274,0.6426174496644296,0.6954153427144802,0.597270955165692,0.6373056994818653,0.2857142857142857,0.22580645161290322,0.3888888888888889,0.646551724137931,0.5,0.47126436781609193,0.5324675324675324
1294,15,0.1,4,0.1,0.5,sqrt,0.7021276595744681,0.6811409110259685,0.7501172058134083,0.6237816764132553,0.6528497409326425,0.26373626373626374,0.21818181818181817,0.3333333333333333,0.6551724137931034,0.4936708860759494,0.48148148148148145,0.5064935064935064
1295,15,0.1,4,0.1,0.5,log2,0.7345396699144959,0.7175798603765602,0.7844588344125809,0.6612085769980507,0.689119170984456,0.3023255813953488,0.26,0.3611111111111111,0.6939655172413793,0.5477707006369427,0.5375,0.5584415584415584
1296,15,0.1,4,0.1,0.6,sqrt,0.7251938755219726,0.6943830163644406,0.8022483392948391,0.6120857699805068,0.6994818652849741,0.21621621621621623,0.21052631578947367,0.2222222222222222,0.771551724137931,0.7005649717514124,0.62,0.8051948051948052
1297,15,0.1,4,0.1,0.6,log2,0.7130642274806125,0.6882696046662347,0.7718023255813954,0.6210526315789474,0.689119170984456,0.3023255813953488,0.26,0.3611111111111111,0.6681034482758621,0.5217391304347826,0.5,0.5454545454545454
1298,15,0.1,4,0.1,0.7,sqrt,0.7214157884271227,0.6978649989217166,0.7808880308880309,0.6307992202729045,0.6839378238341969,0.2823529411764706,0.24489795918367346,0.3333333333333333,0.7456896551724138,0.6775956284153005,0.5849056603773585,0.8051948051948052
1299,15,0.1,4,0.1,0.7,log2,0.729767349373633,0.6996685082872928,0.8076530612244898,0.6171539961013646,0.7046632124352331,0.27848101265822783,0.2558139534883721,0.3055555555555556,0.6163793103448276,0.2764227642276423,0.3695652173913043,0.22077922077922077
1300,15,0.1,5,0.05,0.3,sqrt,0.7269834957247961,0.6969763849039947,0.8031536113936928,0.6155945419103314,0.7202072538860104,0.325,0.29545454545454547,0.3611111111111111,0.6982758620689655,0.5333333333333333,0.547945205479452,0.5194805194805194
1301,15,0.1,5,0.05,0.3,log2,0.7450785444422351,0.7265358361774744,0.8021667451719265,0.6639376218323587,0.694300518134715,0.3917525773195876,0.3114754098360656,0.5277777777777778,0.625,0.5028571428571429,0.4489795918367347,0.5714285714285714
1302,15,0.1,5,0.05,0.4,sqrt,0.7701332272817658,0.7559121621621622,0.8245048364808844,0.6978557504873294,0.6994818652849741,0.30952380952380953,0.2708333333333333,0.3611111111111111,0.6379310344827587,0.3333333333333333,0.42857142857142855,0.2727272727272727
1303,15,0.1,5,0.05,0.4,log2,0.7371246768741301,0.714963346269944,0.7998070429329475,0.6463937621832359,0.7305699481865285,0.3333333333333333,0.30952380952380953,0.3611111111111111,0.603448275862069,0.2923076923076923,0.3584905660377358,0.24675324675324675
1304,15,0.1,5,0.05,0.5,sqrt,0.7802744084310996,0.7627227829074511,0.8489483747609943,0.6923976608187135,0.7357512953367875,0.33766233766233766,0.3170731707317073,0.3611111111111111,0.6120689655172413,0.3076923076923077,0.37735849056603776,0.2597402597402597
1305,15,0.1,5,0.05,0.5,log2,0.7671505269437264,0.757003527702843,0.8092280390417036,0.7111111111111111,0.6839378238341969,0.2988505747126437,0.2549019607843137,0.3611111111111111,0.6767241379310345,0.5222929936305732,0.5125,0.5324675324675324
1306,15,0.1,5,0.05,0.6,sqrt,0.7699343805925631,0.751770006436387,0.8358778625954199,0.6830409356725147,0.7202072538860104,0.34146341463414637,0.30434782608695654,0.3888888888888889,0.7068965517241379,0.5342465753424658,0.5652173913043478,0.5064935064935064
1307,15,0.1,5,0.05,0.6,log2,0.7613839729568502,0.7513468711147948,0.8018575851393189,0.70682261208577,0.7098445595854922,0.3488372093023256,0.3,0.4166666666666667,0.6939655172413793,0.5419354838709678,0.5384615384615384,0.5454545454545454
1308,15,0.1,5,0.05,0.7,sqrt,0.7872340425531915,0.7790169351507642,0.8282828282828283,0.7352826510721248,0.7098445595854922,0.3170731707317073,0.2826086956521739,0.3611111111111111,0.6336206896551724,0.33070866141732286,0.42,0.2727272727272727
1309,15,0.1,5,0.05,0.7,log2,0.8136806522171406,0.8088145276474189,0.848458904109589,0.7727095516569201,0.7098445595854922,0.3170731707317073,0.2826086956521739,0.3611111111111111,0.7068965517241379,0.5584415584415584,0.5584415584415584,0.5584415584415584
1310,15,0.1,5,0.1,0.3,sqrt,0.7216146351163253,0.6993127147766323,0.7785748445719751,0.6346978557504873,0.7150259067357513,0.367816091954023,0.3137254901960784,0.4444444444444444,0.5818965517241379,0.2814814814814815,0.3275862068965517,0.24675324675324675
1311,15,0.1,5,0.1,0.3,log2,0.6480413601113542,0.5958904109589042,0.71900826446281,0.5087719298245614,0.6735751295336787,0.29213483146067415,0.24528301886792453,0.3611111111111111,0.5905172413793104,0.25196850393700787,0.32,0.2077922077922078
1312,15,0.1,5,0.1,0.4,sqrt,0.6856233843706502,0.6306937631394534,0.7867132867132867,0.5263157894736842,0.6994818652849741,0.275,0.25,0.3055555555555556,0.7327586206896551,0.5571428571428572,0.6190476190476191,0.5064935064935064
1313,15,0.1,5,0.1,0.4,log2,0.6754822032213164,0.6707021791767555,0.6951066499372648,0.6479532163742691,0.6424870466321243,0.28865979381443296,0.22950819672131148,0.3888888888888889,0.6422413793103449,0.5088757396449705,0.4673913043478261,0.5584415584415584
1314,15,0.1,5,0.1,0.5,sqrt,0.7289719626168224,0.7386385426653883,0.7267924528301887,0.7508771929824561,0.6580310880829016,0.32653061224489793,0.25806451612903225,0.4444444444444444,0.6551724137931034,0.5238095238095238,0.4835164835164835,0.5714285714285714
1315,15,0.1,5,0.1,0.5,log2,0.7486577848478823,0.7346767422334173,0.7958162801273306,0.682261208576998,0.689119170984456,0.3181818181818182,0.2692307692307692,0.3888888888888889,0.6594827586206896,0.5269461077844312,0.4888888888888889,0.5714285714285714
1316,15,0.1,5,0.1,0.6,sqrt,0.727580035792404,0.6995614035087719,0.7994987468671679,0.621832358674464,0.6787564766839378,0.24390243902439024,0.21739130434782608,0.2777777777777778,0.7801724137931034,0.7085714285714285,0.6326530612244898,0.8051948051948052
1317,15,0.1,5,0.1,0.6,log2,0.7013322728176575,0.6714785651793526,0.7648231190832088,0.5984405458089669,0.689119170984456,0.25,0.22727272727272727,0.2777777777777778,0.6637931034482759,0.5063291139240507,0.49382716049382713,0.5194805194805194
1318,15,0.1,5,0.1,0.7,sqrt,0.7144561543050308,0.6852257781674704,0.7826740110165248,0.6093567251461989,0.7150259067357513,0.2857142857142857,0.2682926829268293,0.3055555555555556,0.6939655172413793,0.5359477124183006,0.5394736842105263,0.5324675324675324
1319,15,0.1,5,0.1,0.7,log2,0.7313581228872539,0.7061126821840331,0.7987204724409449,0.632748538011696,0.7357512953367875,0.41379310344827586,0.35294117647058826,0.5,0.6637931034482759,0.5125,0.4939759036144578,0.5324675324675324
1320,15,0.1,6,0.05,0.3,sqrt,0.7299661960628355,0.7069486404833837,0.791686805219913,0.6385964912280702,0.7098445595854922,0.3170731707317073,0.2826086956521739,0.3611111111111111,0.6896551724137931,0.5324675324675324,0.5324675324675324,0.5324675324675324
1321,15,0.1,6,0.05,0.3,log2,0.7578047325512031,0.743578947368421,0.8082379862700229,0.6884990253411306,0.7150259067357513,0.35294117647058826,0.30612244897959184,0.4166666666666667,0.7758620689655172,0.7142857142857143,0.6190476190476191,0.8441558441558441
1322,15,0.1,6,0.05,0.4,sqrt,0.7401073772121695,0.7128103713469567,0.8167170191339376,0.6323586744639377,0.7305699481865285,0.36585365853658536,0.32608695652173914,0.4166666666666667,0.7112068965517241,0.54421768707483,0.5714285714285714,0.5194805194805194
1323,15,0.1,6,0.05,0.4,log2,0.7540266454563531,0.7355142185161428,0.8143939393939394,0.6705653021442495,0.7150259067357513,0.32098765432098764,0.28888888888888886,0.3611111111111111,0.6939655172413793,0.5419354838709678,0.5384615384615384,0.5454545454545454
1324,15,0.1,6,0.05,0.5,sqrt,0.7755020878902367,0.7558918918918919,0.8485436893203884,0.6814814814814815,0.7046632124352331,0.27848101265822783,0.2558139534883721,0.3055555555555556,0.625,0.304,0.3958333333333333,0.24675324675324675
1325,15,0.1,6,0.05,0.5,log2,0.7576058858620004,0.7439613526570048,0.8064663023679417,0.690448343079922,0.6994818652849741,0.30952380952380953,0.2708333333333333,0.3611111111111111,0.6939655172413793,0.5419354838709678,0.5384615384615384,0.5454545454545454
1326,15,0.1,6,0.05,0.6,sqrt,0.7623782064028634,0.7460148777895855,0.8200934579439252,0.6842105263157895,0.7253886010362695,0.345679012345679,0.3111111111111111,0.3888888888888889,0.7801724137931034,0.711864406779661,0.63,0.8181818181818182
1327,15,0.1,6,0.05,0.6,log2,0.8262079936369059,0.8196450680973999,0.870670758439281,0.7742690058479532,0.7357512953367875,0.35443037974683544,0.32558139534883723,0.3888888888888889,0.7758620689655172,0.6790123456790124,0.6470588235294118,0.7142857142857143
1328,15,0.1,6,0.05,0.7,sqrt,0.8297872340425532,0.8276278695126863,0.855893377759267,0.8011695906432749,0.7305699481865285,0.3333333333333333,0.30952380952380953,0.3611111111111111,0.6767241379310345,0.5454545454545454,0.5113636363636364,0.5844155844155844
1329,15,0.1,6,0.05,0.7,log2,0.8015510041757805,0.7974015428339424,0.8318509106310885,0.765692007797271,0.694300518134715,0.2716049382716049,0.24444444444444444,0.3055555555555556,0.6724137931034483,0.5365853658536586,0.5057471264367817,0.5714285714285714
1330,15,0.1,6,0.1,0.3,sqrt,0.672499502883277,0.6668015375278171,0.6930193439865433,0.642495126705653,0.6373056994818653,0.2708333333333333,0.21666666666666667,0.3611111111111111,0.646551724137931,0.5119047619047619,0.4725274725274725,0.5584415584415584
1331,15,0.1,6,0.1,0.3,log2,0.6717041161264665,0.6507298497990268,0.7113783533765032,0.5996101364522417,0.6269430051813472,0.3076923076923077,0.23529411764705882,0.4444444444444444,0.5646551724137931,0.26277372262773724,0.3,0.23376623376623376
1332,15,0.1,6,0.1,0.4,sqrt,0.6764764366673295,0.630814613115498,0.754614549402823,0.5419103313840156,0.694300518134715,0.2891566265060241,0.2553191489361702,0.3333333333333333,0.6896551724137931,0.52,0.5342465753424658,0.5064935064935064
1333,15,0.1,6,0.1,0.4,log2,0.6504275203817856,0.6382716049382716,0.6758169934640523,0.6046783625730994,0.5492227979274611,0.2018348623853211,0.1506849315068493,0.3055555555555556,0.5603448275862069,0.2608695652173913,0.29508196721311475,0.23376623376623376
1334,15,0.1,6,0.1,0.5,sqrt,0.7524358719427322,0.7379499052830983,0.8019213174748399,0.6834307992202729,0.7098445595854922,0.391304347826087,0.32142857142857145,0.5,0.6896551724137931,0.55,0.5301204819277109,0.5714285714285714
1335,15,0.1,6,0.1,0.5,log2,0.7249950288327699,0.7021322420848589,0.7844080846968239,0.6354775828460039,0.694300518134715,0.3058823529411765,0.2653061224489796,0.3611111111111111,0.646551724137931,0.5060240963855421,0.47191011235955055,0.5454545454545454
1336,15,0.1,6,0.1,0.6,sqrt,0.7321535096440644,0.7013965861228109,0.8129496402877698,0.6167641325536063,0.7150259067357513,0.26666666666666666,0.2564102564102564,0.2777777777777778,0.7801724137931034,0.7085714285714285,0.6326530612244898,0.8051948051948052
1337,15,0.1,6,0.1,0.6,log2,0.7450785444422351,0.7191060473269062,0.8209104552276139,0.639766081871345,0.6994818652849741,0.23684210526315788,0.225,0.25,0.7155172413793104,0.5657894736842105,0.5733333333333334,0.5584415584415584
1338,15,0.1,6,0.1,0.7,sqrt,0.7243984887651621,0.698695652173913,0.7896805896805896,0.6265107212475634,0.694300518134715,0.2716049382716049,0.24444444444444444,0.3055555555555556,0.6853448275862069,0.5228758169934641,0.5263157894736842,0.5194805194805194
1339,15,0.1,6,0.1,0.7,log2,0.7333465897792801,0.7018012008005337,0.8167701863354038,0.6152046783625731,0.7253886010362695,0.3291139240506329,0.3023255813953488,0.3611111111111111,0.6724137931034483,0.5189873417721519,0.5061728395061729,0.5324675324675324
1340,15,0.1,7,0.05,0.3,sqrt,0.7128653807914098,0.6854030501089324,0.7767901234567901,0.6132553606237817,0.7098445595854922,0.3333333333333333,0.2916666666666667,0.3888888888888889,0.6767241379310345,0.5161290322580645,0.5128205128205128,0.5194805194805194
1341,15,0.1,7,0.05,0.3,log2,0.7245973354543647,0.7009285251565537,0.7855759922555663,0.632748538011696,0.7253886010362695,0.345679012345679,0.3111111111111111,0.3888888888888889,0.6896551724137931,0.5324675324675324,0.5324675324675324,0.5324675324675324
1342,15,0.1,7,0.05,0.4,sqrt,0.7711274607277789,0.7496193169458343,0.8479330708661418,0.6717348927875244,0.7305699481865285,0.3157894736842105,0.3,0.3333333333333333,0.6293103448275862,0.328125,0.4117647058823529,0.2727272727272727
1343,15,0.1,7,0.05,0.4,log2,0.7691389938357527,0.7545973367152822,0.8240997229916898,0.695906432748538,0.7150259067357513,0.32098765432098764,0.28888888888888886,0.3611111111111111,0.6853448275862069,0.535031847133758,0.525,0.5454545454545454
1344,15,0.1,7,0.05,0.5,sqrt,0.7621793597136608,0.7390924956369983,0.8390292223873205,0.6604288499025341,0.7150259067357513,0.26666666666666666,0.2564102564102564,0.2777777777777778,0.7198275862068966,0.5637583892617449,0.5833333333333334,0.5454545454545454
1345,15,0.1,7,0.05,0.5,log2,0.8065221714058461,0.8004102564102564,0.8445887445887446,0.7606237816764132,0.7305699481865285,0.35,0.3181818181818182,0.3888888888888889,0.7327586206896551,0.5921052631578947,0.6,0.5844155844155844
1346,15,0.1,7,0.05,0.6,sqrt,0.7677470670113342,0.7567680133277801,0.8122485471613768,0.7083820662768031,0.7202072538860104,0.325,0.29545454545454547,0.3611111111111111,0.75,0.6847826086956522,0.5887850467289719,0.8181818181818182
1347,15,0.1,7,0.05,0.6,log2,0.7830582620799363,0.7682175483322711,0.8440709617180205,0.7048732943469785,0.7202072538860104,0.2702702702702703,0.2631578947368421,0.2777777777777778,0.7844827586206896,0.7222222222222222,0.6310679611650486,0.8441558441558441
1348,15,0.1,7,0.05,0.7,sqrt,0.8258103002585007,0.8152678194854491,0.8879191548001837,0.7536062378167642,0.772020725388601,0.35294117647058826,0.375,0.3333333333333333,0.7155172413793104,0.56,0.5753424657534246,0.5454545454545454
1349,15,0.1,7,0.05,0.7,log2,0.8160668124875721,0.8105672742166701,0.8537532355478861,0.7715399610136452,0.7150259067357513,0.32098765432098764,0.28888888888888886,0.3611111111111111,0.8017241379310345,0.735632183908046,0.6597938144329897,0.8311688311688312
1350,15,0.1,7,0.1,0.3,sqrt,0.6637502485583615,0.6843382490199739,0.6565186246418339,0.7146198830409357,0.5595854922279793,0.2857142857142857,0.20481927710843373,0.4722222222222222,0.5086206896551724,0.27848101265822783,0.2716049382716049,0.2857142857142857
1351,15,0.1,7,0.1,0.3,log2,0.6510240604493935,0.6338410181514709,0.6817773788150808,0.5922027290448343,0.6373056994818653,0.3,0.234375,0.4166666666666667,0.5603448275862069,0.2608695652173913,0.29508196721311475,0.23376623376623376
1352,15,0.1,7,0.1,0.4,sqrt,0.6679260290316166,0.649748322147651,0.7031320926009986,0.6038986354775828,0.6373056994818653,0.3137254901960784,0.24242424242424243,0.4444444444444444,0.6508620689655172,0.5030674846625767,0.47674418604651164,0.5324675324675324
1353,15,0.1,7,0.1,0.4,log2,0.7176377013322728,0.7026800670016751,0.7589326096788783,0.6541910331384015,0.6632124352331606,0.3010752688172043,0.24561403508771928,0.3888888888888889,0.6939655172413793,0.5419354838709678,0.5384615384615384,0.5454545454545454
1354,15,0.1,7,0.1,0.5,sqrt,0.7240007953867568,0.6948109058927001,0.7967725668179526,0.6159844054580896,0.7253886010362695,0.3614457831325301,0.3191489361702128,0.4166666666666667,0.6982758620689655,0.5333333333333333,0.547945205479452,0.5194805194805194
1355,15,0.1,7,0.1,0.5,log2,0.7192284748458938,0.7293982368723649,0.7173011684885036,0.7419103313840156,0.6476683937823834,0.30612244897959184,0.24193548387096775,0.4166666666666667,0.7370689655172413,0.6839378238341969,0.5689655172413793,0.8571428571428571
1356,15,0.1,7,0.1,0.6,sqrt,0.669317955856035,0.6240108523626497,0.7427341227125942,0.5380116959064327,0.6839378238341969,0.26506024096385544,0.23404255319148937,0.3055555555555556,0.6681034482758621,0.5032258064516129,0.5,0.5064935064935064
1357,15,0.1,7,0.1,0.6,log2,0.7287731159276198,0.7007459412022817,0.8013045659809332,0.6226120857699805,0.7098445595854922,0.28205128205128205,0.2619047619047619,0.3055555555555556,0.6853448275862069,0.5290322580645161,0.5256410256410257,0.5324675324675324
1358,15,0.1,7,0.1,0.7,sqrt,0.7337442831576855,0.7174509390166702,0.7819687212511499,0.6627680311890838,0.689119170984456,0.3333333333333333,0.2777777777777778,0.4166666666666667,0.6508620689655172,0.5149700598802395,0.4777777777777778,0.5584415584415584
1359,15,0.1,7,0.1,0.7,log2,0.7329488964008749,0.7042501651618587,0.8092105263157895,0.623391812865497,0.6994818652849741,0.275,0.25,0.3055555555555556,0.7801724137931034,0.7085714285714285,0.6326530612244898,0.8051948051948052
1360,15,0.1,8,0.05,0.3,sqrt,0.723404255319149,0.6955570146640403,0.7929141716566867,0.6194931773879142,0.7098445595854922,0.3,0.2727272727272727,0.3333333333333333,0.6853448275862069,0.535031847133758,0.525,0.5454545454545454
1361,15,0.1,8,0.05,0.3,log2,0.7098826804533704,0.6839939354559238,0.7694931773879142,0.6155945419103314,0.6787564766839378,0.2619047619047619,0.22916666666666666,0.3055555555555556,0.5818965517241379,0.24806201550387597,0.3076923076923077,0.2077922077922078
1362,15,0.1,8,0.05,0.4,sqrt,0.7586001193080135,0.7372294372294372,0.8287104622871047,0.6639376218323587,0.7202072538860104,0.325,0.29545454545454547,0.3611111111111111,0.7112068965517241,0.5620915032679739,0.5657894736842105,0.5584415584415584
1363,15,0.1,8,0.05,0.4,log2,0.7711274607277789,0.7628271172470636,0.8090034965034965,0.7216374269005847,0.7098445595854922,0.3170731707317073,0.2826086956521739,0.3611111111111111,0.7155172413793104,0.5714285714285714,0.5714285714285714,0.5714285714285714
1364,15,0.1,8,0.05,0.5,sqrt,0.780075561741897,0.7676470588235295,0.8323462414578587,0.712280701754386,0.7202072538860104,0.35714285714285715,0.3125,0.4166666666666667,0.771551724137931,0.7071823204419889,0.6153846153846154,0.8311688311688312
1365,15,0.1,8,0.05,0.5,log2,0.7745078544442235,0.7588260314759677,0.8348151614412728,0.6955165692007798,0.7046632124352331,0.2962962962962963,0.26666666666666666,0.3333333333333333,0.6594827586206896,0.5212121212121212,0.48863636363636365,0.5584415584415584
1366,15,0.1,8,0.05,0.6,sqrt,0.7914098230264466,0.7796681369460198,0.8451730418943534,0.7235867446393762,0.7357512953367875,0.37037037037037035,0.3333333333333333,0.4166666666666667,0.6379310344827587,0.3333333333333333,0.42857142857142855,0.2727272727272727
1367,15,0.1,8,0.05,0.6,log2,0.7854444223503678,0.7687031082529475,0.8538095238095238,0.6990253411306043,0.7202072538860104,0.3076923076923077,0.2857142857142857,0.3333333333333333,0.6422413793103449,0.336,0.4375,0.2727272727272727
1368,15,0.1,8,0.05,0.7,sqrt,0.7874328892423941,0.7802672147995889,0.8252173913043478,0.7399610136452242,0.7202072538860104,0.4,0.3333333333333333,0.5,0.7586206896551724,0.6989247311827957,0.5963302752293578,0.8441558441558441
1369,15,0.1,8,0.05,0.7,log2,0.8232252932988666,0.8171158197901667,0.8649825783972126,0.7742690058479532,0.7305699481865285,0.35,0.3181818181818182,0.3888888888888889,0.6637931034482759,0.36065573770491804,0.4888888888888889,0.2857142857142857
1370,15,0.1,8,0.1,0.3,sqrt,0.6609663949095248,0.6447176495103146,0.6924798567591763,0.6031189083820663,0.6269430051813472,0.3076923076923077,0.23529411764705882,0.4444444444444444,0.5732758620689655,0.26666666666666666,0.3103448275862069,0.23376623376623376
1371,15,0.1,8,0.1,0.3,log2,0.6750845098429111,0.6536668079694786,0.716209939619136,0.6011695906432749,0.6217616580310881,0.3047619047619048,0.2318840579710145,0.4444444444444444,0.5603448275862069,0.2608695652173913,0.29508196721311475,0.23376623376623376
1372,15,0.1,8,0.1,0.4,sqrt,0.7150526943726387,0.7242639984606504,0.7150455927051672,0.7337231968810917,0.6424870466321243,0.30303030303030304,0.23809523809523808,0.4166666666666667,0.6379310344827587,0.5116279069767442,0.4631578947368421,0.5714285714285714
1373,15,0.1,8,0.1,0.4,log2,0.6832372241002187,0.6762853078642552,0.7062818336162988,0.6487329434697856,0.6476683937823834,0.2608695652173913,0.21428571428571427,0.3333333333333333,0.6724137931034483,0.5308641975308642,0.5058823529411764,0.5584415584415584
1374,15,0.1,8,0.1,0.5,sqrt,0.7281765758600119,0.740360873694207,0.7218518518518519,0.7598440545808967,0.6632124352331606,0.3434343434343434,0.2698412698412698,0.4722222222222222,0.6551724137931034,0.5294117647058824,0.4838709677419355,0.5844155844155844
1375,15,0.1,8,0.1,0.5,log2,0.7098826804533704,0.7194770236492982,0.7097875569044007,0.7294346978557504,0.6321243523316062,0.3238095238095238,0.2463768115942029,0.4722222222222222,0.6422413793103449,0.5146198830409356,0.46808510638297873,0.5714285714285714
1376,15,0.1,8,0.1,0.6,sqrt,0.7257904155895805,0.6979189485213582,0.7965,0.6210526315789474,0.7098445595854922,0.28205128205128205,0.2619047619047619,0.3055555555555556,0.771551724137931,0.7005649717514124,0.62,0.8051948051948052
1377,15,0.1,8,0.1,0.6,log2,0.723404255319149,0.6967516895574449,0.7903066271018794,0.6230019493177388,0.7202072538860104,0.35714285714285715,0.3125,0.4166666666666667,0.6853448275862069,0.535031847133758,0.525,0.5454545454545454
1378,15,0.1,8,0.1,0.7,sqrt,0.7335454364684828,0.7081881533101045,0.8021706956092748,0.6339181286549708,0.6994818652849741,0.275,0.25,0.3055555555555556,0.6810344827586207,0.5256410256410257,0.5189873417721519,0.5324675324675324
1379,15,0.1,8,0.1,0.7,log2,0.7216146351163253,0.7003424657534246,0.7764594209776934,0.6378167641325536,0.6839378238341969,0.2988505747126437,0.2549019607843137,0.3611111111111111,0.7844827586206896,0.7093023255813954,0.6421052631578947,0.7922077922077922
1380,15,0.1,9,0.05,0.3,sqrt,0.7236031020083515,0.6945054945054945,0.7959697732997482,0.6159844054580896,0.7098445595854922,0.3,0.2727272727272727,0.3333333333333333,0.7844827586206896,0.7126436781609196,0.6391752577319587,0.8051948051948052
1381,15,0.1,9,0.05,0.3,log2,0.7186319347782859,0.6962867568147671,0.7745940783190067,0.6323586744639377,0.694300518134715,0.3058823529411765,0.2653061224489796,0.3611111111111111,0.6724137931034483,0.5128205128205128,0.5063291139240507,0.5194805194805194
1382,15,0.1,9,0.05,0.4,sqrt,0.7424935374826009,0.7213255863998278,0.8049951969260326,0.653411306042885,0.6994818652849741,0.275,0.25,0.3055555555555556,0.6982758620689655,0.5394736842105263,0.5466666666666666,0.5324675324675324
1383,15,0.1,9,0.05,0.4,log2,0.7436866176178166,0.7263850562513267,0.7972972972972973,0.6670565302144249,0.6787564766839378,0.27906976744186046,0.24,0.3333333333333333,0.5905172413793104,0.2748091603053435,0.3333333333333333,0.23376623376623376
1384,15,0.1,9,0.05,0.5,sqrt,0.7651620600517002,0.7484558040468584,0.8248826291079813,0.684990253411306,0.694300518134715,0.3058823529411765,0.2653061224489796,0.3611111111111111,0.5991379310344828,0.2900763358778626,0.35185185185185186,0.24675324675324675
1385,15,0.1,9,0.05,0.5,log2,0.7633724398488765,0.7415291051259774,0.8371750858263854,0.6654970760233918,0.7305699481865285,0.3157894736842105,0.3,0.3333333333333333,0.7844827586206896,0.7159090909090909,0.6363636363636364,0.8181818181818182
1386,15,0.1,9,0.05,0.6,sqrt,0.7711274607277789,0.7562989625238196,0.8276181649675626,0.6962962962962963,0.7253886010362695,0.29333333333333333,0.28205128205128205,0.3055555555555556,0.625,0.304,0.3958333333333333,0.24675324675324675
1387,15,0.1,9,0.05,0.6,log2,0.7969775303241201,0.795267696009625,0.8187448389760529,0.7730994152046784,0.6683937823834197,0.28888888888888886,0.24074074074074073,0.3611111111111111,0.6508620689655172,0.5263157894736842,0.4787234042553192,0.5844155844155844
1388,15,0.1,9,0.05,0.7,sqrt,0.7725193875521973,0.7627540439651597,0.8147984049623394,0.7169590643274854,0.7202072538860104,0.37209302325581395,0.32,0.4444444444444444,0.6163793103448276,0.32061068702290074,0.3888888888888889,0.2727272727272727
1389,15,0.1,9,0.05,0.7,log2,0.7999602306621595,0.793429158110883,0.838177874186551,0.7532163742690059,0.7202072538860104,0.35714285714285715,0.3125,0.4166666666666667,0.6810344827586207,0.5375,0.5180722891566265,0.5584415584415584
1390,15,0.1,9,0.1,0.3,sqrt,0.6430701928812885,0.6316437512825774,0.6668110918544194,0.6,0.5595854922279793,0.22018348623853212,0.1643835616438356,0.3333333333333333,0.5387931034482759,0.2517482517482518,0.2727272727272727,0.23376623376623376
1391,15,0.1,9,0.1,0.3,log2,0.6484390534897594,0.6344086021505376,0.6754733597534126,0.5980506822612086,0.5699481865284974,0.20952380952380953,0.15942028985507245,0.3055555555555556,0.5431034482758621,0.2535211267605634,0.27692307692307694,0.23376623376623376
1392,15,0.1,9,0.1,0.4,sqrt,0.7033207397096838,0.6829579260518487,0.7505838393274171,0.6265107212475634,0.6632124352331606,0.25287356321839083,0.21568627450980393,0.3055555555555556,0.6853448275862069,0.5228758169934641,0.5263157894736842,0.5194805194805194
1393,15,0.1,9,0.1,0.4,log2,0.7033207397096838,0.6991935483870968,0.7240083507306889,0.6760233918128655,0.6580310880829016,0.3125,0.25,0.4166666666666667,0.6724137931034483,0.5421686746987951,0.5056179775280899,0.5844155844155844
1394,15,0.1,9,0.1,0.5,sqrt,0.7178365480214755,0.6905125408942203,0.7836633663366337,0.6171539961013646,0.7098445595854922,0.3333333333333333,0.2916666666666667,0.3888888888888889,0.6724137931034483,0.5189873417721519,0.5061728395061729,0.5324675324675324
1395,15,0.1,9,0.1,0.5,log2,0.7110757605885862,0.6870557828989877,0.7675649663137633,0.621832358674464,0.6787564766839378,0.29545454545454547,0.25,0.3611111111111111,0.6594827586206896,0.5031446540880503,0.4878048780487805,0.5194805194805194
1396,15,0.1,9,0.1,0.6,sqrt,0.7355339033605091,0.7053610988037218,0.8168291431503335,0.6206627680311891,0.7305699481865285,0.3333333333333333,0.30952380952380953,0.3611111111111111,0.6939655172413793,0.5419354838709678,0.5384615384615384,0.5454545454545454
1397,15,0.1,9,0.1,0.6,log2,0.7140584609266256,0.6863001745200699,0.779098563645369,0.6132553606237817,0.694300518134715,0.3058823529411765,0.2653061224489796,0.3611111111111111,0.6767241379310345,0.5222929936305732,0.5125,0.5324675324675324
1398,15,0.1,9,0.1,0.7,sqrt,0.7383177570093458,0.7224799662589625,0.7868626550298576,0.6678362573099416,0.6994818652849741,0.3409090909090909,0.28846153846153844,0.4166666666666667,0.7198275862068966,0.656084656084656,0.5535714285714286,0.8051948051948052
1399,15,0.1,9,0.1,0.7,log2,0.7080930602505469,0.6851136851136851,0.7615641392465426,0.6226120857699805,0.6787564766839378,0.2619047619047619,0.22916666666666666,0.3055555555555556,0.6724137931034483,0.5128205128205128,0.5063291139240507,0.5194805194805194
1400,15,0.15,3,0.05,0.3,sqrt,0.7460727778882481,0.7377284863421647,0.7795138888888888,0.7001949317738791,0.7202072538860104,0.34146341463414637,0.30434782608695654,0.3888888888888889,0.6853448275862069,0.535031847133758,0.525,0.5454545454545454
1401,15,0.15,3,0.05,0.3,log2,0.723404255319149,0.6943528894748406,0.7955689828801611,0.6159844054580896,0.7098445595854922,0.28205128205128205,0.2619047619047619,0.3055555555555556,0.6939655172413793,0.5359477124183006,0.5394736842105263,0.5324675324675324
1402,15,0.15,3,0.05,0.4,sqrt,0.7283754225492145,0.7034303082935301,0.7937285644292014,0.631578947368421,0.6994818652849741,0.32558139534883723,0.28,0.3888888888888889,0.6853448275862069,0.5228758169934641,0.5263157894736842,0.5194805194805194
1403,15,0.15,3,0.05,0.4,log2,0.7434877709286141,0.7248293515358362,0.8002826189354687,0.6623781676413255,0.6994818652849741,0.275,0.25,0.3055555555555556,0.6120689655172413,0.296875,0.37254901960784315,0.24675324675324675
1404,15,0.15,3,0.05,0.5,sqrt,0.7325512030224697,0.7027624309392265,0.8112244897959183,0.6198830409356725,0.6994818652849741,0.275,0.25,0.3055555555555556,0.771551724137931,0.7005649717514124,0.62,0.8051948051948052
1405,15,0.15,3,0.05,0.5,log2,0.754623185523961,0.7482660138718891,0.7847667950363714,0.715009746588694,0.6839378238341969,0.3146067415730337,0.2641509433962264,0.3888888888888889,0.6724137931034483,0.5421686746987951,0.5056179775280899,0.5844155844155844
1406,15,0.15,3,0.05,0.6,sqrt,0.7287731159276198,0.7012702584318878,0.8000999500249875,0.6241715399610136,0.6994818652849741,0.2564102564102564,0.23809523809523808,0.2777777777777778,0.5991379310344828,0.2677165354330709,0.34,0.22077922077922077
1407,15,0.15,3,0.05,0.6,log2,0.7510439451183137,0.7324786324786324,0.810401891252955,0.6682261208576998,0.6787564766839378,0.32608695652173914,0.26785714285714285,0.4166666666666667,0.6767241379310345,0.5341614906832298,0.5119047619047619,0.5584415584415584
1408,15,0.15,3,0.05,0.7,sqrt,0.727580035792404,0.7032062391681109,0.7913213066796685,0.632748538011696,0.7046632124352331,0.3132530120481928,0.2765957446808511,0.3611111111111111,0.7672413793103449,0.6931818181818182,0.6161616161616161,0.7922077922077922
1409,15,0.15,3,0.05,0.7,log2,0.7496520182938954,0.7226261291033267,0.8308004052684904,0.6393762183235867,0.7305699481865285,0.3333333333333333,0.30952380952380953,0.3611111111111111,0.728448275862069,0.5714285714285714,0.6,0.5454545454545454
1410,15,0.15,3,0.1,0.3,sqrt,0.685225690992245,0.6865967135220749,0.6975060337892196,0.6760233918128655,0.6321243523316062,0.26804123711340205,0.21311475409836064,0.3611111111111111,0.6422413793103449,0.5088757396449705,0.4673913043478261,0.5584415584415584
1411,15,0.15,3,0.1,0.3,log2,0.6878106979518791,0.6762886597938145,0.7177242888402626,0.6393762183235867,0.694300518134715,0.4158415841584158,0.3230769230769231,0.5833333333333334,0.5172413793103449,0.2112676056338028,0.23076923076923078,0.19480519480519481
1412,15,0.15,3,0.1,0.4,sqrt,0.6828395307218135,0.6775823731554478,0.7036104114189756,0.653411306042885,0.6424870466321243,0.2736842105263158,0.22033898305084745,0.3611111111111111,0.6637931034482759,0.5185185185185185,0.49411764705882355,0.5454545454545454
1413,15,0.15,3,0.1,0.4,log2,0.6663352555179957,0.6530190239867659,0.695288419198591,0.6155945419103314,0.6476683937823834,0.2608695652173913,0.21428571428571427,0.3333333333333333,0.6681034482758621,0.5217391304347826,0.5,0.5454545454545454
1414,15,0.15,3,0.1,0.5,sqrt,0.7337442831576855,0.7132148211608481,0.7913498098859315,0.6491228070175439,0.689119170984456,0.2682926829268293,0.2391304347826087,0.3055555555555556,0.6939655172413793,0.5359477124183006,0.5394736842105263,0.5324675324675324
1415,15,0.15,3,0.1,0.5,log2,0.7168423145754623,0.7268891446106636,0.715364288410721,0.7387914230019493,0.6424870466321243,0.3300970873786408,0.2537313432835821,0.4722222222222222,0.646551724137931,0.5287356321839081,0.4742268041237113,0.5974025974025974
1416,15,0.15,3,0.1,0.6,sqrt,0.7283754225492145,0.6984547461368653,0.805089058524173,0.6167641325536063,0.6994818652849741,0.23684210526315788,0.225,0.25,0.6896551724137931,0.5263157894736842,0.5333333333333333,0.5194805194805194
1417,15,0.15,3,0.1,0.6,log2,0.7222111751839332,0.6939759036144578,0.792,0.6175438596491228,0.7098445595854922,0.3,0.2727272727272727,0.3333333333333333,0.6982758620689655,0.5394736842105263,0.5466666666666666,0.5324675324675324
1418,15,0.15,3,0.1,0.7,sqrt,0.719626168224299,0.6868058640604175,0.7981414558595766,0.602729044834308,0.6787564766839378,0.20512820512820512,0.19047619047619047,0.2222222222222222,0.7801724137931034,0.7085714285714285,0.6326530612244898,0.8051948051948052
1419,15,0.15,3,0.1,0.7,log2,0.713859614237423,0.6891337221862174,0.7727713178294574,0.621832358674464,0.689119170984456,0.3181818181818182,0.2692307692307692,0.3888888888888889,0.6853448275862069,0.5228758169934641,0.5263157894736842,0.5194805194805194
1420,15,0.15,4,0.05,0.3,sqrt,0.7206204016703122,0.693565976008724,0.7871287128712872,0.6198830409356725,0.7150259067357513,0.35294117647058826,0.30612244897959184,0.4166666666666667,0.6939655172413793,0.5359477124183006,0.5394736842105263,0.5324675324675324
1421,15,0.15,4,0.05,0.3,log2,0.7621793597136608,0.7385220813292523,0.840716774514684,0.6584795321637427,0.7305699481865285,0.3333333333333333,0.30952380952380953,0.3611111111111111,0.7931034482758621,0.7241379310344828,0.6494845360824743,0.8181818181818182
1422,15,0.15,4,0.05,0.4,sqrt,0.7516404851859216,0.7338589388450885,0.8092105263157895,0.6713450292397661,0.7046632124352331,0.2962962962962963,0.26666666666666666,0.3333333333333333,0.6853448275862069,0.535031847133758,0.525,0.5454545454545454
1423,15,0.15,4,0.05,0.4,log2,0.7283754225492145,0.7038161318300087,0.7928676111382511,0.632748538011696,0.7150259067357513,0.32098765432098764,0.28888888888888886,0.3611111111111111,0.6551724137931034,0.5061728395061729,0.4823529411764706,0.5324675324675324
1424,15,0.15,4,0.05,0.5,sqrt,0.7518393318751243,0.7381451951321863,0.7991821899136756,0.6857699805068226,0.7202072538860104,0.35714285714285715,0.3125,0.4166666666666667,0.6939655172413793,0.5534591194968553,0.5365853658536586,0.5714285714285714
1425,15,0.15,4,0.05,0.5,log2,0.7253927222111752,0.6988004362050163,0.7930693069306931,0.624561403508772,0.689119170984456,0.2682926829268293,0.2391304347826087,0.3055555555555556,0.5991379310344828,0.2677165354330709,0.34,0.22077922077922077
1426,15,0.15,4,0.05,0.6,sqrt,0.7731159276198051,0.754465246395524,0.8419788664745437,0.6834307992202729,0.7202072538860104,0.3076923076923077,0.2857142857142857,0.3333333333333333,0.6336206896551724,0.3089430894308943,0.41304347826086957,0.24675324675324675
1427,15,0.15,4,0.05,0.6,log2,0.7450785444422351,0.7216673903603995,0.8143067123958844,0.6479532163742691,0.6994818652849741,0.30952380952380953,0.2708333333333333,0.3611111111111111,0.6982758620689655,0.5394736842105263,0.5466666666666666,0.5324675324675324
1428,15,0.15,4,0.05,0.7,sqrt,0.7367269834957247,0.7105378224748579,0.8088601294176208,0.6335282651072125,0.7357512953367875,0.33766233766233766,0.3170731707317073,0.3611111111111111,0.6982758620689655,0.5333333333333333,0.547945205479452,0.5194805194805194
1429,15,0.15,4,0.05,0.7,log2,0.7729170809306025,0.7554603854389722,0.8380047505938242,0.6877192982456141,0.7098445595854922,0.3,0.2727272727272727,0.3333333333333333,0.6206896551724138,0.30158730158730157,0.3877551020408163,0.24675324675324675
1430,15,0.15,4,0.1,0.3,sqrt,0.6669317955856034,0.6438443546672337,0.7081384471468662,0.5902534113060429,0.6373056994818653,0.3,0.234375,0.4166666666666667,0.646551724137931,0.5,0.47126436781609193,0.5324675324675324
1431,15,0.15,4,0.1,0.3,log2,0.6681248757208192,0.6497376705141658,0.7036363636363636,0.6035087719298246,0.6476683937823834,0.3333333333333333,0.25757575757575757,0.4722222222222222,0.5689655172413793,0.2647058823529412,0.3050847457627119,0.23376623376623376
1432,15,0.15,4,0.1,0.4,sqrt,0.6953668721415789,0.6938449240607514,0.7117671176711767,0.6768031189083821,0.6373056994818653,0.3137254901960784,0.24242424242424243,0.4444444444444444,0.6637931034482759,0.5301204819277109,0.4943820224719101,0.5714285714285714
1433,15,0.15,4,0.1,0.4,log2,0.678862596937761,0.6720812182741117,0.701271186440678,0.645224171539961,0.6321243523316062,0.25263157894736843,0.2033898305084746,0.3333333333333333,0.6379310344827587,0.4878048780487805,0.45977011494252873,0.5194805194805194
1434,15,0.15,4,0.1,0.5,sqrt,0.7106780672101809,0.6815495732107683,0.7769461077844312,0.6070175438596491,0.6994818652849741,0.2926829268292683,0.2608695652173913,0.3333333333333333,0.6939655172413793,0.5359477124183006,0.5394736842105263,0.5324675324675324
1435,15,0.15,4,0.1,0.5,log2,0.7204215549811096,0.7117671176711767,0.7505404236921747,0.6768031189083821,0.6683937823834197,0.37254901960784315,0.2878787878787879,0.5277777777777778,0.6551724137931034,0.5121951219512195,0.4827586206896552,0.5454545454545454
1436,15,0.15,4,0.1,0.6,sqrt,0.719626168224299,0.7316330414921964,0.7147638527333581,0.749317738791423,0.6632124352331606,0.3434343434343434,0.2698412698412698,0.4722222222222222,0.6508620689655172,0.5263157894736842,0.4787234042553192,0.5844155844155844
1437,15,0.15,4,0.1,0.6,log2,0.7281765758600119,0.7010715066695823,0.7983067729083665,0.6249512670565303,0.6735751295336787,0.2222222222222222,0.2,0.25,0.6724137931034483,0.5189873417721519,0.5061728395061729,0.5324675324675324
1438,15,0.15,4,0.1,0.7,sqrt,0.725989262278783,0.7044187044187045,0.7830233667143538,0.6401559454191034,0.7150259067357513,0.32098765432098764,0.28888888888888886,0.3611111111111111,0.7543103448275862,0.6885245901639344,0.5943396226415094,0.8181818181818182
1439,15,0.15,4,0.1,0.7,log2,0.7313581228872539,0.7026194144838213,0.8068756319514662,0.6222222222222222,0.7150259067357513,0.2857142857142857,0.2682926829268293,0.3055555555555556,0.6982758620689655,0.5394736842105263,0.5466666666666666,0.5324675324675324
1440,15,0.15,5,0.05,0.3,sqrt,0.7200238616027043,0.73098968284295,0.7167478456350693,0.7458089668615985,0.6424870466321243,0.31683168316831684,0.24615384615384617,0.4444444444444444,0.6379310344827587,0.5116279069767442,0.4631578947368421,0.5714285714285714
1441,15,0.15,5,0.05,0.3,log2,0.7202227082919069,0.6978741679192614,0.7767686424474187,0.6335282651072125,0.689119170984456,0.2857142857142857,0.25,0.3333333333333333,0.6810344827586207,0.5194805194805194,0.5194805194805194,0.5194805194805194
1442,15,0.15,5,0.05,0.4,sqrt,0.7526347186319348,0.7302688638334779,0.82266731802638,0.6565302144249513,0.7512953367875648,0.4146341463414634,0.3695652173913043,0.4722222222222222,0.6982758620689655,0.5454545454545454,0.5454545454545454,0.5454545454545454
1443,15,0.15,5,0.05,0.4,log2,0.7200238616027043,0.6972043010752688,0.7774580335731415,0.6319688109161793,0.689119170984456,0.3023255813953488,0.26,0.3611111111111111,0.6724137931034483,0.5128205128205128,0.5063291139240507,0.5194805194805194
1444,15,0.15,5,0.05,0.5,sqrt,0.7597931994432293,0.7447168216398986,0.8131056760498385,0.6869395711500975,0.7150259067357513,0.3037974683544304,0.27906976744186046,0.3333333333333333,0.5818965517241379,0.2595419847328244,0.3148148148148148,0.22077922077922077
1445,15,0.15,5,0.05,0.5,log2,0.7695366872141579,0.7529311447452569,0.8306679209783632,0.6884990253411306,0.7150259067357513,0.32098765432098764,0.28888888888888886,0.3611111111111111,0.7068965517241379,0.5641025641025641,0.5569620253164557,0.5714285714285714
1446,15,0.15,5,0.05,0.6,sqrt,0.7876317359315967,0.777035490605428,0.8364044943820225,0.7255360623781676,0.7305699481865285,0.3953488372093023,0.34,0.4722222222222222,0.6853448275862069,0.546583850931677,0.5238095238095238,0.5714285714285714
1447,15,0.15,5,0.05,0.6,log2,0.729767349373633,0.7025607353906763,0.8008982035928144,0.6257309941520468,0.694300518134715,0.25316455696202533,0.23255813953488372,0.2777777777777778,0.6163793103448276,0.288,0.375,0.23376623376623376
1448,15,0.15,5,0.05,0.7,sqrt,0.7554185722807715,0.7388535031847133,0.8111888111888111,0.6783625730994152,0.7202072538860104,0.38636363636363635,0.3269230769230769,0.4722222222222222,0.6939655172413793,0.5359477124183006,0.5394736842105263,0.5324675324675324
1449,15,0.15,5,0.05,0.7,log2,0.759395506064824,0.7384349329874622,0.8287239204269772,0.6658869395711501,0.7305699481865285,0.3333333333333333,0.30952380952380953,0.3611111111111111,0.6594827586206896,0.5093167701863354,0.4880952380952381,0.5324675324675324
1450,15,0.15,5,0.1,0.3,sqrt,0.6367070988268045,0.6276747503566333,0.6575576430401366,0.6003898635477583,0.5699481865284974,0.2782608695652174,0.20253164556962025,0.4444444444444444,0.5344827586206896,0.25,0.26865671641791045,0.23376623376623376
1451,15,0.15,5,0.1,0.3,log2,0.659773314774309,0.6186761756184533,0.7221644120707597,0.541130604288499,0.6735751295336787,0.27586206896551724,0.23529411764705882,0.3333333333333333,0.6551724137931034,0.4936708860759494,0.48148148148148145,0.5064935064935064
1452,15,0.15,5,0.1,0.4,sqrt,0.7448796977530324,0.757695939565628,0.7347985347985349,0.7820662768031189,0.6217616580310881,0.3047619047619048,0.2318840579710145,0.4444444444444444,0.6379310344827587,0.5227272727272727,0.46464646464646464,0.5974025974025974
1453,15,0.15,5,0.1,0.4,log2,0.6655398687611851,0.6537669822972416,0.6925425207152203,0.6191033138401559,0.6476683937823834,0.2765957446808511,0.22413793103448276,0.3611111111111111,0.6681034482758621,0.5217391304347826,0.5,0.5454545454545454
1454,15,0.15,5,0.1,0.5,sqrt,0.7214157884271227,0.7355106664149519,0.7130307467057101,0.7594541910331384,0.6062176165803109,0.2692307692307692,0.20588235294117646,0.3888888888888889,0.6077586206896551,0.4972375690607735,0.4326923076923077,0.5844155844155844
1455,15,0.15,5,0.1,0.5,log2,0.7013322728176575,0.6606416629010393,0.7855991402471789,0.569980506822612,0.7202072538860104,0.325,0.29545454545454547,0.3611111111111111,0.7068965517241379,0.5342465753424658,0.5652173913043478,0.5064935064935064
1456,15,0.15,5,0.1,0.6,sqrt,0.7269834957247961,0.704667670466767,0.7859884836852208,0.6385964912280702,0.7046632124352331,0.2962962962962963,0.26666666666666666,0.3333333333333333,0.6724137931034483,0.525,0.5060240963855421,0.5454545454545454
1457,15,0.15,5,0.1,0.6,log2,0.7462716245774508,0.7329426538300544,0.7912336195210122,0.6826510721247563,0.689119170984456,0.2682926829268293,0.2391304347826087,0.3055555555555556,0.6853448275862069,0.546583850931677,0.5238095238095238,0.5714285714285714
1458,15,0.15,5,0.1,0.7,sqrt,0.7269834957247961,0.6946853457860797,0.8084886128364389,0.6089668615984406,0.7202072538860104,0.3076923076923077,0.2857142857142857,0.3333333333333333,0.7025862068965517,0.543046357615894,0.5540540540540541,0.5324675324675324
1459,15,0.15,5,0.1,0.7,log2,0.7369258301849274,0.7247763677969628,0.7769848349687779,0.6791423001949318,0.6994818652849741,0.3695652173913043,0.30357142857142855,0.4722222222222222,0.6379310344827587,0.5058823529411764,0.46236559139784944,0.5584415584415584
1460,15,0.15,6,0.05,0.3,sqrt,0.713263074169815,0.6894918173987942,0.77008177008177,0.6241715399610136,0.6839378238341969,0.2823529411764706,0.24489795918367346,0.3333333333333333,0.6853448275862069,0.5228758169934641,0.5263157894736842,0.5194805194805194
1461,15,0.15,6,0.05,0.3,log2,0.7450785444422351,0.7258340461933276,0.8038844149692089,0.661598440545809,0.7046632124352331,0.3870967741935484,0.3157894736842105,0.5,0.7198275862068966,0.5578231292517006,0.5857142857142857,0.5324675324675324
1462,15,0.15,6,0.05,0.4,sqrt,0.7534301053887453,0.7371767698177194,0.807710171853228,0.6779727095516569,0.7202072538860104,0.38636363636363635,0.3269230769230769,0.4722222222222222,0.6939655172413793,0.5419354838709678,0.5384615384615384,0.5454545454545454
1463,15,0.15,6,0.05,0.4,log2,0.7126665341022071,0.6886446886446886,0.7697495183044316,0.6230019493177388,0.6994818652849741,0.30952380952380953,0.2708333333333333,0.3611111111111111,0.5905172413793104,0.26356589147286824,0.3269230769230769,0.22077922077922077
1464,15,0.15,6,0.05,0.5,sqrt,0.7564128057267846,0.7372935878190007,0.819351763584366,0.6701754385964912,0.7098445595854922,0.2631578947368421,0.25,0.2777777777777778,0.6939655172413793,0.5359477124183006,0.5394736842105263,0.5324675324675324
1465,15,0.15,6,0.05,0.5,log2,0.7454762378206403,0.7205240174672489,0.8188585607940446,0.6432748538011696,0.7202072538860104,0.325,0.29545454545454547,0.3611111111111111,0.7068965517241379,0.5526315789473685,0.56,0.5454545454545454
1466,15,0.15,6,0.05,0.6,sqrt,0.7379200636309405,0.712979094076655,0.8075974346324618,0.6382066276803119,0.694300518134715,0.2716049382716049,0.24444444444444444,0.3055555555555556,0.6163793103448276,0.2764227642276423,0.3695652173913043,0.22077922077922077
1467,15,0.15,6,0.05,0.6,log2,0.7645655199840923,0.7525083612040134,0.8111762054979721,0.7017543859649122,0.6839378238341969,0.26506024096385544,0.23404255319148937,0.3055555555555556,0.6551724137931034,0.5238095238095238,0.4835164835164835,0.5714285714285714
1468,15,0.15,6,0.05,0.7,sqrt,0.7882282759992046,0.7794574446055084,0.8312720848056537,0.7337231968810917,0.6994818652849741,0.2926829268292683,0.2608695652173913,0.3333333333333333,0.7025862068965517,0.5605095541401274,0.55,0.5714285714285714
1469,15,0.15,6,0.05,0.7,log2,0.778484788228276,0.7729311047696698,0.8099102947458351,0.7391812865497076,0.689119170984456,0.2857142857142857,0.25,0.3333333333333333,0.6982758620689655,0.5569620253164557,0.5432098765432098,0.5714285714285714
1470,15,0.15,6,0.1,0.3,sqrt,0.6836349174786239,0.6596791443850267,0.7308056872037915,0.6011695906432749,0.6528497409326425,0.30927835051546393,0.2459016393442623,0.4166666666666667,0.5991379310344828,0.27906976744186046,0.34615384615384615,0.23376623376623376
1471,15,0.15,6,0.1,0.3,log2,0.6458540465301252,0.6497541789577188,0.6555555555555556,0.6440545808966862,0.6010362694300518,0.2803738317757009,0.2112676056338028,0.4166666666666667,0.6120689655172413,0.4827586206896552,0.4329896907216495,0.5454545454545454
1472,15,0.15,6,0.1,0.4,sqrt,0.6790614436269636,0.6527538726333907,0.728276524243879,0.5914230019493177,0.6321243523316062,0.2828282828282828,0.2222222222222222,0.3888888888888889,0.646551724137931,0.49382716049382713,0.47058823529411764,0.5194805194805194
1473,15,0.15,6,0.1,0.4,log2,0.6860210777490555,0.6810745303978994,0.7066219614417435,0.6573099415204678,0.6528497409326425,0.27956989247311825,0.22807017543859648,0.3611111111111111,0.6637931034482759,0.524390243902439,0.4942528735632184,0.5584415584415584
1474,15,0.15,6,0.1,0.5,sqrt,0.7269834957247961,0.6971100816236488,0.8028455284552846,0.6159844054580896,0.7357512953367875,0.37037037037037035,0.3333333333333333,0.4166666666666667,0.7068965517241379,0.5405405405405406,0.5633802816901409,0.5194805194805194
1475,15,0.15,6,0.1,0.5,log2,0.7281765758600119,0.7014632015723957,0.7974180734856008,0.6261208576998051,0.7202072538860104,0.3076923076923077,0.2857142857142857,0.3333333333333333,0.7801724137931034,0.711864406779661,0.63,0.8181818181818182
1476,15,0.15,6,0.1,0.6,sqrt,0.7243984887651621,0.692,0.8046511627906977,0.6070175438596491,0.6994818652849741,0.21621621621621623,0.21052631578947367,0.2222222222222222,0.7025862068965517,0.5369127516778524,0.5555555555555556,0.5194805194805194
1477,15,0.15,6,0.1,0.6,log2,0.6890037780870949,0.6356011183597391,0.7898089171974523,0.5317738791423002,0.6994818652849741,0.21621621621621623,0.21052631578947367,0.2222222222222222,0.7068965517241379,0.5342465753424658,0.5652173913043478,0.5064935064935064
1478,15,0.15,6,0.1,0.7,sqrt,0.7236031020083515,0.6976946498477599,0.7889818002951303,0.6253411306042885,0.7046632124352331,0.2962962962962963,0.26666666666666666,0.3333333333333333,0.6982758620689655,0.5454545454545454,0.5454545454545454,0.5454545454545454
1479,15,0.15,6,0.1,0.7,log2,0.7110757605885862,0.682126449354627,0.7771684945164506,0.6077972709551657,0.6994818652849741,0.2926829268292683,0.2608695652173913,0.3333333333333333,0.6120689655172413,0.296875,0.37254901960784315,0.24675324675324675
1480,15,0.15,7,0.05,0.3,sqrt,0.7426923841718035,0.7284934955937893,0.7887323943661971,0.6768031189083821,0.6787564766839378,0.3111111111111111,0.25925925925925924,0.3888888888888889,0.7758620689655172,0.7078651685393258,0.6237623762376238,0.8181818181818182
1481,15,0.15,7,0.05,0.3,log2,0.7051103599125075,0.6879865348201136,0.7472577696526508,0.6374269005847953,0.6632124352331606,0.2857142857142857,0.23636363636363636,0.3611111111111111,0.5775862068965517,0.26865671641791045,0.3157894736842105,0.23376623376623376
1482,15,0.15,7,0.05,0.4,sqrt,0.7241996420759594,0.6978871705510782,0.790720631786772,0.624561403508772,0.694300518134715,0.2891566265060241,0.2553191489361702,0.3333333333333333,0.6810344827586207,0.5194805194805194,0.5194805194805194,0.5194805194805194
1483,15,0.15,7,0.05,0.4,log2,0.7309604295088487,0.716411653741354,0.7747053490480508,0.6662768031189084,0.6839378238341969,0.2988505747126437,0.2549019607843137,0.3611111111111111,0.6724137931034483,0.5189873417721519,0.5061728395061729,0.5324675324675324
1484,15,0.15,7,0.05,0.5,sqrt,0.7699343805925631,0.7561643835616438,0.8229357798165138,0.6994152046783626,0.6994818652849741,0.2926829268292683,0.2608695652173913,0.3333333333333333,0.7025862068965517,0.543046357615894,0.5540540540540541,0.5324675324675324
1485,15,0.15,7,0.05,0.5,log2,0.7305627361304434,0.7038251366120218,0.8009950248756219,0.6276803118908382,0.7150259067357513,0.2857142857142857,0.2682926829268293,0.3055555555555556,0.6810344827586207,0.5256410256410257,0.5189873417721519,0.5324675324675324
1486,15,0.15,7,0.05,0.6,sqrt,0.7486577848478823,0.7265253137170056,0.8162372386971317,0.6545808966861598,0.7202072538860104,0.34146341463414637,0.30434782608695654,0.3888888888888889,0.7068965517241379,0.5584415584415584,0.5584415584415584,0.5584415584415584
1487,15,0.15,7,0.05,0.6,log2,0.7758997812686419,0.7661340527080307,0.8189884649511979,0.7196881091617934,0.7150259067357513,0.367816091954023,0.3137254901960784,0.4444444444444444,0.6206896551724138,0.3333333333333333,0.4,0.2857142857142857
1488,15,0.15,7,0.05,0.7,sqrt,0.794392523364486,0.7777300085984523,0.8667944417824629,0.7052631578947368,0.7046632124352331,0.2597402597402597,0.24390243902439024,0.2777777777777778,0.7672413793103449,0.6785714285714286,0.6263736263736264,0.7402597402597403
1489,15,0.15,7,0.05,0.7,log2,0.7365281368065222,0.7108880645865154,0.8072348860257681,0.6350877192982456,0.6994818652849741,0.2564102564102564,0.23809523809523808,0.2777777777777778,0.625,0.2926829268292683,0.391304347826087,0.23376623376623376
1490,15,0.15,7,0.1,0.3,sqrt,0.6474448200437463,0.6325388601036269,0.6752212389380531,0.5949317738791423,0.5854922279792746,0.23076923076923078,0.17647058823529413,0.3333333333333333,0.5431034482758621,0.2535211267605634,0.27692307692307694,0.23376623376623376
1491,15,0.15,7,0.1,0.3,log2,0.6637502485583615,0.663616471056296,0.677497969130788,0.6502923976608187,0.6321243523316062,0.3106796116504854,0.23880597014925373,0.4444444444444444,0.49137931034482757,0.1917808219178082,0.2028985507246377,0.18181818181818182
1492,15,0.15,7,0.1,0.4,sqrt,0.7226088685623384,0.7303305625362458,0.7243098159509203,0.7364522417153996,0.6528497409326425,0.30927835051546393,0.2459016393442623,0.4166666666666667,0.646551724137931,0.5176470588235295,0.4731182795698925,0.5714285714285714
1493,15,0.15,7,0.1,0.4,log2,0.7261881089679857,0.7435276587818961,0.7118402282453637,0.7781676413255361,0.6217616580310881,0.2912621359223301,0.22388059701492538,0.4166666666666667,0.603448275862069,0.4945054945054945,0.42857142857142855,0.5844155844155844
1494,15,0.15,7,0.1,0.5,sqrt,0.7319546629548618,0.712457337883959,0.7866227037211493,0.6510721247563352,0.7046632124352331,0.32941176470588235,0.2857142857142857,0.3888888888888889,0.7758620689655172,0.7142857142857143,0.6190476190476191,0.8441558441558441
1495,15,0.15,7,0.1,0.5,log2,0.7150526943726387,0.6928188638799572,0.7695238095238095,0.6300194931773879,0.6787564766839378,0.29545454545454547,0.25,0.3611111111111111,0.6681034482758621,0.5157232704402516,0.5,0.5324675324675324
1496,15,0.15,7,0.1,0.6,sqrt,0.7156492344402465,0.6923407917383821,0.772443590974556,0.6272904483430799,0.689119170984456,0.3023255813953488,0.26,0.3611111111111111,0.7629310344827587,0.6927374301675978,0.6078431372549019,0.8051948051948052
1497,15,0.15,7,0.1,0.6,log2,0.7210180950487174,0.7337255646232682,0.7148668639053254,0.7536062378167642,0.6476683937823834,0.3333333333333333,0.25757575757575757,0.4722222222222222,0.646551724137931,0.5287356321839081,0.4742268041237113,0.5974025974025974
1498,15,0.15,7,0.1,0.7,sqrt,0.707496520182939,0.6811185779319315,0.76708984375,0.6124756335282651,0.6476683937823834,0.24444444444444444,0.2037037037037037,0.3055555555555556,0.6379310344827587,0.4939759036144578,0.4606741573033708,0.5324675324675324
1499,15,0.15,7,0.1,0.7,log2,0.7500497116723006,0.7256057629338573,0.8244047619047619,0.6479532163742691,0.6994818652849741,0.2564102564102564,0.23809523809523808,0.2777777777777778,0.603448275862069,0.2923076923076923,0.3584905660377358,0.24675324675324675
1500,15,0.15,8,0.05,0.3,sqrt,0.7067011334261285,0.6809431105342851,0.7648202137998056,0.61364522417154,0.694300518134715,0.33707865168539325,0.2830188679245283,0.4166666666666667,0.6767241379310345,0.5161290322580645,0.5128205128205128,0.5194805194805194
1501,15,0.15,8,0.05,0.3,log2,0.7329488964008749,0.7226925459425976,0.7682177348551361,0.682261208576998,0.6787564766839378,0.3673469387755102,0.2903225806451613,0.5,0.5862068965517241,0.2835820895522388,0.3333333333333333,0.24675324675324675
1502,15,0.15,8,0.05,0.4,sqrt,0.736130443428117,0.7099453551912568,0.8079601990049752,0.6331384015594542,0.7098445595854922,0.3170731707317073,0.2826086956521739,0.3611111111111111,0.7801724137931034,0.7052023121387283,0.6354166666666666,0.7922077922077922
1503,15,0.15,8,0.05,0.4,log2,0.7804732551203023,0.7733990147783252,0.8166449934980494,0.7345029239766082,0.694300518134715,0.37894736842105264,0.3050847457627119,0.5,0.6982758620689655,0.5569620253164557,0.5432098765432098,0.5714285714285714
1504,15,0.15,8,0.05,0.5,sqrt,0.7393119904553589,0.7121844127332602,0.8150753768844221,0.6323586744639377,0.7202072538860104,0.2894736842105263,0.275,0.3055555555555556,0.6853448275862069,0.5290322580645161,0.5256410256410257,0.5324675324675324
1505,15,0.15,8,0.05,0.5,log2,0.7383177570093458,0.7116564417177914,0.8124062031015508,0.6331384015594542,0.694300518134715,0.2716049382716049,0.24444444444444444,0.3055555555555556,0.6896551724137931,0.5324675324675324,0.5324675324675324,0.5324675324675324
1506,15,0.15,8,0.05,0.6,sqrt,0.7484589381586797,0.7251792309363458,0.8189401373895977,0.650682261208577,0.6994818652849741,0.23684210526315788,0.225,0.25,0.7068965517241379,0.5466666666666666,0.5616438356164384,0.5324675324675324
1507,15,0.15,8,0.05,0.6,log2,0.7299661960628355,0.7029746281714786,0.8006975585450922,0.6265107212475634,0.7098445595854922,0.2631578947368421,0.25,0.2777777777777778,0.6206896551724138,0.2903225806451613,0.3829787234042553,0.23376623376623376
1508,15,0.15,8,0.05,0.7,sqrt,0.7699343805925631,0.7546129374337222,0.8274418604651163,0.6935672514619883,0.694300518134715,0.2891566265060241,0.2553191489361702,0.3333333333333333,0.6896551724137931,0.5443037974683544,0.5308641975308642,0.5584415584415584
1509,15,0.15,8,0.05,0.7,log2,0.7796778683634917,0.7701244813278009,0.823059866962306,0.7235867446393762,0.7150259067357513,0.32098765432098764,0.28888888888888886,0.3611111111111111,0.5948275862068966,0.27692307692307694,0.33962264150943394,0.23376623376623376
1510,15,0.15,8,0.1,0.3,sqrt,0.6633525551799563,0.6509997938569367,0.6907261592300963,0.6155945419103314,0.6424870466321243,0.25806451612903225,0.21052631578947367,0.3333333333333333,0.6637931034482759,0.5185185185185185,0.49411764705882355,0.5454545454545454
1511,15,0.15,8,0.1,0.3,log2,0.6448598130841121,0.6279166666666667,0.6742729306487696,0.5875243664717349,0.6217616580310881,0.27722772277227725,0.2153846153846154,0.3888888888888889,0.5646551724137931,0.24060150375939848,0.2857142857142857,0.2077922077922078
1512,15,0.15,8,0.1,0.4,sqrt,0.6949691787631735,0.6915963007639726,0.7139892071398921,0.6705653021442495,0.6632124352331606,0.3010752688172043,0.24561403508771928,0.3888888888888889,0.6681034482758621,0.5157232704402516,0.5,0.5324675324675324
1513,15,0.15,8,0.1,0.4,log2,0.7285742692384172,0.7135362014690452,0.7727272727272727,0.6627680311890838,0.6735751295336787,0.3076923076923077,0.2545454545454545,0.3888888888888889,0.6681034482758621,0.5157232704402516,0.5,0.5324675324675324
1514,15,0.15,8,0.1,0.5,sqrt,0.7140584609266256,0.6782997762863535,0.7958005249343832,0.5910331384015595,0.7202072538860104,0.325,0.29545454545454547,0.3611111111111111,0.7112068965517241,0.54421768707483,0.5714285714285714,0.5194805194805194
1515,15,0.15,8,0.1,0.5,log2,0.7134619208590177,0.7089476873358918,0.7355406538139145,0.6842105263157895,0.6113989637305699,0.2857142857142857,0.21739130434782608,0.4166666666666667,0.7025862068965517,0.649746192893401,0.5333333333333333,0.8311688311688312
1516,15,0.15,8,0.1,0.6,sqrt,0.715450387751044,0.6923242313480972,0.7718120805369127,0.6276803118908382,0.6735751295336787,0.2222222222222222,0.2,0.25,0.6724137931034483,0.5189873417721519,0.5061728395061729,0.5324675324675324
1517,15,0.15,8,0.1,0.6,log2,0.7243984887651621,0.7066045723962744,0.7730430754979157,0.650682261208577,0.6528497409326425,0.27956989247311825,0.22807017543859648,0.3611111111111111,0.6724137931034483,0.525,0.5060240963855421,0.5454545454545454
1518,15,0.15,8,0.1,0.7,sqrt,0.7331477430900776,0.7367595135347195,0.7414133438610343,0.7321637426900585,0.6476683937823834,0.2608695652173913,0.21428571428571427,0.3333333333333333,0.6508620689655172,0.5263157894736842,0.4787234042553192,0.5844155844155844
1519,15,0.15,8,0.1,0.7,log2,0.7333465897792801,0.7054689215901603,0.8078470824949698,0.6261208576998051,0.7202072538860104,0.3076923076923077,0.2857142857142857,0.3333333333333333,0.6982758620689655,0.5454545454545454,0.5454545454545454,0.5454545454545454
1520,15,0.15,9,0.05,0.3,sqrt,0.7168423145754623,0.6953359007274283,0.7705073494547179,0.6335282651072125,0.6839378238341969,0.2988505747126437,0.2549019607843137,0.3611111111111111,0.6896551724137931,0.5324675324675324,0.5324675324675324,0.5324675324675324
1521,15,0.15,9,0.05,0.3,log2,0.7502485583615033,0.7440912795436023,0.7793427230046949,0.7118908382066277,0.6735751295336787,0.3076923076923077,0.2545454545454545,0.3888888888888889,0.6681034482758621,0.5157232704402516,0.5,0.5324675324675324
1522,15,0.15,9,0.05,0.4,sqrt,0.7309604295088487,0.7420400381315538,0.7261194029850746,0.7586744639376218,0.6269430051813472,0.28,0.21875,0.3888888888888889,0.6206896551724138,0.5,0.4444444444444444,0.5714285714285714
1523,15,0.15,9,0.05,0.4,log2,0.783257108769139,0.7715842414082146,0.8341640235613955,0.7177387914230019,0.7202072538860104,0.38636363636363635,0.3269230769230769,0.4722222222222222,0.7844827586206896,0.7222222222222222,0.6310679611650486,0.8441558441558441
1524,15,0.15,9,0.05,0.5,sqrt,0.7633724398488765,0.7446351931330472,0.8281622911694511,0.6764132553606238,0.7150259067357513,0.35294117647058826,0.30612244897959184,0.4166666666666667,0.7413793103448276,0.6808510638297872,0.5765765765765766,0.8311688311688312
1525,15,0.15,9,0.05,0.5,log2,0.7080930602505469,0.6849785407725322,0.7618138424821003,0.6222222222222222,0.6683937823834197,0.23809523809523808,0.20833333333333334,0.2777777777777778,0.6767241379310345,0.5161290322580645,0.5128205128205128,0.5194805194805194
1526,15,0.15,9,0.05,0.6,sqrt,0.7307615828196461,0.7000443066016836,0.8106721395587481,0.6159844054580896,0.7150259067357513,0.3037974683544304,0.27906976744186046,0.3333333333333333,0.6206896551724138,0.2903225806451613,0.3829787234042553,0.23376623376623376
1527,15,0.15,9,0.05,0.6,log2,0.7494531716046928,0.7321428571428571,0.8050490883590463,0.6713450292397661,0.6994818652849741,0.275,0.25,0.3055555555555556,0.6896551724137931,0.5263157894736842,0.5333333333333333,0.5194805194805194
1528,15,0.15,9,0.05,0.7,sqrt,0.7647643666732948,0.7483514145926399,0.8235018726591761,0.6857699805068226,0.7357512953367875,0.4,0.3469387755102041,0.4722222222222222,0.7844827586206896,0.7159090909090909,0.6363636363636364,0.8181818181818182
1529,15,0.15,9,0.05,0.7,log2,0.8053290912706303,0.7937644828312619,0.8634280476626948,0.7345029239766082,0.7253886010362695,0.273972602739726,0.2702702702702703,0.2777777777777778,0.6336206896551724,0.2975206611570248,0.4090909090909091,0.23376623376623376
1530,15,0.15,9,0.1,0.3,sqrt,0.6458540465301252,0.6339157245632066,0.6704347826086956,0.6011695906432749,0.5699481865284974,0.20952380952380953,0.15942028985507245,0.3055555555555556,0.6379310344827587,0.4939759036144578,0.4606741573033708,0.5324675324675324
1531,15,0.15,9,0.1,0.3,log2,0.664545635315172,0.6518059855521156,0.6925438596491228,0.6155945419103314,0.6424870466321243,0.25806451612903225,0.21052631578947367,0.3333333333333333,0.6637931034482759,0.5185185185185185,0.49411764705882355,0.5454545454545454
1532,15,0.15,9,0.1,0.4,sqrt,0.6772718234241399,0.6732434064827864,0.6960865945045795,0.6518518518518519,0.6373056994818653,0.2708333333333333,0.21666666666666667,0.3611111111111111,0.6551724137931034,0.5180722891566265,0.48314606741573035,0.5584415584415584
1533,15,0.15,9,0.1,0.4,log2,0.662954861801551,0.6222420325384443,0.7263267429760666,0.5442495126705653,0.6787564766839378,0.27906976744186046,0.24,0.3333333333333333,0.5818965517241379,0.2595419847328244,0.3148148148148148,0.22077922077922077
1534,15,0.15,9,0.1,0.5,sqrt,0.715450387751044,0.7281018430552917,0.7101556708673091,0.7469785575048733,0.6113989637305699,0.2857142857142857,0.21739130434782608,0.4166666666666667,0.5129310344827587,0.2802547770700637,0.275,0.2857142857142857
1535,15,0.15,9,0.1,0.5,log2,0.7446808510638298,0.7384928716904277,0.7731343283582089,0.70682261208577,0.6321243523316062,0.26804123711340205,0.21311475409836064,0.3611111111111111,0.646551724137931,0.5176470588235295,0.4731182795698925,0.5714285714285714
1536,15,0.15,9,0.1,0.6,sqrt,0.756213959037582,0.742436974789916,0.8050113895216401,0.6888888888888889,0.7046632124352331,0.2597402597402597,0.24390243902439024,0.2777777777777778,0.6896551724137931,0.5384615384615384,0.5316455696202531,0.5454545454545454
1537,15,0.15,9,0.1,0.6,log2,0.7295685026844303,0.6992481203007519,0.8078691875319366,0.6163742690058479,0.7202072538860104,0.3076923076923077,0.2857142857142857,0.3333333333333333,0.6206896551724138,0.2903225806451613,0.3829787234042553,0.23376623376623376
1538,15,0.15,9,0.1,0.7,sqrt,0.7711274607277789,0.7596575485487576,0.8178956834532374,0.7091617933723197,0.6839378238341969,0.32967032967032966,0.2727272727272727,0.4166666666666667,0.6896551724137931,0.55,0.5301204819277109,0.5714285714285714
1539,15,0.15,9,0.1,0.7,log2,0.7383177570093458,0.7190435525192144,0.7947144879660217,0.6565302144249513,0.7098445595854922,0.3170731707317073,0.2826086956521739,0.3611111111111111,0.6853448275862069,0.5290322580645161,0.5256410256410257,0.5324675324675324
1540,15,0.2,3,0.05,0.3,sqrt,0.7220123284947305,0.6778801843317972,0.8287323943661972,0.5734892787524366,0.7305699481865285,0.2972972972972973,0.2894736842105263,0.3055555555555556,0.7025862068965517,0.5369127516778524,0.5555555555555556,0.5194805194805194
1541,15,0.2,3,0.05,0.3,log2,0.7059057466693179,0.6806305333621248,0.7628267182962246,0.6144249512670565,0.6839378238341969,0.26506024096385544,0.23404255319148937,0.3055555555555556,0.6810344827586207,0.5194805194805194,0.5194805194805194,0.5194805194805194
1542,15,0.2,3,0.05,0.4,sqrt,0.7192284748458938,0.6951640759930915,0.7789066279632317,0.6276803118908382,0.689119170984456,0.3023255813953488,0.26,0.3611111111111111,0.6767241379310345,0.5161290322580645,0.5128205128205128,0.5194805194805194
1543,15,0.2,3,0.05,0.4,log2,0.7422946907933983,0.7203280103582218,0.8066698888351861,0.650682261208577,0.7305699481865285,0.36585365853658536,0.32608695652173914,0.4166666666666667,0.7025862068965517,0.5548387096774193,0.5512820512820513,0.5584415584415584
1544,15,0.2,3,0.05,0.5,sqrt,0.729767349373633,0.700990099009901,0.8045454545454546,0.6210526315789474,0.6994818652849741,0.275,0.25,0.3055555555555556,0.6939655172413793,0.5298013245033113,0.5405405405405406,0.5194805194805194
1545,15,0.2,3,0.05,0.5,log2,0.7112746072777888,0.6869340232858991,0.768451519536903,0.6210526315789474,0.6528497409326425,0.27956989247311825,0.22807017543859648,0.3611111111111111,0.5818965517241379,0.2706766917293233,0.32142857142857145,0.23376623376623376
1546,15,0.2,3,0.05,0.6,sqrt,0.7603897395108371,0.7463691854346454,0.8110704483074108,0.6912280701754386,0.694300518134715,0.23376623376623376,0.21951219512195122,0.25,0.6206896551724138,0.2903225806451613,0.3829787234042553,0.23376623376623376
1547,15,0.2,3,0.05,0.6,log2,0.7578047325512031,0.7292129835482437,0.8484221417485773,0.6393762183235867,0.7150259067357513,0.3037974683544304,0.27906976744186046,0.3333333333333333,0.6896551724137931,0.5384615384615384,0.5316455696202531,0.5454545454545454
1548,15,0.2,3,0.05,0.7,sqrt,0.7313581228872539,0.7031421665568007,0.8056394763343404,0.6237816764132553,0.7150259067357513,0.32098765432098764,0.28888888888888886,0.3611111111111111,0.6896551724137931,0.5263157894736842,0.5333333333333333,0.5194805194805194
1549,15,0.2,3,0.05,0.7,log2,0.7566116524159873,0.75,0.7876447876447876,0.7157894736842105,0.6994818652849741,0.3409090909090909,0.28846153846153844,0.4166666666666667,0.6982758620689655,0.5454545454545454,0.5454545454545454,0.5454545454545454
1550,15,0.2,3,0.1,0.3,sqrt,0.6382978723404256,0.6053373833803428,0.6824853228962818,0.543859649122807,0.7098445595854922,0.3333333333333333,0.2916666666666667,0.3888888888888889,0.5431034482758621,0.15873015873015872,0.20408163265306123,0.12987012987012986
1551,15,0.2,3,0.1,0.3,log2,0.6955657188307814,0.6825627202985693,0.728963684676705,0.6417153996101365,0.6994818652849741,0.40816326530612246,0.3225806451612903,0.5555555555555556,0.5043103448275862,0.1958041958041958,0.21212121212121213,0.18181818181818182
1552,15,0.2,3,0.1,0.4,sqrt,0.6760787432889243,0.654945986019911,0.7170686456400742,0.602729044834308,0.6735751295336787,0.29213483146067415,0.24528301886792453,0.3611111111111111,0.6810344827586207,0.5316455696202531,0.5185185185185185,0.5454545454545454
1553,15,0.2,3,0.1,0.4,log2,0.6850268443030424,0.6848388380421807,0.6993092238927265,0.6709551656920077,0.6787564766839378,0.3111111111111111,0.25925925925925924,0.3888888888888889,0.49137931034482757,0.1917808219178082,0.2028985507246377,0.18181818181818182
1554,15,0.2,3,0.1,0.5,sqrt,0.7226088685623384,0.7301218804410912,0.7246543778801844,0.735672514619883,0.6580310880829016,0.3125,0.25,0.4166666666666667,0.6594827586206896,0.5269461077844312,0.4888888888888889,0.5714285714285714
1555,15,0.2,3,0.1,0.5,log2,0.7180353947106781,0.697008547008547,0.7711583924349882,0.6358674463937621,0.6373056994818653,0.2553191489361702,0.20689655172413793,0.3333333333333333,0.7370689655172413,0.6702702702702703,0.5740740740740741,0.8051948051948052
1556,15,0.2,3,0.1,0.6,sqrt,0.719626168224299,0.6933449325793823,0.7840629611411707,0.6214424951267057,0.7150259067357513,0.32098765432098764,0.28888888888888886,0.3611111111111111,0.6767241379310345,0.5161290322580645,0.5128205128205128,0.5194805194805194
1557,15,0.2,3,0.1,0.6,log2,0.7315569695764566,0.7048535198950591,0.8023892483822798,0.6284600389863548,0.7046632124352331,0.2597402597402597,0.24390243902439024,0.2777777777777778,0.6939655172413793,0.5359477124183006,0.5394736842105263,0.5324675324675324
1558,15,0.2,3,0.1,0.7,sqrt,0.7226088685623384,0.6954813359528488,0.7901785714285714,0.6210526315789474,0.7046632124352331,0.2597402597402597,0.24390243902439024,0.2777777777777778,0.771551724137931,0.7005649717514124,0.62,0.8051948051948052
1559,15,0.2,3,0.1,0.7,log2,0.7257904155895805,0.6980512371359755,0.7962037962037962,0.6214424951267057,0.7098445595854922,0.3170731707317073,0.2826086956521739,0.3611111111111111,0.771551724137931,0.7005649717514124,0.62,0.8051948051948052
1560,15,0.2,4,0.05,0.3,sqrt,0.7216146351163253,0.6931170539237177,0.7916875312969455,0.6163742690058479,0.7046632124352331,0.32941176470588235,0.2857142857142857,0.3888888888888889,0.6896551724137931,0.5263157894736842,0.5333333333333333,0.5194805194805194
1561,15,0.2,4,0.05,0.3,log2,0.6480413601113542,0.6068414038205242,0.7052142488384099,0.5325536062378168,0.6476683937823834,0.24444444444444444,0.2037037037037037,0.3055555555555556,0.6637931034482759,0.5,0.4936708860759494,0.5064935064935064
1562,15,0.2,4,0.05,0.4,sqrt,0.6617617816663353,0.6503597122302158,0.6878260869565217,0.6167641325536063,0.6373056994818653,0.2708333333333333,0.21666666666666667,0.3611111111111111,0.6508620689655172,0.509090909090909,0.4772727272727273,0.5454545454545454
1563,15,0.2,4,0.05,0.4,log2,0.7442831576854245,0.7237972508591065,0.8058345289335246,0.6569200779727096,0.6839378238341969,0.2823529411764706,0.24489795918367346,0.3333333333333333,0.6982758620689655,0.5394736842105263,0.5466666666666666,0.5324675324675324
1564,15,0.2,4,0.05,0.5,sqrt,0.7536289520779479,0.7267916207276737,0.8365482233502538,0.642495126705653,0.7357512953367875,0.32,0.3076923076923077,0.3333333333333333,0.6982758620689655,0.5454545454545454,0.5454545454545454,0.5454545454545454
1565,15,0.2,4,0.05,0.5,log2,0.7490554782262875,0.7479025169796244,0.7668988119623106,0.7298245614035088,0.689119170984456,0.3181818181818182,0.2692307692307692,0.3888888888888889,0.6681034482758621,0.5157232704402516,0.5,0.5324675324675324
1566,15,0.2,4,0.05,0.6,sqrt,0.7550208789023662,0.7361884368308351,0.8166270783847981,0.6701754385964912,0.7046632124352331,0.32941176470588235,0.2857142857142857,0.3888888888888889,0.7155172413793104,0.56,0.5753424657534246,0.5454545454545454
1567,15,0.2,4,0.05,0.6,log2,0.7420958441041957,0.7183496199782845,0.8107843137254902,0.6448343079922028,0.7305699481865285,0.36585365853658536,0.32608695652173914,0.4166666666666667,0.6982758620689655,0.5333333333333333,0.547945205479452,0.5194805194805194
1568,15,0.2,4,0.05,0.7,sqrt,0.7444820043746272,0.7225221334484992,0.8097773475314618,0.6522417153996102,0.7150259067357513,0.32098765432098764,0.28888888888888886,0.3611111111111111,0.6939655172413793,0.5359477124183006,0.5394736842105263,0.5324675324675324
1569,15,0.2,4,0.05,0.7,log2,0.7617816663352556,0.7404679376083189,0.833252072159922,0.6662768031189084,0.7357512953367875,0.32,0.3076923076923077,0.3333333333333333,0.7974137931034483,0.7283236994219653,0.65625,0.8181818181818182
1570,15,0.2,4,0.1,0.3,sqrt,0.639093259097236,0.6255415721064576,0.6643295354951797,0.5910331384015595,0.5699481865284974,0.20952380952380953,0.15942028985507245,0.3055555555555556,0.5344827586206896,0.25,0.26865671641791045,0.23376623376623376
1571,15,0.2,4,0.1,0.3,log2,0.684629150924637,0.679077296641036,0.7059318468657972,0.6541910331384015,0.6373056994818653,0.2553191489361702,0.20689655172413793,0.3333333333333333,0.6637931034482759,0.524390243902439,0.4942528735632184,0.5584415584415584
1572,15,0.2,4,0.1,0.4,sqrt,0.6653410220719825,0.6523445569097294,0.6937609841827768,0.6155945419103314,0.6476683937823834,0.2608695652173913,0.21428571428571427,0.3333333333333333,0.6681034482758621,0.5217391304347826,0.5,0.5454545454545454
1573,15,0.2,4,0.1,0.4,log2,0.7343408232252933,0.7395711500974659,0.7395711500974659,0.7395711500974659,0.6683937823834197,0.30434782608695654,0.25,0.3888888888888889,0.7413793103448276,0.6907216494845361,0.5726495726495726,0.8701298701298701
1574,15,0.2,4,0.1,0.5,sqrt,0.719626168224299,0.7286374133949192,0.7194982896237172,0.7380116959064328,0.6424870466321243,0.24175824175824176,0.2,0.3055555555555556,0.5603448275862069,0.2714285714285714,0.30158730158730157,0.24675324675324675
1575,15,0.2,4,0.1,0.5,log2,0.7070988268045337,0.7237952372023252,0.6972543352601156,0.7524366471734892,0.6424870466321243,0.31683168316831684,0.24615384615384617,0.4444444444444444,0.625,0.5084745762711864,0.45,0.5844155844155844
1576,15,0.2,4,0.1,0.6,sqrt,0.733943129846888,0.713857998289136,0.7906205589767883,0.650682261208577,0.6994818652849741,0.32558139534883723,0.28,0.3888888888888889,0.7672413793103449,0.6966292134831461,0.6138613861386139,0.8051948051948052
1577,15,0.2,4,0.1,0.6,log2,0.7176377013322728,0.68804920913884,0.7881227981882235,0.6105263157894737,0.7150259067357513,0.3037974683544304,0.27906976744186046,0.3333333333333333,0.6896551724137931,0.5324675324675324,0.5324675324675324,0.5324675324675324
1578,15,0.2,4,0.1,0.7,sqrt,0.7488566315370849,0.7315621679064824,0.8042056074766355,0.6709551656920077,0.694300518134715,0.2716049382716049,0.24444444444444444,0.3055555555555556,0.5948275862068966,0.29850746268656714,0.3508771929824561,0.2597402597402597
1579,15,0.2,4,0.1,0.7,log2,0.7301650427520382,0.7073538926029761,0.7915057915057915,0.6393762183235867,0.689119170984456,0.2682926829268293,0.2391304347826087,0.3055555555555556,0.7456896551724138,0.6775956284153005,0.5849056603773585,0.8051948051948052
1580,15,0.2,5,0.05,0.3,sqrt,0.667727182342414,0.6318572372769332,0.7264437689969605,0.5590643274853802,0.6476683937823834,0.20930232558139536,0.18,0.25,0.6508620689655172,0.4968944099378882,0.47619047619047616,0.5194805194805194
1581,15,0.2,5,0.05,0.3,log2,0.698946112547226,0.680455888560574,0.7418315692590888,0.6284600389863548,0.6476683937823834,0.22727272727272727,0.19230769230769232,0.2777777777777778,0.7327586206896551,0.6702127659574468,0.5675675675675675,0.8181818181818182
1582,15,0.2,5,0.05,0.4,sqrt,0.7273811891032015,0.7286760340391847,0.739951768488746,0.7177387914230019,0.6735751295336787,0.3368421052631579,0.2711864406779661,0.4444444444444444,0.646551724137931,0.5176470588235295,0.4731182795698925,0.5714285714285714
1583,15,0.2,5,0.05,0.4,log2,0.7243984887651621,0.696584938704028,0.7943085371942087,0.6202729044834308,0.694300518134715,0.25316455696202533,0.23255813953488372,0.2777777777777778,0.7672413793103449,0.6931818181818182,0.6161616161616161,0.7922077922077922
1584,15,0.2,5,0.05,0.5,sqrt,0.7114734539669915,0.6916046758767269,0.7602803738317757,0.634307992202729,0.6787564766839378,0.225,0.20454545454545456,0.25,0.5905172413793104,0.2748091603053435,0.3333333333333333,0.23376623376623376
1585,15,0.2,5,0.05,0.5,log2,0.7365281368065222,0.7148698084785884,0.7977905859750241,0.6475633528265107,0.6683937823834197,0.28888888888888886,0.24074074074074073,0.3611111111111111,0.5948275862068966,0.27692307692307694,0.33962264150943394,0.23376623376623376
1586,15,0.2,5,0.05,0.6,sqrt,0.7255915689003778,0.6981627296587927,0.7952167414050823,0.6222222222222222,0.6839378238341969,0.24691358024691357,0.2222222222222222,0.2777777777777778,0.6896551724137931,0.5263157894736842,0.5333333333333333,0.5194805194805194
1587,15,0.2,5,0.05,0.6,log2,0.725989262278783,0.6947275143996455,0.8045151359671626,0.6113060428849902,0.7098445595854922,0.24324324324324326,0.23684210526315788,0.25,0.6810344827586207,0.5256410256410257,0.5189873417721519,0.5324675324675324
1588,15,0.2,5,0.05,0.7,sqrt,0.7735136209982104,0.7646207894193016,0.8135444151275286,0.7212475633528265,0.6994818652849741,0.2926829268292683,0.2608695652173913,0.3333333333333333,0.6853448275862069,0.535031847133758,0.525,0.5454545454545454
1589,15,0.2,5,0.05,0.7,log2,0.7355339033605091,0.7084612012275318,0.8092138207310966,0.6300194931773879,0.7253886010362695,0.3291139240506329,0.3023255813953488,0.3611111111111111,0.6939655172413793,0.5359477124183006,0.5394736842105263,0.5324675324675324
1590,15,0.2,5,0.1,0.3,sqrt,0.6723006561940744,0.6334519572953736,0.737441740031072,0.5551656920077973,0.689119170984456,0.2682926829268293,0.2391304347826087,0.3055555555555556,0.6767241379310345,0.5098039215686274,0.5131578947368421,0.5064935064935064
1591,15,0.2,5,0.1,0.3,log2,0.6500298270033804,0.6517609814008706,0.661711530735235,0.6421052631578947,0.6062176165803109,0.2830188679245283,0.21428571428571427,0.4166666666666667,0.6206896551724138,0.4942528735632184,0.44329896907216493,0.5584415584415584
1592,15,0.2,5,0.1,0.4,sqrt,0.7108769138993836,0.6866379310344828,0.7677108433734939,0.6210526315789474,0.7046632124352331,0.27848101265822783,0.2558139534883721,0.3055555555555556,0.7025862068965517,0.5369127516778524,0.5555555555555556,0.5194805194805194
1593,15,0.2,5,0.1,0.4,log2,0.6971564923444025,0.6605749944283485,0.7710718002081165,0.5777777777777777,0.694300518134715,0.3218390804597701,0.27450980392156865,0.3888888888888889,0.6896551724137931,0.5263157894736842,0.5333333333333333,0.5194805194805194
1594,15,0.2,5,0.1,0.5,sqrt,0.6844303042354345,0.6829170829170829,0.7004098360655737,0.6662768031189084,0.6113989637305699,0.2268041237113402,0.18032786885245902,0.3055555555555556,0.646551724137931,0.49382716049382713,0.47058823529411764,0.5194805194805194
1595,15,0.2,5,0.1,0.5,log2,0.7194273215350965,0.6974051040102938,0.775023832221163,0.6339181286549708,0.7202072538860104,0.35714285714285715,0.3125,0.4166666666666667,0.7025862068965517,0.5490196078431373,0.5526315789473685,0.5454545454545454
1596,15,0.2,5,0.1,0.6,sqrt,0.7488566315370849,0.7223565618817323,0.828125,0.6405458089668616,0.7150259067357513,0.2857142857142857,0.2682926829268293,0.3055555555555556,0.771551724137931,0.7039106145251397,0.6176470588235294,0.8181818181818182
1597,15,0.2,5,0.1,0.6,log2,0.675681049910519,0.6368292139835225,0.7424714434060229,0.557504873294347,0.689119170984456,0.3333333333333333,0.2777777777777778,0.4166666666666667,0.6681034482758621,0.5032258064516129,0.5,0.5064935064935064
1598,15,0.2,5,0.1,0.7,sqrt,0.7208192483595148,0.6985830828681838,0.7773530817009078,0.634307992202729,0.6994818652849741,0.30952380952380953,0.2708333333333333,0.3611111111111111,0.6724137931034483,0.5128205128205128,0.5063291139240507,0.5194805194805194
1599,15,0.2,5,0.1,0.7,log2,0.7243984887651621,0.6936339522546419,0.8009188361408882,0.6116959064327485,0.7046632124352331,0.27848101265822783,0.2558139534883721,0.3055555555555556,0.6853448275862069,0.5228758169934641,0.5263157894736842,0.5194805194805194
1600,15,0.2,6,0.05,0.3,sqrt,0.7315569695764566,0.7103004291845494,0.7899761336515513,0.645224171539961,0.6994818652849741,0.35555555555555557,0.2962962962962963,0.4444444444444444,0.6939655172413793,0.5359477124183006,0.5394736842105263,0.5324675324675324
1601,15,0.2,6,0.05,0.3,log2,0.6915887850467289,0.6662362814719174,0.7435158501440923,0.6035087719298246,0.689119170984456,0.3333333333333333,0.2777777777777778,0.4166666666666667,0.6767241379310345,0.5222929936305732,0.5125,0.5324675324675324
1602,15,0.2,6,0.05,0.4,sqrt,0.7329488964008749,0.7286320468781572,0.7562919463087249,0.7029239766081872,0.6528497409326425,0.29473684210526313,0.23728813559322035,0.3888888888888889,0.6637931034482759,0.5125,0.4939759036144578,0.5324675324675324
1603,15,0.2,6,0.05,0.4,log2,0.713263074169815,0.6852902662592755,0.7783837382250868,0.6120857699805068,0.6994818652849741,0.3409090909090909,0.28846153846153844,0.4166666666666667,0.6853448275862069,0.5228758169934641,0.5263157894736842,0.5194805194805194
1604,15,0.2,6,0.05,0.5,sqrt,0.7518393318751243,0.726555652936021,0.8294147073536768,0.6463937621832359,0.7305699481865285,0.3157894736842105,0.3,0.3333333333333333,0.7112068965517241,0.5503355704697986,0.5694444444444444,0.5324675324675324
1605,15,0.2,6,0.05,0.5,log2,0.7303638894412408,0.7052173913043478,0.797051597051597,0.6323586744639377,0.7202072538860104,0.325,0.29545454545454547,0.3611111111111111,0.6896551724137931,0.5263157894736842,0.5333333333333333,0.5194805194805194
1606,15,0.2,6,0.05,0.6,sqrt,0.7315569695764566,0.7038174637999123,0.8048168590065228,0.6253411306042885,0.7253886010362695,0.3291139240506329,0.3023255813953488,0.3611111111111111,0.7068965517241379,0.5405405405405406,0.5633802816901409,0.5194805194805194
1607,15,0.2,6,0.05,0.6,log2,0.7407039172797772,0.7229069273268168,0.7944885567491826,0.6631578947368421,0.689119170984456,0.3023255813953488,0.26,0.3611111111111111,0.771551724137931,0.7039106145251397,0.6176470588235294,0.8181818181818182
1608,15,0.2,6,0.05,0.7,sqrt,0.7492543249154902,0.727822145478092,0.8152804642166345,0.6573099415204678,0.7202072538860104,0.34146341463414637,0.30434782608695654,0.3888888888888889,0.7025862068965517,0.543046357615894,0.5540540540540541,0.5324675324675324
1609,15,0.2,6,0.05,0.7,log2,0.7446808510638298,0.7226781857451404,0.8101694915254237,0.6522417153996102,0.694300518134715,0.25316455696202533,0.23255813953488372,0.2777777777777778,0.6810344827586207,0.5316455696202531,0.5185185185185185,0.5454545454545454
1610,15,0.2,6,0.1,0.3,sqrt,0.675681049910519,0.6540827147401909,0.7172093023255814,0.6011695906432749,0.6269430051813472,0.3076923076923077,0.23529411764705882,0.4444444444444444,0.5689655172413793,0.2647058823529412,0.3050847457627119,0.23376623376623376
1611,15,0.2,6,0.1,0.3,log2,0.669317955856035,0.6708885810409657,0.6812700964630225,0.6608187134502924,0.616580310880829,0.27450980392156865,0.21212121212121213,0.3888888888888889,0.6336206896551724,0.4970414201183432,0.45652173913043476,0.5454545454545454
1612,15,0.2,6,0.1,0.4,sqrt,0.7434877709286141,0.7505800464037123,0.7445339470655926,0.7567251461988304,0.6787564766839378,0.38,0.296875,0.5277777777777778,0.6637931034482759,0.5411764705882353,0.4946236559139785,0.5974025974025974
1613,15,0.2,6,0.1,0.4,log2,0.7198250149135017,0.693095186233936,0.7852912142152023,0.6202729044834308,0.7046632124352331,0.3132530120481928,0.2765957446808511,0.3611111111111111,0.6939655172413793,0.5298013245033113,0.5405405405405406,0.5194805194805194
1614,15,0.2,6,0.1,0.5,sqrt,0.7017299661960629,0.6881496881496881,0.7371937639198218,0.645224171539961,0.6528497409326425,0.22988505747126436,0.19607843137254902,0.2777777777777778,0.6293103448275862,0.4819277108433735,0.449438202247191,0.5194805194805194
1615,15,0.2,6,0.1,0.5,log2,0.7299661960628355,0.6979537366548043,0.8125323666494044,0.6116959064327485,0.7150259067357513,0.22535211267605634,0.22857142857142856,0.2222222222222222,0.6120689655172413,0.2857142857142857,0.3673469387755102,0.23376623376623376
1616,15,0.2,6,0.1,0.6,sqrt,0.7146550009942334,0.6907993966817496,0.7721579961464354,0.6249512670565303,0.689119170984456,0.2857142857142857,0.25,0.3333333333333333,0.6767241379310345,0.5222929936305732,0.5125,0.5324675324675324
1617,15,0.2,6,0.1,0.6,log2,0.7647643666732948,0.75950396422037,0.7935429056924383,0.7282651072124756,0.6321243523316062,0.297029702970297,0.23076923076923078,0.4166666666666667,0.6637931034482759,0.5411764705882353,0.4946236559139785,0.5974025974025974
1618,15,0.2,6,0.1,0.7,sqrt,0.7349373632929012,0.722926626480981,0.7742653606411398,0.6779727095516569,0.6839378238341969,0.32967032967032966,0.2727272727272727,0.4166666666666667,0.7112068965517241,0.6528497409326425,0.5431034482758621,0.8181818181818182
1619,15,0.2,6,0.1,0.7,log2,0.7375223702525353,0.7130434782608696,0.8058968058968059,0.6393762183235867,0.7305699481865285,0.3953488372093023,0.34,0.4722222222222222,0.7586206896551724,0.6888888888888889,0.6019417475728155,0.8051948051948052
1620,15,0.2,7,0.05,0.3,sqrt,0.6631537084907536,0.6508656224237428,0.690424136423262,0.6155945419103314,0.6373056994818653,0.2553191489361702,0.20689655172413793,0.3333333333333333,0.6681034482758621,0.5217391304347826,0.5,0.5454545454545454
1621,15,0.2,7,0.05,0.3,log2,0.7313581228872539,0.7022261406215561,0.8078093306288032,0.6210526315789474,0.7150259067357513,0.3037974683544304,0.27906976744186046,0.3333333333333333,0.7801724137931034,0.7085714285714285,0.6326530612244898,0.8051948051948052
1622,15,0.2,7,0.05,0.4,sqrt,0.7208192483595148,0.6908850726552179,0.7936267071320182,0.6116959064327485,0.6994818652849741,0.275,0.25,0.3055555555555556,0.6767241379310345,0.5222929936305732,0.5125,0.5324675324675324
1623,15,0.2,7,0.05,0.4,log2,0.7347385166036986,0.7215031315240084,0.7766292134831461,0.6736842105263158,0.6683937823834197,0.2558139534883721,0.22,0.3055555555555556,0.6681034482758621,0.5217391304347826,0.5,0.5454545454545454
1624,15,0.2,7,0.05,0.5,sqrt,0.7333465897792801,0.745781990521327,0.7258302583025831,0.7668615984405458,0.6528497409326425,0.30927835051546393,0.2459016393442623,0.4166666666666667,0.6594827586206896,0.5380116959064327,0.48936170212765956,0.5974025974025974
1625,15,0.2,7,0.05,0.5,log2,0.7393119904553589,0.7227743709029393,0.7897412199630314,0.6662768031189084,0.689119170984456,0.3181818181818182,0.2692307692307692,0.3888888888888889,0.603448275862069,0.28125,0.35294117647058826,0.23376623376623376
1626,15,0.2,7,0.05,0.6,sqrt,0.7283754225492145,0.7039445166883398,0.7925817471937531,0.6331384015594542,0.7253886010362695,0.345679012345679,0.3111111111111111,0.3888888888888889,0.6853448275862069,0.5408805031446541,0.524390243902439,0.5584415584415584
1627,15,0.2,7,0.05,0.6,log2,0.738715450387751,0.7155844155844155,0.8043795620437956,0.6444444444444445,0.7098445595854922,0.3488372093023256,0.3,0.4166666666666667,0.7025862068965517,0.543046357615894,0.5540540540540541,0.5324675324675324
1628,15,0.2,7,0.05,0.7,sqrt,0.7353350566713064,0.7151722662101434,0.7926944971537002,0.6514619883040935,0.7046632124352331,0.32941176470588235,0.2857142857142857,0.3888888888888889,0.6896551724137931,0.5263157894736842,0.5333333333333333,0.5194805194805194
1629,15,0.2,7,0.05,0.7,log2,0.76894014714655,0.7484848484848485,0.8413625304136253,0.674074074074074,0.7305699481865285,0.2972972972972973,0.2894736842105263,0.3055555555555556,0.625,0.2926829268292683,0.391304347826087,0.23376623376623376
1630,15,0.2,7,0.1,0.3,sqrt,0.6663352555179957,0.652875465453041,0.6954605553107096,0.6152046783625731,0.6476683937823834,0.2608695652173913,0.21428571428571427,0.3333333333333333,0.6681034482758621,0.5217391304347826,0.5,0.5454545454545454
1631,15,0.2,7,0.1,0.3,log2,0.6794591370053689,0.6567291311754685,0.7236039418113561,0.6011695906432749,0.6321243523316062,0.2828282828282828,0.2222222222222222,0.3888888888888889,0.5905172413793104,0.2748091603053435,0.3333333333333333,0.23376623376623376
1632,15,0.2,7,0.1,0.4,sqrt,0.6864187711274607,0.674106220293449,0.7172383465259454,0.6358674463937621,0.6683937823834197,0.30434782608695654,0.25,0.3888888888888889,0.6767241379310345,0.5341614906832298,0.5119047619047619,0.5584415584415584
1633,15,0.2,7,0.1,0.4,log2,0.6659375621395903,0.6483884470489745,0.6999548124717578,0.6038986354775828,0.6217616580310881,0.23157894736842105,0.1864406779661017,0.3055555555555556,0.6594827586206896,0.5093167701863354,0.4880952380952381,0.5324675324675324
1634,15,0.2,7,0.1,0.5,sqrt,0.7245973354543647,0.7135470527404343,0.7599118942731278,0.672514619883041,0.6994818652849741,0.35555555555555557,0.2962962962962963,0.4444444444444444,0.7672413793103449,0.7,0.6116504854368932,0.8181818181818182
1635,15,0.2,7,0.1,0.5,log2,0.7257904155895805,0.7246955480135756,0.7426350245499181,0.7076023391812866,0.6683937823834197,0.3469387755102041,0.27419354838709675,0.4722222222222222,0.6508620689655172,0.5030674846625767,0.47674418604651164,0.5324675324675324
1636,15,0.2,7,0.1,0.6,sqrt,0.7349373632929012,0.7348319076984284,0.7502030869212023,0.7200779727095517,0.6735751295336787,0.3225806451612903,0.2631578947368421,0.4166666666666667,0.6594827586206896,0.5325443786982249,0.4891304347826087,0.5844155844155844
1637,15,0.2,7,0.1,0.6,log2,0.7685424537681448,0.7650383528461849,0.7932189200502302,0.7387914230019493,0.7046632124352331,0.32941176470588235,0.2857142857142857,0.3888888888888889,0.7844827586206896,0.7222222222222222,0.6310679611650486,0.8441558441558441
1638,15,0.2,7,0.1,0.7,sqrt,0.7301650427520382,0.7026079333771641,0.8023023023023023,0.6249512670565303,0.7150259067357513,0.3037974683544304,0.27906976744186046,0.3333333333333333,0.771551724137931,0.7005649717514124,0.62,0.8051948051948052
1639,15,0.2,7,0.1,0.7,log2,0.7424935374826009,0.7302645282232868,0.7839892665474061,0.6834307992202729,0.689119170984456,0.3333333333333333,0.2777777777777778,0.4166666666666667,0.6810344827586207,0.5256410256410257,0.5189873417721519,0.5324675324675324
1640,15,0.2,8,0.05,0.3,sqrt,0.6766752833565322,0.6700487012987013,0.6986881083368599,0.6436647173489278,0.5854922279792746,0.21568627450980393,0.16666666666666666,0.3055555555555556,0.6163793103448276,0.47953216374269003,0.43617021276595747,0.5324675324675324
1641,15,0.2,8,0.05,0.3,log2,0.7222111751839332,0.6982069561460359,0.7829457364341085,0.6300194931773879,0.6787564766839378,0.27906976744186046,0.24,0.3333333333333333,0.6896551724137931,0.5324675324675324,0.5324675324675324,0.5324675324675324
1642,15,0.2,8,0.05,0.4,sqrt,0.7273811891032015,0.7017620187078529,0.7937992125984252,0.6288499025341131,0.694300518134715,0.2716049382716049,0.24444444444444444,0.3055555555555556,0.6853448275862069,0.5290322580645161,0.5256410256410257,0.5324675324675324
1643,15,0.2,8,0.05,0.4,log2,0.6927818651819447,0.6539753639417694,0.7684210526315789,0.5692007797270955,0.6994818652849741,0.35555555555555557,0.2962962962962963,0.4444444444444444,0.7112068965517241,0.54421768707483,0.5714285714285714,0.5194805194805194
1644,15,0.2,8,0.05,0.5,sqrt,0.736130443428117,0.7132051004970823,0.8001939864209505,0.6432748538011696,0.7253886010362695,0.3764705882352941,0.32653061224489793,0.4444444444444444,0.7801724137931034,0.711864406779661,0.63,0.8181818181818182
1645,15,0.2,8,0.05,0.5,log2,0.7508450984291112,0.7374816677142259,0.7971014492753623,0.6861598440545809,0.6839378238341969,0.24691358024691357,0.2222222222222222,0.2777777777777778,0.6810344827586207,0.5194805194805194,0.5194805194805194,0.5194805194805194
1646,15,0.2,8,0.05,0.6,sqrt,0.754623185523961,0.7439834024896266,0.7951219512195122,0.6990253411306043,0.689119170984456,0.2682926829268293,0.2391304347826087,0.3055555555555556,0.6767241379310345,0.5222929936305732,0.5125,0.5324675324675324
1647,15,0.2,8,0.05,0.6,log2,0.7949890634320939,0.7863212435233161,0.8393805309734513,0.7395711500974659,0.7098445595854922,0.3333333333333333,0.2916666666666667,0.3888888888888889,0.5948275862068966,0.3088235294117647,0.3559322033898305,0.2727272727272727
1648,15,0.2,8,0.05,0.7,sqrt,0.7337442831576855,0.7174509390166702,0.7819687212511499,0.6627680311890838,0.694300518134715,0.2891566265060241,0.2553191489361702,0.3333333333333333,0.6810344827586207,0.5256410256410257,0.5189873417721519,0.5324675324675324
1649,15,0.2,8,0.05,0.7,log2,0.7313581228872539,0.7053435114503817,0.8004950495049505,0.6304093567251462,0.7202072538860104,0.37209302325581395,0.32,0.4444444444444444,0.7025862068965517,0.543046357615894,0.5540540540540541,0.5324675324675324
1650,15,0.2,8,0.1,0.3,sqrt,0.6548021475442434,0.6389351081530782,0.6847971466785555,0.5988304093567252,0.6217616580310881,0.3047619047619048,0.2318840579710145,0.4444444444444444,0.5603448275862069,0.2608695652173913,0.29508196721311475,0.23376623376623376
1651,15,0.2,8,0.1,0.3,log2,0.6691191091668324,0.6482029598308668,0.7080831408775982,0.5976608187134503,0.6113989637305699,0.29906542056074764,0.22535211267605634,0.4444444444444444,0.5646551724137931,0.26277372262773724,0.3,0.23376623376623376
1652,15,0.2,8,0.1,0.4,sqrt,0.666136408828793,0.6528840190200538,0.6949823943661971,0.6155945419103314,0.6476683937823834,0.2608695652173913,0.21428571428571427,0.3333333333333333,0.6681034482758621,0.5217391304347826,0.5,0.5454545454545454
1653,15,0.2,8,0.1,0.4,log2,0.6909922449791212,0.6592105263157895,0.7533834586466165,0.5859649122807018,0.6839378238341969,0.3146067415730337,0.2641509433962264,0.3888888888888889,0.6853448275862069,0.5228758169934641,0.5263157894736842,0.5194805194805194
1654,15,0.2,8,0.1,0.5,sqrt,0.7269834957247961,0.7345834138797603,0.7285276073619632,0.7407407407407407,0.6735751295336787,0.36363636363636365,0.2857142857142857,0.5,0.6422413793103449,0.5146198830409356,0.46808510638297873,0.5714285714285714
1655,15,0.2,8,0.1,0.5,log2,0.7146550009942334,0.695910150455605,0.7623026926648097,0.6401559454191034,0.6839378238341969,0.2823529411764706,0.24489795918367346,0.3333333333333333,0.6853448275862069,0.5290322580645161,0.5256410256410257,0.5324675324675324
1656,15,0.2,8,0.1,0.6,sqrt,0.7232054086299463,0.6948706707584393,0.7936905358037055,0.6179337231968811,0.7046632124352331,0.3132530120481928,0.2765957446808511,0.3611111111111111,0.7758620689655172,0.7045454545454546,0.6262626262626263,0.8051948051948052
1657,15,0.2,8,0.1,0.6,log2,0.7285742692384172,0.704225352112676,0.7926829268292683,0.6335282651072125,0.7150259067357513,0.32098765432098764,0.28888888888888886,0.3611111111111111,0.6896551724137931,0.5324675324675324,0.5324675324675324,0.5324675324675324
1658,15,0.2,8,0.1,0.7,sqrt,0.7293696559952276,0.698426767117217,0.8090349075975359,0.6144249512670565,0.7202072538860104,0.325,0.29545454545454547,0.3611111111111111,0.7068965517241379,0.5466666666666666,0.5616438356164384,0.5324675324675324
1659,15,0.2,8,0.1,0.7,log2,0.7518393318751243,0.7334472447671935,0.8110533774208786,0.6693957115009747,0.7253886010362695,0.39080459770114945,0.3333333333333333,0.4722222222222222,0.7241379310344828,0.5616438356164384,0.5942028985507246,0.5324675324675324
1660,15,0.2,9,0.05,0.3,sqrt,0.7162457745078544,0.6875410553974163,0.7842157842157842,0.6120857699805068,0.6994818652849741,0.2926829268292683,0.2608695652173913,0.3333333333333333,0.6681034482758621,0.5095541401273885,0.5,0.5194805194805194
1661,15,0.2,9,0.05,0.3,log2,0.7247961821435673,0.6975524475524476,0.7936350074589756,0.6222222222222222,0.7305699481865285,0.35,0.3181818181818182,0.3888888888888889,0.6853448275862069,0.5290322580645161,0.5256410256410257,0.5324675324675324
1662,15,0.2,9,0.05,0.4,sqrt,0.7347385166036986,0.7012987012987013,0.8237769594950026,0.6105263157894737,0.7253886010362695,0.3291139240506329,0.3023255813953488,0.3611111111111111,0.7155172413793104,0.547945205479452,0.5797101449275363,0.5194805194805194
1663,15,0.2,9,0.05,0.4,log2,0.7279777291708093,0.7020905923344948,0.7952639368524914,0.6284600389863548,0.6994818652849741,0.32558139534883723,0.28,0.3888888888888889,0.6810344827586207,0.5194805194805194,0.5194805194805194,0.5194805194805194
1664,15,0.2,9,0.05,0.5,sqrt,0.7472658580234639,0.7415090502338825,0.7750850340136054,0.7107212475633529,0.6839378238341969,0.2988505747126437,0.2549019607843137,0.3611111111111111,0.6767241379310345,0.5341614906832298,0.5119047619047619,0.5584415584415584
1665,15,0.2,9,0.05,0.5,log2,0.7355339033605091,0.716538789428815,0.7903149976492713,0.6553606237816764,0.689119170984456,0.25,0.22727272727272727,0.2777777777777778,0.6724137931034483,0.525,0.5060240963855421,0.5454545454545454
1666,15,0.2,9,0.05,0.6,sqrt,0.7236031020083515,0.6992643877109477,0.7856101118133204,0.6300194931773879,0.694300518134715,0.23376623376623376,0.21951219512195122,0.25,0.603448275862069,0.2698412698412698,0.3469387755102041,0.22077922077922077
1667,15,0.2,9,0.05,0.6,log2,0.7574070391727977,0.7374085234610418,0.8231619413743393,0.6678362573099416,0.7046632124352331,0.2962962962962963,0.26666666666666666,0.3333333333333333,0.6982758620689655,0.5454545454545454,0.5454545454545454,0.5454545454545454
1668,15,0.2,9,0.05,0.7,sqrt,0.7373235235633326,0.7088384394974653,0.8154158215010142,0.6269005847953216,0.7253886010362695,0.29333333333333333,0.28205128205128205,0.3055555555555556,0.6982758620689655,0.5394736842105263,0.5466666666666666,0.5324675324675324
1669,15,0.2,9,0.05,0.7,log2,0.7413004573473851,0.7158768290019655,0.8138033763654419,0.6389863547758284,0.694300518134715,0.25316455696202533,0.23255813953488372,0.2777777777777778,0.5862068965517241,0.2727272727272727,0.32727272727272727,0.23376623376623376
1670,15,0.2,9,0.1,0.3,sqrt,0.6830383774110161,0.6315302820157189,0.7756956274843839,0.5325536062378168,0.6994818652849741,0.275,0.25,0.3055555555555556,0.6982758620689655,0.527027027027027,0.5492957746478874,0.5064935064935064
1671,15,0.2,9,0.1,0.3,log2,0.6418771127460727,0.630260726750154,0.665654813529922,0.5984405458089669,0.5492227979274611,0.21621621621621623,0.16,0.3333333333333333,0.5344827586206896,0.23943661971830985,0.26153846153846155,0.22077922077922077
1672,15,0.2,9,0.1,0.4,sqrt,0.6782660568701531,0.6743156199677939,0.6970453599667082,0.6530214424951267,0.6269430051813472,0.2653061224489796,0.20967741935483872,0.3611111111111111,0.6422413793103449,0.5088757396449705,0.4673913043478261,0.5584415584415584
1673,15,0.2,9,0.1,0.4,log2,0.7017299661960629,0.6823379923761118,0.7468706536856745,0.6280701754385964,0.6528497409326425,0.24719101123595505,0.20754716981132076,0.3055555555555556,0.6853448275862069,0.5228758169934641,0.5263157894736842,0.5194805194805194
1674,15,0.2,9,0.1,0.5,sqrt,0.6979518791012129,0.6738243504401975,0.75,0.6116959064327485,0.6683937823834197,0.3191489361702128,0.25862068965517243,0.4166666666666667,0.6767241379310345,0.5161290322580645,0.5128205128205128,0.5194805194805194
1675,15,0.2,9,0.1,0.5,log2,0.7015311195068602,0.692481048965376,0.729706390328152,0.6588693957115009,0.6528497409326425,0.26373626373626374,0.21818181818181817,0.3333333333333333,0.6896551724137931,0.55,0.5301204819277109,0.5714285714285714
1676,15,0.2,9,0.1,0.6,sqrt,0.7172400079538676,0.6893840104849279,0.7839046199701938,0.6152046783625731,0.7202072538860104,0.325,0.29545454545454547,0.3611111111111111,0.7758620689655172,0.7045454545454546,0.6262626262626263,0.8051948051948052
1677,15,0.2,9,0.1,0.6,log2,0.7238019486975542,0.7181984175289106,0.748730964467005,0.6900584795321637,0.6321243523316062,0.2828282828282828,0.2222222222222222,0.3888888888888889,0.5431034482758621,0.28378378378378377,0.29577464788732394,0.2727272727272727
1678,15,0.2,9,0.1,0.7,sqrt,0.7432889242394114,0.7268880896974825,0.7946345975948196,0.6697855750487329,0.6787564766839378,0.24390243902439024,0.21739130434782608,0.2777777777777778,0.6939655172413793,0.5419354838709678,0.5384615384615384,0.5454545454545454
1679,15,0.2,9,0.1,0.7,log2,0.7389142970769537,0.7132561694693165,0.810824230387289,0.6366471734892788,0.7046632124352331,0.2962962962962963,0.26666666666666666,0.3333333333333333,0.7844827586206896,0.7126436781609196,0.6391752577319587,0.8051948051948052
