SIM,n_estimators,min_samples_split,max_depth,min_samples_leaf,max_samples,max_features,acc_train,f1_train,prec_train,rec_train,acc_val,f1_val,prec_val,rec_val,acc_test,f1_test,prec_test,rec_test
0,5,0.05,3,0.05,0.3,sqrt,0.7245337159253945,0.6909456740442655,0.7025368248772504,0.6797307996832938,0.6177884615384616,0.576,0.44813278008298757,0.8059701492537313,0.599009900990099,0.55,0.4194915254237288,0.7983870967741935
1,5,0.05,3,0.05,0.3,log2,0.7401362984218077,0.6922913569760034,0.7466788822721027,0.6452889944576405,0.6418269230769231,0.5754985754985755,0.46543778801843316,0.753731343283582,0.6410891089108911,0.5645645645645646,0.44976076555023925,0.7580645161290323
2,5,0.05,3,0.05,0.4,sqrt,0.7342180774748924,0.6882625157761885,0.7342908438061041,0.6476642913697546,0.6346153846153846,0.5706214689265536,0.4590909090909091,0.753731343283582,0.6336633663366337,0.5595238095238095,0.44339622641509435,0.7580645161290323
3,5,0.05,3,0.05,0.4,log2,0.6762912482065997,0.6724732353474868,0.6207705192629815,0.7335708630245448,0.5576923076923077,0.5533980582524272,0.41007194244604317,0.8507462686567164,0.5420792079207921,0.5340050377833753,0.3882783882783883,0.8548387096774194
4,5,0.05,3,0.05,0.5,sqrt,0.7308106169296987,0.6876170655567118,0.7248793330408073,0.6539984164687253,0.6370192307692307,0.5746478873239437,0.46153846153846156,0.7611940298507462,0.6237623762376238,0.5529411764705883,0.4351851851851852,0.7580645161290323
5,5,0.05,3,0.05,0.5,log2,0.7408536585365854,0.6998961578400831,0.7361293141109655,0.6670625494853524,0.6442307692307693,0.5819209039548022,0.4681818181818182,0.7686567164179104,0.6287128712871287,0.5614035087719298,0.44036697247706424,0.7741935483870968
6,5,0.05,3,0.05,0.6,sqrt,0.7399569583931134,0.6918827029324267,0.7467889908256881,0.6444972288202692,0.6418269230769231,0.5754985754985755,0.46543778801843316,0.753731343283582,0.6410891089108911,0.5645645645645646,0.44976076555023925,0.7580645161290323
7,5,0.05,3,0.05,0.6,log2,0.7397776183644189,0.69865005192108,0.7348186981214504,0.6658749010292954,0.6418269230769231,0.5802816901408451,0.4660633484162896,0.7686567164179104,0.6287128712871287,0.5614035087719298,0.44036697247706424,0.7741935483870968
8,5,0.05,3,0.05,0.7,sqrt,0.7991391678622669,0.7738287560581584,0.7897774113767518,0.7585114806017419,0.6418269230769231,0.5940054495912807,0.4678111587982833,0.8134328358208955,0.6410891089108911,0.5845272206303725,0.4533333333333333,0.8225806451612904
9,5,0.05,3,0.05,0.7,log2,0.7399569583931134,0.6996685998343,0.7337098175499566,0.668646080760095,0.6394230769230769,0.5810055865921788,0.4642857142857143,0.7761194029850746,0.6262376237623762,0.5597667638483965,0.4383561643835616,0.7741935483870968
10,5,0.05,3,0.1,0.3,sqrt,0.6757532281205165,0.6722262509064539,0.620066889632107,0.7339667458432304,0.5576923076923077,0.5533980582524272,0.41007194244604317,0.8507462686567164,0.5420792079207921,0.5340050377833753,0.3882783882783883,0.8548387096774194
11,5,0.05,3,0.1,0.3,log2,0.6743185078909613,0.6712527154236061,0.6184122748498999,0.7339667458432304,0.5528846153846154,0.5507246376811594,0.40714285714285714,0.8507462686567164,0.5420792079207921,0.5340050377833753,0.3882783882783883,0.8548387096774194
12,5,0.05,3,0.1,0.4,sqrt,0.7403156384505022,0.6924384027187765,0.7470210815765352,0.6452889944576405,0.6418269230769231,0.5754985754985755,0.46543778801843316,0.753731343283582,0.6435643564356436,0.5662650602409639,0.4519230769230769,0.7580645161290323
13,5,0.05,3,0.1,0.4,log2,0.7343974175035868,0.6881448726047589,0.7350427350427351,0.6468725257323832,0.6346153846153846,0.5706214689265536,0.4590909090909091,0.753731343283582,0.6336633663366337,0.5595238095238095,0.44339622641509435,0.7580645161290323
14,5,0.05,3,0.1,0.5,sqrt,0.7342180774748924,0.688,0.7347122302158273,0.6468725257323832,0.6370192307692307,0.5722379603399433,0.4611872146118721,0.753731343283582,0.6336633663366337,0.5595238095238095,0.44339622641509435,0.7580645161290323
15,5,0.05,3,0.1,0.5,log2,0.7417503586800573,0.6989966555183946,0.7404782993799823,0.6619160728424386,0.6370192307692307,0.5793871866295265,0.4622222222222222,0.7761194029850746,0.6188118811881188,0.5549132947976878,0.43243243243243246,0.7741935483870968
16,5,0.05,3,0.1,0.6,sqrt,0.7230989956958394,0.6791354945968412,0.7147856517935258,0.6468725257323832,0.6274038461538461,0.5658263305322129,0.452914798206278,0.753731343283582,0.6262376237623762,0.5545722713864307,0.4372093023255814,0.7580645161290323
17,5,0.05,3,0.1,0.6,log2,0.7342180774748924,0.688,0.7347122302158273,0.6468725257323832,0.6370192307692307,0.5722379603399433,0.4611872146118721,0.753731343283582,0.6361386138613861,0.5611940298507463,0.44549763033175355,0.7580645161290323
18,5,0.05,3,0.1,0.7,sqrt,0.7403156384505022,0.6916524701873935,0.7483870967741936,0.6429136975455265,0.6418269230769231,0.5754985754985755,0.46543778801843316,0.753731343283582,0.6435643564356436,0.5662650602409639,0.4519230769230769,0.7580645161290323
19,5,0.05,3,0.1,0.7,log2,0.7067790530846485,0.6672094443313658,0.6866359447004609,0.6488519398258116,0.6201923076923077,0.5611111111111111,0.4469026548672566,0.753731343283582,0.6188118811881188,0.5497076023391813,0.43119266055045874,0.7580645161290323
20,5,0.05,4,0.05,0.3,sqrt,0.7385222381635581,0.6909707503179313,0.7436131386861314,0.6452889944576405,0.6370192307692307,0.5722379603399433,0.4611872146118721,0.753731343283582,0.6386138613861386,0.562874251497006,0.44761904761904764,0.7580645161290323
21,5,0.05,4,0.05,0.3,log2,0.734038737446198,0.6878551883813934,0.7343820224719101,0.6468725257323832,0.6346153846153846,0.5706214689265536,0.4590909090909091,0.753731343283582,0.6361386138613861,0.5611940298507463,0.44549763033175355,0.7580645161290323
22,5,0.05,4,0.05,0.4,sqrt,0.7666786226685797,0.7350845041743026,0.7568134171907757,0.7145684877276326,0.6370192307692307,0.5793871866295265,0.4622222222222222,0.7761194029850746,0.6435643564356436,0.5714285714285714,0.4528301886792453,0.7741935483870968
23,5,0.05,4,0.05,0.4,log2,0.7410329985652798,0.6928966397277754,0.7486213235294118,0.6448931116389549,0.6394230769230769,0.5738636363636364,0.463302752293578,0.753731343283582,0.6410891089108911,0.5645645645645646,0.44976076555023925,0.7580645161290323
24,5,0.05,4,0.05,0.5,sqrt,0.7067790530846485,0.6674801708358755,0.6863237139272271,0.649643705463183,0.6177884615384616,0.5595567867036011,0.44493392070484583,0.753731343283582,0.6163366336633663,0.5481049562682215,0.4292237442922374,0.7580645161290323
25,5,0.05,4,0.05,0.5,log2,0.7387015781922525,0.6975295827278389,0.7333042339589699,0.665083135391924,0.6322115384615384,0.5761772853185596,0.4581497797356828,0.7761194029850746,0.6113861386138614,0.5501432664756447,0.4266666666666667,0.7741935483870968
26,5,0.05,4,0.05,0.6,sqrt,0.7338593974175036,0.6877104377104377,0.734052111410602,0.6468725257323832,0.6370192307692307,0.5722379603399433,0.4611872146118721,0.753731343283582,0.6361386138613861,0.5611940298507463,0.44549763033175355,0.7580645161290323
27,5,0.05,4,0.05,0.6,log2,0.7338593974175036,0.702485966319166,0.7116165718927701,0.6935866983372921,0.6105769230769231,0.5714285714285714,0.4426229508196721,0.8059701492537313,0.6188118811881188,0.56,0.4336283185840708,0.7903225806451613
28,5,0.05,4,0.05,0.7,sqrt,0.7335007173601148,0.6951169470660649,0.721465076660988,0.6706254948535234,0.6370192307692307,0.5770308123249299,0.4618834080717489,0.7686567164179104,0.6262376237623762,0.5545722713864307,0.4372093023255814,0.7580645161290323
29,5,0.05,4,0.05,0.7,log2,0.7598637015781923,0.7413559976820553,0.7238777819690683,0.7596991290577989,0.6201923076923077,0.5885416666666666,0.452,0.8432835820895522,0.6138613861386139,0.569060773480663,0.4327731092436975,0.8306451612903226
30,5,0.05,4,0.1,0.3,sqrt,0.7085724533715926,0.6680286006128703,0.6901646264246517,0.6472684085510689,0.6201923076923077,0.5611111111111111,0.4469026548672566,0.753731343283582,0.6212871287128713,0.5513196480938416,0.43317972350230416,0.7580645161290323
31,5,0.05,4,0.1,0.3,log2,0.6732424677187948,0.6704052098408104,0.617255163224517,0.7335708630245448,0.5504807692307693,0.5493975903614458,0.40569395017793597,0.8507462686567164,0.5420792079207921,0.5340050377833753,0.3882783882783883,0.8548387096774194
32,5,0.05,4,0.1,0.4,sqrt,0.723816355810617,0.6794338051623647,0.7164179104477612,0.6460807600950119,0.625,0.5617977528089888,0.45045045045045046,0.746268656716418,0.6287128712871287,0.5562130177514792,0.4392523364485981,0.7580645161290323
33,5,0.05,4,0.1,0.4,log2,0.724713055954089,0.6806740170584564,0.7172292854011398,0.6476642913697546,0.625,0.5617977528089888,0.45045045045045046,0.746268656716418,0.6262376237623762,0.5545722713864307,0.4372093023255814,0.7580645161290323
34,5,0.05,4,0.1,0.5,sqrt,0.7342180774748924,0.688,0.7347122302158273,0.6468725257323832,0.6370192307692307,0.5722379603399433,0.4611872146118721,0.753731343283582,0.6361386138613861,0.5611940298507463,0.44549763033175355,0.7580645161290323
35,5,0.05,4,0.1,0.5,log2,0.6743185078909613,0.6712527154236061,0.6184122748498999,0.7339667458432304,0.5528846153846154,0.5507246376811594,0.40714285714285714,0.8507462686567164,0.5420792079207921,0.5340050377833753,0.3882783882783883,0.8548387096774194
36,5,0.05,4,0.1,0.6,sqrt,0.7308106169296987,0.6974400322515621,0.7104722792607803,0.6848772763262074,0.6225961538461539,0.579088471849866,0.45188284518828453,0.8059701492537313,0.6138613861386139,0.5617977528089888,0.43103448275862066,0.8064516129032258
37,5,0.05,4,0.1,0.6,log2,0.7067790530846485,0.6685586863977295,0.6850851682592439,0.6528107680126682,0.6153846153846154,0.5555555555555556,0.4424778761061947,0.746268656716418,0.6138613861386139,0.5465116279069767,0.42727272727272725,0.7580645161290323
38,5,0.05,4,0.1,0.7,sqrt,0.7412123385939742,0.6989359482578761,0.7388619320688135,0.6631037212984956,0.6346153846153846,0.5730337078651685,0.4594594594594595,0.7611940298507462,0.6287128712871287,0.5562130177514792,0.4392523364485981,0.7580645161290323
39,5,0.05,4,0.1,0.7,log2,0.7342180774748924,0.688,0.7347122302158273,0.6468725257323832,0.6346153846153846,0.5706214689265536,0.4590909090909091,0.753731343283582,0.6361386138613861,0.5611940298507463,0.44549763033175355,0.7580645161290323
40,5,0.05,5,0.05,0.3,sqrt,0.7309899569583931,0.6854026845637584,0.7288135593220338,0.6468725257323832,0.6346153846153846,0.5706214689265536,0.4590909090909091,0.753731343283582,0.6361386138613861,0.5611940298507463,0.44549763033175355,0.7580645161290323
41,5,0.05,5,0.05,0.3,log2,0.7455164992826399,0.7128111718275653,0.7291925465838509,0.6971496437054632,0.6322115384615384,0.5898123324396782,0.4602510460251046,0.8208955223880597,0.6212871287128713,0.5616045845272206,0.43555555555555553,0.7903225806451613
42,5,0.05,5,0.05,0.4,sqrt,0.7229196556671449,0.6821641637523144,0.7100642398286938,0.6563737133808393,0.6225961538461539,0.5626740947075209,0.4488888888888889,0.753731343283582,0.6262376237623762,0.5545722713864307,0.4372093023255814,0.7580645161290323
43,5,0.05,5,0.05,0.4,log2,0.7638091822094691,0.7445198836081475,0.7299353366298973,0.7596991290577989,0.6225961538461539,0.5857519788918206,0.4530612244897959,0.8283582089552238,0.6039603960396039,0.553072625698324,0.4230769230769231,0.7983870967741935
44,5,0.05,5,0.05,0.5,sqrt,0.7403156384505022,0.7080645161290322,0.7214461791290058,0.6951702296120348,0.6274038461538461,0.5682451253481894,0.4533333333333333,0.7611940298507462,0.6138613861386139,0.5517241379310345,0.42857142857142855,0.7741935483870968
45,5,0.05,5,0.05,0.5,log2,0.7430057388809183,0.6978705460678896,0.7465042850699143,0.6551860649247823,0.6418269230769231,0.5802816901408451,0.4660633484162896,0.7686567164179104,0.6410891089108911,0.5645645645645646,0.44976076555023925,0.7580645161290323
46,5,0.05,5,0.05,0.6,sqrt,0.7248923959827833,0.6805497709287797,0.7179261862917399,0.6468725257323832,0.6274038461538461,0.5658263305322129,0.452914798206278,0.753731343283582,0.6262376237623762,0.5545722713864307,0.4372093023255814,0.7580645161290323
47,5,0.05,5,0.05,0.6,log2,0.7785150645624104,0.7577956462051383,0.7508744656043529,0.7648456057007126,0.6298076923076923,0.5837837837837838,0.4576271186440678,0.8059701492537313,0.6212871287128713,0.5641025641025641,0.43612334801762115,0.7983870967741935
48,5,0.05,5,0.05,0.7,sqrt,0.741571018651363,0.6996039191161142,0.7388815499779833,0.6642913697545526,0.6418269230769231,0.5826330532212886,0.4663677130044843,0.7761194029850746,0.6410891089108911,0.56973293768546,0.4507042253521127,0.7741935483870968
49,5,0.05,5,0.05,0.7,log2,0.7447991391678622,0.7019895287958116,0.7452200978212539,0.6634996041171813,0.6394230769230769,0.5738636363636364,0.463302752293578,0.753731343283582,0.6311881188118812,0.5578635014836796,0.4413145539906103,0.7580645161290323
50,5,0.05,5,0.1,0.3,sqrt,0.7347560975609756,0.6886971163965481,0.7352808988764045,0.6476642913697546,0.6370192307692307,0.5722379603399433,0.4611872146118721,0.753731343283582,0.6336633663366337,0.5595238095238095,0.44339622641509435,0.7580645161290323
51,5,0.05,5,0.1,0.3,log2,0.7327833572453372,0.6868432114333753,0.732078853046595,0.6468725257323832,0.6322115384615384,0.5690140845070423,0.45701357466063347,0.753731343283582,0.6311881188118812,0.5578635014836796,0.4413145539906103,0.7580645161290323
52,5,0.05,5,0.1,0.4,sqrt,0.7342180774748924,0.688,0.7347122302158273,0.6468725257323832,0.6370192307692307,0.5722379603399433,0.4611872146118721,0.753731343283582,0.6336633663366337,0.5595238095238095,0.44339622641509435,0.7580645161290323
53,5,0.05,5,0.1,0.4,log2,0.7234576757532282,0.6794178794178795,0.7154115586690017,0.6468725257323832,0.6274038461538461,0.5658263305322129,0.452914798206278,0.753731343283582,0.6262376237623762,0.5545722713864307,0.4372093023255814,0.7580645161290323
54,5,0.05,5,0.1,0.5,sqrt,0.7336800573888091,0.6878284633172167,0.7333034513671,0.6476642913697546,0.6346153846153846,0.5706214689265536,0.4590909090909091,0.753731343283582,0.6336633663366337,0.5595238095238095,0.44339622641509435,0.7580645161290323
55,5,0.05,5,0.1,0.5,log2,0.7403156384505022,0.6916524701873935,0.7483870967741936,0.6429136975455265,0.6394230769230769,0.5714285714285714,0.46296296296296297,0.746268656716418,0.6435643564356436,0.5662650602409639,0.4519230769230769,0.7580645161290323
56,5,0.05,5,0.1,0.6,sqrt,0.706599713055954,0.6682887266828873,0.684954280964256,0.6524148851939826,0.6153846153846154,0.5555555555555556,0.4424778761061947,0.746268656716418,0.6138613861386139,0.5465116279069767,0.42727272727272725,0.7580645161290323
57,5,0.05,5,0.1,0.6,log2,0.6732424677187948,0.6704052098408104,0.617255163224517,0.7335708630245448,0.5504807692307693,0.5493975903614458,0.40569395017793597,0.8507462686567164,0.5420792079207921,0.5340050377833753,0.3882783882783883,0.8548387096774194
58,5,0.05,5,0.1,0.7,sqrt,0.7277618364418939,0.6826923076923077,0.7232063773250664,0.6464766429136976,0.6274038461538461,0.5658263305322129,0.452914798206278,0.753731343283582,0.6287128712871287,0.5562130177514792,0.4392523364485981,0.7580645161290323
59,5,0.05,5,0.1,0.7,log2,0.6762912482065997,0.6725920551423907,0.6206896551724138,0.7339667458432304,0.5600961538461539,0.5547445255474452,0.41155234657039713,0.8507462686567164,0.5445544554455446,0.5353535353535354,0.3897058823529412,0.8548387096774194
60,5,0.05,6,0.05,0.3,sqrt,0.7058823529411765,0.6676124847993514,0.6839700996677741,0.6520190023752969,0.6129807692307693,0.5564738292011019,0.4410480349344978,0.753731343283582,0.6188118811881188,0.5497076023391813,0.43119266055045874,0.7580645161290323
61,5,0.05,6,0.05,0.3,log2,0.7284791965566715,0.6930251419302514,0.7103075644222776,0.6765637371338084,0.6225961538461539,0.5768194070080862,0.45147679324894513,0.7985074626865671,0.6014851485148515,0.5439093484419264,0.4192139737991266,0.7741935483870968
62,5,0.05,6,0.05,0.4,sqrt,0.7467718794835008,0.7091058920477956,0.7392611683848798,0.6813143309580364,0.6370192307692307,0.5817174515235457,0.46255506607929514,0.7835820895522388,0.6064356435643564,0.5470085470085471,0.42290748898678415,0.7741935483870968
63,5,0.05,6,0.05,0.4,log2,0.7401362984218077,0.6926829268292682,0.7460027409776153,0.6464766429136976,0.6418269230769231,0.5754985754985755,0.46543778801843316,0.753731343283582,0.6410891089108911,0.5645645645645646,0.44976076555023925,0.7580645161290323
64,5,0.05,6,0.05,0.5,sqrt,0.7404949784791965,0.6923240484796939,0.7478180983004135,0.6444972288202692,0.6418269230769231,0.5754985754985755,0.46543778801843316,0.753731343283582,0.6410891089108911,0.5645645645645646,0.44976076555023925,0.7580645161290323
65,5,0.05,6,0.05,0.5,log2,0.755738880918221,0.723395613322502,0.7427022518765638,0.7050673000791766,0.6346153846153846,0.5777777777777777,0.46017699115044247,0.7761194029850746,0.6138613861386139,0.5465116279069767,0.42727272727272725,0.7580645161290323
66,5,0.05,6,0.05,0.6,sqrt,0.7571736011477762,0.7250203086921202,0.744370308590492,0.7066508313539193,0.6466346153846154,0.5882352941176471,0.47085201793721976,0.7835820895522388,0.6311881188118812,0.565597667638484,0.4429223744292237,0.782258064516129
67,5,0.05,6,0.05,0.6,log2,0.7392395982783357,0.6918185671894871,0.7445255474452555,0.6460807600950119,0.6418269230769231,0.5754985754985755,0.46543778801843316,0.753731343283582,0.6361386138613861,0.5611940298507463,0.44549763033175355,0.7580645161290323
68,5,0.05,6,0.05,0.7,sqrt,0.7605810616929699,0.7299211005462269,0.7463798096814233,0.714172604908947,0.6370192307692307,0.5840220385674931,0.462882096069869,0.7910447761194029,0.6262376237623762,0.5597667638483965,0.4383561643835616,0.7741935483870968
69,5,0.05,6,0.05,0.7,log2,0.7763629842180775,0.7551541331238956,0.749123490455785,0.7612826603325415,0.6298076923076923,0.5882352941176471,0.4583333333333333,0.8208955223880597,0.6237623762376238,0.5730337078651685,0.4396551724137931,0.8225806451612904
70,5,0.05,6,0.1,0.3,sqrt,0.6766499282639885,0.6736651583710407,0.62054018006002,0.7367379255740301,0.5576923076923077,0.5533980582524272,0.41007194244604317,0.8507462686567164,0.5420792079207921,0.5340050377833753,0.3882783882783883,0.8548387096774194
71,5,0.05,6,0.1,0.3,log2,0.6612266857962698,0.668654621996141,0.6003149606299213,0.7545526524148852,0.5360576923076923,0.5458823529411765,0.39862542955326463,0.8656716417910447,0.5297029702970297,0.5297029702970297,0.3821428571428571,0.8629032258064516
72,5,0.05,6,0.1,0.4,sqrt,0.7401362984218077,0.6920297555791711,0.7471317117944011,0.6444972288202692,0.6418269230769231,0.5754985754985755,0.46543778801843316,0.753731343283582,0.6435643564356436,0.5662650602409639,0.4519230769230769,0.7580645161290323
73,5,0.05,6,0.1,0.4,log2,0.6766499282639885,0.6728361458900382,0.6211055276381909,0.7339667458432304,0.5600961538461539,0.5547445255474452,0.41155234657039713,0.8507462686567164,0.5420792079207921,0.5340050377833753,0.3882783882783883,0.8548387096774194
74,5,0.05,6,0.1,0.5,sqrt,0.7338593974175036,0.6871838111298483,0.7348963029756538,0.6452889944576405,0.6322115384615384,0.5641025641025641,0.45622119815668205,0.7388059701492538,0.6386138613861386,0.562874251497006,0.44761904761904764,0.7580645161290323
75,5,0.05,6,0.1,0.5,log2,0.6744978479196556,0.6713742531233026,0.6186186186186187,0.7339667458432304,0.5576923076923077,0.5533980582524272,0.41007194244604317,0.8507462686567164,0.5420792079207921,0.5340050377833753,0.3882783882783883,0.8548387096774194
76,5,0.05,6,0.1,0.6,sqrt,0.7342180774748924,0.688,0.7347122302158273,0.6468725257323832,0.6370192307692307,0.5722379603399433,0.4611872146118721,0.753731343283582,0.6361386138613861,0.5611940298507463,0.44549763033175355,0.7580645161290323
77,5,0.05,6,0.1,0.6,log2,0.6732424677187948,0.6704052098408104,0.617255163224517,0.7335708630245448,0.5504807692307693,0.5493975903614458,0.40569395017793597,0.8507462686567164,0.5420792079207921,0.5340050377833753,0.3882783882783883,0.8548387096774194
78,5,0.05,6,0.1,0.7,sqrt,0.7401362984218077,0.6922913569760034,0.7466788822721027,0.6452889944576405,0.6418269230769231,0.5754985754985755,0.46543778801843316,0.753731343283582,0.6410891089108911,0.5645645645645646,0.44976076555023925,0.7580645161290323
79,5,0.05,6,0.1,0.7,log2,0.7467718794835008,0.7053422370617696,0.7458075904677847,0.6690419635787807,0.6442307692307693,0.5842696629213483,0.46846846846846846,0.7761194029850746,0.6336633663366337,0.5621301775147929,0.4439252336448598,0.7661290322580645
80,5,0.05,7,0.05,0.3,sqrt,0.7374461979913917,0.6898305084745763,0.7420237010027347,0.6444972288202692,0.6418269230769231,0.5754985754985755,0.46543778801843316,0.753731343283582,0.6410891089108911,0.5645645645645646,0.44976076555023925,0.7580645161290323
81,5,0.05,7,0.05,0.3,log2,0.7044476327116213,0.6694745286803049,0.6784552845528455,0.6607284243863817,0.6105769230769231,0.5621621621621622,0.4406779661016949,0.7761194029850746,0.6163366336633663,0.5481049562682215,0.4292237442922374,0.7580645161290323
82,5,0.05,7,0.05,0.4,sqrt,0.740674318507891,0.6932541366143402,0.746800731261426,0.6468725257323832,0.6418269230769231,0.5754985754985755,0.46543778801843316,0.753731343283582,0.6410891089108911,0.5645645645645646,0.44976076555023925,0.7580645161290323
83,5,0.05,7,0.05,0.4,log2,0.734038737446198,0.6875921634716663,0.7348041422782531,0.6460807600950119,0.6370192307692307,0.5722379603399433,0.4611872146118721,0.753731343283582,0.6386138613861386,0.562874251497006,0.44761904761904764,0.7580645161290323
84,5,0.05,7,0.05,0.5,sqrt,0.7308106169296987,0.6852589641434262,0.7284886312973696,0.6468725257323832,0.6346153846153846,0.5706214689265536,0.4590909090909091,0.753731343283582,0.6336633663366337,0.5595238095238095,0.44339622641509435,0.7580645161290323
85,5,0.05,7,0.05,0.5,log2,0.7473098995695839,0.7091847265221878,0.7408365674859854,0.6801266825019794,0.6370192307692307,0.5770308123249299,0.4618834080717489,0.7686567164179104,0.6386138613861386,0.5654761904761905,0.4481132075471698,0.7661290322580645
86,5,0.05,7,0.05,0.6,sqrt,0.7482065997130559,0.7077435470441299,0.746268656716418,0.6730007917656373,0.6418269230769231,0.5826330532212886,0.4663677130044843,0.7761194029850746,0.6287128712871287,0.5588235294117647,0.4398148148148148,0.7661290322580645
87,5,0.05,7,0.05,0.6,log2,0.7512553802008608,0.7158369186642082,0.7418259023354564,0.6916072842438639,0.6274038461538461,0.5658263305322129,0.452914798206278,0.753731343283582,0.6212871287128713,0.5513196480938416,0.43317972350230416,0.7580645161290323
88,5,0.05,7,0.05,0.7,sqrt,0.7372668579626973,0.6948552384919808,0.7331868131868132,0.6603325415676959,0.6346153846153846,0.5730337078651685,0.4594594594594595,0.7611940298507462,0.6311881188118812,0.5578635014836796,0.4413145539906103,0.7580645161290323
89,5,0.05,7,0.05,0.7,log2,0.7374461979913917,0.6898305084745763,0.7420237010027347,0.6444972288202692,0.6394230769230769,0.5738636363636364,0.463302752293578,0.753731343283582,0.6410891089108911,0.5645645645645646,0.44976076555023925,0.7580645161290323
90,5,0.05,7,0.1,0.3,sqrt,0.734038737446198,0.6878551883813934,0.7343820224719101,0.6468725257323832,0.6370192307692307,0.5722379603399433,0.4611872146118721,0.753731343283582,0.6336633663366337,0.5595238095238095,0.44339622641509435,0.7580645161290323
91,5,0.05,7,0.1,0.3,log2,0.734038737446198,0.6878551883813934,0.7343820224719101,0.6468725257323832,0.6346153846153846,0.5706214689265536,0.4590909090909091,0.753731343283582,0.6361386138613861,0.5611940298507463,0.44549763033175355,0.7580645161290323
92,5,0.05,7,0.1,0.4,sqrt,0.6875896700143472,0.7080120683875293,0.6139534883720931,0.836104513064133,0.5432692307692307,0.5560747663551402,0.40476190476190477,0.8880597014925373,0.504950495049505,0.5260663507109005,0.3724832214765101,0.8951612903225806
93,5,0.05,7,0.1,0.4,log2,0.7236370157819225,0.6795591599085049,0.715724923346474,0.6468725257323832,0.6274038461538461,0.5658263305322129,0.452914798206278,0.753731343283582,0.6287128712871287,0.5562130177514792,0.4392523364485981,0.7580645161290323
94,5,0.05,7,0.1,0.5,sqrt,0.7222022955523673,0.7162483971423338,0.6665530173883396,0.7739509105304829,0.5865384615384616,0.5742574257425742,0.42962962962962964,0.8656716417910447,0.551980198019802,0.5370843989769821,0.39325842696629215,0.8467741935483871
95,5,0.05,7,0.1,0.5,log2,0.6734218077474893,0.6706456863809007,0.6173826173826173,0.7339667458432304,0.5504807692307693,0.5493975903614458,0.40569395017793597,0.8507462686567164,0.5420792079207921,0.5340050377833753,0.3882783882783883,0.8548387096774194
96,5,0.05,7,0.1,0.6,sqrt,0.7394189383070301,0.7061678463094034,0.7217858619264159,0.6912114014251781,0.6370192307692307,0.5951742627345844,0.46443514644351463,0.8283582089552238,0.6237623762376238,0.5730337078651685,0.4396551724137931,0.8225806451612904
97,5,0.05,7,0.1,0.6,log2,0.710545193687231,0.6696684404420794,0.6932203389830508,0.6476642913697546,0.6225961538461539,0.5626740947075209,0.4488888888888889,0.753731343283582,0.6237623762376238,0.5529411764705883,0.4351851851851852,0.7580645161290323
98,5,0.05,7,0.1,0.7,sqrt,0.7342180774748924,0.688,0.7347122302158273,0.6468725257323832,0.6370192307692307,0.5722379603399433,0.4611872146118721,0.753731343283582,0.6361386138613861,0.5611940298507463,0.44549763033175355,0.7580645161290323
99,5,0.05,7,0.1,0.7,log2,0.6766499282639885,0.6755443584667986,0.6192675684592543,0.7430720506730008,0.5504807692307693,0.5493975903614458,0.40569395017793597,0.8507462686567164,0.5420792079207921,0.5340050377833753,0.3882783882783883,0.8548387096774194
100,5,0.05,8,0.05,0.3,sqrt,0.7422883787661406,0.6988052819115489,0.7425389755011136,0.6599366587490103,0.6418269230769231,0.5779036827195467,0.4657534246575342,0.7611940298507462,0.6311881188118812,0.5578635014836796,0.4413145539906103,0.7580645161290323
101,5,0.05,8,0.05,0.3,log2,0.7426470588235294,0.69706565336711,0.7467209407507915,0.6536025336500396,0.6442307692307693,0.5819209039548022,0.4681818181818182,0.7686567164179104,0.6410891089108911,0.5645645645645646,0.44976076555023925,0.7580645161290323
102,5,0.05,8,0.05,0.4,sqrt,0.7342180774748924,0.6878685762426284,0.7349234923492349,0.6464766429136976,0.6370192307692307,0.5722379603399433,0.4611872146118721,0.753731343283582,0.6361386138613861,0.5611940298507463,0.44549763033175355,0.7580645161290323
103,5,0.05,8,0.05,0.4,log2,0.740674318507891,0.6988754685547689,0.7372583479789103,0.6642913697545526,0.6370192307692307,0.5746478873239437,0.46153846153846156,0.7611940298507462,0.6287128712871287,0.5562130177514792,0.4392523364485981,0.7580645161290323
104,5,0.05,8,0.05,0.5,sqrt,0.7792324246771879,0.7573427951902227,0.7542206517471535,0.7604908946951703,0.6490384615384616,0.5989010989010989,0.47391304347826085,0.8134328358208955,0.6163366336633663,0.5633802816901409,0.4329004329004329,0.8064516129032258
105,5,0.05,8,0.05,0.5,log2,0.7480272596843616,0.7035239502004642,0.7532760957975598,0.6599366587490103,0.6442307692307693,0.5795454545454546,0.46788990825688076,0.7611940298507462,0.6410891089108911,0.5645645645645646,0.44976076555023925,0.7580645161290323
106,5,0.05,8,0.05,0.6,sqrt,0.7343974175035868,0.7187084520417854,0.6907630522088354,0.7490102929532858,0.6057692307692307,0.5751295336787565,0.44047619047619047,0.8283582089552238,0.5717821782178217,0.5361930294906166,0.40160642570281124,0.8064516129032258
107,5,0.05,8,0.05,0.6,log2,0.7404949784791965,0.6978492378367092,0.7384003535130358,0.661520190023753,0.6370192307692307,0.5746478873239437,0.46153846153846156,0.7611940298507462,0.6336633663366337,0.5595238095238095,0.44339622641509435,0.7580645161290323
108,5,0.05,8,0.05,0.7,sqrt,0.7541248206599713,0.7346622798529128,0.7186671715259372,0.7513855898653998,0.625,0.5760869565217391,0.452991452991453,0.7910447761194029,0.6237623762376238,0.5706214689265536,0.4391304347826087,0.8145161290322581
109,5,0.05,8,0.05,0.7,log2,0.757532281205165,0.7288407541115123,0.7386178861788618,0.7193190815518606,0.6370192307692307,0.5817174515235457,0.46255506607929514,0.7835820895522388,0.6262376237623762,0.5673352435530086,0.44,0.7983870967741935
110,5,0.05,8,0.1,0.3,sqrt,0.7345767575322812,0.6885521885521886,0.7349505840071878,0.6476642913697546,0.6370192307692307,0.5722379603399433,0.4611872146118721,0.753731343283582,0.6336633663366337,0.5595238095238095,0.44339622641509435,0.7580645161290323
111,5,0.05,8,0.1,0.3,log2,0.7085724533715926,0.6678929082362559,0.6903253062948881,0.6468725257323832,0.6201923076923077,0.5611111111111111,0.4469026548672566,0.753731343283582,0.6212871287128713,0.5513196480938416,0.43317972350230416,0.7580645161290323
112,5,0.05,8,0.1,0.4,sqrt,0.7281205164992827,0.6972843450479234,0.7034649476228848,0.6912114014251781,0.625,0.5828877005347594,0.45416666666666666,0.8134328358208955,0.5915841584158416,0.5454545454545454,0.41422594142259417,0.7983870967741935
113,5,0.05,8,0.1,0.4,log2,0.734038737446198,0.6875921634716663,0.7348041422782531,0.6460807600950119,0.6370192307692307,0.5722379603399433,0.4611872146118721,0.753731343283582,0.6361386138613861,0.5611940298507463,0.44549763033175355,0.7580645161290323
114,5,0.05,8,0.1,0.5,sqrt,0.716284074605452,0.6739488870568837,0.7029234737747205,0.6472684085510689,0.625,0.5642458100558659,0.45089285714285715,0.753731343283582,0.6262376237623762,0.5545722713864307,0.4372093023255814,0.7580645161290323
115,5,0.05,8,0.1,0.5,log2,0.6784433285509326,0.6735845621700346,0.6235254465790361,0.7323832145684878,0.5625,0.5560975609756098,0.41304347826086957,0.8507462686567164,0.5470297029702971,0.5367088607594936,0.39114391143911437,0.8548387096774194
116,5,0.05,8,0.1,0.6,sqrt,0.7408536585365854,0.6926185917889811,0.7485057471264368,0.6444972288202692,0.6418269230769231,0.5754985754985755,0.46543778801843316,0.753731343283582,0.6410891089108911,0.5645645645645646,0.44976076555023925,0.7580645161290323
117,5,0.05,8,0.1,0.6,log2,0.7408536585365854,0.6926185917889811,0.7485057471264368,0.6444972288202692,0.6394230769230769,0.5714285714285714,0.46296296296296297,0.746268656716418,0.6410891089108911,0.5645645645645646,0.44976076555023925,0.7580645161290323
118,5,0.05,8,0.1,0.7,sqrt,0.7326040172166427,0.6868304977945809,0.7315436241610739,0.6472684085510689,0.6346153846153846,0.5706214689265536,0.4590909090909091,0.753731343283582,0.6287128712871287,0.5562130177514792,0.4392523364485981,0.7580645161290323
119,5,0.05,8,0.1,0.7,log2,0.7428263988522238,0.7134292565947242,0.7203389830508474,0.7066508313539193,0.6177884615384616,0.5782493368700266,0.448559670781893,0.8134328358208955,0.6163366336633663,0.5658263305322129,0.4334763948497854,0.8145161290322581
120,5,0.05,9,0.05,0.3,sqrt,0.7161047345767575,0.6728662946889853,0.7038478166882837,0.6444972288202692,0.625,0.5642458100558659,0.45089285714285715,0.753731343283582,0.6262376237623762,0.5545722713864307,0.4372093023255814,0.7580645161290323
121,5,0.05,9,0.05,0.3,log2,0.7419296987087518,0.6992685475444096,0.7405931828242586,0.6623119556611243,0.6370192307692307,0.5793871866295265,0.4622222222222222,0.7761194029850746,0.6163366336633663,0.553314121037464,0.4304932735426009,0.7741935483870968
122,5,0.05,9,0.05,0.4,sqrt,0.7401362984218077,0.6920297555791711,0.7471317117944011,0.6444972288202692,0.6418269230769231,0.5754985754985755,0.46543778801843316,0.753731343283582,0.6435643564356436,0.5662650602409639,0.4519230769230769,0.7580645161290323
123,5,0.05,9,0.05,0.4,log2,0.7338593974175036,0.687973086627418,0.7336322869955157,0.6476642913697546,0.6370192307692307,0.5722379603399433,0.4611872146118721,0.753731343283582,0.6361386138613861,0.5611940298507463,0.44549763033175355,0.7580645161290323
124,5,0.05,9,0.05,0.5,sqrt,0.7629124820659972,0.739558707643814,0.736078431372549,0.7430720506730008,0.6177884615384616,0.576,0.44813278008298757,0.8059701492537313,0.6138613861386139,0.5617977528089888,0.43103448275862066,0.8064516129032258
125,5,0.05,9,0.05,0.5,log2,0.7410329985652798,0.6927659574468085,0.7488500459981601,0.6444972288202692,0.6418269230769231,0.5754985754985755,0.46543778801843316,0.753731343283582,0.6410891089108911,0.5645645645645646,0.44976076555023925,0.7580645161290323
126,5,0.05,9,0.05,0.6,sqrt,0.7505380200860832,0.7182499493619607,0.7353795105765243,0.7019002375296912,0.6298076923076923,0.5698324022346368,0.45535714285714285,0.7611940298507462,0.6237623762376238,0.5529411764705883,0.4351851851851852,0.7580645161290323
127,5,0.05,9,0.05,0.6,log2,0.7440817790530847,0.7284490960989534,0.7013558079882741,0.7577197149643705,0.6105769230769231,0.578125,0.444,0.8283582089552238,0.5668316831683168,0.5333333333333333,0.398406374501992,0.8064516129032258
128,5,0.05,9,0.05,0.7,sqrt,0.7514347202295553,0.7182926829268292,0.7380952380952381,0.6995249406175772,0.6418269230769231,0.5940054495912807,0.4678111587982833,0.8134328358208955,0.6089108910891089,0.5561797752808989,0.4267241379310345,0.7983870967741935
129,5,0.05,9,0.05,0.7,log2,0.7713414634146342,0.742476267420723,0.7579381443298969,0.7276326207442597,0.6442307692307693,0.5934065934065934,0.46956521739130436,0.8059701492537313,0.6188118811881188,0.5649717514124294,0.43478260869565216,0.8064516129032258
130,5,0.05,9,0.1,0.3,sqrt,0.7347560975609756,0.6886971163965481,0.7352808988764045,0.6476642913697546,0.6370192307692307,0.5722379603399433,0.4611872146118721,0.753731343283582,0.6336633663366337,0.5595238095238095,0.44339622641509435,0.7580645161290323
131,5,0.05,9,0.1,0.3,log2,0.6743185078909613,0.6712527154236061,0.6184122748498999,0.7339667458432304,0.5528846153846154,0.5507246376811594,0.40714285714285714,0.8507462686567164,0.5420792079207921,0.5340050377833753,0.3882783882783883,0.8548387096774194
132,5,0.05,9,0.1,0.4,sqrt,0.7250717360114778,0.6809573361082206,0.717858709960509,0.6476642913697546,0.625,0.5617977528089888,0.45045045045045046,0.746268656716418,0.6287128712871287,0.5562130177514792,0.4392523364485981,0.7580645161290323
133,5,0.05,9,0.1,0.4,log2,0.6770086083213773,0.6733176129149283,0.6213592233009708,0.7347585114806018,0.5600961538461539,0.5547445255474452,0.41155234657039713,0.8507462686567164,0.5420792079207921,0.5340050377833753,0.3882783882783883,0.8548387096774194
134,5,0.05,9,0.1,0.5,sqrt,0.7243543758967002,0.6795914112987284,0.7177454865697931,0.6452889944576405,0.625,0.5617977528089888,0.45045045045045046,0.746268656716418,0.6287128712871287,0.5562130177514792,0.4392523364485981,0.7580645161290323
135,5,0.05,9,0.1,0.5,log2,0.7234576757532282,0.689738430583501,0.7013093289689034,0.6785431512272367,0.6177884615384616,0.5737265415549598,0.4476987447698745,0.7985074626865671,0.5866336633663366,0.5399449035812672,0.4100418410041841,0.7903225806451613
136,5,0.05,9,0.1,0.6,sqrt,0.7080344332855093,0.6670756646216769,0.689932318104907,0.6456848772763262,0.6153846153846154,0.553072625698324,0.4419642857142857,0.7388059701492538,0.6237623762376238,0.5529411764705883,0.4351851851851852,0.7580645161290323
137,5,0.05,9,0.1,0.6,log2,0.7243543758967002,0.6803909336660429,0.7166009636443277,0.6476642913697546,0.6274038461538461,0.5658263305322129,0.452914798206278,0.753731343283582,0.6287128712871287,0.5562130177514792,0.4392523364485981,0.7580645161290323
138,5,0.05,9,0.1,0.7,sqrt,0.7250717360114778,0.6813552276034088,0.7172866520787746,0.6488519398258116,0.6274038461538461,0.5658263305322129,0.452914798206278,0.753731343283582,0.6262376237623762,0.5545722713864307,0.4372093023255814,0.7580645161290323
139,5,0.05,9,0.1,0.7,log2,0.7335007173601148,0.6866301138760017,0.7346570397111913,0.6444972288202692,0.6346153846153846,0.5681818181818182,0.45871559633027525,0.746268656716418,0.6386138613861386,0.562874251497006,0.44761904761904764,0.7580645161290323
140,5,0.1,3,0.05,0.3,sqrt,0.7311692969870875,0.685017860895146,0.7299596954769368,0.6452889944576405,0.6298076923076923,0.5674157303370787,0.45495495495495497,0.753731343283582,0.6287128712871287,0.5562130177514792,0.4392523364485981,0.7580645161290323
141,5,0.1,3,0.05,0.3,log2,0.7080344332855093,0.6685667752442996,0.6881810561609388,0.6500395882818686,0.6177884615384616,0.5571030640668524,0.4444444444444444,0.746268656716418,0.6188118811881188,0.5497076023391813,0.43119266055045874,0.7580645161290323
142,5,0.1,3,0.05,0.4,sqrt,0.7336800573888091,0.687565747948664,0.7337224966322407,0.6468725257323832,0.6346153846153846,0.5706214689265536,0.4590909090909091,0.753731343283582,0.6336633663366337,0.5595238095238095,0.44339622641509435,0.7580645161290323
143,5,0.1,3,0.05,0.4,log2,0.7313486370157819,0.6856903063365506,0.7294642857142857,0.6468725257323832,0.6346153846153846,0.5706214689265536,0.4590909090909091,0.753731343283582,0.6361386138613861,0.5611940298507463,0.44549763033175355,0.7580645161290323
144,5,0.1,3,0.05,0.5,sqrt,0.7342180774748924,0.6877370417193426,0.7351351351351352,0.6460807600950119,0.6370192307692307,0.5722379603399433,0.4611872146118721,0.753731343283582,0.6386138613861386,0.562874251497006,0.44761904761904764,0.7580645161290323
145,5,0.1,3,0.05,0.5,log2,0.7417503586800573,0.6982397317686505,0.7417631344612645,0.6595407759303247,0.6346153846153846,0.5754189944134078,0.45982142857142855,0.7686567164179104,0.6212871287128713,0.5539358600583091,0.4337899543378995,0.7661290322580645
146,5,0.1,3,0.05,0.6,sqrt,0.7706241032998565,0.7475823958950069,0.7453758362849272,0.7498020585906572,0.625,0.5828877005347594,0.45416666666666666,0.8134328358208955,0.6064356435643564,0.5521126760563381,0.42424242424242425,0.7903225806451613
147,5,0.1,3,0.05,0.6,log2,0.7446197991391679,0.7029620358781811,0.7429453262786596,0.6670625494853524,0.6466346153846154,0.5835694050991501,0.4703196347031963,0.7686567164179104,0.6336633663366337,0.5647058823529412,0.4444444444444444,0.7741935483870968
148,5,0.1,3,0.05,0.7,sqrt,0.746413199426112,0.7107201309328969,0.7353937341236241,0.6876484560570071,0.6466346153846154,0.5905292479108635,0.4711111111111111,0.7910447761194029,0.6287128712871287,0.5664739884393064,0.44144144144144143,0.7903225806451613
149,5,0.1,3,0.05,0.7,log2,0.7489239598278336,0.7066219614417435,0.7506678539626002,0.667458432304038,0.6442307692307693,0.5842696629213483,0.46846846846846846,0.7761194029850746,0.6311881188118812,0.5578635014836796,0.4413145539906103,0.7580645161290323
150,5,0.1,3,0.1,0.3,sqrt,0.728299856527977,0.6908794123648235,0.7128421052631579,0.6702296120348377,0.6225961538461539,0.5698630136986301,0.45021645021645024,0.7761194029850746,0.6014851485148515,0.5439093484419264,0.4192139737991266,0.7741935483870968
151,5,0.1,3,0.1,0.3,log2,0.6757532281205165,0.6722262509064539,0.620066889632107,0.7339667458432304,0.5576923076923077,0.5533980582524272,0.41007194244604317,0.8507462686567164,0.5420792079207921,0.5340050377833753,0.3882783882783883,0.8548387096774194
152,5,0.1,3,0.1,0.4,sqrt,0.6743185078909613,0.6718467654499458,0.6180186170212766,0.7359461599366588,0.5504807692307693,0.5493975903614458,0.40569395017793597,0.8507462686567164,0.5420792079207921,0.5340050377833753,0.3882783882783883,0.8548387096774194
153,5,0.1,3,0.1,0.4,log2,0.7342180774748924,0.688,0.7347122302158273,0.6468725257323832,0.6370192307692307,0.5722379603399433,0.4611872146118721,0.753731343283582,0.6361386138613861,0.5611940298507463,0.44549763033175355,0.7580645161290323
154,5,0.1,3,0.1,0.5,sqrt,0.7408536585365854,0.6926185917889811,0.7485057471264368,0.6444972288202692,0.6418269230769231,0.5754985754985755,0.46543778801843316,0.753731343283582,0.6410891089108911,0.5645645645645646,0.44976076555023925,0.7580645161290323
155,5,0.1,3,0.1,0.5,log2,0.6789813486370158,0.6725210391511159,0.6251700680272109,0.7276326207442597,0.5552884615384616,0.5498783454987834,0.40794223826714804,0.8432835820895522,0.5470297029702971,0.5343511450381679,0.3903345724907063,0.8467741935483871
156,5,0.1,3,0.1,0.6,sqrt,0.7408536585365854,0.692487763353905,0.7487344684767603,0.6441013460015835,0.6418269230769231,0.5754985754985755,0.46543778801843316,0.753731343283582,0.6435643564356436,0.5662650602409639,0.4519230769230769,0.7580645161290323
157,5,0.1,3,0.1,0.6,log2,0.7401362984218077,0.6922913569760034,0.7466788822721027,0.6452889944576405,0.6418269230769231,0.5754985754985755,0.46543778801843316,0.753731343283582,0.6410891089108911,0.5645645645645646,0.44976076555023925,0.7580645161290323
158,5,0.1,3,0.1,0.7,sqrt,0.7439024390243902,0.7147423092289253,0.7213709677419354,0.7082343626286619,0.6201923076923077,0.582010582010582,0.45081967213114754,0.8208955223880597,0.6163366336633663,0.5658263305322129,0.4334763948497854,0.8145161290322581
159,5,0.1,3,0.1,0.7,log2,0.7440817790530847,0.6984998943587577,0.7489805165382872,0.6543942992874109,0.6442307692307693,0.5795454545454546,0.46788990825688076,0.7611940298507462,0.6410891089108911,0.5645645645645646,0.44976076555023925,0.7580645161290323
160,5,0.1,4,0.05,0.3,sqrt,0.7342180774748924,0.6882625157761885,0.7342908438061041,0.6476642913697546,0.6370192307692307,0.5722379603399433,0.4611872146118721,0.753731343283582,0.6336633663366337,0.5595238095238095,0.44339622641509435,0.7580645161290323
161,5,0.1,4,0.05,0.3,log2,0.733142037302726,0.6859434360489658,0.734629294755877,0.6433095803642122,0.6346153846153846,0.5681818181818182,0.45871559633027525,0.746268656716418,0.6361386138613861,0.5611940298507463,0.44549763033175355,0.7580645161290323
162,5,0.1,4,0.05,0.4,sqrt,0.7230989956958394,0.6792687993352722,0.7145979020979021,0.6472684085510689,0.6322115384615384,0.5690140845070423,0.45701357466063347,0.753731343283582,0.6262376237623762,0.5545722713864307,0.4372093023255814,0.7580645161290323
163,5,0.1,4,0.05,0.4,log2,0.7388809182209469,0.6997938144329897,0.7302065404475043,0.6718131433095804,0.6274038461538461,0.5776566757493188,0.45493562231759654,0.7910447761194029,0.6237623762376238,0.5581395348837209,0.43636363636363634,0.7741935483870968
164,5,0.1,4,0.05,0.5,sqrt,0.7352941176470589,0.6896551724137931,0.7354260089686099,0.6492478226444972,0.6346153846153846,0.5706214689265536,0.4590909090909091,0.753731343283582,0.6336633663366337,0.5595238095238095,0.44339622641509435,0.7580645161290323
165,5,0.1,4,0.05,0.5,log2,0.750896700143472,0.7208040201005025,0.7321355655369539,0.7098178939034046,0.6298076923076923,0.5860215053763441,0.4579831932773109,0.8134328358208955,0.6138613861386139,0.5568181818181818,0.4298245614035088,0.7903225806451613
166,5,0.1,4,0.05,0.6,sqrt,0.7973457675753228,0.7684426229508197,0.796516567544605,0.7422802850356295,0.6418269230769231,0.5917808219178082,0.4675324675324675,0.8059701492537313,0.6386138613861386,0.5755813953488372,0.45,0.7983870967741935
167,5,0.1,4,0.05,0.6,log2,0.7426470588235294,0.7022203776717161,0.7378979502834714,0.669833729216152,0.6418269230769231,0.5826330532212886,0.4663677130044843,0.7761194029850746,0.6262376237623762,0.5597667638483965,0.4383561643835616,0.7741935483870968
168,5,0.1,4,0.05,0.7,sqrt,0.7401362984218077,0.6981878775255155,0.7367032967032967,0.6634996041171813,0.6370192307692307,0.5746478873239437,0.46153846153846156,0.7611940298507462,0.6386138613861386,0.562874251497006,0.44761904761904764,0.7580645161290323
169,5,0.1,4,0.05,0.7,log2,0.749103299856528,0.710771139135828,0.7438338381652964,0.6805225653206651,0.6322115384615384,0.5714285714285714,0.45739910313901344,0.7611940298507462,0.6311881188118812,0.5578635014836796,0.4413145539906103,0.7580645161290323
170,5,0.1,4,0.1,0.3,sqrt,0.7225609756097561,0.6788457546190575,0.7136621562636404,0.6472684085510689,0.6274038461538461,0.5658263305322129,0.452914798206278,0.753731343283582,0.6287128712871287,0.5562130177514792,0.4392523364485981,0.7580645161290323
171,5,0.1,4,0.1,0.3,log2,0.7245337159253945,0.6803995006242197,0.7171052631578947,0.6472684085510689,0.6274038461538461,0.5658263305322129,0.452914798206278,0.753731343283582,0.6262376237623762,0.5545722713864307,0.4372093023255814,0.7580645161290323
172,5,0.1,4,0.1,0.4,sqrt,0.6736011477761836,0.6708860759493671,0.6175099866844208,0.734362628661916,0.5504807692307693,0.5493975903614458,0.40569395017793597,0.8507462686567164,0.5420792079207921,0.5340050377833753,0.3882783882783883,0.8548387096774194
173,5,0.1,4,0.1,0.4,log2,0.6759325681492109,0.6725856133357492,0.6201135983962579,0.7347585114806018,0.5576923076923077,0.5533980582524272,0.41007194244604317,0.8507462686567164,0.5420792079207921,0.5340050377833753,0.3882783882783883,0.8548387096774194
174,5,0.1,4,0.1,0.5,sqrt,0.7401362984218077,0.6921606118546845,0.7469050894085282,0.6448931116389549,0.6418269230769231,0.5754985754985755,0.46543778801843316,0.753731343283582,0.6435643564356436,0.5662650602409639,0.4519230769230769,0.7580645161290323
175,5,0.1,4,0.1,0.5,log2,0.7022955523672884,0.6878525761564498,0.6550859598853869,0.7240696753760887,0.5865384615384616,0.5678391959798995,0.42803030303030304,0.8432835820895522,0.5594059405940595,0.5412371134020618,0.3977272727272727,0.8467741935483871
176,5,0.1,4,0.1,0.6,sqrt,0.7076757532281205,0.6693711967545639,0.6863560732113144,0.6532066508313539,0.6177884615384616,0.5595567867036011,0.44493392070484583,0.753731343283582,0.6188118811881188,0.5497076023391813,0.43119266055045874,0.7580645161290323
177,5,0.1,4,0.1,0.6,log2,0.7245337159253945,0.6809306190278355,0.7163461538461539,0.6488519398258116,0.6274038461538461,0.5658263305322129,0.452914798206278,0.753731343283582,0.6262376237623762,0.5545722713864307,0.4372093023255814,0.7580645161290323
178,5,0.1,4,0.1,0.7,sqrt,0.7342180774748924,0.688,0.7347122302158273,0.6468725257323832,0.6346153846153846,0.5706214689265536,0.4590909090909091,0.753731343283582,0.6336633663366337,0.5595238095238095,0.44339622641509435,0.7580645161290323
179,5,0.1,4,0.1,0.7,log2,0.7440817790530847,0.6995156875131606,0.7471884840305892,0.6575613618368963,0.6418269230769231,0.5779036827195467,0.4657534246575342,0.7611940298507462,0.6410891089108911,0.5645645645645646,0.44976076555023925,0.7580645161290323
180,5,0.1,5,0.05,0.3,sqrt,0.712338593974175,0.6726530612244898,0.6941870261162595,0.6524148851939826,0.6177884615384616,0.5595567867036011,0.44493392070484583,0.753731343283582,0.6188118811881188,0.5497076023391813,0.43119266055045874,0.7580645161290323
181,5,0.1,5,0.05,0.3,log2,0.7354734576757532,0.716836244960645,0.6958628401043608,0.7391132224861441,0.6033653846153846,0.578005115089514,0.4396887159533074,0.8432835820895522,0.5767326732673267,0.5511811023622047,0.4085603112840467,0.8467741935483871
182,5,0.1,5,0.05,0.4,sqrt,0.7381635581061693,0.6951983298538622,0.7354240282685512,0.6591448931116389,0.6394230769230769,0.576271186440678,0.4636363636363636,0.7611940298507462,0.6287128712871287,0.5562130177514792,0.4392523364485981,0.7580645161290323
183,5,0.1,5,0.05,0.4,log2,0.7342180774748924,0.6881313131313131,0.7345013477088949,0.6472684085510689,0.6322115384615384,0.56657223796034,0.45662100456621,0.746268656716418,0.6336633663366337,0.5595238095238095,0.44339622641509435,0.7580645161290323
184,5,0.1,5,0.05,0.5,sqrt,0.7394189383070301,0.701826390313975,0.7285896889646357,0.6769596199524941,0.6322115384615384,0.5738161559888579,0.4577777777777778,0.7686567164179104,0.6287128712871287,0.5562130177514792,0.4392523364485981,0.7580645161290323
185,5,0.1,5,0.05,0.5,log2,0.7523314203730272,0.7182207712711691,0.7410526315789474,0.6967537608867775,0.6466346153846154,0.5859154929577465,0.47058823529411764,0.7761194029850746,0.6336633663366337,0.5722543352601156,0.44594594594594594,0.7983870967741935
186,5,0.1,5,0.05,0.6,sqrt,0.7636298421807748,0.7311301509587923,0.7542087542087542,0.7094220110847189,0.6418269230769231,0.5802816901408451,0.4660633484162896,0.7686567164179104,0.6237623762376238,0.5581395348837209,0.43636363636363634,0.7741935483870968
187,5,0.1,5,0.05,0.6,log2,0.7440817790530847,0.700147089724732,0.7460815047021944,0.6595407759303247,0.6394230769230769,0.5810055865921788,0.4642857142857143,0.7761194029850746,0.6212871287128713,0.5565217391304348,0.4343891402714932,0.7741935483870968
188,5,0.1,5,0.05,0.7,sqrt,0.7539454806312769,0.726475279106858,0.7317269076305221,0.721298495645289,0.6274038461538461,0.5776566757493188,0.45493562231759654,0.7910447761194029,0.6113861386138614,0.5527065527065527,0.42731277533039647,0.782258064516129
189,5,0.1,5,0.05,0.7,log2,0.7404949784791965,0.7017109874252732,0.7320430107526882,0.6737925574030087,0.6370192307692307,0.5793871866295265,0.4622222222222222,0.7761194029850746,0.6336633663366337,0.5722543352601156,0.44594594594594594,0.7983870967741935
190,5,0.1,5,0.1,0.3,sqrt,0.672883787661406,0.6702819956616052,0.6167664670658682,0.7339667458432304,0.5528846153846154,0.5507246376811594,0.40714285714285714,0.8507462686567164,0.5420792079207921,0.5340050377833753,0.3882783882783883,0.8548387096774194
191,5,0.1,5,0.1,0.3,log2,0.7342180774748924,0.688,0.7347122302158273,0.6468725257323832,0.6370192307692307,0.5722379603399433,0.4611872146118721,0.753731343283582,0.6361386138613861,0.5611940298507463,0.44549763033175355,0.7580645161290323
192,5,0.1,5,0.1,0.4,sqrt,0.740674318507891,0.6960907944514502,0.7419354838709677,0.6555819477434679,0.6394230769230769,0.576271186440678,0.4636363636363636,0.7611940298507462,0.6287128712871287,0.5562130177514792,0.4392523364485981,0.7580645161290323
193,5,0.1,5,0.1,0.4,log2,0.6766499282639885,0.6736651583710407,0.62054018006002,0.7367379255740301,0.5576923076923077,0.5533980582524272,0.41007194244604317,0.8507462686567164,0.5420792079207921,0.5340050377833753,0.3882783882783883,0.8548387096774194
194,5,0.1,5,0.1,0.5,sqrt,0.734038737446198,0.6879865348201136,0.734171531207903,0.6472684085510689,0.6346153846153846,0.5706214689265536,0.4590909090909091,0.753731343283582,0.6336633663366337,0.5595238095238095,0.44339622641509435,0.7580645161290323
195,5,0.1,5,0.1,0.5,log2,0.7335007173601148,0.6866301138760017,0.7346570397111913,0.6444972288202692,0.6346153846153846,0.5681818181818182,0.45871559633027525,0.746268656716418,0.6386138613861386,0.562874251497006,0.44761904761904764,0.7580645161290323
196,5,0.1,5,0.1,0.6,sqrt,0.6734218077474893,0.6706456863809007,0.6173826173826173,0.7339667458432304,0.5504807692307693,0.5493975903614458,0.40569395017793597,0.8507462686567164,0.5420792079207921,0.5340050377833753,0.3882783882783883,0.8548387096774194
197,5,0.1,5,0.1,0.6,log2,0.7098278335724534,0.669120654396728,0.6920473773265652,0.6476642913697546,0.6201923076923077,0.5611111111111111,0.4469026548672566,0.753731343283582,0.6212871287128713,0.5513196480938416,0.43317972350230416,0.7580645161290323
198,5,0.1,5,0.1,0.7,sqrt,0.7110832137733142,0.6735562310030395,0.6899128268991283,0.6579572446555819,0.6201923076923077,0.5611111111111111,0.4469026548672566,0.753731343283582,0.6188118811881188,0.5497076023391813,0.43119266055045874,0.7580645161290323
199,5,0.1,5,0.1,0.7,log2,0.7372668579626973,0.6934505126595522,0.7354638260097648,0.6559778305621536,0.6346153846153846,0.5706214689265536,0.4590909090909091,0.753731343283582,0.6336633663366337,0.5595238095238095,0.44339622641509435,0.7580645161290323
200,5,0.1,6,0.05,0.3,sqrt,0.7343974175035868,0.6882761523889708,0.7348314606741573,0.6472684085510689,0.6370192307692307,0.5722379603399433,0.4611872146118721,0.753731343283582,0.6336633663366337,0.5595238095238095,0.44339622641509435,0.7580645161290323
201,5,0.1,6,0.05,0.3,log2,0.7232783357245337,0.6787424526337705,0.7158541941150637,0.6452889944576405,0.6225961538461539,0.5577464788732395,0.4479638009049774,0.7388059701492538,0.6287128712871287,0.5562130177514792,0.4392523364485981,0.7580645161290323
202,5,0.1,6,0.05,0.4,sqrt,0.7062410329985653,0.6662591687041565,0.6863979848866498,0.6472684085510689,0.6201923076923077,0.5611111111111111,0.4469026548672566,0.753731343283582,0.6212871287128713,0.5513196480938416,0.43317972350230416,0.7580645161290323
203,5,0.1,6,0.05,0.4,log2,0.7605810616929699,0.7261538461538461,0.7535121328224776,0.7007125890736342,0.6346153846153846,0.5730337078651685,0.4594594594594595,0.7611940298507462,0.6311881188118812,0.5578635014836796,0.4413145539906103,0.7580645161290323
204,5,0.1,6,0.05,0.5,sqrt,0.7476685796269728,0.7033523086654017,0.7523680649526387,0.6603325415676959,0.6442307692307693,0.5795454545454546,0.46788990825688076,0.7611940298507462,0.6410891089108911,0.5645645645645646,0.44976076555023925,0.7580645161290323
205,5,0.1,6,0.05,0.5,log2,0.7647058823529411,0.7312576812781647,0.7576400679117148,0.7066508313539193,0.6418269230769231,0.5802816901408451,0.4660633484162896,0.7686567164179104,0.6336633663366337,0.5621301775147929,0.4439252336448598,0.7661290322580645
206,5,0.1,6,0.05,0.6,sqrt,0.7598637015781923,0.723289935937177,0.7565931690445309,0.6927949326999209,0.6394230769230769,0.5786516853932584,0.46396396396396394,0.7686567164179104,0.6361386138613861,0.5663716814159292,0.44651162790697674,0.7741935483870968
207,5,0.1,6,0.05,0.6,log2,0.7670373027259685,0.7403557865280832,0.7476786435203876,0.733174980205859,0.6370192307692307,0.5907859078590786,0.46382978723404256,0.8134328358208955,0.6039603960396039,0.5480225988700564,0.4217391304347826,0.782258064516129
208,5,0.1,6,0.05,0.7,sqrt,0.7537661406025825,0.7181276945185794,0.7458422174840085,0.6923990498812351,0.6274038461538461,0.5633802816901409,0.45248868778280543,0.746268656716418,0.6386138613861386,0.5705882352941176,0.44907407407407407,0.782258064516129
209,5,0.1,6,0.05,0.7,log2,0.7609397417503587,0.7363006923837785,0.7358639778568604,0.7367379255740301,0.6225961538461539,0.583554376657825,0.45267489711934156,0.8208955223880597,0.6138613861386139,0.5568181818181818,0.4298245614035088,0.7903225806451613
210,5,0.1,6,0.1,0.3,sqrt,0.705703012912482,0.6661241098677518,0.6852239430724152,0.6480601741884402,0.6177884615384616,0.5595567867036011,0.44493392070484583,0.753731343283582,0.6212871287128713,0.5513196480938416,0.43317972350230416,0.7580645161290323
211,5,0.1,6,0.1,0.3,log2,0.7326040172166427,0.6866988863206556,0.7317510076130765,0.6468725257323832,0.6322115384615384,0.5690140845070423,0.45701357466063347,0.753731343283582,0.6336633663366337,0.5595238095238095,0.44339622641509435,0.7580645161290323
212,5,0.1,6,0.1,0.4,sqrt,0.7227403156384505,0.6859000406338887,0.7045075125208681,0.6682501979414094,0.6201923076923077,0.5683060109289617,0.4482758620689655,0.7761194029850746,0.5965346534653465,0.5408450704225352,0.4155844155844156,0.7741935483870968
213,5,0.1,6,0.1,0.4,log2,0.7342180774748924,0.688,0.7347122302158273,0.6468725257323832,0.6346153846153846,0.5706214689265536,0.4590909090909091,0.753731343283582,0.6336633663366337,0.5595238095238095,0.44339622641509435,0.7580645161290323
214,5,0.1,6,0.1,0.5,sqrt,0.734038737446198,0.6878551883813934,0.7343820224719101,0.6468725257323832,0.6370192307692307,0.5722379603399433,0.4611872146118721,0.753731343283582,0.6336633663366337,0.5595238095238095,0.44339622641509435,0.7580645161290323
215,5,0.1,6,0.1,0.5,log2,0.7051649928263989,0.6886363636363636,0.6601307189542484,0.7197149643705463,0.5913461538461539,0.5707070707070707,0.4312977099236641,0.8432835820895522,0.5693069306930693,0.5445026178010471,0.40310077519379844,0.8387096774193549
216,5,0.1,6,0.1,0.6,sqrt,0.6698350071736011,0.6689444344542349,0.6128500823723229,0.7363420427553444,0.5552884615384616,0.5520581113801453,0.40860215053763443,0.8507462686567164,0.5346534653465347,0.53,0.38405797101449274,0.8548387096774194
217,5,0.1,6,0.1,0.6,log2,0.7342180774748924,0.688,0.7347122302158273,0.6468725257323832,0.6370192307692307,0.5722379603399433,0.4611872146118721,0.753731343283582,0.6336633663366337,0.5595238095238095,0.44339622641509435,0.7580645161290323
218,5,0.1,6,0.1,0.7,sqrt,0.7439024390243902,0.7149700598802395,0.7210144927536232,0.7090261282660333,0.6177884615384616,0.5804749340369393,0.4489795918367347,0.8208955223880597,0.6138613861386139,0.5642458100558659,0.43162393162393164,0.8145161290322581
219,5,0.1,6,0.1,0.7,log2,0.7404949784791965,0.6925855109411515,0.7473635946813388,0.6452889944576405,0.6418269230769231,0.5754985754985755,0.46543778801843316,0.753731343283582,0.6410891089108911,0.5645645645645646,0.44976076555023925,0.7580645161290323
220,5,0.1,7,0.05,0.3,sqrt,0.7205882352941176,0.6766293067662931,0.7111692844677138,0.6452889944576405,0.6225961538461539,0.5577464788732395,0.4479638009049774,0.7388059701492538,0.6287128712871287,0.5562130177514792,0.4392523364485981,0.7580645161290323
221,5,0.1,7,0.05,0.3,log2,0.7003228120516499,0.6834627770411063,0.6552851434798401,0.714172604908947,0.5745192307692307,0.556390977443609,0.4188679245283019,0.8283582089552238,0.5717821782178217,0.5411140583554377,0.4031620553359684,0.8225806451612904
222,5,0.1,7,0.05,0.4,sqrt,0.7410329985652798,0.6927659574468085,0.7488500459981601,0.6444972288202692,0.6418269230769231,0.5754985754985755,0.46543778801843316,0.753731343283582,0.6410891089108911,0.5645645645645646,0.44976076555023925,0.7580645161290323
223,5,0.1,7,0.05,0.4,log2,0.7408536585365854,0.6928799149840595,0.7480495640201927,0.6452889944576405,0.6394230769230769,0.5738636363636364,0.463302752293578,0.753731343283582,0.6410891089108911,0.5645645645645646,0.44976076555023925,0.7580645161290323
224,5,0.1,7,0.05,0.5,sqrt,0.7243543758967002,0.6801248699271593,0.7169811320754716,0.6468725257323832,0.6274038461538461,0.5658263305322129,0.452914798206278,0.753731343283582,0.6287128712871287,0.5562130177514792,0.4392523364485981,0.7580645161290323
225,5,0.1,7,0.05,0.5,log2,0.7449784791965567,0.7060768912773874,0.7387543252595156,0.6761678543151227,0.6466346153846154,0.5859154929577465,0.47058823529411764,0.7761194029850746,0.6237623762376238,0.5581395348837209,0.43636363636363634,0.7741935483870968
226,5,0.1,7,0.05,0.6,sqrt,0.7682926829268293,0.7500967117988394,0.733358547655068,0.7676167854315122,0.6274038461538461,0.5910290237467019,0.45714285714285713,0.835820895522388,0.6089108910891089,0.5511363636363636,0.42543859649122806,0.782258064516129
227,5,0.1,7,0.05,0.6,log2,0.7439024390243902,0.7016297534475554,0.7429203539823008,0.6646872525732384,0.6490384615384616,0.5875706214689266,0.4727272727272727,0.7761194029850746,0.6336633663366337,0.5647058823529412,0.4444444444444444,0.7741935483870968
228,5,0.1,7,0.05,0.7,sqrt,0.7690100430416069,0.7360655737704918,0.7629566694987255,0.7110055423594616,0.6370192307692307,0.5722379603399433,0.4611872146118721,0.753731343283582,0.6410891089108911,0.5671641791044776,0.45023696682464454,0.7661290322580645
229,5,0.1,7,0.05,0.7,log2,0.7318866571018652,0.686122191895864,0.7304425569959767,0.6468725257323832,0.6322115384615384,0.5690140845070423,0.45701357466063347,0.753731343283582,0.6336633663366337,0.5595238095238095,0.44339622641509435,0.7580645161290323
230,5,0.1,7,0.1,0.3,sqrt,0.7343974175035868,0.6881448726047589,0.7350427350427351,0.6468725257323832,0.6370192307692307,0.5722379603399433,0.4611872146118721,0.753731343283582,0.6361386138613861,0.5611940298507463,0.44549763033175355,0.7580645161290323
231,5,0.1,7,0.1,0.3,log2,0.7404949784791965,0.6925855109411515,0.7473635946813388,0.6452889944576405,0.6418269230769231,0.5754985754985755,0.46543778801843316,0.753731343283582,0.6410891089108911,0.5645645645645646,0.44976076555023925,0.7580645161290323
232,5,0.1,7,0.1,0.4,sqrt,0.7230989956958394,0.6791354945968412,0.7147856517935258,0.6468725257323832,0.6274038461538461,0.5658263305322129,0.452914798206278,0.753731343283582,0.6262376237623762,0.5545722713864307,0.4372093023255814,0.7580645161290323
233,5,0.1,7,0.1,0.4,log2,0.734038737446198,0.6878551883813934,0.7343820224719101,0.6468725257323832,0.6370192307692307,0.5722379603399433,0.4611872146118721,0.753731343283582,0.6336633663366337,0.5595238095238095,0.44339622641509435,0.7580645161290323
234,5,0.1,7,0.1,0.5,sqrt,0.7342180774748924,0.688,0.7347122302158273,0.6468725257323832,0.6370192307692307,0.5722379603399433,0.4611872146118721,0.753731343283582,0.6361386138613861,0.5611940298507463,0.44549763033175355,0.7580645161290323
235,5,0.1,7,0.1,0.5,log2,0.740674318507891,0.6923404255319149,0.7483900643974241,0.6441013460015835,0.6394230769230769,0.5714285714285714,0.46296296296296297,0.746268656716418,0.6435643564356436,0.5662650602409639,0.4519230769230769,0.7580645161290323
236,5,0.1,7,0.1,0.6,sqrt,0.727403156384505,0.6931772305207913,0.707166392092257,0.6797307996832938,0.6225961538461539,0.579088471849866,0.45188284518828453,0.8059701492537313,0.599009900990099,0.55,0.4194915254237288,0.7983870967741935
237,5,0.1,7,0.1,0.6,log2,0.7091104734576757,0.6687091503267973,0.690717299578059,0.6480601741884402,0.6177884615384616,0.5571030640668524,0.4444444444444444,0.746268656716418,0.6212871287128713,0.5513196480938416,0.43317972350230416,0.7580645161290323
238,5,0.1,7,0.1,0.7,sqrt,0.740674318507891,0.6924712888132709,0.7481617647058824,0.6444972288202692,0.6418269230769231,0.5754985754985755,0.46543778801843316,0.753731343283582,0.6410891089108911,0.5645645645645646,0.44976076555023925,0.7580645161290323
239,5,0.1,7,0.1,0.7,log2,0.7187948350071736,0.690485590209238,0.6885826771653544,0.6923990498812351,0.6129807692307693,0.5774278215223098,0.44534412955465585,0.8208955223880597,0.5816831683168316,0.546916890080429,0.40963855421686746,0.8225806451612904
240,5,0.1,8,0.05,0.3,sqrt,0.736728837876614,0.6897717666948436,0.7398005439709883,0.6460807600950119,0.6394230769230769,0.5738636363636364,0.463302752293578,0.753731343283582,0.6361386138613861,0.5611940298507463,0.44549763033175355,0.7580645161290323
241,5,0.1,8,0.05,0.3,log2,0.7343974175035868,0.6881448726047589,0.7350427350427351,0.6468725257323832,0.6346153846153846,0.5706214689265536,0.4590909090909091,0.753731343283582,0.6336633663366337,0.5595238095238095,0.44339622641509435,0.7580645161290323
242,5,0.1,8,0.05,0.4,sqrt,0.7532281205164992,0.7197556008146639,0.7411912751677853,0.6995249406175772,0.6490384615384616,0.5944444444444444,0.47345132743362833,0.7985074626865671,0.6212871287128713,0.5590778097982709,0.4349775784753363,0.782258064516129
243,5,0.1,8,0.05,0.4,log2,0.7435437589670014,0.7099391480730223,0.7279534109816972,0.6927949326999209,0.6418269230769231,0.5917808219178082,0.4675324675324675,0.8059701492537313,0.6188118811881188,0.5574712643678161,0.4330357142857143,0.782258064516129
244,5,0.1,8,0.05,0.5,sqrt,0.7458751793400287,0.7059555924465657,0.741822939380724,0.6733966745843231,0.6442307692307693,0.5842696629213483,0.46846846846846846,0.7761194029850746,0.6287128712871287,0.5588235294117647,0.4398148148148148,0.7661290322580645
245,5,0.1,8,0.05,0.5,log2,0.7116212338593975,0.6706267922982384,0.6948217317487266,0.6480601741884402,0.6153846153846154,0.5555555555555556,0.4424778761061947,0.746268656716418,0.6188118811881188,0.5497076023391813,0.43119266055045874,0.7580645161290323
246,5,0.1,8,0.05,0.6,sqrt,0.7742109038737446,0.7484515484515485,0.7555465913674869,0.7414885193982581,0.6225961538461539,0.5745257452574526,0.451063829787234,0.7910447761194029,0.6237623762376238,0.5632183908045977,0.4375,0.7903225806451613
247,5,0.1,8,0.05,0.6,log2,0.740674318507891,0.7024691358024692,0.7313624678663239,0.6757719714964371,0.6370192307692307,0.5770308123249299,0.4618834080717489,0.7686567164179104,0.6287128712871287,0.5562130177514792,0.4392523364485981,0.7580645161290323
248,5,0.1,8,0.05,0.7,sqrt,0.7654232424677188,0.7344701583434835,0.75375,0.7161520190023754,0.6394230769230769,0.5810055865921788,0.4642857142857143,0.7761194029850746,0.6237623762376238,0.5529411764705883,0.4351851851851852,0.7580645161290323
249,5,0.1,8,0.05,0.7,log2,0.7562769010043041,0.7182251710553598,0.7540269917283413,0.6856690419635788,0.6346153846153846,0.5706214689265536,0.4590909090909091,0.753731343283582,0.6435643564356436,0.5714285714285714,0.4528301886792453,0.7741935483870968
250,5,0.1,8,0.1,0.3,sqrt,0.6734218077474893,0.6706456863809007,0.6173826173826173,0.7339667458432304,0.5504807692307693,0.5493975903614458,0.40569395017793597,0.8507462686567164,0.5420792079207921,0.5340050377833753,0.3882783882783883,0.8548387096774194
251,5,0.1,8,0.1,0.3,log2,0.7229196556671449,0.6789943901932267,0.7144731088762571,0.6468725257323832,0.6274038461538461,0.5658263305322129,0.452914798206278,0.753731343283582,0.6262376237623762,0.5545722713864307,0.4372093023255814,0.7580645161290323
252,5,0.1,8,0.1,0.4,sqrt,0.676829268292683,0.6730769230769231,0.6212324179504354,0.734362628661916,0.5600961538461539,0.5547445255474452,0.41155234657039713,0.8507462686567164,0.5420792079207921,0.5340050377833753,0.3882783882783883,0.8548387096774194
253,5,0.1,8,0.1,0.4,log2,0.7336800573888091,0.687565747948664,0.7337224966322407,0.6468725257323832,0.6370192307692307,0.5722379603399433,0.4611872146118721,0.753731343283582,0.6336633663366337,0.5595238095238095,0.44339622641509435,0.7580645161290323
254,5,0.1,8,0.1,0.5,sqrt,0.7109038737446198,0.6706170821413976,0.6929898648648649,0.649643705463183,0.6177884615384616,0.5571030640668524,0.4444444444444444,0.746268656716418,0.6212871287128713,0.5513196480938416,0.43317972350230416,0.7580645161290323
255,5,0.1,8,0.1,0.5,log2,0.734038737446198,0.6878551883813934,0.7343820224719101,0.6468725257323832,0.6346153846153846,0.5706214689265536,0.4590909090909091,0.753731343283582,0.6336633663366337,0.5595238095238095,0.44339622641509435,0.7580645161290323
256,5,0.1,8,0.1,0.6,sqrt,0.7342180774748924,0.688,0.7347122302158273,0.6468725257323832,0.6370192307692307,0.5722379603399433,0.4611872146118721,0.753731343283582,0.6336633663366337,0.5595238095238095,0.44339622641509435,0.7580645161290323
257,5,0.1,8,0.1,0.6,log2,0.6746771879483501,0.6714958348424483,0.6188251001335113,0.7339667458432304,0.5528846153846154,0.5507246376811594,0.40714285714285714,0.8507462686567164,0.5420792079207921,0.5340050377833753,0.3882783882783883,0.8548387096774194
258,5,0.1,8,0.1,0.7,sqrt,0.7234576757532282,0.6788837984173262,0.7161687170474517,0.6452889944576405,0.6225961538461539,0.5577464788732395,0.4479638009049774,0.7388059701492538,0.6287128712871287,0.5562130177514792,0.4392523364485981,0.7580645161290323
259,5,0.1,8,0.1,0.7,log2,0.7236370157819225,0.6930890260904202,0.6973947895791583,0.6888361045130641,0.6129807692307693,0.575197889182058,0.4448979591836735,0.8134328358208955,0.5816831683168316,0.5420054200542005,0.40816326530612246,0.8064516129032258
260,5,0.1,9,0.05,0.3,sqrt,0.7643472022955524,0.7388712241653418,0.7418196328810854,0.7359461599366588,0.6418269230769231,0.5983827493261455,0.46835443037974683,0.8283582089552238,0.6138613861386139,0.5517241379310345,0.42857142857142855,0.7741935483870968
261,5,0.1,9,0.05,0.3,log2,0.7211262553802008,0.6781204719519768,0.7106290672451193,0.6484560570071259,0.6225961538461539,0.5626740947075209,0.4488888888888889,0.753731343283582,0.6262376237623762,0.5545722713864307,0.4372093023255814,0.7580645161290323
262,5,0.1,9,0.05,0.4,sqrt,0.7304519368723099,0.6844425782070124,0.7286544479213232,0.6452889944576405,0.6274038461538461,0.5609065155807366,0.4520547945205479,0.7388059701492538,0.6361386138613861,0.5611940298507463,0.44549763033175355,0.7580645161290323
263,5,0.1,9,0.05,0.4,log2,0.7399569583931134,0.6918827029324267,0.7467889908256881,0.6444972288202692,0.6418269230769231,0.5754985754985755,0.46543778801843316,0.753731343283582,0.6410891089108911,0.5645645645645646,0.44976076555023925,0.7580645161290323
264,5,0.1,9,0.05,0.5,sqrt,0.7519727403156384,0.7174668028600613,0.7412410299704517,0.6951702296120348,0.6442307692307693,0.5819209039548022,0.4681818181818182,0.7686567164179104,0.6237623762376238,0.5581395348837209,0.43636363636363634,0.7741935483870968
265,5,0.1,9,0.05,0.5,log2,0.7094691535150646,0.6688470973017171,0.6914623837700761,0.6476642913697546,0.6201923076923077,0.5611111111111111,0.4469026548672566,0.753731343283582,0.6237623762376238,0.5529411764705883,0.4351851851851852,0.7580645161290323
266,5,0.1,9,0.05,0.6,sqrt,0.7399569583931134,0.6942218473218051,0.7427797833935018,0.6516231195566112,0.6394230769230769,0.5738636363636364,0.463302752293578,0.753731343283582,0.6311881188118812,0.5578635014836796,0.4413145539906103,0.7580645161290323
267,5,0.1,9,0.05,0.6,log2,0.7395982783357246,0.6921119592875318,0.7452054794520548,0.6460807600950119,0.6394230769230769,0.5738636363636364,0.463302752293578,0.753731343283582,0.6386138613861386,0.562874251497006,0.44761904761904764,0.7580645161290323
268,5,0.1,9,0.05,0.7,sqrt,0.7440817790530847,0.7038804731272048,0.7396423898822503,0.6714172604908947,0.6322115384615384,0.5738161559888579,0.4577777777777778,0.7686567164179104,0.6336633663366337,0.5672514619883041,0.44495412844036697,0.782258064516129
269,5,0.1,9,0.05,0.7,log2,0.7489239598278336,0.7211155378486056,0.7257417802726543,0.716547901821061,0.6298076923076923,0.5904255319148937,0.45867768595041325,0.8283582089552238,0.6188118811881188,0.5674157303370787,0.4353448275862069,0.8145161290322581
270,5,0.1,9,0.1,0.3,sqrt,0.7324246771879483,0.6865546218487395,0.7314234556848702,0.6468725257323832,0.6346153846153846,0.5706214689265536,0.4590909090909091,0.753731343283582,0.6336633663366337,0.5595238095238095,0.44339622641509435,0.7580645161290323
271,5,0.1,9,0.1,0.3,log2,0.7087517934002869,0.6683006535947712,0.6902953586497891,0.6476642913697546,0.6201923076923077,0.5611111111111111,0.4469026548672566,0.753731343283582,0.6212871287128713,0.5513196480938416,0.43317972350230416,0.7580645161290323
272,5,0.1,9,0.1,0.4,sqrt,0.6734218077474893,0.6706456863809007,0.6173826173826173,0.7339667458432304,0.5504807692307693,0.5493975903614458,0.40569395017793597,0.8507462686567164,0.5420792079207921,0.5340050377833753,0.3882783882783883,0.8548387096774194
273,5,0.1,9,0.1,0.4,log2,0.7410329985652798,0.6927659574468085,0.7488500459981601,0.6444972288202692,0.6418269230769231,0.5754985754985755,0.46543778801843316,0.753731343283582,0.6435643564356436,0.5662650602409639,0.4519230769230769,0.7580645161290323
274,5,0.1,9,0.1,0.5,sqrt,0.7462338593974175,0.7081872551041452,0.7391304347826086,0.6797307996832938,0.6394230769230769,0.585635359116022,0.4649122807017544,0.7910447761194029,0.6064356435643564,0.5470085470085471,0.42290748898678415,0.7741935483870968
275,5,0.1,9,0.1,0.5,log2,0.6816714490674318,0.6911432051505133,0.6165787022663769,0.7862232779097387,0.5408653846153846,0.5484633569739953,0.4013840830449827,0.8656716417910447,0.5371287128712872,0.5336658354114713,0.3862815884476534,0.8629032258064516
276,5,0.1,9,0.1,0.6,sqrt,0.7089311334289814,0.6684371807967313,0.6905867454622203,0.6476642913697546,0.6201923076923077,0.5611111111111111,0.4469026548672566,0.753731343283582,0.6212871287128713,0.5513196480938416,0.43317972350230416,0.7580645161290323
277,5,0.1,9,0.1,0.6,log2,0.7109038737446198,0.6706170821413976,0.6929898648648649,0.649643705463183,0.6201923076923077,0.5611111111111111,0.4469026548672566,0.753731343283582,0.6212871287128713,0.5513196480938416,0.43317972350230416,0.7580645161290323
278,5,0.1,9,0.1,0.7,sqrt,0.7073170731707317,0.66721044045677,0.687973086627418,0.6476642913697546,0.6201923076923077,0.5611111111111111,0.4469026548672566,0.753731343283582,0.6163366336633663,0.5481049562682215,0.4292237442922374,0.7580645161290323
279,5,0.1,9,0.1,0.7,log2,0.6734218077474893,0.6706456863809007,0.6173826173826173,0.7339667458432304,0.5504807692307693,0.5493975903614458,0.40569395017793597,0.8507462686567164,0.5420792079207921,0.5340050377833753,0.3882783882783883,0.8548387096774194
280,5,0.15,3,0.05,0.3,sqrt,0.7394189383070301,0.69144191972818,0.7457627118644068,0.6444972288202692,0.6418269230769231,0.5754985754985755,0.46543778801843316,0.753731343283582,0.6410891089108911,0.5645645645645646,0.44976076555023925,0.7580645161290323
281,5,0.15,3,0.05,0.3,log2,0.7243543758967002,0.6801248699271593,0.7169811320754716,0.6468725257323832,0.6274038461538461,0.5658263305322129,0.452914798206278,0.753731343283582,0.6287128712871287,0.5562130177514792,0.4392523364485981,0.7580645161290323
282,5,0.15,3,0.05,0.4,sqrt,0.7410329985652798,0.6928966397277754,0.7486213235294118,0.6448931116389549,0.6418269230769231,0.5754985754985755,0.46543778801843316,0.753731343283582,0.6410891089108911,0.5645645645645646,0.44976076555023925,0.7580645161290323
283,5,0.15,3,0.05,0.4,log2,0.734038737446198,0.6878551883813934,0.7343820224719101,0.6468725257323832,0.6346153846153846,0.5706214689265536,0.4590909090909091,0.753731343283582,0.6336633663366337,0.5595238095238095,0.44339622641509435,0.7580645161290323
284,5,0.15,3,0.05,0.5,sqrt,0.734038737446198,0.6878551883813934,0.7343820224719101,0.6468725257323832,0.6346153846153846,0.5706214689265536,0.4590909090909091,0.753731343283582,0.6336633663366337,0.5595238095238095,0.44339622641509435,0.7580645161290323
285,5,0.15,3,0.05,0.5,log2,0.7503586800573888,0.7353612167300381,0.7073884418434528,0.765637371338084,0.6057692307692307,0.5816326530612245,0.4418604651162791,0.8507462686567164,0.6113861386138614,0.5674931129476584,0.4309623430962343,0.8306451612903226
286,5,0.15,3,0.05,0.6,sqrt,0.7792324246771879,0.7558992663097363,0.7572506952721494,0.7545526524148852,0.6442307692307693,0.5934065934065934,0.46956521739130436,0.8059701492537313,0.6287128712871287,0.5664739884393064,0.44144144144144143,0.7903225806451613
287,5,0.15,3,0.05,0.6,log2,0.7408536585365854,0.6963647825173356,0.74205105239588,0.6559778305621536,0.6418269230769231,0.5779036827195467,0.4657534246575342,0.7611940298507462,0.6287128712871287,0.5562130177514792,0.4392523364485981,0.7580645161290323
288,5,0.15,3,0.05,0.7,sqrt,0.734038737446198,0.6878551883813934,0.7343820224719101,0.6468725257323832,0.6370192307692307,0.5722379603399433,0.4611872146118721,0.753731343283582,0.6361386138613861,0.5611940298507463,0.44549763033175355,0.7580645161290323
289,5,0.15,3,0.05,0.7,log2,0.7363701578192252,0.6946406314914831,0.7307692307692307,0.6619160728424386,0.6418269230769231,0.5802816901408451,0.4660633484162896,0.7686567164179104,0.6287128712871287,0.5614035087719298,0.44036697247706424,0.7741935483870968
290,5,0.15,3,0.1,0.3,sqrt,0.7349354375896701,0.6892346509671994,0.7349775784753363,0.6488519398258116,0.6370192307692307,0.5722379603399433,0.4611872146118721,0.753731343283582,0.6361386138613861,0.5611940298507463,0.44549763033175355,0.7580645161290323
291,5,0.15,3,0.1,0.3,log2,0.6737804878048781,0.6711263785933828,0.6176372712146423,0.7347585114806018,0.5528846153846154,0.5507246376811594,0.40714285714285714,0.8507462686567164,0.5420792079207921,0.5340050377833753,0.3882783882783883,0.8548387096774194
292,5,0.15,3,0.1,0.4,sqrt,0.7074964131994261,0.6688324873096446,0.6865360566902876,0.6520190023752969,0.6177884615384616,0.5595567867036011,0.44493392070484583,0.753731343283582,0.6188118811881188,0.5497076023391813,0.43119266055045874,0.7580645161290323
293,5,0.15,3,0.1,0.4,log2,0.6725251076040172,0.6700397542464763,0.6163563829787234,0.7339667458432304,0.5504807692307693,0.5493975903614458,0.40569395017793597,0.8507462686567164,0.5420792079207921,0.5340050377833753,0.3882783882783883,0.8548387096774194
294,5,0.15,3,0.1,0.5,sqrt,0.7082137733142038,0.6696446700507614,0.6873697373905794,0.6528107680126682,0.6177884615384616,0.5595567867036011,0.44493392070484583,0.753731343283582,0.6188118811881188,0.5497076023391813,0.43119266055045874,0.7580645161290323
295,5,0.15,3,0.1,0.5,log2,0.7413916786226685,0.6933219906422798,0.7490808823529411,0.6452889944576405,0.6418269230769231,0.5754985754985755,0.46543778801843316,0.753731343283582,0.6435643564356436,0.5662650602409639,0.4519230769230769,0.7580645161290323
296,5,0.15,3,0.1,0.6,sqrt,0.7349354375896701,0.689365279529214,0.7347670250896058,0.6492478226444972,0.6346153846153846,0.5706214689265536,0.4590909090909091,0.753731343283582,0.6361386138613861,0.5611940298507463,0.44549763033175355,0.7580645161290323
297,5,0.15,3,0.1,0.6,log2,0.7401362984218077,0.6922913569760034,0.7466788822721027,0.6452889944576405,0.6418269230769231,0.5754985754985755,0.46543778801843316,0.753731343283582,0.6410891089108911,0.5645645645645646,0.44976076555023925,0.7580645161290323
298,5,0.15,3,0.1,0.7,sqrt,0.7234576757532282,0.679684254258413,0.715034965034965,0.6476642913697546,0.6274038461538461,0.5658263305322129,0.452914798206278,0.753731343283582,0.6262376237623762,0.5545722713864307,0.4372093023255814,0.7580645161290323
299,5,0.15,3,0.1,0.7,log2,0.7243543758967002,0.6801248699271593,0.7169811320754716,0.6468725257323832,0.6274038461538461,0.5658263305322129,0.452914798206278,0.753731343283582,0.6262376237623762,0.5545722713864307,0.4372093023255814,0.7580645161290323
300,5,0.15,4,0.05,0.3,sqrt,0.7385222381635581,0.6920152091254753,0.7418478260869565,0.6484560570071259,0.6418269230769231,0.5779036827195467,0.4657534246575342,0.7611940298507462,0.6336633663366337,0.5595238095238095,0.44339622641509435,0.7580645161290323
301,5,0.15,4,0.05,0.3,log2,0.7403156384505022,0.6928298684768774,0.7463436928702011,0.6464766429136976,0.6394230769230769,0.5738636363636364,0.463302752293578,0.753731343283582,0.6410891089108911,0.5645645645645646,0.44976076555023925,0.7580645161290323
302,5,0.15,4,0.05,0.4,sqrt,0.7094691535150646,0.6696574225122349,0.6904962153069807,0.6500395882818686,0.6201923076923077,0.5611111111111111,0.4469026548672566,0.753731343283582,0.6212871287128713,0.5513196480938416,0.43317972350230416,0.7580645161290323
303,5,0.15,4,0.05,0.4,log2,0.7388809182209469,0.6910016977928692,0.7447392497712717,0.6444972288202692,0.6394230769230769,0.5738636363636364,0.463302752293578,0.753731343283582,0.6410891089108911,0.5645645645645646,0.44976076555023925,0.7580645161290323
304,5,0.15,4,0.05,0.5,sqrt,0.7342180774748924,0.688,0.7347122302158273,0.6468725257323832,0.6370192307692307,0.5722379603399433,0.4611872146118721,0.753731343283582,0.6336633663366337,0.5595238095238095,0.44339622641509435,0.7580645161290323
305,5,0.15,4,0.05,0.5,log2,0.7361908177905309,0.6997346397223924,0.7222924568057312,0.6785431512272367,0.6322115384615384,0.5738161559888579,0.4577777777777778,0.7686567164179104,0.6212871287128713,0.5590778097982709,0.4349775784753363,0.782258064516129
306,5,0.15,4,0.05,0.6,sqrt,0.7351147776183644,0.6954011136316767,0.7257856220404649,0.667458432304038,0.6298076923076923,0.574585635359116,0.45614035087719296,0.7761194029850746,0.6089108910891089,0.5485714285714286,0.4247787610619469,0.7741935483870968
307,5,0.15,4,0.05,0.6,log2,0.741571018651363,0.6993532234508658,0.7393030436700485,0.6634996041171813,0.6442307692307693,0.5842696629213483,0.46846846846846846,0.7761194029850746,0.6311881188118812,0.5630498533724341,0.4423963133640553,0.7741935483870968
308,5,0.15,4,0.05,0.7,sqrt,0.7487446197991392,0.709275783357543,0.7453118185782818,0.6765637371338084,0.6418269230769231,0.5802816901408451,0.4660633484162896,0.7686567164179104,0.6287128712871287,0.5588235294117647,0.4398148148148148,0.7661290322580645
309,5,0.15,4,0.05,0.7,log2,0.7410329985652798,0.6928966397277754,0.7486213235294118,0.6448931116389549,0.6418269230769231,0.5754985754985755,0.46543778801843316,0.753731343283582,0.6410891089108911,0.5645645645645646,0.44976076555023925,0.7580645161290323
310,5,0.15,4,0.1,0.3,sqrt,0.705703012912482,0.6674772036474164,0.6836861768368617,0.6520190023752969,0.6153846153846154,0.5580110497237569,0.44298245614035087,0.753731343283582,0.6188118811881188,0.5497076023391813,0.43119266055045874,0.7580645161290323
311,5,0.15,4,0.1,0.3,log2,0.7336800573888091,0.6867749419953596,0.7349887133182844,0.6444972288202692,0.6370192307692307,0.5722379603399433,0.4611872146118721,0.753731343283582,0.6361386138613861,0.5611940298507463,0.44549763033175355,0.7580645161290323
312,5,0.15,4,0.1,0.4,sqrt,0.7062410329985653,0.6678832116788321,0.6845386533665836,0.6520190023752969,0.6153846153846154,0.5580110497237569,0.44298245614035087,0.753731343283582,0.6188118811881188,0.5497076023391813,0.43119266055045874,0.7580645161290323
313,5,0.15,4,0.1,0.4,log2,0.6569225251076041,0.6603941061601278,0.5986482137109752,0.7363420427553444,0.5360576923076923,0.5415676959619953,0.397212543554007,0.8507462686567164,0.5272277227722773,0.5260545905707196,0.37992831541218636,0.8548387096774194
314,5,0.15,4,0.1,0.5,sqrt,0.7403156384505022,0.6923076923076923,0.7472477064220183,0.6448931116389549,0.6394230769230769,0.5738636363636364,0.463302752293578,0.753731343283582,0.6435643564356436,0.5662650602409639,0.4519230769230769,0.7580645161290323
315,5,0.15,4,0.1,0.5,log2,0.7404949784791965,0.6921931503935332,0.7480459770114942,0.6441013460015835,0.6418269230769231,0.5754985754985755,0.46543778801843316,0.753731343283582,0.6410891089108911,0.5645645645645646,0.44976076555023925,0.7580645161290323
316,5,0.15,4,0.1,0.6,sqrt,0.7241750358680057,0.6799833541406575,0.7166666666666667,0.6468725257323832,0.6274038461538461,0.5658263305322129,0.452914798206278,0.753731343283582,0.6262376237623762,0.5545722713864307,0.4372093023255814,0.7580645161290323
317,5,0.15,4,0.1,0.6,log2,0.7229196556671449,0.6847582126096715,0.7065263157894737,0.6642913697545526,0.6201923076923077,0.572972972972973,0.4491525423728814,0.7910447761194029,0.6039603960396039,0.550561797752809,0.4224137931034483,0.7903225806451613
318,5,0.15,4,0.1,0.7,sqrt,0.7440817790530847,0.7076418766646179,0.7333333333333333,0.6836896278701504,0.6394230769230769,0.5786516853932584,0.46396396396396394,0.7686567164179104,0.6287128712871287,0.5588235294117647,0.4398148148148148,0.7661290322580645
319,5,0.15,4,0.1,0.7,log2,0.7444404591104734,0.7132219762527672,0.7253376995497339,0.7015043547110056,0.6225961538461539,0.5813333333333334,0.45228215767634855,0.8134328358208955,0.6188118811881188,0.5625,0.4342105263157895,0.7983870967741935
320,5,0.15,5,0.05,0.3,sqrt,0.7342180774748924,0.688,0.7347122302158273,0.6468725257323832,0.6370192307692307,0.5722379603399433,0.4611872146118721,0.753731343283582,0.6336633663366337,0.5595238095238095,0.44339622641509435,0.7580645161290323
321,5,0.15,5,0.05,0.3,log2,0.7245337159253945,0.6805324459234608,0.7169149868536372,0.6476642913697546,0.6274038461538461,0.5658263305322129,0.452914798206278,0.753731343283582,0.6262376237623762,0.5545722713864307,0.4372093023255814,0.7580645161290323
322,5,0.15,5,0.05,0.4,sqrt,0.7399569583931134,0.6918827029324267,0.7467889908256881,0.6444972288202692,0.6418269230769231,0.5754985754985755,0.46543778801843316,0.753731343283582,0.6435643564356436,0.5662650602409639,0.4519230769230769,0.7580645161290323
323,5,0.15,5,0.05,0.4,log2,0.7336800573888091,0.687565747948664,0.7337224966322407,0.6468725257323832,0.6346153846153846,0.5706214689265536,0.4590909090909091,0.753731343283582,0.6336633663366337,0.5595238095238095,0.44339622641509435,0.7580645161290323
324,5,0.15,5,0.05,0.5,sqrt,0.7248923959827833,0.6805497709287797,0.7179261862917399,0.6468725257323832,0.6274038461538461,0.5658263305322129,0.452914798206278,0.753731343283582,0.6262376237623762,0.5545722713864307,0.4372093023255814,0.7580645161290323
325,5,0.15,5,0.05,0.5,log2,0.7487446197991392,0.7122612446087492,0.7400768245838668,0.6864608076009501,0.6466346153846154,0.5882352941176471,0.47085201793721976,0.7835820895522388,0.6311881188118812,0.5681159420289855,0.4434389140271493,0.7903225806451613
326,5,0.15,5,0.05,0.6,sqrt,0.7419296987087518,0.6996451680233772,0.7399558498896247,0.6634996041171813,0.6418269230769231,0.584958217270195,0.4666666666666667,0.7835820895522388,0.6287128712871287,0.563953488372093,0.4409090909090909,0.782258064516129
327,5,0.15,5,0.05,0.6,log2,0.7440817790530847,0.6996421805935592,0.7469662921348315,0.6579572446555819,0.6418269230769231,0.5754985754985755,0.46543778801843316,0.753731343283582,0.6386138613861386,0.562874251497006,0.44761904761904764,0.7580645161290323
328,5,0.15,5,0.05,0.7,sqrt,0.7560975609756098,0.7179593529655744,0.7539198606271778,0.6852731591448931,0.6418269230769231,0.5802816901408451,0.4660633484162896,0.7686567164179104,0.6361386138613861,0.5663716814159292,0.44651162790697674,0.7741935483870968
329,5,0.15,5,0.05,0.7,log2,0.7288378766140603,0.687603305785124,0.7191011235955056,0.6587490102929533,0.6298076923076923,0.5722222222222222,0.4557522123893805,0.7686567164179104,0.6212871287128713,0.5513196480938416,0.43317972350230416,0.7580645161290323
330,5,0.15,5,0.1,0.3,sqrt,0.7343974175035868,0.6884073216915633,0.7346205657835654,0.6476642913697546,0.6346153846153846,0.5706214689265536,0.4590909090909091,0.753731343283582,0.6336633663366337,0.5595238095238095,0.44339622641509435,0.7580645161290323
331,5,0.15,5,0.1,0.3,log2,0.711441893830703,0.6740935790966174,0.6901700539195355,0.6587490102929533,0.6225961538461539,0.5650969529085873,0.44933920704845814,0.7611940298507462,0.6089108910891089,0.5433526011560693,0.42342342342342343,0.7580645161290323
332,5,0.15,5,0.1,0.4,sqrt,0.6727044476327116,0.6703991331045692,0.616406509465294,0.7347585114806018,0.5504807692307693,0.5493975903614458,0.40569395017793597,0.8507462686567164,0.5420792079207921,0.5340050377833753,0.3882783882783883,0.8548387096774194
333,5,0.15,5,0.1,0.4,log2,0.6753945480631277,0.6719826023921711,0.6196524064171123,0.7339667458432304,0.5576923076923077,0.5533980582524272,0.41007194244604317,0.8507462686567164,0.5420792079207921,0.5340050377833753,0.3882783882783883,0.8548387096774194
334,5,0.15,5,0.1,0.5,sqrt,0.7342180774748924,0.688,0.7347122302158273,0.6468725257323832,0.6346153846153846,0.5706214689265536,0.4590909090909091,0.753731343283582,0.6336633663366337,0.5595238095238095,0.44339622641509435,0.7580645161290323
335,5,0.15,5,0.1,0.5,log2,0.7410329985652798,0.6927659574468085,0.7488500459981601,0.6444972288202692,0.6418269230769231,0.5754985754985755,0.46543778801843316,0.753731343283582,0.6435643564356436,0.5662650602409639,0.4519230769230769,0.7580645161290323
336,5,0.15,5,0.1,0.6,sqrt,0.7401362984218077,0.6920297555791711,0.7471317117944011,0.6444972288202692,0.6418269230769231,0.5754985754985755,0.46543778801843316,0.753731343283582,0.6410891089108911,0.5645645645645646,0.44976076555023925,0.7580645161290323
337,5,0.15,5,0.1,0.6,log2,0.7342180774748924,0.688,0.7347122302158273,0.6468725257323832,0.6370192307692307,0.5722379603399433,0.4611872146118721,0.753731343283582,0.6361386138613861,0.5611940298507463,0.44549763033175355,0.7580645161290323
338,5,0.15,5,0.1,0.7,sqrt,0.7132352941176471,0.6718653806689924,0.6974861525351512,0.6480601741884402,0.6225961538461539,0.5626740947075209,0.4488888888888889,0.753731343283582,0.6262376237623762,0.5545722713864307,0.4372093023255814,0.7580645161290323
339,5,0.15,5,0.1,0.7,log2,0.7369081779053085,0.7073608617594255,0.7129071170084439,0.7019002375296912,0.6177884615384616,0.5782493368700266,0.448559670781893,0.8134328358208955,0.6089108910891089,0.5561797752808989,0.4267241379310345,0.7983870967741935
340,5,0.15,6,0.05,0.3,sqrt,0.7087517934002869,0.6684360963658637,0.6901349072512648,0.6480601741884402,0.6201923076923077,0.5611111111111111,0.4469026548672566,0.753731343283582,0.6237623762376238,0.5529411764705883,0.4351851851851852,0.7580645161290323
341,5,0.15,6,0.05,0.3,log2,0.6655308464849354,0.6714814162409724,0.6048873373532212,0.7545526524148852,0.5408653846153846,0.5484633569739953,0.4013840830449827,0.8656716417910447,0.5371287128712872,0.5336658354114713,0.3862815884476534,0.8629032258064516
342,5,0.15,6,0.05,0.4,sqrt,0.7392395982783357,0.6906382978723404,0.7465501379944802,0.6425178147268409,0.6370192307692307,0.5673352435530086,0.4604651162790698,0.7388059701492538,0.6460396039603961,0.56797583081571,0.45410628019323673,0.7580645161290323
343,5,0.15,6,0.05,0.4,log2,0.7349354375896701,0.6928512053200333,0.7292213473315835,0.6599366587490103,0.6346153846153846,0.5730337078651685,0.4594594594594595,0.7611940298507462,0.6311881188118812,0.5578635014836796,0.4413145539906103,0.7580645161290323
344,5,0.15,6,0.05,0.5,sqrt,0.736728837876614,0.6896405919661733,0.7400181488203267,0.6456848772763262,0.6370192307692307,0.5722379603399433,0.4611872146118721,0.753731343283582,0.6311881188118812,0.5578635014836796,0.4413145539906103,0.7580645161290323
345,5,0.15,6,0.05,0.5,log2,0.7439024390243902,0.7088091353996737,0.7308662741799832,0.6880443388756928,0.6298076923076923,0.5815217391304348,0.45726495726495725,0.7985074626865671,0.6212871287128713,0.5616045845272206,0.43555555555555553,0.7903225806451613
346,5,0.15,6,0.05,0.6,sqrt,0.7501793400286944,0.7111756168359942,0.7466260339573356,0.6789390340459224,0.6490384615384616,0.5898876404494382,0.47297297297297297,0.7835820895522388,0.6311881188118812,0.5630498533724341,0.4423963133640553,0.7741935483870968
347,5,0.15,6,0.05,0.6,log2,0.6796987087517934,0.6793536804308797,0.621550591327201,0.7490102929532858,0.5576923076923077,0.5533980582524272,0.41007194244604317,0.8507462686567164,0.5470297029702971,0.5413533834586466,0.3927272727272727,0.8709677419354839
348,5,0.15,6,0.05,0.7,sqrt,0.7430057388809183,0.6973600844772967,0.7473970122227253,0.6536025336500396,0.6394230769230769,0.5738636363636364,0.463302752293578,0.753731343283582,0.6410891089108911,0.5645645645645646,0.44976076555023925,0.7580645161290323
349,5,0.15,6,0.05,0.7,log2,0.7767216642754663,0.7565982404692082,0.7473928157589803,0.7660332541567696,0.6394230769230769,0.5901639344262295,0.46551724137931033,0.8059701492537313,0.6163366336633663,0.5658263305322129,0.4334763948497854,0.8145161290322581
350,5,0.15,6,0.1,0.3,sqrt,0.7087517934002869,0.6684360963658637,0.6901349072512648,0.6480601741884402,0.6201923076923077,0.5611111111111111,0.4469026548672566,0.753731343283582,0.6212871287128713,0.5513196480938416,0.43317972350230416,0.7580645161290323
351,5,0.15,6,0.1,0.3,log2,0.6757532281205165,0.6722262509064539,0.620066889632107,0.7339667458432304,0.5576923076923077,0.5533980582524272,0.41007194244604317,0.8507462686567164,0.5420792079207921,0.5340050377833753,0.3882783882783883,0.8548387096774194
352,5,0.15,6,0.1,0.4,sqrt,0.694583931133429,0.7029478458049887,0.6283130651699408,0.7977038796516231,0.5528846153846154,0.5571428571428572,0.4090909090909091,0.8731343283582089,0.5247524752475248,0.5294117647058824,0.38028169014084506,0.8709677419354839
353,5,0.15,6,0.1,0.4,log2,0.7076757532281205,0.6676182707993474,0.6883936080740117,0.6480601741884402,0.6201923076923077,0.5611111111111111,0.4469026548672566,0.753731343283582,0.6212871287128713,0.5513196480938416,0.43317972350230416,0.7580645161290323
354,5,0.15,6,0.1,0.5,sqrt,0.7349354375896701,0.6919549812421842,0.7306338028169014,0.6571654790182107,0.6370192307692307,0.5746478873239437,0.46153846153846156,0.7611940298507462,0.6237623762376238,0.5529411764705883,0.4351851851851852,0.7580645161290323
355,5,0.15,6,0.1,0.5,log2,0.6734218077474893,0.6706456863809007,0.6173826173826173,0.7339667458432304,0.5504807692307693,0.5493975903614458,0.40569395017793597,0.8507462686567164,0.5420792079207921,0.5340050377833753,0.3882783882783883,0.8548387096774194
356,5,0.15,6,0.1,0.6,sqrt,0.7082137733142038,0.6678914064094713,0.6894226717235566,0.6476642913697546,0.6201923076923077,0.5611111111111111,0.4469026548672566,0.753731343283582,0.6212871287128713,0.5513196480938416,0.43317972350230416,0.7580645161290323
357,5,0.15,6,0.1,0.6,log2,0.7695480631276901,0.7500486286714647,0.7372848948374761,0.7632620744259699,0.625,0.5873015873015873,0.45491803278688525,0.8283582089552238,0.6089108910891089,0.5611111111111111,0.4279661016949153,0.8145161290322581
358,5,0.15,6,0.1,0.7,sqrt,0.7230989956958394,0.6791354945968412,0.7147856517935258,0.6468725257323832,0.6274038461538461,0.5658263305322129,0.452914798206278,0.753731343283582,0.6287128712871287,0.5562130177514792,0.4392523364485981,0.7580645161290323
359,5,0.15,6,0.1,0.7,log2,0.7290172166427547,0.683825068005859,0.7252552152685309,0.6468725257323832,0.6274038461538461,0.5658263305322129,0.452914798206278,0.753731343283582,0.6262376237623762,0.5545722713864307,0.4372093023255814,0.7580645161290323
360,5,0.15,7,0.05,0.3,sqrt,0.7702654232424677,0.7515997673065736,0.7366020524515393,0.7672209026128266,0.6225961538461539,0.5879265091863517,0.4534412955465587,0.835820895522388,0.6188118811881188,0.5722222222222222,0.4364406779661017,0.8306451612903226
361,5,0.15,7,0.05,0.3,log2,0.7392395982783357,0.6912951167728237,0.7454212454212454,0.6444972288202692,0.6394230769230769,0.5738636363636364,0.463302752293578,0.753731343283582,0.6410891089108911,0.5645645645645646,0.44976076555023925,0.7580645161290323
362,5,0.15,7,0.05,0.4,sqrt,0.7342180774748924,0.688,0.7347122302158273,0.6468725257323832,0.6370192307692307,0.5722379603399433,0.4611872146118721,0.753731343283582,0.6336633663366337,0.5595238095238095,0.44339622641509435,0.7580645161290323
363,5,0.15,7,0.05,0.4,log2,0.7342180774748924,0.688,0.7347122302158273,0.6468725257323832,0.6370192307692307,0.5722379603399433,0.4611872146118721,0.753731343283582,0.6361386138613861,0.5611940298507463,0.44549763033175355,0.7580645161290323
364,5,0.15,7,0.05,0.5,sqrt,0.734038737446198,0.6879865348201136,0.734171531207903,0.6472684085510689,0.6346153846153846,0.5706214689265536,0.4590909090909091,0.753731343283582,0.6336633663366337,0.5595238095238095,0.44339622641509435,0.7580645161290323
365,5,0.15,7,0.05,0.5,log2,0.7055236728837877,0.666260162601626,0.6846282372598163,0.6488519398258116,0.6153846153846154,0.5580110497237569,0.44298245614035087,0.753731343283582,0.6188118811881188,0.5497076023391813,0.43119266055045874,0.7580645161290323
366,5,0.15,7,0.05,0.6,sqrt,0.7686513629842181,0.7403381642512077,0.7530712530712531,0.7280285035629454,0.6442307692307693,0.5911602209944752,0.4692982456140351,0.7985074626865671,0.6237623762376238,0.5606936416184971,0.4369369369369369,0.782258064516129
367,5,0.15,7,0.05,0.6,log2,0.7178981348637016,0.6752013214949412,0.7056538627535607,0.6472684085510689,0.625,0.5642458100558659,0.45089285714285715,0.753731343283582,0.6237623762376238,0.5529411764705883,0.4351851851851852,0.7580645161290323
368,5,0.15,7,0.05,0.7,sqrt,0.764167862266858,0.7374725494110601,0.7438582360048329,0.7311955661124308,0.6394230769230769,0.5879120879120879,0.4652173913043478,0.7985074626865671,0.6163366336633663,0.5584045584045584,0.43171806167400884,0.7903225806451613
369,5,0.15,7,0.05,0.7,log2,0.764167862266858,0.7120648127873878,0.7966682998530132,0.6437054631828979,0.6490384615384616,0.5804597701149425,0.4719626168224299,0.753731343283582,0.6633663366336634,0.5802469135802469,0.47,0.7580645161290323
370,5,0.15,7,0.1,0.3,sqrt,0.6743185078909613,0.6712527154236061,0.6184122748498999,0.7339667458432304,0.5528846153846154,0.5507246376811594,0.40714285714285714,0.8507462686567164,0.5420792079207921,0.5340050377833753,0.3882783882783883,0.8548387096774194
371,5,0.15,7,0.1,0.3,log2,0.6734218077474893,0.6706456863809007,0.6173826173826173,0.7339667458432304,0.5504807692307693,0.5493975903614458,0.40569395017793597,0.8507462686567164,0.5420792079207921,0.5340050377833753,0.3882783882783883,0.8548387096774194
372,5,0.15,7,0.1,0.4,sqrt,0.7342180774748924,0.688,0.7347122302158273,0.6468725257323832,0.6370192307692307,0.5722379603399433,0.4611872146118721,0.753731343283582,0.6361386138613861,0.5611940298507463,0.44549763033175355,0.7580645161290323
373,5,0.15,7,0.1,0.4,log2,0.7342180774748924,0.6882625157761885,0.7342908438061041,0.6476642913697546,0.6346153846153846,0.5706214689265536,0.4590909090909091,0.753731343283582,0.6336633663366337,0.5595238095238095,0.44339622641509435,0.7580645161290323
374,5,0.15,7,0.1,0.5,sqrt,0.7335007173601148,0.6872895622895623,0.733602875112309,0.6464766429136976,0.6346153846153846,0.5706214689265536,0.4590909090909091,0.753731343283582,0.6361386138613861,0.5611940298507463,0.44549763033175355,0.7580645161290323
375,5,0.15,7,0.1,0.5,log2,0.7419296987087518,0.6944149500955616,0.7489693082913422,0.6472684085510689,0.6394230769230769,0.5714285714285714,0.46296296296296297,0.746268656716418,0.6410891089108911,0.5645645645645646,0.44976076555023925,0.7580645161290323
376,5,0.15,7,0.1,0.6,sqrt,0.7073170731707317,0.6688311688311688,0.6860949208992506,0.6524148851939826,0.6129807692307693,0.554016620498615,0.44052863436123346,0.746268656716418,0.6188118811881188,0.5497076023391813,0.43119266055045874,0.7580645161290323
377,5,0.15,7,0.1,0.6,log2,0.6978120516499282,0.6838055920435354,0.6500178380306814,0.721298495645289,0.5769230769230769,0.5621890547263682,0.4216417910447761,0.8432835820895522,0.551980198019802,0.5347043701799485,0.39245283018867927,0.8387096774193549
378,5,0.15,7,0.1,0.7,sqrt,0.7130559540889526,0.6932515337423313,0.6721189591078067,0.7157561361836896,0.5961538461538461,0.5647668393782384,0.43253968253968256,0.8134328358208955,0.5965346534653465,0.5534246575342465,0.4190871369294606,0.8145161290322581
379,5,0.15,7,0.1,0.7,log2,0.7444404591104734,0.7151708974615231,0.7222446507872426,0.7082343626286619,0.6225961538461539,0.583554376657825,0.45267489711934156,0.8208955223880597,0.6138613861386139,0.5642458100558659,0.43162393162393164,0.8145161290322581
380,5,0.15,8,0.05,0.3,sqrt,0.7342180774748924,0.688,0.7347122302158273,0.6468725257323832,0.6346153846153846,0.5706214689265536,0.4590909090909091,0.753731343283582,0.6336633663366337,0.5595238095238095,0.44339622641509435,0.7580645161290323
381,5,0.15,8,0.05,0.3,log2,0.7236370157819225,0.6787575568063373,0.7168648172611185,0.6444972288202692,0.6225961538461539,0.5577464788732395,0.4479638009049774,0.7388059701492538,0.6311881188118812,0.5578635014836796,0.4413145539906103,0.7580645161290323
382,5,0.15,8,0.05,0.4,sqrt,0.7207675753228121,0.6791675252421183,0.7082079931241942,0.6524148851939826,0.625,0.5642458100558659,0.45089285714285715,0.753731343283582,0.6237623762376238,0.5529411764705883,0.4351851851851852,0.7580645161290323
383,5,0.15,8,0.05,0.4,log2,0.7390602582496413,0.6906230065915373,0.7459807073954984,0.6429136975455265,0.6418269230769231,0.5754985754985755,0.46543778801843316,0.753731343283582,0.6435643564356436,0.5662650602409639,0.4519230769230769,0.7580645161290323
384,5,0.15,8,0.05,0.5,sqrt,0.7193328550932568,0.6761845644527209,0.7082791504117902,0.6468725257323832,0.625,0.5642458100558659,0.45089285714285715,0.753731343283582,0.6262376237623762,0.5545722713864307,0.4372093023255814,0.7580645161290323
385,5,0.15,8,0.05,0.5,log2,0.7430057388809183,0.7028820236367406,0.7379190248149761,0.671021377672209,0.6466346153846154,0.5859154929577465,0.47058823529411764,0.7761194029850746,0.6336633663366337,0.5647058823529412,0.4444444444444444,0.7741935483870968
386,5,0.15,8,0.05,0.6,sqrt,0.7376255380200861,0.6970387243735763,0.7307859313938341,0.666270783847981,0.6394230769230769,0.5786516853932584,0.46396396396396394,0.7686567164179104,0.6287128712871287,0.5614035087719298,0.44036697247706424,0.7741935483870968
387,5,0.15,8,0.05,0.6,log2,0.742467718794835,0.7007086285952481,0.7398767605633803,0.6654790182106096,0.6442307692307693,0.5842696629213483,0.46846846846846846,0.7761194029850746,0.6311881188118812,0.5630498533724341,0.4423963133640553,0.7741935483870968
388,5,0.15,8,0.05,0.7,sqrt,0.7621951219512195,0.7327690447400241,0.7463054187192119,0.7197149643705463,0.6418269230769231,0.584958217270195,0.4666666666666667,0.7835820895522388,0.6262376237623762,0.5597667638483965,0.4383561643835616,0.7741935483870968
389,5,0.15,8,0.05,0.7,log2,0.745157819225251,0.702283679027865,0.7458834000890076,0.6634996041171813,0.6418269230769231,0.5779036827195467,0.4657534246575342,0.7611940298507462,0.6311881188118812,0.5578635014836796,0.4413145539906103,0.7580645161290323
390,5,0.15,8,0.1,0.3,sqrt,0.7064203730272597,0.6670734187512711,0.6859054788791301,0.6492478226444972,0.6201923076923077,0.5611111111111111,0.4469026548672566,0.753731343283582,0.6188118811881188,0.5497076023391813,0.43119266055045874,0.7580645161290323
391,5,0.15,8,0.1,0.3,log2,0.6766499282639885,0.6734287266799492,0.6207011686143573,0.7359461599366588,0.5576923076923077,0.5533980582524272,0.41007194244604317,0.8507462686567164,0.5420792079207921,0.5340050377833753,0.3882783882783883,0.8548387096774194
392,5,0.15,8,0.1,0.4,sqrt,0.6766499282639885,0.6734287266799492,0.6207011686143573,0.7359461599366588,0.5576923076923077,0.5533980582524272,0.41007194244604317,0.8507462686567164,0.5420792079207921,0.5340050377833753,0.3882783882783883,0.8548387096774194
393,5,0.15,8,0.1,0.4,log2,0.7073170731707317,0.6689655172413793,0.6859400998336106,0.6528107680126682,0.6153846153846154,0.5555555555555556,0.4424778761061947,0.746268656716418,0.6163366336633663,0.5481049562682215,0.4292237442922374,0.7580645161290323
394,5,0.15,8,0.1,0.5,sqrt,0.7351147776183644,0.701314459049545,0.7168251343530384,0.6864608076009501,0.6298076923076923,0.5860215053763441,0.4579831932773109,0.8134328358208955,0.6039603960396039,0.553072625698324,0.4230769230769231,0.7983870967741935
395,5,0.15,8,0.1,0.5,log2,0.672883787661406,0.6705202312138728,0.6166112956810631,0.7347585114806018,0.5504807692307693,0.5493975903614458,0.40569395017793597,0.8507462686567164,0.5420792079207921,0.5340050377833753,0.3882783882783883,0.8548387096774194
396,5,0.15,8,0.1,0.6,sqrt,0.6734218077474893,0.6706456863809007,0.6173826173826173,0.7339667458432304,0.5504807692307693,0.5493975903614458,0.40569395017793597,0.8507462686567164,0.5420792079207921,0.5340050377833753,0.3882783882783883,0.8548387096774194
397,5,0.15,8,0.1,0.6,log2,0.7385222381635581,0.6912325285895807,0.7431693989071039,0.6460807600950119,0.6394230769230769,0.5738636363636364,0.463302752293578,0.753731343283582,0.6361386138613861,0.5611940298507463,0.44549763033175355,0.7580645161290323
398,5,0.15,8,0.1,0.7,sqrt,0.749103299856528,0.713025641025641,0.7398893146019583,0.6880443388756928,0.6442307692307693,0.5865921787709497,0.46875,0.7835820895522388,0.6237623762376238,0.5606936416184971,0.4369369369369369,0.782258064516129
399,5,0.15,8,0.1,0.7,log2,0.7342180774748924,0.688,0.7347122302158273,0.6468725257323832,0.6370192307692307,0.5722379603399433,0.4611872146118721,0.753731343283582,0.6361386138613861,0.5611940298507463,0.44549763033175355,0.7580645161290323
400,5,0.15,9,0.05,0.3,sqrt,0.7250717360114778,0.6800250469630558,0.7192052980132451,0.6448931116389549,0.6225961538461539,0.5577464788732395,0.4479638009049774,0.7388059701492538,0.6311881188118812,0.5578635014836796,0.4413145539906103,0.7580645161290323
401,5,0.15,9,0.05,0.3,log2,0.7234576757532282,0.6788837984173262,0.7161687170474517,0.6452889944576405,0.6225961538461539,0.5577464788732395,0.4479638009049774,0.7388059701492538,0.6287128712871287,0.5562130177514792,0.4392523364485981,0.7580645161290323
402,5,0.15,9,0.05,0.4,sqrt,0.7532281205164992,0.7136912193091969,0.7521929824561403,0.6789390340459224,0.6346153846153846,0.5706214689265536,0.4590909090909091,0.753731343283582,0.6336633663366337,0.5621301775147929,0.4439252336448598,0.7661290322580645
403,5,0.15,9,0.05,0.4,log2,0.7410329985652798,0.6927659574468085,0.7488500459981601,0.6444972288202692,0.6418269230769231,0.5754985754985755,0.46543778801843316,0.753731343283582,0.6410891089108911,0.5645645645645646,0.44976076555023925,0.7580645161290323
404,5,0.15,9,0.05,0.5,sqrt,0.7516140602582496,0.7137838396362884,0.7466493731085171,0.6836896278701504,0.6442307692307693,0.5865921787709497,0.46875,0.7835820895522388,0.6237623762376238,0.5581395348837209,0.43636363636363634,0.7741935483870968
405,5,0.15,9,0.05,0.5,log2,0.7456958393113343,0.7015993265993266,0.7488769092542678,0.6599366587490103,0.6442307692307693,0.5795454545454546,0.46788990825688076,0.7611940298507462,0.6361386138613861,0.5611940298507463,0.44549763033175355,0.7580645161290323
406,5,0.15,9,0.05,0.6,sqrt,0.7342180774748924,0.688,0.7347122302158273,0.6468725257323832,0.6370192307692307,0.5722379603399433,0.4611872146118721,0.753731343283582,0.6361386138613861,0.5611940298507463,0.44549763033175355,0.7580645161290323
407,5,0.15,9,0.05,0.6,log2,0.7462338593974175,0.7063706163104378,0.7422590492804186,0.6737925574030087,0.6418269230769231,0.5802816901408451,0.4660633484162896,0.7686567164179104,0.6188118811881188,0.5497076023391813,0.43119266055045874,0.7580645161290323
408,5,0.15,9,0.05,0.7,sqrt,0.7650645624103299,0.7296739579034255,0.7620689655172413,0.6999208234362628,0.6346153846153846,0.5706214689265536,0.4590909090909091,0.753731343283582,0.6361386138613861,0.5611940298507463,0.44549763033175355,0.7580645161290323
409,5,0.15,9,0.05,0.7,log2,0.7412123385939742,0.6930440331844289,0.7489655172413793,0.6448931116389549,0.6394230769230769,0.5738636363636364,0.463302752293578,0.753731343283582,0.6435643564356436,0.5662650602409639,0.4519230769230769,0.7580645161290323
410,5,0.15,9,0.1,0.3,sqrt,0.7250717360114778,0.6813552276034088,0.7172866520787746,0.6488519398258116,0.6274038461538461,0.5658263305322129,0.452914798206278,0.753731343283582,0.6262376237623762,0.5545722713864307,0.4372093023255814,0.7580645161290323
411,5,0.15,9,0.1,0.3,log2,0.7100071736011477,0.6692575168746164,0.6923402454506983,0.6476642913697546,0.6201923076923077,0.5611111111111111,0.4469026548672566,0.753731343283582,0.6237623762376238,0.5529411764705883,0.4351851851851852,0.7580645161290323
412,5,0.15,9,0.1,0.4,sqrt,0.7343974175035868,0.6881448726047589,0.7350427350427351,0.6468725257323832,0.6370192307692307,0.5722379603399433,0.4611872146118721,0.753731343283582,0.6361386138613861,0.5611940298507463,0.44549763033175355,0.7580645161290323
413,5,0.15,9,0.1,0.4,log2,0.7342180774748924,0.6877370417193426,0.7351351351351352,0.6460807600950119,0.6370192307692307,0.5722379603399433,0.4611872146118721,0.753731343283582,0.6361386138613861,0.5611940298507463,0.44549763033175355,0.7580645161290323
414,5,0.15,9,0.1,0.5,sqrt,0.7342180774748924,0.688,0.7347122302158273,0.6468725257323832,0.6370192307692307,0.5722379603399433,0.4611872146118721,0.753731343283582,0.6361386138613861,0.5611940298507463,0.44549763033175355,0.7580645161290323
415,5,0.15,9,0.1,0.5,log2,0.734038737446198,0.6878551883813934,0.7343820224719101,0.6468725257323832,0.6346153846153846,0.5706214689265536,0.4590909090909091,0.753731343283582,0.6336633663366337,0.5595238095238095,0.44339622641509435,0.7580645161290323
416,5,0.15,9,0.1,0.6,sqrt,0.7254304160688666,0.6819031788905049,0.7175338871884565,0.649643705463183,0.625,0.5617977528089888,0.45045045045045046,0.746268656716418,0.6262376237623762,0.5545722713864307,0.4372093023255814,0.7580645161290323
417,5,0.15,9,0.1,0.6,log2,0.7082137733142038,0.6674841610463929,0.6899028305872412,0.6464766429136976,0.6153846153846154,0.553072625698324,0.4419642857142857,0.7388059701492538,0.6237623762376238,0.5529411764705883,0.4351851851851852,0.7580645161290323
418,5,0.15,9,0.1,0.7,sqrt,0.7419296987087518,0.6985124659543264,0.741878059635069,0.6599366587490103,0.6418269230769231,0.5826330532212886,0.4663677130044843,0.7761194029850746,0.6336633663366337,0.5621301775147929,0.4439252336448598,0.7661290322580645
419,5,0.15,9,0.1,0.7,log2,0.7342180774748924,0.688,0.7347122302158273,0.6468725257323832,0.6370192307692307,0.5722379603399433,0.4611872146118721,0.753731343283582,0.6361386138613861,0.5611940298507463,0.44549763033175355,0.7580645161290323
420,5,0.2,3,0.05,0.3,sqrt,0.6727044476327116,0.6703991331045692,0.616406509465294,0.7347585114806018,0.5504807692307693,0.5493975903614458,0.40569395017793597,0.8507462686567164,0.5420792079207921,0.5340050377833753,0.3882783882783883,0.8548387096774194
421,5,0.2,3,0.05,0.3,log2,0.6734218077474893,0.6706456863809007,0.6173826173826173,0.7339667458432304,0.5504807692307693,0.5493975903614458,0.40569395017793597,0.8507462686567164,0.5420792079207921,0.5340050377833753,0.3882783882783883,0.8548387096774194
422,5,0.2,3,0.05,0.4,sqrt,0.7229196556671449,0.6789943901932267,0.7144731088762571,0.6468725257323832,0.6274038461538461,0.5658263305322129,0.452914798206278,0.753731343283582,0.6262376237623762,0.5545722713864307,0.4372093023255814,0.7580645161290323
423,5,0.2,3,0.05,0.4,log2,0.7230989956958394,0.678601165695254,0.7155399473222125,0.6452889944576405,0.625,0.5617977528089888,0.45045045045045046,0.746268656716418,0.6287128712871287,0.5562130177514792,0.4392523364485981,0.7580645161290323
424,5,0.2,3,0.05,0.5,sqrt,0.7379842180774749,0.699444558732771,0.728051391862955,0.6730007917656373,0.6418269230769231,0.5872576177285319,0.4669603524229075,0.7910447761194029,0.6212871287128713,0.5565217391304348,0.4343891402714932,0.7741935483870968
425,5,0.2,3,0.05,0.5,log2,0.7342180774748924,0.688,0.7347122302158273,0.6468725257323832,0.6346153846153846,0.5706214689265536,0.4590909090909091,0.753731343283582,0.6336633663366337,0.5595238095238095,0.44339622641509435,0.7580645161290323
426,5,0.2,3,0.05,0.6,sqrt,0.734038737446198,0.6878551883813934,0.7343820224719101,0.6468725257323832,0.6346153846153846,0.5706214689265536,0.4590909090909091,0.753731343283582,0.6336633663366337,0.5595238095238095,0.44339622641509435,0.7580645161290323
427,5,0.2,3,0.05,0.6,log2,0.733142037302726,0.6942046855733662,0.7217948717948718,0.668646080760095,0.6346153846153846,0.5754189944134078,0.45982142857142855,0.7686567164179104,0.6212871287128713,0.5565217391304348,0.4343891402714932,0.7741935483870968
428,5,0.2,3,0.05,0.7,sqrt,0.7507173601147776,0.7136382365059745,0.7439862542955327,0.6856690419635788,0.6490384615384616,0.5875706214689266,0.4727272727272727,0.7761194029850746,0.6311881188118812,0.5630498533724341,0.4423963133640553,0.7741935483870968
429,5,0.2,3,0.05,0.7,log2,0.7383428981348638,0.7044764026736885,0.721277478224803,0.6884402216943785,0.6370192307692307,0.5907859078590786,0.46382978723404256,0.8134328358208955,0.6064356435643564,0.5546218487394958,0.4248927038626609,0.7983870967741935
430,5,0.2,3,0.1,0.3,sqrt,0.7342180774748924,0.688,0.7347122302158273,0.6468725257323832,0.6370192307692307,0.5722379603399433,0.4611872146118721,0.753731343283582,0.6361386138613861,0.5611940298507463,0.44549763033175355,0.7580645161290323
431,5,0.2,3,0.1,0.3,log2,0.6739598278335724,0.67124773960217,0.6178428761651131,0.7347585114806018,0.5528846153846154,0.5507246376811594,0.40714285714285714,0.8507462686567164,0.5420792079207921,0.5340050377833753,0.3882783882783883,0.8548387096774194
432,5,0.2,3,0.1,0.4,sqrt,0.7336800573888091,0.687565747948664,0.7337224966322407,0.6468725257323832,0.6346153846153846,0.5706214689265536,0.4590909090909091,0.753731343283582,0.6336633663366337,0.5595238095238095,0.44339622641509435,0.7580645161290323
433,5,0.2,3,0.1,0.4,log2,0.7335007173601148,0.6866301138760017,0.7346570397111913,0.6444972288202692,0.6322115384615384,0.5641025641025641,0.45622119815668205,0.7388059701492538,0.6386138613861386,0.562874251497006,0.44761904761904764,0.7580645161290323
434,5,0.2,3,0.1,0.5,sqrt,0.6732424677187948,0.6705244122965642,0.6171770972037284,0.7339667458432304,0.5528846153846154,0.5507246376811594,0.40714285714285714,0.8507462686567164,0.5420792079207921,0.5340050377833753,0.3882783882783883,0.8548387096774194
435,5,0.2,3,0.1,0.5,log2,0.7178981348637016,0.6872141578842712,0.6903715541350379,0.684085510688836,0.6153846153846154,0.574468085106383,0.4462809917355372,0.8059701492537313,0.5792079207920792,0.5380434782608695,0.4057377049180328,0.7983870967741935
436,5,0.2,3,0.1,0.6,sqrt,0.7343974175035868,0.6884073216915633,0.7346205657835654,0.6476642913697546,0.6370192307692307,0.5722379603399433,0.4611872146118721,0.753731343283582,0.6336633663366337,0.5595238095238095,0.44339622641509435,0.7580645161290323
437,5,0.2,3,0.1,0.6,log2,0.7213055954088953,0.6781275890637946,0.711120764552563,0.6480601741884402,0.6346153846153846,0.5706214689265536,0.4590909090909091,0.753731343283582,0.6311881188118812,0.5578635014836796,0.4413145539906103,0.7580645161290323
438,5,0.2,3,0.1,0.7,sqrt,0.7112625538020086,0.6728971962616822,0.6911519198664441,0.6555819477434679,0.6177884615384616,0.5571030640668524,0.4444444444444444,0.746268656716418,0.6163366336633663,0.5481049562682215,0.4292237442922374,0.7580645161290323
439,5,0.2,3,0.1,0.7,log2,0.7342180774748924,0.688,0.7347122302158273,0.6468725257323832,0.6370192307692307,0.5722379603399433,0.4611872146118721,0.753731343283582,0.6336633663366337,0.5595238095238095,0.44339622641509435,0.7580645161290323
440,5,0.2,4,0.05,0.3,sqrt,0.7223816355810617,0.6785714285714286,0.7135371179039302,0.6468725257323832,0.6274038461538461,0.5658263305322129,0.452914798206278,0.753731343283582,0.6262376237623762,0.5545722713864307,0.4372093023255814,0.7580645161290323
441,5,0.2,4,0.05,0.3,log2,0.7245337159253945,0.6839506172839506,0.712082262210797,0.6579572446555819,0.6274038461538461,0.5682451253481894,0.4533333333333333,0.7611940298507462,0.6138613861386139,0.5465116279069767,0.42727272727272725,0.7580645161290323
442,5,0.2,4,0.05,0.4,sqrt,0.740674318507891,0.69875,0.737467018469657,0.663895486935867,0.6370192307692307,0.5793871866295265,0.4622222222222222,0.7761194029850746,0.6163366336633663,0.553314121037464,0.4304932735426009,0.7741935483870968
443,5,0.2,4,0.05,0.4,log2,0.6725251076040172,0.6700397542464763,0.6163563829787234,0.7339667458432304,0.5504807692307693,0.5493975903614458,0.40569395017793597,0.8507462686567164,0.5420792079207921,0.5340050377833753,0.3882783882783883,0.8548387096774194
444,5,0.2,4,0.05,0.5,sqrt,0.7326040172166427,0.6930203829524397,0.722007722007722,0.666270783847981,0.6322115384615384,0.5738161559888579,0.4577777777777778,0.7686567164179104,0.6237623762376238,0.5529411764705883,0.4351851851851852,0.7580645161290323
445,5,0.2,4,0.05,0.5,log2,0.7403156384505022,0.6933502753070733,0.7454462659380692,0.6480601741884402,0.6394230769230769,0.5738636363636364,0.463302752293578,0.753731343283582,0.6386138613861386,0.562874251497006,0.44761904761904764,0.7580645161290323
446,5,0.2,4,0.05,0.6,sqrt,0.7308106169296987,0.6912157992182678,0.7194860813704497,0.665083135391924,0.6298076923076923,0.5698324022346368,0.45535714285714285,0.7611940298507462,0.6262376237623762,0.5545722713864307,0.4372093023255814,0.7580645161290323
447,5,0.2,4,0.05,0.6,log2,0.7250717360114778,0.6810900769710838,0.7176676896098203,0.6480601741884402,0.6274038461538461,0.5658263305322129,0.452914798206278,0.753731343283582,0.6262376237623762,0.5545722713864307,0.4372093023255814,0.7580645161290323
448,5,0.2,4,0.05,0.7,sqrt,0.7440817790530847,0.6982448720659759,0.7494325919201089,0.6536025336500396,0.6442307692307693,0.5795454545454546,0.46788990825688076,0.7611940298507462,0.6410891089108911,0.5645645645645646,0.44976076555023925,0.7580645161290323
449,5,0.2,4,0.05,0.7,log2,0.7329626972740315,0.6869875972251419,0.7324069923800987,0.6468725257323832,0.6322115384615384,0.5690140845070423,0.45701357466063347,0.753731343283582,0.6336633663366337,0.5595238095238095,0.44339622641509435,0.7580645161290323
450,5,0.2,4,0.1,0.3,sqrt,0.7342180774748924,0.688,0.7347122302158273,0.6468725257323832,0.6346153846153846,0.5706214689265536,0.4590909090909091,0.753731343283582,0.6336633663366337,0.5595238095238095,0.44339622641509435,0.7580645161290323
451,5,0.2,4,0.1,0.3,log2,0.7336800573888091,0.6870389884088515,0.7345651194231636,0.6452889944576405,0.6370192307692307,0.5722379603399433,0.4611872146118721,0.753731343283582,0.6361386138613861,0.5611940298507463,0.44549763033175355,0.7580645161290323
452,5,0.2,4,0.1,0.4,sqrt,0.6766499282639885,0.6728361458900382,0.6211055276381909,0.7339667458432304,0.5600961538461539,0.5547445255474452,0.41155234657039713,0.8507462686567164,0.5420792079207921,0.5340050377833753,0.3882783882783883,0.8548387096774194
453,5,0.2,4,0.1,0.4,log2,0.6725251076040172,0.6700397542464763,0.6163563829787234,0.7339667458432304,0.5504807692307693,0.5493975903614458,0.40569395017793597,0.8507462686567164,0.5420792079207921,0.5340050377833753,0.3882783882783883,0.8548387096774194
454,5,0.2,4,0.1,0.5,sqrt,0.7152080344332855,0.6741895773491998,0.6997444633730835,0.6504354711005542,0.6201923076923077,0.5611111111111111,0.4469026548672566,0.753731343283582,0.6188118811881188,0.5497076023391813,0.43119266055045874,0.7580645161290323
455,5,0.2,4,0.1,0.5,log2,0.7404949784791965,0.6919310197998723,0.7485029940119761,0.6433095803642122,0.6394230769230769,0.5714285714285714,0.46296296296296297,0.746268656716418,0.6435643564356436,0.5662650602409639,0.4519230769230769,0.7580645161290323
456,5,0.2,4,0.1,0.6,sqrt,0.7352941176470589,0.6966707768187423,0.7243589743589743,0.671021377672209,0.6274038461538461,0.5776566757493188,0.45493562231759654,0.7910447761194029,0.6262376237623762,0.5623188405797102,0.43891402714932126,0.782258064516129
457,5,0.2,4,0.1,0.6,log2,0.6739598278335724,0.6710097719869706,0.618,0.7339667458432304,0.5504807692307693,0.5493975903614458,0.40569395017793597,0.8507462686567164,0.5420792079207921,0.5340050377833753,0.3882783882783883,0.8548387096774194
458,5,0.2,4,0.1,0.7,sqrt,0.7342180774748924,0.688,0.7347122302158273,0.6468725257323832,0.6370192307692307,0.5722379603399433,0.4611872146118721,0.753731343283582,0.6336633663366337,0.5595238095238095,0.44339622641509435,0.7580645161290323
459,5,0.2,4,0.1,0.7,log2,0.7343974175035868,0.6881448726047589,0.7350427350427351,0.6468725257323832,0.6370192307692307,0.5722379603399433,0.4611872146118721,0.753731343283582,0.6336633663366337,0.5595238095238095,0.44339622641509435,0.7580645161290323
460,5,0.2,5,0.05,0.3,sqrt,0.734038737446198,0.688117770767613,0.7339614176760879,0.6476642913697546,0.6370192307692307,0.5722379603399433,0.4611872146118721,0.753731343283582,0.6336633663366337,0.5595238095238095,0.44339622641509435,0.7580645161290323
461,5,0.2,5,0.05,0.3,log2,0.6761119081779053,0.6727075027183762,0.6203208556149733,0.7347585114806018,0.5600961538461539,0.5547445255474452,0.41155234657039713,0.8507462686567164,0.5420792079207921,0.5340050377833753,0.3882783882783883,0.8548387096774194
462,5,0.2,5,0.05,0.4,sqrt,0.7245337159253945,0.6805324459234608,0.7169149868536372,0.6476642913697546,0.6274038461538461,0.5658263305322129,0.452914798206278,0.753731343283582,0.6287128712871287,0.5562130177514792,0.4392523364485981,0.7580645161290323
463,5,0.2,5,0.05,0.4,log2,0.7241750358680057,0.6799833541406575,0.7166666666666667,0.6468725257323832,0.6274038461538461,0.5658263305322129,0.452914798206278,0.753731343283582,0.6262376237623762,0.5545722713864307,0.4372093023255814,0.7580645161290323
464,5,0.2,5,0.05,0.5,sqrt,0.7342180774748924,0.688,0.7347122302158273,0.6468725257323832,0.6370192307692307,0.5722379603399433,0.4611872146118721,0.753731343283582,0.6336633663366337,0.5595238095238095,0.44339622641509435,0.7580645161290323
465,5,0.2,5,0.05,0.5,log2,0.764167862266858,0.7373676852406631,0.7440548166062072,0.730799683293745,0.6394230769230769,0.585635359116022,0.4649122807017544,0.7910447761194029,0.6188118811881188,0.56,0.4336283185840708,0.7903225806451613
466,5,0.2,5,0.05,0.6,sqrt,0.7338593974175036,0.6874473462510531,0.7344734473447345,0.6460807600950119,0.6370192307692307,0.5722379603399433,0.4611872146118721,0.753731343283582,0.6361386138613861,0.5611940298507463,0.44549763033175355,0.7580645161290323
467,5,0.2,5,0.05,0.6,log2,0.7388809182209469,0.6995460173338837,0.7306034482758621,0.671021377672209,0.6370192307692307,0.5817174515235457,0.46255506607929514,0.7835820895522388,0.6262376237623762,0.5623188405797102,0.43891402714932126,0.782258064516129
468,5,0.2,5,0.05,0.7,sqrt,0.7611190817790531,0.7103088299260548,0.7881274131274131,0.6464766429136976,0.6418269230769231,0.5730659025787965,0.46511627906976744,0.746268656716418,0.655940594059406,0.5749235474006116,0.4630541871921182,0.7580645161290323
469,5,0.2,5,0.05,0.7,log2,0.7299139167862266,0.6905055487053021,0.717948717948718,0.665083135391924,0.6274038461538461,0.5730027548209367,0.45414847161572053,0.7761194029850746,0.6188118811881188,0.5549132947976878,0.43243243243243246,0.7741935483870968
470,5,0.2,5,0.1,0.3,sqrt,0.7089311334289814,0.6746843054720385,0.6833130328867235,0.666270783847981,0.6153846153846154,0.5652173913043478,0.4444444444444444,0.7761194029850746,0.5965346534653465,0.5408450704225352,0.4155844155844156,0.7741935483870968
471,5,0.2,5,0.1,0.3,log2,0.6732424677187948,0.6705244122965642,0.6171770972037284,0.7339667458432304,0.5528846153846154,0.5507246376811594,0.40714285714285714,0.8507462686567164,0.5420792079207921,0.5340050377833753,0.3882783882783883,0.8548387096774194
472,5,0.2,5,0.1,0.4,sqrt,0.6908177905308465,0.7010058966354492,0.6237654320987654,0.8000791765637372,0.5480769230769231,0.5566037735849056,0.4068965517241379,0.8805970149253731,0.5247524752475248,0.5294117647058824,0.38028169014084506,0.8709677419354839
473,5,0.2,5,0.1,0.4,log2,0.7175394548063128,0.6749226006191951,0.705045278137128,0.6472684085510689,0.625,0.5642458100558659,0.45089285714285715,0.753731343283582,0.6262376237623762,0.5545722713864307,0.4372093023255814,0.7580645161290323
474,5,0.2,5,0.1,0.5,sqrt,0.7338593974175036,0.6877104377104377,0.734052111410602,0.6468725257323832,0.6346153846153846,0.5706214689265536,0.4590909090909091,0.753731343283582,0.6336633663366337,0.5595238095238095,0.44339622641509435,0.7580645161290323
475,5,0.2,5,0.1,0.5,log2,0.7347560975609756,0.6886971163965481,0.7352808988764045,0.6476642913697546,0.6370192307692307,0.5722379603399433,0.4611872146118721,0.753731343283582,0.6336633663366337,0.5595238095238095,0.44339622641509435,0.7580645161290323
476,5,0.2,5,0.1,0.6,sqrt,0.7241750358680057,0.6799833541406575,0.7166666666666667,0.6468725257323832,0.6274038461538461,0.5658263305322129,0.452914798206278,0.753731343283582,0.6262376237623762,0.5545722713864307,0.4372093023255814,0.7580645161290323
477,5,0.2,5,0.1,0.6,log2,0.6766499282639885,0.6734287266799492,0.6207011686143573,0.7359461599366588,0.5576923076923077,0.5533980582524272,0.41007194244604317,0.8507462686567164,0.5420792079207921,0.5340050377833753,0.3882783882783883,0.8548387096774194
478,5,0.2,5,0.1,0.7,sqrt,0.7037302725968436,0.6651803810295907,0.6814784053156147,0.649643705463183,0.6201923076923077,0.5611111111111111,0.4469026548672566,0.753731343283582,0.6163366336633663,0.5481049562682215,0.4292237442922374,0.7580645161290323
479,5,0.2,5,0.1,0.7,log2,0.7356527977044476,0.7054356514788169,0.7122679580306699,0.6987331749802058,0.6201923076923077,0.582010582010582,0.45081967213114754,0.8208955223880597,0.6138613861386139,0.5617977528089888,0.43103448275862066,0.8064516129032258
480,5,0.2,6,0.05,0.3,sqrt,0.705703012912482,0.6661241098677518,0.6852239430724152,0.6480601741884402,0.6177884615384616,0.5595567867036011,0.44493392070484583,0.753731343283582,0.6212871287128713,0.5513196480938416,0.43317972350230416,0.7580645161290323
481,5,0.2,6,0.05,0.3,log2,0.7230989956958394,0.6791354945968412,0.7147856517935258,0.6468725257323832,0.6274038461538461,0.5658263305322129,0.452914798206278,0.753731343283582,0.6262376237623762,0.5545722713864307,0.4372093023255814,0.7580645161290323
482,5,0.2,6,0.05,0.4,sqrt,0.7408536585365854,0.6981407979945686,0.7390535161432994,0.661520190023753,0.6370192307692307,0.5793871866295265,0.4622222222222222,0.7761194029850746,0.6163366336633663,0.553314121037464,0.4304932735426009,0.7741935483870968
483,5,0.2,6,0.05,0.4,log2,0.7469512195121951,0.7109198934644541,0.7367303609341825,0.6868566904196358,0.6466346153846154,0.5882352941176471,0.47085201793721976,0.7835820895522388,0.6188118811881188,0.5549132947976878,0.43243243243243246,0.7741935483870968
484,5,0.2,6,0.05,0.5,sqrt,0.7381635581061693,0.6941767909509845,0.7370996441281139,0.6559778305621536,0.6370192307692307,0.5722379603399433,0.4611872146118721,0.753731343283582,0.6336633663366337,0.5595238095238095,0.44339622641509435,0.7580645161290323
485,5,0.2,6,0.05,0.5,log2,0.7291965566714491,0.6898110106820049,0.7169086251067464,0.6646872525732384,0.625,0.5714285714285714,0.45217391304347826,0.7761194029850746,0.6064356435643564,0.5470085470085471,0.42290748898678415,0.7741935483870968
486,5,0.2,6,0.05,0.6,sqrt,0.7085724533715926,0.6680286006128703,0.6901646264246517,0.6472684085510689,0.6201923076923077,0.5611111111111111,0.4469026548672566,0.753731343283582,0.6237623762376238,0.5529411764705883,0.4351851851851852,0.7580645161290323
487,5,0.2,6,0.05,0.6,log2,0.7071377331420373,0.6672101080089667,0.6875262494750105,0.6480601741884402,0.6201923076923077,0.5611111111111111,0.4469026548672566,0.753731343283582,0.6188118811881188,0.5497076023391813,0.43119266055045874,0.7580645161290323
488,5,0.2,6,0.05,0.7,sqrt,0.7209469153515065,0.677579776212184,0.7108695652173913,0.6472684085510689,0.6274038461538461,0.5658263305322129,0.452914798206278,0.753731343283582,0.6262376237623762,0.5545722713864307,0.4372093023255814,0.7580645161290323
489,5,0.2,6,0.05,0.7,log2,0.7155667144906743,0.6741988496302382,0.7006831767719898,0.649643705463183,0.6201923076923077,0.5611111111111111,0.4469026548672566,0.753731343283582,0.6262376237623762,0.5545722713864307,0.4372093023255814,0.7580645161290323
490,5,0.2,6,0.1,0.3,sqrt,0.7085724533715926,0.6688404320358672,0.6892062158756825,0.649643705463183,0.6177884615384616,0.5595567867036011,0.44493392070484583,0.753731343283582,0.6212871287128713,0.5513196480938416,0.43317972350230416,0.7580645161290323
491,5,0.2,6,0.1,0.3,log2,0.6732424677187948,0.6704052098408104,0.617255163224517,0.7335708630245448,0.5504807692307693,0.5493975903614458,0.40569395017793597,0.8507462686567164,0.5420792079207921,0.5340050377833753,0.3882783882783883,0.8548387096774194
492,5,0.2,6,0.1,0.4,sqrt,0.7230989956958394,0.6791354945968412,0.7147856517935258,0.6468725257323832,0.6274038461538461,0.5658263305322129,0.452914798206278,0.753731343283582,0.6262376237623762,0.5545722713864307,0.4372093023255814,0.7580645161290323
493,5,0.2,6,0.1,0.4,log2,0.7259684361549498,0.6814011676396997,0.7198237885462555,0.6468725257323832,0.6274038461538461,0.5658263305322129,0.452914798206278,0.753731343283582,0.6287128712871287,0.5562130177514792,0.4392523364485981,0.7580645161290323
494,5,0.2,6,0.1,0.5,sqrt,0.7146700143472023,0.6722966014418126,0.7007299270072993,0.6460807600950119,0.6201923076923077,0.5611111111111111,0.4469026548672566,0.753731343283582,0.6262376237623762,0.5545722713864307,0.4372093023255814,0.7580645161290323
495,5,0.2,6,0.1,0.5,log2,0.7342180774748924,0.688,0.7347122302158273,0.6468725257323832,0.6370192307692307,0.5722379603399433,0.4611872146118721,0.753731343283582,0.6336633663366337,0.5595238095238095,0.44339622641509435,0.7580645161290323
496,5,0.2,6,0.1,0.6,sqrt,0.6732424677187948,0.6704052098408104,0.617255163224517,0.7335708630245448,0.5504807692307693,0.5493975903614458,0.40569395017793597,0.8507462686567164,0.5420792079207921,0.5340050377833753,0.3882783882783883,0.8548387096774194
497,5,0.2,6,0.1,0.6,log2,0.7408536585365854,0.6926185917889811,0.7485057471264368,0.6444972288202692,0.6418269230769231,0.5754985754985755,0.46543778801843316,0.753731343283582,0.6410891089108911,0.5645645645645646,0.44976076555023925,0.7580645161290323
498,5,0.2,6,0.1,0.7,sqrt,0.7326040172166427,0.6916235780765253,0.7241229969683846,0.6619160728424386,0.6274038461538461,0.5706371191135734,0.45374449339207046,0.7686567164179104,0.6336633663366337,0.5621301775147929,0.4439252336448598,0.7661290322580645
499,5,0.2,6,0.1,0.7,log2,0.7388809182209469,0.6910016977928692,0.7447392497712717,0.6444972288202692,0.6394230769230769,0.5738636363636364,0.463302752293578,0.753731343283582,0.6410891089108911,0.5645645645645646,0.44976076555023925,0.7580645161290323
500,5,0.2,7,0.05,0.3,sqrt,0.6755738880918221,0.6721044045676998,0.6198595787362087,0.7339667458432304,0.5600961538461539,0.5547445255474452,0.41155234657039713,0.8507462686567164,0.5420792079207921,0.5340050377833753,0.3882783882783883,0.8548387096774194
501,5,0.2,7,0.05,0.3,log2,0.6960186513629842,0.7028921998247152,0.6307014784523435,0.7937450514647665,0.5480769230769231,0.5523809523809524,0.40559440559440557,0.8656716417910447,0.5247524752475248,0.5247524752475248,0.37857142857142856,0.8548387096774194
502,5,0.2,7,0.05,0.4,sqrt,0.6734218077474893,0.6706456863809007,0.6173826173826173,0.7339667458432304,0.5504807692307693,0.5493975903614458,0.40569395017793597,0.8507462686567164,0.5420792079207921,0.5340050377833753,0.3882783882783883,0.8548387096774194
503,5,0.2,7,0.05,0.4,log2,0.7469512195121951,0.7172911240232418,0.7261663286004056,0.7086302454473475,0.6298076923076923,0.5882352941176471,0.4583333333333333,0.8208955223880597,0.6138613861386139,0.5642458100558659,0.43162393162393164,0.8145161290322581
504,5,0.2,7,0.05,0.5,sqrt,0.734038737446198,0.6878551883813934,0.7343820224719101,0.6468725257323832,0.6346153846153846,0.5706214689265536,0.4590909090909091,0.753731343283582,0.6336633663366337,0.5595238095238095,0.44339622641509435,0.7580645161290323
505,5,0.2,7,0.05,0.5,log2,0.7417503586800573,0.6994991652754591,0.7396293027360988,0.6634996041171813,0.6394230769230769,0.576271186440678,0.4636363636363636,0.7611940298507462,0.6336633663366337,0.5595238095238095,0.44339622641509435,0.7580645161290323
506,5,0.2,7,0.05,0.6,sqrt,0.7401362984218077,0.6920297555791711,0.7471317117944011,0.6444972288202692,0.6418269230769231,0.5754985754985755,0.46543778801843316,0.753731343283582,0.6410891089108911,0.5645645645645646,0.44976076555023925,0.7580645161290323
507,5,0.2,7,0.05,0.6,log2,0.7383428981348638,0.6958515739003543,0.7349185380889476,0.6607284243863817,0.6346153846153846,0.5706214689265536,0.4590909090909091,0.753731343283582,0.6336633663366337,0.5595238095238095,0.44339622641509435,0.7580645161290323
508,5,0.2,7,0.05,0.7,sqrt,0.7385222381635581,0.690708527789563,0.7440585009140768,0.6444972288202692,0.6394230769230769,0.5738636363636364,0.463302752293578,0.753731343283582,0.6386138613861386,0.562874251497006,0.44761904761904764,0.7580645161290323
509,5,0.2,7,0.05,0.7,log2,0.7503586800573888,0.7175324675324676,0.736053288925895,0.6999208234362628,0.6322115384615384,0.5876010781671159,0.459915611814346,0.8134328358208955,0.6237623762376238,0.5657142857142857,0.43805309734513276,0.7983870967741935
510,5,0.2,7,0.1,0.3,sqrt,0.7342180774748924,0.688,0.7347122302158273,0.6468725257323832,0.6346153846153846,0.5706214689265536,0.4590909090909091,0.753731343283582,0.6361386138613861,0.5611940298507463,0.44549763033175355,0.7580645161290323
511,5,0.2,7,0.1,0.3,log2,0.7089311334289814,0.6685725954666122,0.6904259805989034,0.6480601741884402,0.6201923076923077,0.5611111111111111,0.4469026548672566,0.753731343283582,0.6212871287128713,0.5513196480938416,0.43317972350230416,0.7580645161290323
512,5,0.2,7,0.1,0.4,sqrt,0.6743185078909613,0.6712527154236061,0.6184122748498999,0.7339667458432304,0.5528846153846154,0.5507246376811594,0.40714285714285714,0.8507462686567164,0.5420792079207921,0.5340050377833753,0.3882783882783883,0.8548387096774194
513,5,0.2,7,0.1,0.4,log2,0.7401362984218077,0.6920297555791711,0.7471317117944011,0.6444972288202692,0.6394230769230769,0.5738636363636364,0.463302752293578,0.753731343283582,0.6410891089108911,0.5645645645645646,0.44976076555023925,0.7580645161290323
514,5,0.2,7,0.1,0.5,sqrt,0.6753945480631277,0.6722202100688156,0.6194926568758344,0.7347585114806018,0.5552884615384616,0.5520581113801453,0.40860215053763443,0.8507462686567164,0.5396039603960396,0.5326633165829145,0.38686131386861317,0.8548387096774194
515,5,0.2,7,0.1,0.5,log2,0.734038737446198,0.6879865348201136,0.734171531207903,0.6472684085510689,0.6370192307692307,0.5722379603399433,0.4611872146118721,0.753731343283582,0.6336633663366337,0.5595238095238095,0.44339622641509435,0.7580645161290323
516,5,0.2,7,0.1,0.6,sqrt,0.7383428981348638,0.6900361164223497,0.744612563044475,0.6429136975455265,0.6346153846153846,0.5657142857142857,0.4583333333333333,0.7388059701492538,0.6460396039603961,0.56797583081571,0.45410628019323673,0.7580645161290323
517,5,0.2,7,0.1,0.6,log2,0.7017575322812052,0.6904894844593337,0.6515630488233228,0.734362628661916,0.5841346153846154,0.5707196029776674,0.4275092936802974,0.8582089552238806,0.556930693069307,0.5398457583547558,0.39622641509433965,0.8467741935483871
518,5,0.2,7,0.1,0.7,sqrt,0.740674318507891,0.69875,0.737467018469657,0.663895486935867,0.6370192307692307,0.5793871866295265,0.4622222222222222,0.7761194029850746,0.6163366336633663,0.553314121037464,0.4304932735426009,0.7741935483870968
519,5,0.2,7,0.1,0.7,log2,0.7187948350071736,0.6838709677419355,0.6967953985209532,0.6714172604908947,0.6225961538461539,0.5745257452574526,0.451063829787234,0.7910447761194029,0.6039603960396039,0.5428571428571428,0.42035398230088494,0.7661290322580645
520,5,0.2,8,0.05,0.3,sqrt,0.734038737446198,0.6877237313118552,0.7345928924876294,0.6464766429136976,0.6370192307692307,0.5722379603399433,0.4611872146118721,0.753731343283582,0.6336633663366337,0.5595238095238095,0.44339622641509435,0.7580645161290323
521,5,0.2,8,0.05,0.3,log2,0.734038737446198,0.6878551883813934,0.7343820224719101,0.6468725257323832,0.6346153846153846,0.5706214689265536,0.4590909090909091,0.753731343283582,0.6336633663366337,0.5595238095238095,0.44339622641509435,0.7580645161290323
522,5,0.2,8,0.05,0.4,sqrt,0.7094691535150646,0.6689824274621986,0.6913006756756757,0.6480601741884402,0.6177884615384616,0.5571030640668524,0.4444444444444444,0.746268656716418,0.6237623762376238,0.5529411764705883,0.4351851851851852,0.7580645161290323
523,5,0.2,8,0.05,0.4,log2,0.6732424677187948,0.6705244122965642,0.6171770972037284,0.7339667458432304,0.5528846153846154,0.5507246376811594,0.40714285714285714,0.8507462686567164,0.5420792079207921,0.5340050377833753,0.3882783882783883,0.8548387096774194
524,5,0.2,8,0.05,0.5,sqrt,0.7410329985652798,0.6927659574468085,0.7488500459981601,0.6444972288202692,0.6418269230769231,0.5754985754985755,0.46543778801843316,0.753731343283582,0.6410891089108911,0.5645645645645646,0.44976076555023925,0.7580645161290323
525,5,0.2,8,0.05,0.5,log2,0.7410329985652798,0.6927659574468085,0.7488500459981601,0.6444972288202692,0.6418269230769231,0.5754985754985755,0.46543778801843316,0.753731343283582,0.6410891089108911,0.5645645645645646,0.44976076555023925,0.7580645161290323
526,5,0.2,8,0.05,0.6,sqrt,0.7080344332855093,0.6688364524003255,0.6878661087866109,0.6508313539192399,0.6201923076923077,0.5611111111111111,0.4469026548672566,0.753731343283582,0.6237623762376238,0.5529411764705883,0.4351851851851852,0.7580645161290323
527,5,0.2,8,0.05,0.6,log2,0.7342180774748924,0.688,0.7347122302158273,0.6468725257323832,0.6370192307692307,0.5722379603399433,0.4611872146118721,0.753731343283582,0.6361386138613861,0.5611940298507463,0.44549763033175355,0.7580645161290323
528,5,0.2,8,0.05,0.7,sqrt,0.7460545193687231,0.7078002476269087,0.7392241379310345,0.6789390340459224,0.6490384615384616,0.5921787709497207,0.4732142857142857,0.7910447761194029,0.6262376237623762,0.5597667638483965,0.4383561643835616,0.7741935483870968
529,5,0.2,8,0.05,0.7,log2,0.7421090387374462,0.7012879102617366,0.7377622377622378,0.6682501979414094,0.6394230769230769,0.5786516853932584,0.46396396396396394,0.7686567164179104,0.6287128712871287,0.5562130177514792,0.4392523364485981,0.7580645161290323
530,5,0.2,8,0.1,0.3,sqrt,0.7232783357245337,0.6784746822254636,0.7162340519137703,0.6444972288202692,0.6225961538461539,0.5577464788732395,0.4479638009049774,0.7388059701492538,0.6311881188118812,0.5578635014836796,0.4413145539906103,0.7580645161290323
531,5,0.2,8,0.1,0.3,log2,0.7232783357245337,0.6788761706555672,0.7156647652479158,0.6456848772763262,0.6274038461538461,0.5658263305322129,0.452914798206278,0.753731343283582,0.6287128712871287,0.5562130177514792,0.4392523364485981,0.7580645161290323
532,5,0.2,8,0.1,0.4,sqrt,0.6734218077474893,0.6706456863809007,0.6173826173826173,0.7339667458432304,0.5504807692307693,0.5493975903614458,0.40569395017793597,0.8507462686567164,0.5420792079207921,0.5340050377833753,0.3882783882783883,0.8548387096774194
533,5,0.2,8,0.1,0.4,log2,0.7248923959827833,0.6805497709287797,0.7179261862917399,0.6468725257323832,0.6274038461538461,0.5658263305322129,0.452914798206278,0.753731343283582,0.6287128712871287,0.5562130177514792,0.4392523364485981,0.7580645161290323
534,5,0.2,8,0.1,0.5,sqrt,0.740674318507891,0.6924712888132709,0.7481617647058824,0.6444972288202692,0.6418269230769231,0.5754985754985755,0.46543778801843316,0.753731343283582,0.6410891089108911,0.5645645645645646,0.44976076555023925,0.7580645161290323
535,5,0.2,8,0.1,0.5,log2,0.7250717360114778,0.6809573361082206,0.717858709960509,0.6476642913697546,0.6274038461538461,0.5658263305322129,0.452914798206278,0.753731343283582,0.6287128712871287,0.5562130177514792,0.4392523364485981,0.7580645161290323
536,5,0.2,8,0.1,0.6,sqrt,0.7076757532281205,0.6678891605541972,0.6880772460117548,0.6488519398258116,0.6201923076923077,0.5611111111111111,0.4469026548672566,0.753731343283582,0.6212871287128713,0.5513196480938416,0.43317972350230416,0.7580645161290323
537,5,0.2,8,0.1,0.6,log2,0.7453371592539455,0.7183657278857596,0.7197933227344993,0.7169437846397466,0.6274038461538461,0.5910290237467019,0.45714285714285713,0.835820895522388,0.6163366336633663,0.5682451253481894,0.4340425531914894,0.8225806451612904
538,5,0.2,8,0.1,0.7,sqrt,0.7349354375896701,0.690146750524109,0.7335115864527629,0.6516231195566112,0.6346153846153846,0.5706214689265536,0.4590909090909091,0.753731343283582,0.6336633663366337,0.5595238095238095,0.44339622641509435,0.7580645161290323
539,5,0.2,8,0.1,0.7,log2,0.7408536585365854,0.701261112259665,0.7338814366075292,0.6714172604908947,0.6322115384615384,0.5808219178082191,0.4588744588744589,0.7910447761194029,0.6237623762376238,0.5581395348837209,0.43636363636363634,0.7741935483870968
540,5,0.2,9,0.05,0.3,sqrt,0.6743185078909613,0.6712527154236061,0.6184122748498999,0.7339667458432304,0.5528846153846154,0.5507246376811594,0.40714285714285714,0.8507462686567164,0.5420792079207921,0.5340050377833753,0.3882783882783883,0.8548387096774194
541,5,0.2,9,0.05,0.3,log2,0.7338593974175036,0.6874473462510531,0.7344734473447345,0.6460807600950119,0.6370192307692307,0.5722379603399433,0.4611872146118721,0.753731343283582,0.6361386138613861,0.5611940298507463,0.44549763033175355,0.7580645161290323
542,5,0.2,9,0.05,0.4,sqrt,0.7417503586800573,0.7013687266694317,0.7364982578397212,0.6694378463974664,0.6442307692307693,0.5842696629213483,0.46846846846846846,0.7761194029850746,0.6262376237623762,0.5597667638483965,0.4383561643835616,0.7741935483870968
543,5,0.2,9,0.05,0.4,log2,0.6743185078909613,0.6712527154236061,0.6184122748498999,0.7339667458432304,0.5528846153846154,0.5507246376811594,0.40714285714285714,0.8507462686567164,0.5420792079207921,0.5340050377833753,0.3882783882783883,0.8548387096774194
544,5,0.2,9,0.05,0.5,sqrt,0.724713055954089,0.6804080782844055,0.717610891523935,0.6468725257323832,0.6274038461538461,0.5658263305322129,0.452914798206278,0.753731343283582,0.6287128712871287,0.5562130177514792,0.4392523364485981,0.7580645161290323
545,5,0.2,9,0.05,0.5,log2,0.7234576757532282,0.6794178794178795,0.7154115586690017,0.6468725257323832,0.6274038461538461,0.5658263305322129,0.452914798206278,0.753731343283582,0.6262376237623762,0.5545722713864307,0.4372093023255814,0.7580645161290323
546,5,0.2,9,0.05,0.6,sqrt,0.734038737446198,0.6878551883813934,0.7343820224719101,0.6468725257323832,0.6346153846153846,0.5706214689265536,0.4590909090909091,0.753731343283582,0.6336633663366337,0.5595238095238095,0.44339622641509435,0.7580645161290323
547,5,0.2,9,0.05,0.6,log2,0.7413916786226685,0.700332502078138,0.7370953630796151,0.6670625494853524,0.6442307692307693,0.5842696629213483,0.46846846846846846,0.7761194029850746,0.6262376237623762,0.5597667638483965,0.4383561643835616,0.7741935483870968
548,5,0.2,9,0.05,0.7,sqrt,0.7363701578192252,0.6981519507186859,0.7252559726962458,0.6730007917656373,0.6298076923076923,0.5698324022346368,0.45535714285714285,0.7611940298507462,0.6237623762376238,0.5581395348837209,0.43636363636363634,0.7741935483870968
549,5,0.2,9,0.05,0.7,log2,0.7403156384505022,0.6916524701873935,0.7483870967741936,0.6429136975455265,0.6394230769230769,0.5714285714285714,0.46296296296296297,0.746268656716418,0.6435643564356436,0.5662650602409639,0.4519230769230769,0.7580645161290323
550,5,0.2,9,0.1,0.3,sqrt,0.734038737446198,0.6885108170552405,0.7333333333333333,0.6488519398258116,0.6346153846153846,0.5706214689265536,0.4590909090909091,0.753731343283582,0.6336633663366337,0.5595238095238095,0.44339622641509435,0.7580645161290323
551,5,0.2,9,0.1,0.3,log2,0.734038737446198,0.6878551883813934,0.7343820224719101,0.6468725257323832,0.6346153846153846,0.5706214689265536,0.4590909090909091,0.753731343283582,0.6336633663366337,0.5595238095238095,0.44339622641509435,0.7580645161290323
552,5,0.2,9,0.1,0.4,sqrt,0.7343974175035868,0.6881448726047589,0.7350427350427351,0.6468725257323832,0.6370192307692307,0.5722379603399433,0.4611872146118721,0.753731343283582,0.6336633663366337,0.5595238095238095,0.44339622641509435,0.7580645161290323
553,5,0.2,9,0.1,0.4,log2,0.734038737446198,0.6878551883813934,0.7343820224719101,0.6468725257323832,0.6370192307692307,0.5722379603399433,0.4611872146118721,0.753731343283582,0.6336633663366337,0.5595238095238095,0.44339622641509435,0.7580645161290323
554,5,0.2,9,0.1,0.5,sqrt,0.6750358680057389,0.6719768283852281,0.619079386257505,0.7347585114806018,0.5576923076923077,0.5533980582524272,0.41007194244604317,0.8507462686567164,0.5420792079207921,0.5340050377833753,0.3882783882783883,0.8548387096774194
555,5,0.2,9,0.1,0.5,log2,0.7074964131994261,0.6908056872037914,0.6627864678064751,0.721298495645289,0.5961538461538461,0.5736040609137056,0.4346153846153846,0.8432835820895522,0.5693069306930693,0.5445026178010471,0.40310077519379844,0.8387096774193549
556,5,0.2,9,0.1,0.6,sqrt,0.7324246771879483,0.7046714172604909,0.7046714172604909,0.7046714172604909,0.6057692307692307,0.5751295336787565,0.44047619047619047,0.8283582089552238,0.5816831683168316,0.536986301369863,0.4066390041493776,0.7903225806451613
557,5,0.2,9,0.1,0.6,log2,0.7263271162123386,0.7010188087774295,0.6939487975174554,0.7082343626286619,0.6081730769230769,0.5788113695090439,0.4426877470355731,0.835820895522388,0.5915841584158416,0.555256064690027,0.41700404858299595,0.8306451612903226
558,5,0.2,9,0.1,0.7,sqrt,0.7342180774748924,0.6882625157761885,0.7342908438061041,0.6476642913697546,0.6346153846153846,0.5706214689265536,0.4590909090909091,0.753731343283582,0.6336633663366337,0.5595238095238095,0.44339622641509435,0.7580645161290323
559,5,0.2,9,0.1,0.7,log2,0.7243543758967002,0.685877784590231,0.7089142374313477,0.6642913697545526,0.6201923076923077,0.572972972972973,0.4491525423728814,0.7910447761194029,0.6039603960396039,0.550561797752809,0.4224137931034483,0.7903225806451613
560,10,0.05,3,0.05,0.3,sqrt,0.7326040172166427,0.6866988863206556,0.7317510076130765,0.6468725257323832,0.6322115384615384,0.5690140845070423,0.45701357466063347,0.753731343283582,0.6336633663366337,0.5595238095238095,0.44339622641509435,0.7580645161290323
561,10,0.05,3,0.05,0.3,log2,0.7342180774748924,0.6882625157761885,0.7342908438061041,0.6476642913697546,0.6346153846153846,0.5706214689265536,0.4590909090909091,0.753731343283582,0.6361386138613861,0.5611940298507463,0.44549763033175355,0.7580645161290323
562,10,0.05,3,0.05,0.4,sqrt,0.7342180774748924,0.6881313131313131,0.7345013477088949,0.6472684085510689,0.6370192307692307,0.5722379603399433,0.4611872146118721,0.753731343283582,0.6336633663366337,0.5595238095238095,0.44339622641509435,0.7580645161290323
563,10,0.05,3,0.05,0.4,log2,0.736728837876614,0.6897717666948436,0.7398005439709883,0.6460807600950119,0.6370192307692307,0.5722379603399433,0.4611872146118721,0.753731343283582,0.6386138613861386,0.562874251497006,0.44761904761904764,0.7580645161290323
564,10,0.05,3,0.05,0.5,sqrt,0.7410329985652798,0.6968933669185559,0.741733690795353,0.6571654790182107,0.6466346153846154,0.5835694050991501,0.4703196347031963,0.7686567164179104,0.6336633663366337,0.5647058823529412,0.4444444444444444,0.7741935483870968
565,10,0.05,3,0.05,0.5,log2,0.7526901004304161,0.725462870794346,0.7296756107328795,0.721298495645289,0.6274038461538461,0.5866666666666667,0.45643153526970953,0.8208955223880597,0.6188118811881188,0.5674157303370787,0.4353448275862069,0.8145161290322581
566,10,0.05,3,0.05,0.6,sqrt,0.7268651362984218,0.6821122938843666,0.7214128035320089,0.6468725257323832,0.6274038461538461,0.5658263305322129,0.452914798206278,0.753731343283582,0.6262376237623762,0.5545722713864307,0.4372093023255814,0.7580645161290323
567,10,0.05,3,0.05,0.6,log2,0.7528694404591105,0.7150537634408602,0.7484848484848485,0.6844813935075218,0.6538461538461539,0.5955056179775281,0.4774774774774775,0.7910447761194029,0.6361386138613861,0.5689149560117303,0.4470046082949309,0.782258064516129
568,10,0.05,3,0.05,0.7,sqrt,0.7609397417503587,0.7276813074565883,0.7517940059096665,0.7050673000791766,0.6370192307692307,0.5817174515235457,0.46255506607929514,0.7835820895522388,0.6237623762376238,0.5555555555555556,0.43577981651376146,0.7661290322580645
569,10,0.05,3,0.05,0.7,log2,0.744261119081779,0.6985200845665962,0.7495462794918331,0.6539984164687253,0.6418269230769231,0.5754985754985755,0.46543778801843316,0.753731343283582,0.6410891089108911,0.5645645645645646,0.44976076555023925,0.7580645161290323
570,10,0.05,3,0.1,0.3,sqrt,0.7342180774748924,0.688,0.7347122302158273,0.6468725257323832,0.6370192307692307,0.5722379603399433,0.4611872146118721,0.753731343283582,0.6336633663366337,0.5595238095238095,0.44339622641509435,0.7580645161290323
571,10,0.05,3,0.1,0.3,log2,0.7092898134863702,0.6684393536510533,0.6914938637325434,0.6468725257323832,0.6201923076923077,0.5611111111111111,0.4469026548672566,0.753731343283582,0.6212871287128713,0.5513196480938416,0.43317972350230416,0.7580645161290323
572,10,0.05,3,0.1,0.4,sqrt,0.7343974175035868,0.6881448726047589,0.7350427350427351,0.6468725257323832,0.6370192307692307,0.5722379603399433,0.4611872146118721,0.753731343283582,0.6361386138613861,0.5611940298507463,0.44549763033175355,0.7580645161290323
573,10,0.05,3,0.1,0.4,log2,0.7343974175035868,0.6881448726047589,0.7350427350427351,0.6468725257323832,0.6370192307692307,0.5722379603399433,0.4611872146118721,0.753731343283582,0.6361386138613861,0.5611940298507463,0.44549763033175355,0.7580645161290323
574,10,0.05,3,0.1,0.5,sqrt,0.724713055954089,0.6804080782844055,0.717610891523935,0.6468725257323832,0.6274038461538461,0.5658263305322129,0.452914798206278,0.753731343283582,0.6262376237623762,0.5545722713864307,0.4372093023255814,0.7580645161290323
575,10,0.05,3,0.1,0.5,log2,0.7230989956958394,0.6792687993352722,0.7145979020979021,0.6472684085510689,0.6274038461538461,0.5658263305322129,0.452914798206278,0.753731343283582,0.6262376237623762,0.5545722713864307,0.4372093023255814,0.7580645161290323
576,10,0.05,3,0.1,0.6,sqrt,0.7342180774748924,0.688,0.7347122302158273,0.6468725257323832,0.6346153846153846,0.5706214689265536,0.4590909090909091,0.753731343283582,0.6361386138613861,0.5611940298507463,0.44549763033175355,0.7580645161290323
577,10,0.05,3,0.1,0.6,log2,0.7338593974175036,0.6877104377104377,0.734052111410602,0.6468725257323832,0.6346153846153846,0.5706214689265536,0.4590909090909091,0.753731343283582,0.6336633663366337,0.5595238095238095,0.44339622641509435,0.7580645161290323
578,10,0.05,3,0.1,0.7,sqrt,0.734038737446198,0.6878551883813934,0.7343820224719101,0.6468725257323832,0.6370192307692307,0.5722379603399433,0.4611872146118721,0.753731343283582,0.6361386138613861,0.5611940298507463,0.44549763033175355,0.7580645161290323
579,10,0.05,3,0.1,0.7,log2,0.7239956958393113,0.6791744840525328,0.7173051519154557,0.6448931116389549,0.625,0.5617977528089888,0.45045045045045046,0.746268656716418,0.6287128712871287,0.5562130177514792,0.4392523364485981,0.7580645161290323
580,10,0.05,4,0.05,0.3,sqrt,0.7317073170731707,0.7031746031746032,0.7048528241845664,0.7015043547110056,0.6153846153846154,0.5767195767195767,0.44672131147540983,0.8134328358208955,0.6064356435643564,0.5546218487394958,0.4248927038626609,0.7983870967741935
581,10,0.05,4,0.05,0.3,log2,0.734038737446198,0.6878551883813934,0.7343820224719101,0.6468725257323832,0.6346153846153846,0.5706214689265536,0.4590909090909091,0.753731343283582,0.6361386138613861,0.5611940298507463,0.44549763033175355,0.7580645161290323
582,10,0.05,4,0.05,0.4,sqrt,0.732245337159254,0.6875915463486085,0.7292498890368397,0.6504354711005542,0.6394230769230769,0.5786516853932584,0.46396396396396394,0.7686567164179104,0.6311881188118812,0.56047197640118,0.4418604651162791,0.7661290322580645
583,10,0.05,4,0.05,0.4,log2,0.734038737446198,0.6878551883813934,0.7343820224719101,0.6468725257323832,0.6370192307692307,0.5722379603399433,0.4611872146118721,0.753731343283582,0.6336633663366337,0.5595238095238095,0.44339622641509435,0.7580645161290323
584,10,0.05,4,0.05,0.5,sqrt,0.7168220946915351,0.6742314833917887,0.7040068935803533,0.6468725257323832,0.6274038461538461,0.5658263305322129,0.452914798206278,0.753731343283582,0.6262376237623762,0.5545722713864307,0.4372093023255814,0.7580645161290323
585,10,0.05,4,0.05,0.5,log2,0.7412123385939742,0.6931745694237721,0.7487367937528709,0.6452889944576405,0.6418269230769231,0.5754985754985755,0.46543778801843316,0.753731343283582,0.6410891089108911,0.5645645645645646,0.44976076555023925,0.7580645161290323
586,10,0.05,4,0.05,0.6,sqrt,0.7648852223816356,0.7321756894790603,0.756437315322921,0.7094220110847189,0.6370192307692307,0.5746478873239437,0.46153846153846156,0.7611940298507462,0.6311881188118812,0.5630498533724341,0.4423963133640553,0.7741935483870968
587,10,0.05,4,0.05,0.6,log2,0.736728837876614,0.695056086414624,0.7312062937062938,0.6623119556611243,0.6370192307692307,0.5746478873239437,0.46153846153846156,0.7611940298507462,0.6336633663366337,0.5647058823529412,0.4444444444444444,0.7741935483870968
588,10,0.05,4,0.05,0.7,sqrt,0.7742109038737446,0.7545330473776565,0.7433730311179408,0.7660332541567696,0.6322115384615384,0.5941644562334217,0.4609053497942387,0.835820895522388,0.6064356435643564,0.5571030640668524,0.425531914893617,0.8064516129032258
589,10,0.05,4,0.05,0.7,log2,0.7455164992826399,0.7006960556844548,0.7498871331828443,0.6575613618368963,0.6466346153846154,0.5835694050991501,0.4703196347031963,0.7686567164179104,0.6361386138613861,0.5611940298507463,0.44549763033175355,0.7580645161290323
590,10,0.05,4,0.1,0.3,sqrt,0.7342180774748924,0.688,0.7347122302158273,0.6468725257323832,0.6370192307692307,0.5722379603399433,0.4611872146118721,0.753731343283582,0.6361386138613861,0.5611940298507463,0.44549763033175355,0.7580645161290323
591,10,0.05,4,0.1,0.3,log2,0.7335007173601148,0.6874211190576357,0.7333931777378815,0.6468725257323832,0.6346153846153846,0.5706214689265536,0.4590909090909091,0.753731343283582,0.6336633663366337,0.5595238095238095,0.44339622641509435,0.7580645161290323
592,10,0.05,4,0.1,0.4,sqrt,0.7342180774748924,0.688,0.7347122302158273,0.6468725257323832,0.6370192307692307,0.5722379603399433,0.4611872146118721,0.753731343283582,0.6336633663366337,0.5595238095238095,0.44339622641509435,0.7580645161290323
593,10,0.05,4,0.1,0.4,log2,0.6746771879483501,0.6714958348424483,0.6188251001335113,0.7339667458432304,0.5576923076923077,0.5533980582524272,0.41007194244604317,0.8507462686567164,0.5420792079207921,0.5340050377833753,0.3882783882783883,0.8548387096774194
594,10,0.05,4,0.1,0.5,sqrt,0.6805954088952654,0.674940682606315,0.6261429055198103,0.731987331749802,0.5673076923076923,0.5588235294117647,0.41605839416058393,0.8507462686567164,0.5470297029702971,0.5367088607594936,0.39114391143911437,0.8548387096774194
595,10,0.05,4,0.1,0.5,log2,0.7343974175035868,0.6881448726047589,0.7350427350427351,0.6468725257323832,0.6370192307692307,0.5722379603399433,0.4611872146118721,0.753731343283582,0.6336633663366337,0.5595238095238095,0.44339622641509435,0.7580645161290323
596,10,0.05,4,0.1,0.6,sqrt,0.7234576757532282,0.6795511221945137,0.7152230971128609,0.6472684085510689,0.6274038461538461,0.5658263305322129,0.452914798206278,0.753731343283582,0.6262376237623762,0.5545722713864307,0.4372093023255814,0.7580645161290323
597,10,0.05,4,0.1,0.6,log2,0.734038737446198,0.6877237313118552,0.7345928924876294,0.6464766429136976,0.6370192307692307,0.5722379603399433,0.4611872146118721,0.753731343283582,0.6361386138613861,0.5611940298507463,0.44549763033175355,0.7580645161290323
598,10,0.05,4,0.1,0.7,sqrt,0.7069583931133429,0.6686942416869425,0.6853699085619285,0.6528107680126682,0.6153846153846154,0.5580110497237569,0.44298245614035087,0.753731343283582,0.6188118811881188,0.5497076023391813,0.43119266055045874,0.7580645161290323
599,10,0.05,4,0.1,0.7,log2,0.7421090387374462,0.6953389830508474,0.7479489516864175,0.649643705463183,0.6442307692307693,0.5795454545454546,0.46788990825688076,0.7611940298507462,0.6361386138613861,0.5611940298507463,0.44549763033175355,0.7580645161290323
600,10,0.05,5,0.05,0.3,sqrt,0.7381635581061693,0.6905468418821534,0.7431569343065694,0.6448931116389549,0.6394230769230769,0.5738636363636364,0.463302752293578,0.753731343283582,0.6361386138613861,0.5611940298507463,0.44549763033175355,0.7580645161290323
601,10,0.05,5,0.05,0.3,log2,0.728299856527977,0.6827225130890052,0.7247665629168519,0.6452889944576405,0.6298076923076923,0.5674157303370787,0.45495495495495497,0.753731343283582,0.6287128712871287,0.5562130177514792,0.4392523364485981,0.7580645161290323
602,10,0.05,5,0.05,0.4,sqrt,0.7410329985652798,0.6930272108843537,0.7483930211202938,0.6452889944576405,0.6418269230769231,0.5754985754985755,0.46543778801843316,0.753731343283582,0.6361386138613861,0.5611940298507463,0.44549763033175355,0.7580645161290323
603,10,0.05,5,0.05,0.4,log2,0.7408536585365854,0.692487763353905,0.7487344684767603,0.6441013460015835,0.6418269230769231,0.5754985754985755,0.46543778801843316,0.753731343283582,0.6410891089108911,0.5645645645645646,0.44976076555023925,0.7580645161290323
604,10,0.05,5,0.05,0.5,sqrt,0.7604017216642754,0.7232808616404308,0.7584708948740226,0.6912114014251781,0.6418269230769231,0.5802816901408451,0.4660633484162896,0.7686567164179104,0.6336633663366337,0.5621301775147929,0.4439252336448598,0.7661290322580645
605,10,0.05,5,0.05,0.5,log2,0.7378048780487805,0.6956702747710242,0.7335381913959613,0.661520190023753,0.6370192307692307,0.5746478873239437,0.46153846153846156,0.7611940298507462,0.6336633663366337,0.5647058823529412,0.4444444444444444,0.7741935483870968
606,10,0.05,5,0.05,0.6,sqrt,0.740674318507891,0.6981210855949895,0.7385159010600707,0.6619160728424386,0.6442307692307693,0.5819209039548022,0.4681818181818182,0.7686567164179104,0.6287128712871287,0.5614035087719298,0.44036697247706424,0.7741935483870968
607,10,0.05,5,0.05,0.6,log2,0.7408536585365854,0.6926185917889811,0.7485057471264368,0.6444972288202692,0.6418269230769231,0.5754985754985755,0.46543778801843316,0.753731343283582,0.6410891089108911,0.5645645645645646,0.44976076555023925,0.7580645161290323
608,10,0.05,5,0.05,0.7,sqrt,0.7342180774748924,0.688,0.7347122302158273,0.6468725257323832,0.6370192307692307,0.5722379603399433,0.4611872146118721,0.753731343283582,0.6361386138613861,0.5611940298507463,0.44549763033175355,0.7580645161290323
609,10,0.05,5,0.05,0.7,log2,0.7492826398852224,0.711276332094176,0.7435233160621761,0.6817102137767221,0.6322115384615384,0.5690140845070423,0.45701357466063347,0.753731343283582,0.6287128712871287,0.5562130177514792,0.4392523364485981,0.7580645161290323
610,10,0.05,5,0.1,0.3,sqrt,0.7130559540889526,0.6901626646010844,0.6755117513267627,0.7054631828978623,0.6129807692307693,0.5818181818181818,0.44621513944223107,0.835820895522388,0.5594059405940595,0.5291005291005291,0.3937007874015748,0.8064516129032258
611,10,0.05,5,0.1,0.3,log2,0.7342180774748924,0.688,0.7347122302158273,0.6468725257323832,0.6346153846153846,0.5706214689265536,0.4590909090909091,0.753731343283582,0.6361386138613861,0.5611940298507463,0.44549763033175355,0.7580645161290323
612,10,0.05,5,0.1,0.4,sqrt,0.7338593974175036,0.6877104377104377,0.734052111410602,0.6468725257323832,0.6346153846153846,0.5706214689265536,0.4590909090909091,0.753731343283582,0.6336633663366337,0.5595238095238095,0.44339622641509435,0.7580645161290323
613,10,0.05,5,0.1,0.4,log2,0.6759325681492109,0.6724669204277687,0.620193915078569,0.734362628661916,0.5600961538461539,0.5547445255474452,0.41155234657039713,0.8507462686567164,0.5420792079207921,0.5340050377833753,0.3882783882783883,0.8548387096774194
614,10,0.05,5,0.1,0.5,sqrt,0.7403156384505022,0.6924384027187765,0.7470210815765352,0.6452889944576405,0.6418269230769231,0.5754985754985755,0.46543778801843316,0.753731343283582,0.6410891089108911,0.5645645645645646,0.44976076555023925,0.7580645161290323
615,10,0.05,5,0.1,0.5,log2,0.736728837876614,0.7046277665995976,0.7164484451718495,0.6931908155186065,0.625,0.5828877005347594,0.45416666666666666,0.8134328358208955,0.6163366336633663,0.5584045584045584,0.43171806167400884,0.7903225806451613
616,10,0.05,5,0.1,0.6,sqrt,0.7412123385939742,0.7084259446352799,0.7234832851836567,0.6939825811559779,0.6322115384615384,0.5898123324396782,0.4602510460251046,0.8208955223880597,0.6188118811881188,0.5649717514124294,0.43478260869565216,0.8064516129032258
617,10,0.05,5,0.1,0.6,log2,0.7387015781922525,0.6963950823088143,0.7351517817861857,0.661520190023753,0.6370192307692307,0.5793871866295265,0.4622222222222222,0.7761194029850746,0.6386138613861386,0.5705882352941176,0.44907407407407407,0.782258064516129
618,10,0.05,5,0.1,0.7,sqrt,0.7419296987087518,0.6954497354497354,0.7471577989995453,0.6504354711005542,0.6394230769230769,0.576271186440678,0.4636363636363636,0.7611940298507462,0.6386138613861386,0.562874251497006,0.44761904761904764,0.7580645161290323
619,10,0.05,5,0.1,0.7,log2,0.6743185078909613,0.6712527154236061,0.6184122748498999,0.7339667458432304,0.5528846153846154,0.5507246376811594,0.40714285714285714,0.8507462686567164,0.5420792079207921,0.5340050377833753,0.3882783882783883,0.8548387096774194
620,10,0.05,6,0.05,0.3,sqrt,0.7388809182209469,0.6912637828668363,0.7442922374429224,0.6452889944576405,0.6418269230769231,0.5754985754985755,0.46543778801843316,0.753731343283582,0.6361386138613861,0.5611940298507463,0.44549763033175355,0.7580645161290323
621,10,0.05,6,0.05,0.3,log2,0.7230989956958394,0.6791354945968412,0.7147856517935258,0.6468725257323832,0.6274038461538461,0.5658263305322129,0.452914798206278,0.753731343283582,0.6262376237623762,0.5545722713864307,0.4372093023255814,0.7580645161290323
622,10,0.05,6,0.05,0.4,sqrt,0.734038737446198,0.6879865348201136,0.734171531207903,0.6472684085510689,0.6346153846153846,0.5706214689265536,0.4590909090909091,0.753731343283582,0.6336633663366337,0.5595238095238095,0.44339622641509435,0.7580645161290323
623,10,0.05,6,0.05,0.4,log2,0.741571018651363,0.693730074388948,0.7489674162459844,0.6460807600950119,0.6418269230769231,0.5754985754985755,0.46543778801843316,0.753731343283582,0.6410891089108911,0.5645645645645646,0.44976076555023925,0.7580645161290323
624,10,0.05,6,0.05,0.5,sqrt,0.749103299856528,0.7113678564060243,0.7427832830676433,0.6825019794140934,0.6346153846153846,0.5730337078651685,0.4594594594594595,0.7611940298507462,0.6287128712871287,0.5562130177514792,0.4392523364485981,0.7580645161290323
625,10,0.05,6,0.05,0.5,log2,0.7440817790530847,0.6983724371168886,0.7492063492063492,0.6539984164687253,0.6418269230769231,0.5754985754985755,0.46543778801843316,0.753731343283582,0.6410891089108911,0.5645645645645646,0.44976076555023925,0.7580645161290323
626,10,0.05,6,0.05,0.6,sqrt,0.7433644189383071,0.6979100696643445,0.7476255088195387,0.6543942992874109,0.6442307692307693,0.5795454545454546,0.46788990825688076,0.7611940298507462,0.6435643564356436,0.5714285714285714,0.4528301886792453,0.7741935483870968
627,10,0.05,6,0.05,0.6,log2,0.7404949784791965,0.6945324044754064,0.74400723654455,0.6512272367379256,0.6370192307692307,0.5722379603399433,0.4611872146118721,0.753731343283582,0.6361386138613861,0.5611940298507463,0.44549763033175355,0.7580645161290323
628,10,0.05,6,0.05,0.7,sqrt,0.7664992826398852,0.7384491763760547,0.7495921696574225,0.7276326207442597,0.6442307692307693,0.5888888888888889,0.4690265486725664,0.7910447761194029,0.6237623762376238,0.5581395348837209,0.43636363636363634,0.7741935483870968
629,10,0.05,6,0.05,0.7,log2,0.7652439024390244,0.7358224016145308,0.7505146150679292,0.7216943784639747,0.6466346153846154,0.5905292479108635,0.4711111111111111,0.7910447761194029,0.6311881188118812,0.565597667638484,0.4429223744292237,0.782258064516129
630,10,0.05,6,0.1,0.3,sqrt,0.6766499282639885,0.6728361458900382,0.6211055276381909,0.7339667458432304,0.5600961538461539,0.5547445255474452,0.41155234657039713,0.8507462686567164,0.5420792079207921,0.5340050377833753,0.3882783882783883,0.8548387096774194
631,10,0.05,6,0.1,0.3,log2,0.7333213773314203,0.6872765509989485,0.7330641543292956,0.6468725257323832,0.6322115384615384,0.5690140845070423,0.45701357466063347,0.753731343283582,0.6336633663366337,0.5595238095238095,0.44339622641509435,0.7580645161290323
632,10,0.05,6,0.1,0.4,sqrt,0.7342180774748924,0.688,0.7347122302158273,0.6468725257323832,0.6346153846153846,0.5706214689265536,0.4590909090909091,0.753731343283582,0.6361386138613861,0.5611940298507463,0.44549763033175355,0.7580645161290323
633,10,0.05,6,0.1,0.4,log2,0.7408536585365854,0.6926185917889811,0.7485057471264368,0.6444972288202692,0.6418269230769231,0.5754985754985755,0.46543778801843316,0.753731343283582,0.6410891089108911,0.5645645645645646,0.44976076555023925,0.7580645161290323
634,10,0.05,6,0.1,0.5,sqrt,0.7401362984218077,0.6922913569760034,0.7466788822721027,0.6452889944576405,0.6418269230769231,0.5754985754985755,0.46543778801843316,0.753731343283582,0.6410891089108911,0.5645645645645646,0.44976076555023925,0.7580645161290323
635,10,0.05,6,0.1,0.5,log2,0.7248923959827833,0.680815647107782,0.7175438596491228,0.6476642913697546,0.6274038461538461,0.5658263305322129,0.452914798206278,0.753731343283582,0.6262376237623762,0.5545722713864307,0.4372093023255814,0.7580645161290323
636,10,0.05,6,0.1,0.6,sqrt,0.723816355810617,0.6797004991680532,0.7160385626643295,0.6468725257323832,0.6274038461538461,0.5658263305322129,0.452914798206278,0.753731343283582,0.6262376237623762,0.5545722713864307,0.4372093023255814,0.7580645161290323
637,10,0.05,6,0.1,0.6,log2,0.7401362984218077,0.6920297555791711,0.7471317117944011,0.6444972288202692,0.6418269230769231,0.5754985754985755,0.46543778801843316,0.753731343283582,0.6435643564356436,0.5662650602409639,0.4519230769230769,0.7580645161290323
638,10,0.05,6,0.1,0.7,sqrt,0.7385222381635581,0.6953614709569578,0.736283185840708,0.6587490102929533,0.6418269230769231,0.5802816901408451,0.4660633484162896,0.7686567164179104,0.6287128712871287,0.5562130177514792,0.4392523364485981,0.7580645161290323
639,10,0.05,6,0.1,0.7,log2,0.7392395982783357,0.6909013605442177,0.7460973370064279,0.6433095803642122,0.6394230769230769,0.5738636363636364,0.463302752293578,0.753731343283582,0.6435643564356436,0.5662650602409639,0.4519230769230769,0.7580645161290323
640,10,0.05,7,0.05,0.3,sqrt,0.7410329985652798,0.6927659574468085,0.7488500459981601,0.6444972288202692,0.6418269230769231,0.5754985754985755,0.46543778801843316,0.753731343283582,0.6410891089108911,0.5645645645645646,0.44976076555023925,0.7580645161290323
641,10,0.05,7,0.05,0.3,log2,0.7336800573888091,0.687565747948664,0.7337224966322407,0.6468725257323832,0.6346153846153846,0.5706214689265536,0.4590909090909091,0.753731343283582,0.6336633663366337,0.5595238095238095,0.44339622641509435,0.7580645161290323
642,10,0.05,7,0.05,0.4,sqrt,0.7342180774748924,0.6877370417193426,0.7351351351351352,0.6460807600950119,0.6370192307692307,0.5722379603399433,0.4611872146118721,0.753731343283582,0.6386138613861386,0.562874251497006,0.44761904761904764,0.7580645161290323
643,10,0.05,7,0.05,0.4,log2,0.7381635581061693,0.6909398814563928,0.7424931756141947,0.6460807600950119,0.6394230769230769,0.5738636363636364,0.463302752293578,0.753731343283582,0.6361386138613861,0.5611940298507463,0.44549763033175355,0.7580645161290323
644,10,0.05,7,0.05,0.5,sqrt,0.7338593974175036,0.6877104377104377,0.734052111410602,0.6468725257323832,0.6346153846153846,0.5706214689265536,0.4590909090909091,0.753731343283582,0.6336633663366337,0.5595238095238095,0.44339622641509435,0.7580645161290323
645,10,0.05,7,0.05,0.5,log2,0.7404949784791965,0.6928465293992783,0.7469107551487414,0.6460807600950119,0.6418269230769231,0.5754985754985755,0.46543778801843316,0.753731343283582,0.6361386138613861,0.5611940298507463,0.44549763033175355,0.7580645161290323
646,10,0.05,7,0.05,0.6,sqrt,0.7347560975609756,0.695491043854231,0.7245817245817245,0.668646080760095,0.6418269230769231,0.5826330532212886,0.4663677130044843,0.7761194029850746,0.6212871287128713,0.5565217391304348,0.4343891402714932,0.7741935483870968
647,10,0.05,7,0.05,0.6,log2,0.734038737446198,0.6878551883813934,0.7343820224719101,0.6468725257323832,0.6370192307692307,0.5722379603399433,0.4611872146118721,0.753731343283582,0.6336633663366337,0.5595238095238095,0.44339622641509435,0.7580645161290323
648,10,0.05,7,0.05,0.7,sqrt,0.7634505021520803,0.7346610339971836,0.7468302658486707,0.7228820269200317,0.6418269230769231,0.5895316804407713,0.4672489082969432,0.7985074626865671,0.6212871287128713,0.5616045845272206,0.43555555555555553,0.7903225806451613
649,10,0.05,7,0.05,0.7,log2,0.7421090387374462,0.7104309303262183,0.7229508196721312,0.6983372921615202,0.6225961538461539,0.5674931129476584,0.4497816593886463,0.7686567164179104,0.6138613861386139,0.5465116279069767,0.42727272727272725,0.7580645161290323
650,10,0.05,7,0.1,0.3,sqrt,0.7329626972740315,0.6869875972251419,0.7324069923800987,0.6468725257323832,0.6322115384615384,0.5690140845070423,0.45701357466063347,0.753731343283582,0.6311881188118812,0.5578635014836796,0.4413145539906103,0.7580645161290323
651,10,0.05,7,0.1,0.3,log2,0.7243543758967002,0.6801248699271593,0.7169811320754716,0.6468725257323832,0.6274038461538461,0.5658263305322129,0.452914798206278,0.753731343283582,0.6287128712871287,0.5562130177514792,0.4392523364485981,0.7580645161290323
652,10,0.05,7,0.1,0.4,sqrt,0.6766499282639885,0.6728361458900382,0.6211055276381909,0.7339667458432304,0.5600961538461539,0.5547445255474452,0.41155234657039713,0.8507462686567164,0.5420792079207921,0.5340050377833753,0.3882783882783883,0.8548387096774194
653,10,0.05,7,0.1,0.4,log2,0.6753945480631277,0.6719826023921711,0.6196524064171123,0.7339667458432304,0.5600961538461539,0.5547445255474452,0.41155234657039713,0.8507462686567164,0.5420792079207921,0.5340050377833753,0.3882783882783883,0.8548387096774194
654,10,0.05,7,0.1,0.5,sqrt,0.734038737446198,0.6878551883813934,0.7343820224719101,0.6468725257323832,0.6346153846153846,0.5706214689265536,0.4590909090909091,0.753731343283582,0.6336633663366337,0.5595238095238095,0.44339622641509435,0.7580645161290323
655,10,0.05,7,0.1,0.5,log2,0.7403156384505022,0.6916524701873935,0.7483870967741936,0.6429136975455265,0.6370192307692307,0.5673352435530086,0.4604651162790698,0.7388059701492538,0.6435643564356436,0.5662650602409639,0.4519230769230769,0.7580645161290323
656,10,0.05,7,0.1,0.6,sqrt,0.7410329985652798,0.6927659574468085,0.7488500459981601,0.6444972288202692,0.6418269230769231,0.5754985754985755,0.46543778801843316,0.753731343283582,0.6410891089108911,0.5645645645645646,0.44976076555023925,0.7580645161290323
657,10,0.05,7,0.1,0.6,log2,0.7243543758967002,0.6803909336660429,0.7166009636443277,0.6476642913697546,0.6274038461538461,0.5658263305322129,0.452914798206278,0.753731343283582,0.6262376237623762,0.5545722713864307,0.4372093023255814,0.7580645161290323
658,10,0.05,7,0.1,0.7,sqrt,0.7342180774748924,0.688,0.7347122302158273,0.6468725257323832,0.6346153846153846,0.5706214689265536,0.4590909090909091,0.753731343283582,0.6361386138613861,0.5611940298507463,0.44549763033175355,0.7580645161290323
659,10,0.05,7,0.1,0.7,log2,0.734038737446198,0.6878551883813934,0.7343820224719101,0.6468725257323832,0.6370192307692307,0.5722379603399433,0.4611872146118721,0.753731343283582,0.6361386138613861,0.5611940298507463,0.44549763033175355,0.7580645161290323
660,10,0.05,8,0.05,0.3,sqrt,0.7387015781922525,0.6911172355310579,0.7439525330899133,0.6452889944576405,0.6394230769230769,0.5738636363636364,0.463302752293578,0.753731343283582,0.6386138613861386,0.562874251497006,0.44761904761904764,0.7580645161290323
661,10,0.05,8,0.05,0.3,log2,0.7243543758967002,0.6801248699271593,0.7169811320754716,0.6468725257323832,0.6274038461538461,0.5658263305322129,0.452914798206278,0.753731343283582,0.6262376237623762,0.5545722713864307,0.4372093023255814,0.7580645161290323
662,10,0.05,8,0.05,0.4,sqrt,0.7234576757532282,0.67875,0.716358839050132,0.6448931116389549,0.625,0.5617977528089888,0.45045045045045046,0.746268656716418,0.6311881188118812,0.5578635014836796,0.4413145539906103,0.7580645161290323
663,10,0.05,8,0.05,0.4,log2,0.7516140602582496,0.7176350662589195,0.7398066414459857,0.6967537608867775,0.6466346153846154,0.5950413223140496,0.47161572052401746,0.8059701492537313,0.6163366336633663,0.5558739255014327,0.4311111111111111,0.782258064516129
664,10,0.05,8,0.05,0.5,sqrt,0.7342180774748924,0.688,0.7347122302158273,0.6468725257323832,0.6370192307692307,0.5722379603399433,0.4611872146118721,0.753731343283582,0.6336633663366337,0.5595238095238095,0.44339622641509435,0.7580645161290323
665,10,0.05,8,0.05,0.5,log2,0.7349354375896701,0.6887110362257792,0.7358235823582359,0.6472684085510689,0.6370192307692307,0.5722379603399433,0.4611872146118721,0.753731343283582,0.6386138613861386,0.562874251497006,0.44761904761904764,0.7580645161290323
666,10,0.05,8,0.05,0.6,sqrt,0.7505380200860832,0.7100271002710027,0.7498899163364157,0.6741884402216943,0.6466346153846154,0.5835694050991501,0.4703196347031963,0.7686567164179104,0.6361386138613861,0.5663716814159292,0.44651162790697674,0.7741935483870968
667,10,0.05,8,0.05,0.6,log2,0.734038737446198,0.6879865348201136,0.734171531207903,0.6472684085510689,0.6370192307692307,0.5722379603399433,0.4611872146118721,0.753731343283582,0.6336633663366337,0.5595238095238095,0.44339622641509435,0.7580645161290323
668,10,0.05,8,0.05,0.7,sqrt,0.7537661406025825,0.7209916683600894,0.7407098121085595,0.7022961203483769,0.6394230769230769,0.5879120879120879,0.4652173913043478,0.7985074626865671,0.6064356435643564,0.5521126760563381,0.42424242424242425,0.7903225806451613
669,10,0.05,8,0.05,0.7,log2,0.7412123385939742,0.6934353091140854,0.7482806052269602,0.6460807600950119,0.6418269230769231,0.5754985754985755,0.46543778801843316,0.753731343283582,0.6386138613861386,0.562874251497006,0.44761904761904764,0.7580645161290323
670,10,0.05,8,0.1,0.3,sqrt,0.6748565279770444,0.6716174606049629,0.6190317195325542,0.7339667458432304,0.5576923076923077,0.5533980582524272,0.41007194244604317,0.8507462686567164,0.5420792079207921,0.5340050377833753,0.3882783882783883,0.8548387096774194
671,10,0.05,8,0.1,0.3,log2,0.7345767575322812,0.6917950853810912,0.7297891036906854,0.6575613618368963,0.6346153846153846,0.5730337078651685,0.4594594594594595,0.7611940298507462,0.6212871287128713,0.5513196480938416,0.43317972350230416,0.7580645161290323
672,10,0.05,8,0.1,0.4,sqrt,0.7239956958393113,0.6798418972332015,0.716352476983779,0.6468725257323832,0.6274038461538461,0.5658263305322129,0.452914798206278,0.753731343283582,0.6262376237623762,0.5545722713864307,0.4372093023255814,0.7580645161290323
673,10,0.05,8,0.1,0.4,log2,0.7248923959827833,0.6805497709287797,0.7179261862917399,0.6468725257323832,0.6274038461538461,0.5658263305322129,0.452914798206278,0.753731343283582,0.6262376237623762,0.5545722713864307,0.4372093023255814,0.7580645161290323
674,10,0.05,8,0.1,0.5,sqrt,0.7401362984218077,0.6921606118546845,0.7469050894085282,0.6448931116389549,0.6394230769230769,0.5738636363636364,0.463302752293578,0.753731343283582,0.6410891089108911,0.5645645645645646,0.44976076555023925,0.7580645161290323
675,10,0.05,8,0.1,0.5,log2,0.6757532281205165,0.6722262509064539,0.620066889632107,0.7339667458432304,0.5576923076923077,0.5533980582524272,0.41007194244604317,0.8507462686567164,0.5420792079207921,0.5340050377833753,0.3882783882783883,0.8548387096774194
676,10,0.05,8,0.1,0.6,sqrt,0.7234576757532282,0.679684254258413,0.715034965034965,0.6476642913697546,0.6274038461538461,0.5658263305322129,0.452914798206278,0.753731343283582,0.6262376237623762,0.5545722713864307,0.4372093023255814,0.7580645161290323
677,10,0.05,8,0.1,0.6,log2,0.723816355810617,0.6798336798336798,0.7158493870402802,0.6472684085510689,0.6274038461538461,0.5658263305322129,0.452914798206278,0.753731343283582,0.6262376237623762,0.5545722713864307,0.4372093023255814,0.7580645161290323
678,10,0.05,8,0.1,0.7,sqrt,0.740674318507891,0.7057387057387058,0.7261306532663316,0.6864608076009501,0.6274038461538461,0.5776566757493188,0.45493562231759654,0.7910447761194029,0.6188118811881188,0.5574712643678161,0.4330357142857143,0.782258064516129
679,10,0.05,8,0.1,0.7,log2,0.7248923959827833,0.680815647107782,0.7175438596491228,0.6476642913697546,0.625,0.5617977528089888,0.45045045045045046,0.746268656716418,0.6262376237623762,0.5545722713864307,0.4372093023255814,0.7580645161290323
680,10,0.05,9,0.05,0.3,sqrt,0.7335007173601148,0.6868942267172355,0.7342342342342343,0.6452889944576405,0.6370192307692307,0.5722379603399433,0.4611872146118721,0.753731343283582,0.6361386138613861,0.5611940298507463,0.44549763033175355,0.7580645161290323
681,10,0.05,9,0.05,0.3,log2,0.7248923959827833,0.6805497709287797,0.7179261862917399,0.6468725257323832,0.6274038461538461,0.5658263305322129,0.452914798206278,0.753731343283582,0.6262376237623762,0.5545722713864307,0.4372093023255814,0.7580645161290323
682,10,0.05,9,0.05,0.4,sqrt,0.7343974175035868,0.6881448726047589,0.7350427350427351,0.6468725257323832,0.6370192307692307,0.5722379603399433,0.4611872146118721,0.753731343283582,0.6336633663366337,0.5595238095238095,0.44339622641509435,0.7580645161290323
683,10,0.05,9,0.05,0.4,log2,0.7440817790530847,0.7014019669386901,0.7438970261873058,0.6634996041171813,0.6394230769230769,0.5738636363636364,0.463302752293578,0.753731343283582,0.6361386138613861,0.5611940298507463,0.44549763033175355,0.7580645161290323
684,10,0.05,9,0.05,0.5,sqrt,0.7329626972740315,0.6906295449823395,0.7267162221250547,0.6579572446555819,0.6322115384615384,0.5690140845070423,0.45701357466063347,0.753731343283582,0.6311881188118812,0.5578635014836796,0.4413145539906103,0.7580645161290323
685,10,0.05,9,0.05,0.5,log2,0.734038737446198,0.6879865348201136,0.734171531207903,0.6472684085510689,0.6370192307692307,0.5722379603399433,0.4611872146118721,0.753731343283582,0.6336633663366337,0.5595238095238095,0.44339622641509435,0.7580645161290323
686,10,0.05,9,0.05,0.6,sqrt,0.7336800573888091,0.687565747948664,0.7337224966322407,0.6468725257323832,0.6370192307692307,0.5722379603399433,0.4611872146118721,0.753731343283582,0.6336633663366337,0.5595238095238095,0.44339622641509435,0.7580645161290323
687,10,0.05,9,0.05,0.6,log2,0.7403156384505022,0.6923076923076923,0.7472477064220183,0.6448931116389549,0.6418269230769231,0.5754985754985755,0.46543778801843316,0.753731343283582,0.6386138613861386,0.562874251497006,0.44761904761904764,0.7580645161290323
688,10,0.05,9,0.05,0.7,sqrt,0.7654232424677188,0.7308641975308642,0.7609254498714653,0.7030878859857482,0.6418269230769231,0.5802816901408451,0.4660633484162896,0.7686567164179104,0.6386138613861386,0.5705882352941176,0.44907407407407407,0.782258064516129
689,10,0.05,9,0.05,0.7,log2,0.7421090387374462,0.6982794796475031,0.7428571428571429,0.6587490102929533,0.6442307692307693,0.5795454545454546,0.46788990825688076,0.7611940298507462,0.6386138613861386,0.5680473372781065,0.4485981308411215,0.7741935483870968
690,10,0.05,9,0.1,0.3,sqrt,0.7073170731707317,0.6684274685087362,0.6865609348914858,0.6512272367379256,0.6153846153846154,0.5555555555555556,0.4424778761061947,0.746268656716418,0.6188118811881188,0.5497076023391813,0.43119266055045874,0.7580645161290323
691,10,0.05,9,0.1,0.3,log2,0.7243543758967002,0.6801248699271593,0.7169811320754716,0.6468725257323832,0.6274038461538461,0.5658263305322129,0.452914798206278,0.753731343283582,0.6287128712871287,0.5562130177514792,0.4392523364485981,0.7580645161290323
692,10,0.05,9,0.1,0.4,sqrt,0.7091104734576757,0.6685737637923989,0.6908783783783784,0.6476642913697546,0.6201923076923077,0.5611111111111111,0.4469026548672566,0.753731343283582,0.6212871287128713,0.5513196480938416,0.43317972350230416,0.7580645161290323
693,10,0.05,9,0.1,0.4,log2,0.734038737446198,0.6878551883813934,0.7343820224719101,0.6468725257323832,0.6346153846153846,0.5706214689265536,0.4590909090909091,0.753731343283582,0.6361386138613861,0.5611940298507463,0.44549763033175355,0.7580645161290323
694,10,0.05,9,0.1,0.5,sqrt,0.7130559540889526,0.6946564885496184,0.6705969049373618,0.7205067300079177,0.6009615384615384,0.576530612244898,0.437984496124031,0.8432835820895522,0.5643564356435643,0.5368421052631579,0.3984375,0.8225806451612904
695,10,0.05,9,0.1,0.5,log2,0.7338593974175036,0.687973086627418,0.7336322869955157,0.6476642913697546,0.6346153846153846,0.5706214689265536,0.4590909090909091,0.753731343283582,0.6336633663366337,0.5595238095238095,0.44339622641509435,0.7580645161290323
696,10,0.05,9,0.1,0.6,sqrt,0.7465925394548063,0.7171171171171171,0.7253948967193196,0.7090261282660333,0.6274038461538461,0.5866666666666667,0.45643153526970953,0.8208955223880597,0.6138613861386139,0.5642458100558659,0.43162393162393164,0.8145161290322581
697,10,0.05,9,0.1,0.6,log2,0.6752152080344332,0.6720984971935542,0.619285952619286,0.7347585114806018,0.5576923076923077,0.5533980582524272,0.41007194244604317,0.8507462686567164,0.5420792079207921,0.5340050377833753,0.3882783882783883,0.8548387096774194
698,10,0.05,9,0.1,0.7,sqrt,0.742467718794835,0.7039175257731959,0.7345094664371773,0.6757719714964371,0.6394230769230769,0.5879120879120879,0.4652173913043478,0.7985074626865671,0.6237623762376238,0.5606936416184971,0.4369369369369369,0.782258064516129
699,10,0.05,9,0.1,0.7,log2,0.7182568149210904,0.6754802726709358,0.7062634989200864,0.6472684085510689,0.625,0.5642458100558659,0.45089285714285715,0.753731343283582,0.6237623762376238,0.5529411764705883,0.4351851851851852,0.7580645161290323
700,10,0.1,3,0.05,0.3,sqrt,0.7444404591104734,0.701195219123506,0.7454302273740526,0.6619160728424386,0.6418269230769231,0.5779036827195467,0.4657534246575342,0.7611940298507462,0.6336633663366337,0.5595238095238095,0.44339622641509435,0.7580645161290323
701,10,0.1,3,0.05,0.3,log2,0.7315279770444764,0.6858342077649527,0.7297900848593122,0.6468725257323832,0.6322115384615384,0.5690140845070423,0.45701357466063347,0.753731343283582,0.6311881188118812,0.5578635014836796,0.4413145539906103,0.7580645161290323
702,10,0.1,3,0.05,0.4,sqrt,0.728299856527977,0.6832531883754965,0.7239698715108551,0.6468725257323832,0.6274038461538461,0.5658263305322129,0.452914798206278,0.753731343283582,0.6262376237623762,0.5545722713864307,0.4372093023255814,0.7580645161290323
703,10,0.1,3,0.05,0.4,log2,0.7241750358680057,0.6830173124484749,0.7123817712811694,0.6559778305621536,0.625,0.5642458100558659,0.45089285714285715,0.753731343283582,0.6262376237623762,0.5545722713864307,0.4372093023255814,0.7580645161290323
704,10,0.1,3,0.05,0.5,sqrt,0.7469512195121951,0.7035091405757512,0.7496641289744738,0.66270783847981,0.6466346153846154,0.5835694050991501,0.4703196347031963,0.7686567164179104,0.6460396039603961,0.573134328358209,0.4549763033175355,0.7741935483870968
705,10,0.1,3,0.05,0.5,log2,0.7559182209469153,0.7189758414206071,0.7514026758739749,0.6892319873317498,0.6418269230769231,0.5802816901408451,0.4660633484162896,0.7686567164179104,0.6287128712871287,0.5614035087719298,0.44036697247706424,0.7741935483870968
706,10,0.1,3,0.05,0.6,sqrt,0.755738880918221,0.7204433497536946,0.7480818414322251,0.6947743467933492,0.6346153846153846,0.5730337078651685,0.4594594594594595,0.7611940298507462,0.6311881188118812,0.56047197640118,0.4418604651162791,0.7661290322580645
707,10,0.1,3,0.05,0.6,log2,0.7363701578192252,0.6980279375513558,0.7254483347566183,0.6726049089469517,0.6322115384615384,0.5738161559888579,0.4577777777777778,0.7686567164179104,0.6262376237623762,0.5597667638483965,0.4383561643835616,0.7741935483870968
708,10,0.1,3,0.05,0.7,sqrt,0.7453371592539455,0.6992799661160525,0.7518214936247724,0.6536025336500396,0.6418269230769231,0.5754985754985755,0.46543778801843316,0.753731343283582,0.6410891089108911,0.5645645645645646,0.44976076555023925,0.7580645161290323
709,10,0.1,3,0.05,0.7,log2,0.7526901004304161,0.7237026647966339,0.732657200811359,0.7149643705463183,0.6274038461538461,0.5730027548209367,0.45414847161572053,0.7761194029850746,0.6188118811881188,0.5574712643678161,0.4330357142857143,0.782258064516129
710,10,0.1,3,0.1,0.3,sqrt,0.7232783357245337,0.6792766576595303,0.7150984682713348,0.6468725257323832,0.6274038461538461,0.5658263305322129,0.452914798206278,0.753731343283582,0.6262376237623762,0.5545722713864307,0.4372093023255814,0.7580645161290323
711,10,0.1,3,0.1,0.3,log2,0.6712697274031564,0.6701457621018535,0.6143187066974596,0.7371338083927158,0.5480769230769231,0.5480769230769231,0.40425531914893614,0.8507462686567164,0.5346534653465347,0.53,0.38405797101449274,0.8548387096774194
712,10,0.1,3,0.1,0.4,sqrt,0.7248923959827833,0.680815647107782,0.7175438596491228,0.6476642913697546,0.6274038461538461,0.5658263305322129,0.452914798206278,0.753731343283582,0.6262376237623762,0.5545722713864307,0.4372093023255814,0.7580645161290323
713,10,0.1,3,0.1,0.4,log2,0.7071377331420373,0.6672101080089667,0.6875262494750105,0.6480601741884402,0.6201923076923077,0.5611111111111111,0.4469026548672566,0.753731343283582,0.6188118811881188,0.5497076023391813,0.43119266055045874,0.7580645161290323
714,10,0.1,3,0.1,0.5,sqrt,0.7216642754662841,0.6789408357467935,0.7110051993067591,0.649643705463183,0.625,0.5617977528089888,0.45045045045045046,0.746268656716418,0.6237623762376238,0.5529411764705883,0.4351851851851852,0.7580645161290323
715,10,0.1,3,0.1,0.5,log2,0.7241750358680057,0.6799833541406575,0.7166666666666667,0.6468725257323832,0.6274038461538461,0.5658263305322129,0.452914798206278,0.753731343283582,0.6262376237623762,0.5545722713864307,0.4372093023255814,0.7580645161290323
716,10,0.1,3,0.1,0.6,sqrt,0.7091104734576757,0.6683026584867076,0.6912013536379019,0.6468725257323832,0.6177884615384616,0.5571030640668524,0.4444444444444444,0.746268656716418,0.6212871287128713,0.5513196480938416,0.43317972350230416,0.7580645161290323
717,10,0.1,3,0.1,0.6,log2,0.7376255380200861,0.6930983847283406,0.7371709058456046,0.6539984164687253,0.6346153846153846,0.5754189944134078,0.45982142857142855,0.7686567164179104,0.6311881188118812,0.56047197640118,0.4418604651162791,0.7661290322580645
718,10,0.1,3,0.1,0.7,sqrt,0.742467718794835,0.7015793848711555,0.7384076990376203,0.6682501979414094,0.6418269230769231,0.5826330532212886,0.4663677130044843,0.7761194029850746,0.6212871287128713,0.5565217391304348,0.4343891402714932,0.7741935483870968
719,10,0.1,3,0.1,0.7,log2,0.7395982783357246,0.6915887850467289,0.7461044912923923,0.6444972288202692,0.6394230769230769,0.5738636363636364,0.463302752293578,0.753731343283582,0.6386138613861386,0.562874251497006,0.44761904761904764,0.7580645161290323
720,10,0.1,4,0.05,0.3,sqrt,0.7494619799139168,0.7228724459432653,0.7244532803180914,0.721298495645289,0.6225961538461539,0.5879265091863517,0.4534412955465587,0.835820895522388,0.594059405940594,0.5519125683060109,0.41735537190082644,0.8145161290322581
721,10,0.1,4,0.05,0.3,log2,0.7394189383070301,0.7095742554467319,0.7165926524020994,0.7026920031670626,0.625,0.5828877005347594,0.45416666666666666,0.8134328358208955,0.6014851485148515,0.5464788732394367,0.4199134199134199,0.782258064516129
722,10,0.1,4,0.05,0.4,sqrt,0.734038737446198,0.6875921634716663,0.7348041422782531,0.6460807600950119,0.6370192307692307,0.5722379603399433,0.4611872146118721,0.753731343283582,0.6361386138613861,0.5611940298507463,0.44549763033175355,0.7580645161290323
723,10,0.1,4,0.05,0.4,log2,0.740674318507891,0.6924712888132709,0.7481617647058824,0.6444972288202692,0.6418269230769231,0.5754985754985755,0.46543778801843316,0.753731343283582,0.6410891089108911,0.5645645645645646,0.44976076555023925,0.7580645161290323
724,10,0.1,4,0.05,0.5,sqrt,0.746413199426112,0.7050479766374635,0.7451499118165785,0.6690419635787807,0.6466346153846154,0.5835694050991501,0.4703196347031963,0.7686567164179104,0.6361386138613861,0.5663716814159292,0.44651162790697674,0.7741935483870968
725,10,0.1,4,0.05,0.5,log2,0.7482065997130559,0.7105154639175257,0.7413941480206541,0.6821060965954078,0.6394230769230769,0.5786516853932584,0.46396396396396394,0.7686567164179104,0.6262376237623762,0.5597667638483965,0.4383561643835616,0.7741935483870968
726,10,0.1,4,0.05,0.6,sqrt,0.7512553802008608,0.7112221528211534,0.7501097935880544,0.6761678543151227,0.6322115384615384,0.5690140845070423,0.45701357466063347,0.753731343283582,0.6361386138613861,0.5611940298507463,0.44549763033175355,0.7580645161290323
727,10,0.1,4,0.05,0.6,log2,0.7385222381635581,0.6965029142381349,0.7344161545215101,0.6623119556611243,0.6370192307692307,0.5722379603399433,0.4611872146118721,0.753731343283582,0.6311881188118812,0.56047197640118,0.4418604651162791,0.7661290322580645
728,10,0.1,4,0.05,0.7,sqrt,0.7774390243902439,0.7587011471903559,0.7455101260985861,0.7723673792557403,0.6298076923076923,0.5882352941176471,0.4583333333333333,0.8208955223880597,0.6138613861386139,0.559322033898305,0.43043478260869567,0.7983870967741935
729,10,0.1,4,0.05,0.7,log2,0.7587876614060258,0.7325512030224697,0.7359168997203356,0.7292161520190024,0.6370192307692307,0.5840220385674931,0.462882096069869,0.7910447761194029,0.6262376237623762,0.5597667638483965,0.4383561643835616,0.7741935483870968
730,10,0.1,4,0.1,0.3,sqrt,0.7082137733142038,0.6673481905540789,0.6900634249471459,0.6460807600950119,0.6153846153846154,0.553072625698324,0.4419642857142857,0.7388059701492538,0.6237623762376238,0.5529411764705883,0.4351851851851852,0.7580645161290323
731,10,0.1,4,0.1,0.3,log2,0.7239956958393113,0.6798418972332015,0.716352476983779,0.6468725257323832,0.6274038461538461,0.5658263305322129,0.452914798206278,0.753731343283582,0.6262376237623762,0.5545722713864307,0.4372093023255814,0.7580645161290323
732,10,0.1,4,0.1,0.4,sqrt,0.7250717360114778,0.6809573361082206,0.717858709960509,0.6476642913697546,0.625,0.5617977528089888,0.45045045045045046,0.746268656716418,0.6262376237623762,0.5545722713864307,0.4372093023255814,0.7580645161290323
733,10,0.1,4,0.1,0.4,log2,0.6732424677187948,0.6707625587278642,0.6170212765957447,0.7347585114806018,0.5576923076923077,0.5533980582524272,0.41007194244604317,0.8507462686567164,0.5346534653465347,0.53,0.38405797101449274,0.8548387096774194
734,10,0.1,4,0.1,0.5,sqrt,0.7254304160688666,0.6819031788905049,0.7175338871884565,0.649643705463183,0.625,0.5617977528089888,0.45045045045045046,0.746268656716418,0.6262376237623762,0.5545722713864307,0.4372093023255814,0.7580645161290323
735,10,0.1,4,0.1,0.5,log2,0.6784433285509326,0.6735845621700346,0.6235254465790361,0.7323832145684878,0.5625,0.5560975609756098,0.41304347826086957,0.8507462686567164,0.5470297029702971,0.5367088607594936,0.39114391143911437,0.8548387096774194
736,10,0.1,4,0.1,0.6,sqrt,0.7318866571018652,0.6952089704383282,0.7166876839007986,0.6749802058590657,0.625,0.5806451612903226,0.453781512605042,0.8059701492537313,0.6039603960396039,0.5454545454545454,0.42105263157894735,0.7741935483870968
737,10,0.1,4,0.1,0.6,log2,0.7085724533715926,0.6929907424900812,0.6628117094325985,0.7260490894695171,0.6009615384615384,0.5786802030456852,0.43846153846153846,0.8507462686567164,0.5643564356435643,0.5463917525773195,0.4015151515151515,0.8548387096774194
738,10,0.1,4,0.1,0.7,sqrt,0.7342180774748924,0.688,0.7347122302158273,0.6468725257323832,0.6346153846153846,0.5706214689265536,0.4590909090909091,0.753731343283582,0.6361386138613861,0.5611940298507463,0.44549763033175355,0.7580645161290323
739,10,0.1,4,0.1,0.7,log2,0.7180774748923959,0.675206611570248,0.7061365600691444,0.6468725257323832,0.6225961538461539,0.5602240896358543,0.4484304932735426,0.746268656716418,0.6262376237623762,0.5545722713864307,0.4372093023255814,0.7580645161290323
740,10,0.1,5,0.05,0.3,sqrt,0.7430057388809183,0.6973600844772967,0.7473970122227253,0.6536025336500396,0.6418269230769231,0.5779036827195467,0.4657534246575342,0.7611940298507462,0.6410891089108911,0.5645645645645646,0.44976076555023925,0.7580645161290323
741,10,0.1,5,0.05,0.3,log2,0.7385222381635581,0.6909707503179313,0.7436131386861314,0.6452889944576405,0.6394230769230769,0.5738636363636364,0.463302752293578,0.753731343283582,0.6410891089108911,0.5645645645645646,0.44976076555023925,0.7580645161290323
742,10,0.1,5,0.05,0.4,sqrt,0.7412123385939742,0.6939554612937434,0.7473732297852901,0.6476642913697546,0.6418269230769231,0.5754985754985755,0.46543778801843316,0.753731343283582,0.6410891089108911,0.5645645645645646,0.44976076555023925,0.7580645161290323
743,10,0.1,5,0.05,0.4,log2,0.7342180774748924,0.688,0.7347122302158273,0.6468725257323832,0.6370192307692307,0.5722379603399433,0.4611872146118721,0.753731343283582,0.6336633663366337,0.5595238095238095,0.44339622641509435,0.7580645161290323
744,10,0.1,5,0.05,0.5,sqrt,0.7087517934002869,0.6685714285714286,0.6899747262005055,0.6484560570071259,0.6201923076923077,0.5611111111111111,0.4469026548672566,0.753731343283582,0.6212871287128713,0.5513196480938416,0.43317972350230416,0.7580645161290323
745,10,0.1,5,0.05,0.5,log2,0.7354734576757532,0.6949327817993796,0.7275877003031616,0.665083135391924,0.6370192307692307,0.5770308123249299,0.4618834080717489,0.7686567164179104,0.6237623762376238,0.5581395348837209,0.43636363636363634,0.7741935483870968
746,10,0.1,5,0.05,0.6,sqrt,0.7544835007173601,0.7187178960345182,0.7471166168304143,0.6923990498812351,0.6466346153846154,0.5905292479108635,0.4711111111111111,0.7910447761194029,0.6287128712871287,0.5614035087719298,0.44036697247706424,0.7741935483870968
747,10,0.1,5,0.05,0.6,log2,0.7343974175035868,0.6881448726047589,0.7350427350427351,0.6468725257323832,0.6370192307692307,0.5722379603399433,0.4611872146118721,0.753731343283582,0.6336633663366337,0.5595238095238095,0.44339622641509435,0.7580645161290323
748,10,0.1,5,0.05,0.7,sqrt,0.7586083213773315,0.7232730263157895,0.7523524379811805,0.6963578780680918,0.6442307692307693,0.5842696629213483,0.46846846846846846,0.7761194029850746,0.6311881188118812,0.5630498533724341,0.4423963133640553,0.7741935483870968
749,10,0.1,5,0.05,0.7,log2,0.7412123385939742,0.6930440331844289,0.7489655172413793,0.6448931116389549,0.6418269230769231,0.5754985754985755,0.46543778801843316,0.753731343283582,0.6410891089108911,0.5645645645645646,0.44976076555023925,0.7580645161290323
750,10,0.1,5,0.1,0.3,sqrt,0.7091104734576757,0.6687091503267973,0.690717299578059,0.6480601741884402,0.6201923076923077,0.5611111111111111,0.4469026548672566,0.753731343283582,0.6212871287128713,0.5513196480938416,0.43317972350230416,0.7580645161290323
751,10,0.1,5,0.1,0.3,log2,0.7343974175035868,0.6882761523889708,0.7348314606741573,0.6472684085510689,0.6346153846153846,0.5706214689265536,0.4590909090909091,0.753731343283582,0.6336633663366337,0.5595238095238095,0.44339622641509435,0.7580645161290323
752,10,0.1,5,0.1,0.4,sqrt,0.7236370157819225,0.6798254726781633,0.7153476169654569,0.6476642913697546,0.6274038461538461,0.5658263305322129,0.452914798206278,0.753731343283582,0.6262376237623762,0.5545722713864307,0.4372093023255814,0.7580645161290323
753,10,0.1,5,0.1,0.4,log2,0.6757532281205165,0.6722262509064539,0.620066889632107,0.7339667458432304,0.5576923076923077,0.5533980582524272,0.41007194244604317,0.8507462686567164,0.5420792079207921,0.5340050377833753,0.3882783882783883,0.8548387096774194
754,10,0.1,5,0.1,0.5,sqrt,0.7342180774748924,0.688,0.7347122302158273,0.6468725257323832,0.6370192307692307,0.5722379603399433,0.4611872146118721,0.753731343283582,0.6361386138613861,0.5611940298507463,0.44549763033175355,0.7580645161290323
755,10,0.1,5,0.1,0.5,log2,0.7220229555236729,0.6782897467828974,0.712914485165794,0.6468725257323832,0.625,0.5642458100558659,0.45089285714285715,0.753731343283582,0.6262376237623762,0.5545722713864307,0.4372093023255814,0.7580645161290323
756,10,0.1,5,0.1,0.6,sqrt,0.7342180774748924,0.6877370417193426,0.7351351351351352,0.6460807600950119,0.6370192307692307,0.5722379603399433,0.4611872146118721,0.753731343283582,0.6361386138613861,0.5611940298507463,0.44549763033175355,0.7580645161290323
757,10,0.1,5,0.1,0.6,log2,0.7342180774748924,0.688,0.7347122302158273,0.6468725257323832,0.6346153846153846,0.5706214689265536,0.4590909090909091,0.753731343283582,0.6361386138613861,0.5611940298507463,0.44549763033175355,0.7580645161290323
758,10,0.1,5,0.1,0.7,sqrt,0.7354734576757532,0.6909700398072491,0.7338673787271918,0.6528107680126682,0.6370192307692307,0.5722379603399433,0.4611872146118721,0.753731343283582,0.6287128712871287,0.5588235294117647,0.4398148148148148,0.7661290322580645
759,10,0.1,5,0.1,0.7,log2,0.7324246771879483,0.6865546218487395,0.7314234556848702,0.6468725257323832,0.6346153846153846,0.5706214689265536,0.4590909090909091,0.753731343283582,0.6287128712871287,0.5562130177514792,0.4392523364485981,0.7580645161290323
760,10,0.1,6,0.05,0.3,sqrt,0.7336800573888091,0.6879596553897878,0.7330944917151814,0.6480601741884402,0.6346153846153846,0.5706214689265536,0.4590909090909091,0.753731343283582,0.6361386138613861,0.5611940298507463,0.44549763033175355,0.7580645161290323
761,10,0.1,6,0.05,0.3,log2,0.7333213773314203,0.6872765509989485,0.7330641543292956,0.6468725257323832,0.6322115384615384,0.5690140845070423,0.45701357466063347,0.753731343283582,0.6336633663366337,0.5595238095238095,0.44339622641509435,0.7580645161290323
762,10,0.1,6,0.05,0.4,sqrt,0.7422883787661406,0.6947100063734863,0.749656121045392,0.6472684085510689,0.6418269230769231,0.5754985754985755,0.46543778801843316,0.753731343283582,0.6410891089108911,0.5645645645645646,0.44976076555023925,0.7580645161290323
763,10,0.1,6,0.05,0.4,log2,0.7408536585365854,0.6926185917889811,0.7485057471264368,0.6444972288202692,0.6418269230769231,0.5754985754985755,0.46543778801843316,0.753731343283582,0.6410891089108911,0.5645645645645646,0.44976076555023925,0.7580645161290323
764,10,0.1,6,0.05,0.5,sqrt,0.7345767575322812,0.6882898062342039,0.7353735373537353,0.6468725257323832,0.6370192307692307,0.5722379603399433,0.4611872146118721,0.753731343283582,0.6361386138613861,0.5611940298507463,0.44549763033175355,0.7580645161290323
765,10,0.1,6,0.05,0.5,log2,0.7412123385939742,0.6979275696043542,0.7405597512216793,0.6599366587490103,0.6370192307692307,0.5770308123249299,0.4618834080717489,0.7686567164179104,0.6188118811881188,0.5549132947976878,0.43243243243243246,0.7741935483870968
766,10,0.1,6,0.05,0.6,sqrt,0.7397776183644189,0.6917357127682175,0.7464465841357175,0.6444972288202692,0.6418269230769231,0.5754985754985755,0.46543778801843316,0.753731343283582,0.6410891089108911,0.5645645645645646,0.44976076555023925,0.7580645161290323
767,10,0.1,6,0.05,0.6,log2,0.7342180774748924,0.688,0.7347122302158273,0.6468725257323832,0.6370192307692307,0.5722379603399433,0.4611872146118721,0.753731343283582,0.6336633663366337,0.5595238095238095,0.44339622641509435,0.7580645161290323
768,10,0.1,6,0.05,0.7,sqrt,0.7648852223816356,0.7297464440321583,0.7612903225806451,0.7007125890736342,0.6394230769230769,0.576271186440678,0.4636363636363636,0.7611940298507462,0.6336633663366337,0.5621301775147929,0.4439252336448598,0.7661290322580645
769,10,0.1,6,0.05,0.7,log2,0.7589670014347202,0.7206982543640897,0.7585301837270341,0.6864608076009501,0.6370192307692307,0.5722379603399433,0.4611872146118721,0.753731343283582,0.6386138613861386,0.5654761904761905,0.4481132075471698,0.7661290322580645
770,10,0.1,6,0.1,0.3,sqrt,0.7223816355810617,0.6780366056572379,0.7142857142857143,0.6452889944576405,0.6274038461538461,0.5658263305322129,0.452914798206278,0.753731343283582,0.6287128712871287,0.5562130177514792,0.4392523364485981,0.7580645161290323
771,10,0.1,6,0.1,0.3,log2,0.7243543758967002,0.6801248699271593,0.7169811320754716,0.6468725257323832,0.6274038461538461,0.5658263305322129,0.452914798206278,0.753731343283582,0.6262376237623762,0.5545722713864307,0.4372093023255814,0.7580645161290323
772,10,0.1,6,0.1,0.4,sqrt,0.7071377331420373,0.6685609904607266,0.6859641815910037,0.6520190023752969,0.6177884615384616,0.5595567867036011,0.44493392070484583,0.753731343283582,0.6188118811881188,0.5497076023391813,0.43119266055045874,0.7580645161290323
773,10,0.1,6,0.1,0.4,log2,0.7342180774748924,0.6877370417193426,0.7351351351351352,0.6460807600950119,0.6370192307692307,0.5722379603399433,0.4611872146118721,0.753731343283582,0.6361386138613861,0.5611940298507463,0.44549763033175355,0.7580645161290323
774,10,0.1,6,0.1,0.5,sqrt,0.7401362984218077,0.6920297555791711,0.7471317117944011,0.6444972288202692,0.6418269230769231,0.5754985754985755,0.46543778801843316,0.753731343283582,0.6435643564356436,0.5662650602409639,0.4519230769230769,0.7580645161290323
775,10,0.1,6,0.1,0.5,log2,0.7243543758967002,0.6801248699271593,0.7169811320754716,0.6468725257323832,0.6274038461538461,0.5658263305322129,0.452914798206278,0.753731343283582,0.6262376237623762,0.5545722713864307,0.4372093023255814,0.7580645161290323
776,10,0.1,6,0.1,0.6,sqrt,0.7410329985652798,0.6935483870967742,0.747483989021043,0.6468725257323832,0.6394230769230769,0.5738636363636364,0.463302752293578,0.753731343283582,0.6386138613861386,0.562874251497006,0.44761904761904764,0.7580645161290323
777,10,0.1,6,0.1,0.6,log2,0.728299856527977,0.6832531883754965,0.7239698715108551,0.6468725257323832,0.6322115384615384,0.5690140845070423,0.45701357466063347,0.753731343283582,0.6311881188118812,0.5578635014836796,0.4413145539906103,0.7580645161290323
778,10,0.1,6,0.1,0.7,sqrt,0.724713055954089,0.6804080782844055,0.717610891523935,0.6468725257323832,0.6274038461538461,0.5658263305322129,0.452914798206278,0.753731343283582,0.6262376237623762,0.5545722713864307,0.4372093023255814,0.7580645161290323
779,10,0.1,6,0.1,0.7,log2,0.7196915351506457,0.6764645001034982,0.7088937093275488,0.6468725257323832,0.6274038461538461,0.5658263305322129,0.452914798206278,0.753731343283582,0.6237623762376238,0.5529411764705883,0.4351851851851852,0.7580645161290323
780,10,0.1,7,0.05,0.3,sqrt,0.7338593974175036,0.6874473462510531,0.7344734473447345,0.6460807600950119,0.6370192307692307,0.5722379603399433,0.4611872146118721,0.753731343283582,0.6336633663366337,0.5595238095238095,0.44339622641509435,0.7580645161290323
781,10,0.1,7,0.05,0.3,log2,0.7349354375896701,0.6884485666104553,0.736248872858431,0.6464766429136976,0.6298076923076923,0.5674157303370787,0.45495495495495497,0.753731343283582,0.6336633663366337,0.5595238095238095,0.44339622641509435,0.7580645161290323
782,10,0.1,7,0.05,0.4,sqrt,0.7399569583931134,0.6918827029324267,0.7467889908256881,0.6444972288202692,0.6418269230769231,0.5754985754985755,0.46543778801843316,0.753731343283582,0.6410891089108911,0.5645645645645646,0.44976076555023925,0.7580645161290323
783,10,0.1,7,0.05,0.4,log2,0.7408536585365854,0.6926185917889811,0.7485057471264368,0.6444972288202692,0.6418269230769231,0.5754985754985755,0.46543778801843316,0.753731343283582,0.6410891089108911,0.5645645645645646,0.44976076555023925,0.7580645161290323
784,10,0.1,7,0.05,0.5,sqrt,0.7349354375896701,0.6906655504395144,0.7326820603907638,0.6532066508313539,0.6346153846153846,0.5706214689265536,0.4590909090909091,0.753731343283582,0.6287128712871287,0.5562130177514792,0.4392523364485981,0.7580645161290323
785,10,0.1,7,0.05,0.5,log2,0.7399569583931134,0.6918827029324267,0.7467889908256881,0.6444972288202692,0.6418269230769231,0.5754985754985755,0.46543778801843316,0.753731343283582,0.6410891089108911,0.5645645645645646,0.44976076555023925,0.7580645161290323
786,10,0.1,7,0.05,0.6,sqrt,0.7404949784791965,0.6958166911919277,0.7418198117436128,0.6551860649247823,0.6346153846153846,0.5706214689265536,0.4590909090909091,0.753731343283582,0.6336633663366337,0.5595238095238095,0.44339622641509435,0.7580645161290323
787,10,0.1,7,0.05,0.6,log2,0.734038737446198,0.6878551883813934,0.7343820224719101,0.6468725257323832,0.6346153846153846,0.5706214689265536,0.4590909090909091,0.753731343283582,0.6336633663366337,0.5595238095238095,0.44339622641509435,0.7580645161290323
788,10,0.1,7,0.05,0.7,sqrt,0.7505380200860832,0.7095427020254751,0.7507733097657976,0.6726049089469517,0.6466346153846154,0.5835694050991501,0.4703196347031963,0.7686567164179104,0.6386138613861386,0.5680473372781065,0.4485981308411215,0.7741935483870968
789,10,0.1,7,0.05,0.7,log2,0.7422883787661406,0.7072723568954981,0.7284934955937893,0.6872525732383215,0.625,0.5666666666666667,0.45132743362831856,0.7611940298507462,0.6262376237623762,0.5545722713864307,0.4372093023255814,0.7580645161290323
790,10,0.1,7,0.1,0.3,sqrt,0.7089311334289814,0.6685725954666122,0.6904259805989034,0.6480601741884402,0.6201923076923077,0.5611111111111111,0.4469026548672566,0.753731343283582,0.6212871287128713,0.5513196480938416,0.43317972350230416,0.7580645161290323
791,10,0.1,7,0.1,0.3,log2,0.71987087517934,0.677139313766019,0.7084775086505191,0.6484560570071259,0.6225961538461539,0.5626740947075209,0.4488888888888889,0.753731343283582,0.6262376237623762,0.5545722713864307,0.4372093023255814,0.7580645161290323
792,10,0.1,7,0.1,0.4,sqrt,0.6791606886657102,0.6774833243194519,0.6219794769943727,0.7438638163103721,0.5600961538461539,0.5569007263922519,0.4121863799283154,0.8582089552238806,0.5420792079207921,0.5340050377833753,0.3882783882783883,0.8548387096774194
793,10,0.1,7,0.1,0.4,log2,0.7342180774748924,0.6877370417193426,0.7351351351351352,0.6460807600950119,0.6370192307692307,0.5722379603399433,0.4611872146118721,0.753731343283582,0.6386138613861386,0.562874251497006,0.44761904761904764,0.7580645161290323
794,10,0.1,7,0.1,0.5,sqrt,0.7329626972740315,0.6869875972251419,0.7324069923800987,0.6468725257323832,0.6346153846153846,0.5706214689265536,0.4590909090909091,0.753731343283582,0.6336633663366337,0.5595238095238095,0.44339622641509435,0.7580645161290323
795,10,0.1,7,0.1,0.5,log2,0.7342180774748924,0.688,0.7347122302158273,0.6468725257323832,0.6346153846153846,0.5706214689265536,0.4590909090909091,0.753731343283582,0.6361386138613861,0.5611940298507463,0.44549763033175355,0.7580645161290323
796,10,0.1,7,0.1,0.6,sqrt,0.7342180774748924,0.688,0.7347122302158273,0.6468725257323832,0.6370192307692307,0.5722379603399433,0.4611872146118721,0.753731343283582,0.6361386138613861,0.5611940298507463,0.44549763033175355,0.7580645161290323
797,10,0.1,7,0.1,0.6,log2,0.7327833572453372,0.6868432114333753,0.732078853046595,0.6468725257323832,0.6346153846153846,0.5706214689265536,0.4590909090909091,0.753731343283582,0.6336633663366337,0.5595238095238095,0.44339622641509435,0.7580645161290323
798,10,0.1,7,0.1,0.7,sqrt,0.7343974175035868,0.6882761523889708,0.7348314606741573,0.6472684085510689,0.6370192307692307,0.5722379603399433,0.4611872146118721,0.753731343283582,0.6336633663366337,0.5595238095238095,0.44339622641509435,0.7580645161290323
799,10,0.1,7,0.1,0.7,log2,0.7399569583931134,0.6918827029324267,0.7467889908256881,0.6444972288202692,0.6394230769230769,0.5738636363636364,0.463302752293578,0.753731343283582,0.6410891089108911,0.5645645645645646,0.44976076555023925,0.7580645161290323
800,10,0.1,8,0.05,0.3,sqrt,0.7336800573888091,0.6871708447440489,0.7343538946420531,0.6456848772763262,0.6346153846153846,0.5681818181818182,0.45871559633027525,0.746268656716418,0.6361386138613861,0.5611940298507463,0.44549763033175355,0.7580645161290323
801,10,0.1,8,0.05,0.3,log2,0.7399569583931134,0.6918827029324267,0.7467889908256881,0.6444972288202692,0.6418269230769231,0.5754985754985755,0.46543778801843316,0.753731343283582,0.6410891089108911,0.5645645645645646,0.44976076555023925,0.7580645161290323
802,10,0.1,8,0.05,0.4,sqrt,0.7431850789096126,0.6989066442388562,0.7452914798206278,0.6579572446555819,0.6466346153846154,0.5859154929577465,0.47058823529411764,0.7761194029850746,0.6386138613861386,0.5654761904761905,0.4481132075471698,0.7661290322580645
803,10,0.1,8,0.05,0.4,log2,0.7455164992826399,0.7054183101515467,0.7415975556525535,0.6726049089469517,0.6418269230769231,0.5802816901408451,0.4660633484162896,0.7686567164179104,0.6188118811881188,0.5497076023391813,0.43119266055045874,0.7580645161290323
804,10,0.1,8,0.05,0.5,sqrt,0.7469512195121951,0.7027596376658942,0.7510130571814498,0.6603325415676959,0.6442307692307693,0.5795454545454546,0.46788990825688076,0.7611940298507462,0.6386138613861386,0.562874251497006,0.44761904761904764,0.7580645161290323
805,10,0.1,8,0.05,0.5,log2,0.7308106169296987,0.6852589641434262,0.7284886312973696,0.6468725257323832,0.6298076923076923,0.5674157303370787,0.45495495495495497,0.753731343283582,0.6287128712871287,0.5562130177514792,0.4392523364485981,0.7580645161290323
806,10,0.1,8,0.05,0.6,sqrt,0.7514347202295553,0.7137546468401487,0.7461139896373057,0.684085510688836,0.6442307692307693,0.5842696629213483,0.46846846846846846,0.7761194029850746,0.6287128712871287,0.5614035087719298,0.44036697247706424,0.7741935483870968
807,10,0.1,8,0.05,0.6,log2,0.763271162123386,0.7270471464019851,0.7610389610389611,0.6959619952494062,0.6442307692307693,0.5842696629213483,0.46846846846846846,0.7761194029850746,0.6386138613861386,0.5654761904761905,0.4481132075471698,0.7661290322580645
808,10,0.1,8,0.05,0.7,sqrt,0.7586083213773315,0.7206309672063097,0.7574171029668412,0.6872525732383215,0.6370192307692307,0.5746478873239437,0.46153846153846156,0.7611940298507462,0.6386138613861386,0.562874251497006,0.44761904761904764,0.7580645161290323
809,10,0.1,8,0.05,0.7,log2,0.7408536585365854,0.6926185917889811,0.7485057471264368,0.6444972288202692,0.6418269230769231,0.5754985754985755,0.46543778801843316,0.753731343283582,0.6410891089108911,0.5645645645645646,0.44976076555023925,0.7580645161290323
810,10,0.1,8,0.1,0.3,sqrt,0.7230989956958394,0.6791354945968412,0.7147856517935258,0.6468725257323832,0.6274038461538461,0.5658263305322129,0.452914798206278,0.753731343283582,0.6262376237623762,0.5545722713864307,0.4372093023255814,0.7580645161290323
811,10,0.1,8,0.1,0.3,log2,0.7234576757532282,0.6794178794178795,0.7154115586690017,0.6468725257323832,0.6274038461538461,0.5658263305322129,0.452914798206278,0.753731343283582,0.6262376237623762,0.5545722713864307,0.4372093023255814,0.7580645161290323
812,10,0.1,8,0.1,0.4,sqrt,0.734038737446198,0.6875921634716663,0.7348041422782531,0.6460807600950119,0.6370192307692307,0.5722379603399433,0.4611872146118721,0.753731343283582,0.6361386138613861,0.5611940298507463,0.44549763033175355,0.7580645161290323
813,10,0.1,8,0.1,0.4,log2,0.7343974175035868,0.6885383806519453,0.7344100493494841,0.6480601741884402,0.6370192307692307,0.5722379603399433,0.4611872146118721,0.753731343283582,0.6361386138613861,0.5611940298507463,0.44549763033175355,0.7580645161290323
814,10,0.1,8,0.1,0.5,sqrt,0.7236370157819225,0.6795591599085049,0.715724923346474,0.6468725257323832,0.6274038461538461,0.5658263305322129,0.452914798206278,0.753731343283582,0.6262376237623762,0.5545722713864307,0.4372093023255814,0.7580645161290323
815,10,0.1,8,0.1,0.5,log2,0.7410329985652798,0.6927659574468085,0.7488500459981601,0.6444972288202692,0.6418269230769231,0.5754985754985755,0.46543778801843316,0.753731343283582,0.6410891089108911,0.5645645645645646,0.44976076555023925,0.7580645161290323
816,10,0.1,8,0.1,0.6,sqrt,0.7431850789096126,0.711755233494364,0.723996723996724,0.6999208234362628,0.6274038461538461,0.5866666666666667,0.45643153526970953,0.8208955223880597,0.6163366336633663,0.5633802816901409,0.4329004329004329,0.8064516129032258
817,10,0.1,8,0.1,0.6,log2,0.7044476327116213,0.6896421845574388,0.6576867816091954,0.7248614410134601,0.5913461538461539,0.5707070707070707,0.4312977099236641,0.8432835820895522,0.5618811881188119,0.5426356589147286,0.39923954372623577,0.8467741935483871
818,10,0.1,8,0.1,0.7,sqrt,0.7349354375896701,0.7015347334410339,0.7159934047815334,0.6876484560570071,0.6298076923076923,0.5860215053763441,0.4579831932773109,0.8134328358208955,0.6089108910891089,0.5536723163841808,0.4260869565217391,0.7903225806451613
819,10,0.1,8,0.1,0.7,log2,0.7342180774748924,0.6915070774354705,0.7291483757682178,0.6575613618368963,0.6394230769230769,0.5786516853932584,0.46396396396396394,0.7686567164179104,0.6237623762376238,0.5529411764705883,0.4351851851851852,0.7580645161290323
820,10,0.1,9,0.05,0.3,sqrt,0.734038737446198,0.6878551883813934,0.7343820224719101,0.6468725257323832,0.6346153846153846,0.5706214689265536,0.4590909090909091,0.753731343283582,0.6361386138613861,0.5611940298507463,0.44549763033175355,0.7580645161290323
821,10,0.1,9,0.05,0.3,log2,0.7182568149210904,0.6756142886640512,0.7060854553301683,0.6476642913697546,0.625,0.5642458100558659,0.45089285714285715,0.753731343283582,0.6237623762376238,0.5529411764705883,0.4351851851851852,0.7580645161290323
822,10,0.1,9,0.05,0.4,sqrt,0.7239956958393113,0.6801080856370817,0.7159737417943107,0.6476642913697546,0.6274038461538461,0.5658263305322129,0.452914798206278,0.753731343283582,0.6262376237623762,0.5545722713864307,0.4372093023255814,0.7580645161290323
823,10,0.1,9,0.05,0.4,log2,0.7456958393113343,0.7138821630347054,0.7279835390946502,0.7003167062549486,0.6298076923076923,0.5860215053763441,0.4579831932773109,0.8134328358208955,0.6188118811881188,0.5625,0.4342105263157895,0.7983870967741935
824,10,0.1,9,0.05,0.5,sqrt,0.7388809182209469,0.6938603868797308,0.7399103139013453,0.6532066508313539,0.6322115384615384,0.5714285714285714,0.45739910313901344,0.7611940298507462,0.6336633663366337,0.5621301775147929,0.4439252336448598,0.7661290322580645
825,10,0.1,9,0.05,0.5,log2,0.7419296987087518,0.6992685475444096,0.7405931828242586,0.6623119556611243,0.6370192307692307,0.5793871866295265,0.4622222222222222,0.7761194029850746,0.6163366336633663,0.553314121037464,0.4304932735426009,0.7741935483870968
826,10,0.1,9,0.05,0.6,sqrt,0.7693687230989957,0.7404117884537748,0.7553542009884678,0.7260490894695171,0.6298076923076923,0.5722222222222222,0.4557522123893805,0.7686567164179104,0.6386138613861386,0.5680473372781065,0.4485981308411215,0.7741935483870968
827,10,0.1,9,0.05,0.6,log2,0.7453371592539455,0.6995344900550148,0.7513636363636363,0.6543942992874109,0.6466346153846154,0.5835694050991501,0.4703196347031963,0.7686567164179104,0.6435643564356436,0.5688622754491018,0.4523809523809524,0.7661290322580645
828,10,0.1,9,0.05,0.7,sqrt,0.7503586800573888,0.7136980666392431,0.742722602739726,0.6868566904196358,0.6370192307692307,0.5746478873239437,0.46153846153846156,0.7611940298507462,0.6386138613861386,0.5680473372781065,0.4485981308411215,0.7741935483870968
829,10,0.1,9,0.05,0.7,log2,0.7555595408895266,0.7223467101242615,0.7440201426772975,0.7019002375296912,0.6370192307692307,0.5840220385674931,0.462882096069869,0.7910447761194029,0.6089108910891089,0.5511363636363636,0.42543859649122806,0.782258064516129
830,10,0.1,9,0.1,0.3,sqrt,0.7227403156384505,0.6781848459616986,0.7151009657594382,0.6448931116389549,0.6225961538461539,0.5577464788732395,0.4479638009049774,0.7388059701492538,0.6287128712871287,0.5562130177514792,0.4392523364485981,0.7580645161290323
831,10,0.1,9,0.1,0.3,log2,0.7329626972740315,0.6869875972251419,0.7324069923800987,0.6468725257323832,0.6346153846153846,0.5706214689265536,0.4590909090909091,0.753731343283582,0.6336633663366337,0.5595238095238095,0.44339622641509435,0.7580645161290323
832,10,0.1,9,0.1,0.4,sqrt,0.7408536585365854,0.6926185917889811,0.7485057471264368,0.6444972288202692,0.6418269230769231,0.5754985754985755,0.46543778801843316,0.753731343283582,0.6435643564356436,0.5662650602409639,0.4519230769230769,0.7580645161290323
833,10,0.1,9,0.1,0.4,log2,0.6755738880918221,0.6719854941069809,0.6199397791903647,0.7335708630245448,0.5576923076923077,0.5533980582524272,0.41007194244604317,0.8507462686567164,0.5420792079207921,0.5340050377833753,0.3882783882783883,0.8548387096774194
834,10,0.1,9,0.1,0.5,sqrt,0.7342180774748924,0.6881313131313131,0.7345013477088949,0.6472684085510689,0.6346153846153846,0.5706214689265536,0.4590909090909091,0.753731343283582,0.6336633663366337,0.5595238095238095,0.44339622641509435,0.7580645161290323
835,10,0.1,9,0.1,0.5,log2,0.6736011477761836,0.6708860759493671,0.6175099866844208,0.734362628661916,0.5504807692307693,0.5493975903614458,0.40569395017793597,0.8507462686567164,0.5420792079207921,0.5340050377833753,0.3882783882783883,0.8548387096774194
836,10,0.1,9,0.1,0.6,sqrt,0.7347560975609756,0.68922042445892,0.7344379758172862,0.6492478226444972,0.6370192307692307,0.5722379603399433,0.4611872146118721,0.753731343283582,0.6336633663366337,0.5595238095238095,0.44339622641509435,0.7580645161290323
837,10,0.1,9,0.1,0.6,log2,0.7401362984218077,0.6920297555791711,0.7471317117944011,0.6444972288202692,0.6418269230769231,0.5754985754985755,0.46543778801843316,0.753731343283582,0.6410891089108911,0.5645645645645646,0.44976076555023925,0.7580645161290323
838,10,0.1,9,0.1,0.7,sqrt,0.7342180774748924,0.688,0.7347122302158273,0.6468725257323832,0.6346153846153846,0.5706214689265536,0.4590909090909091,0.753731343283582,0.6361386138613861,0.5611940298507463,0.44549763033175355,0.7580645161290323
839,10,0.1,9,0.1,0.7,log2,0.7403156384505022,0.6923076923076923,0.7472477064220183,0.6448931116389549,0.6418269230769231,0.5754985754985755,0.46543778801843316,0.753731343283582,0.6361386138613861,0.5611940298507463,0.44549763033175355,0.7580645161290323
840,10,0.15,3,0.05,0.3,sqrt,0.7082137733142038,0.6677557688380641,0.6895824546604808,0.6472684085510689,0.6201923076923077,0.5611111111111111,0.4469026548672566,0.753731343283582,0.6212871287128713,0.5513196480938416,0.43317972350230416,0.7580645161290323
841,10,0.15,3,0.05,0.3,log2,0.7241750358680057,0.6802494802494803,0.7162872154115587,0.6476642913697546,0.6274038461538461,0.5658263305322129,0.452914798206278,0.753731343283582,0.6262376237623762,0.5545722713864307,0.4372093023255814,0.7580645161290323
842,10,0.15,3,0.05,0.4,sqrt,0.7304519368723099,0.6849717040452735,0.7278396436525613,0.6468725257323832,0.6370192307692307,0.5722379603399433,0.4611872146118721,0.753731343283582,0.6336633663366337,0.5595238095238095,0.44339622641509435,0.7580645161290323
843,10,0.15,3,0.05,0.4,log2,0.7272238163558106,0.6826622157312747,0.7216585796206441,0.6476642913697546,0.6322115384615384,0.5690140845070423,0.45701357466063347,0.753731343283582,0.6311881188118812,0.5578635014836796,0.4413145539906103,0.7580645161290323
844,10,0.15,3,0.05,0.5,sqrt,0.7395982783357246,0.6917197452229299,0.7458791208791209,0.6448931116389549,0.6418269230769231,0.5754985754985755,0.46543778801843316,0.753731343283582,0.6386138613861386,0.562874251497006,0.44761904761904764,0.7580645161290323
845,10,0.15,3,0.05,0.5,log2,0.740674318507891,0.695193929173693,0.7434625788999099,0.6528107680126682,0.6418269230769231,0.5754985754985755,0.46543778801843316,0.753731343283582,0.6386138613861386,0.562874251497006,0.44761904761904764,0.7580645161290323
846,10,0.15,3,0.05,0.6,sqrt,0.7399569583931134,0.6918827029324267,0.7467889908256881,0.6444972288202692,0.6418269230769231,0.5754985754985755,0.46543778801843316,0.753731343283582,0.6410891089108911,0.5645645645645646,0.44976076555023925,0.7580645161290323
847,10,0.15,3,0.05,0.6,log2,0.7342180774748924,0.688,0.7347122302158273,0.6468725257323832,0.6370192307692307,0.5722379603399433,0.4611872146118721,0.753731343283582,0.6361386138613861,0.5611940298507463,0.44549763033175355,0.7580645161290323
848,10,0.15,3,0.05,0.7,sqrt,0.7630918220946915,0.7330773893715902,0.7486586875773834,0.7181314330958036,0.6322115384615384,0.5714285714285714,0.45739910313901344,0.7611940298507462,0.6386138613861386,0.5730994152046783,0.44954128440366975,0.7903225806451613
849,10,0.15,3,0.05,0.7,log2,0.7469512195121951,0.7062252758692484,0.7448397013614405,0.6714172604908947,0.6466346153846154,0.5835694050991501,0.4703196347031963,0.7686567164179104,0.6287128712871287,0.5614035087719298,0.44036697247706424,0.7741935483870968
850,10,0.15,3,0.1,0.3,sqrt,0.6748565279770444,0.6716174606049629,0.6190317195325542,0.7339667458432304,0.5576923076923077,0.5533980582524272,0.41007194244604317,0.8507462686567164,0.5420792079207921,0.5340050377833753,0.3882783882783883,0.8548387096774194
851,10,0.15,3,0.1,0.3,log2,0.7082137733142038,0.6674841610463929,0.6899028305872412,0.6464766429136976,0.6177884615384616,0.5571030640668524,0.4444444444444444,0.746268656716418,0.6237623762376238,0.5529411764705883,0.4351851851851852,0.7580645161290323
852,10,0.15,3,0.1,0.4,sqrt,0.7342180774748924,0.688,0.7347122302158273,0.6468725257323832,0.6370192307692307,0.5722379603399433,0.4611872146118721,0.753731343283582,0.6336633663366337,0.5595238095238095,0.44339622641509435,0.7580645161290323
853,10,0.15,3,0.1,0.4,log2,0.7338593974175036,0.6877104377104377,0.734052111410602,0.6468725257323832,0.6346153846153846,0.5706214689265536,0.4590909090909091,0.753731343283582,0.6336633663366337,0.5595238095238095,0.44339622641509435,0.7580645161290323
854,10,0.15,3,0.1,0.5,sqrt,0.7335007173601148,0.6866301138760017,0.7346570397111913,0.6444972288202692,0.6346153846153846,0.5681818181818182,0.45871559633027525,0.746268656716418,0.6386138613861386,0.562874251497006,0.44761904761904764,0.7580645161290323
855,10,0.15,3,0.1,0.5,log2,0.6974533715925395,0.6837863167760075,0.6493414026343894,0.7220902612826603,0.5817307692307693,0.565,0.424812030075188,0.8432835820895522,0.5544554455445545,0.5360824742268041,0.3939393939393939,0.8387096774193549
856,10,0.15,3,0.1,0.6,sqrt,0.7345767575322812,0.6884210526315789,0.7351618705035972,0.6472684085510689,0.6346153846153846,0.5706214689265536,0.4590909090909091,0.753731343283582,0.6336633663366337,0.5595238095238095,0.44339622641509435,0.7580645161290323
857,10,0.15,3,0.1,0.6,log2,0.7399569583931134,0.6918827029324267,0.7467889908256881,0.6444972288202692,0.6418269230769231,0.5754985754985755,0.46543778801843316,0.753731343283582,0.6410891089108911,0.5645645645645646,0.44976076555023925,0.7580645161290323
858,10,0.15,3,0.1,0.7,sqrt,0.7333213773314203,0.6872765509989485,0.7330641543292956,0.6468725257323832,0.6370192307692307,0.5722379603399433,0.4611872146118721,0.753731343283582,0.6311881188118812,0.5578635014836796,0.4413145539906103,0.7580645161290323
859,10,0.15,3,0.1,0.7,log2,0.7345767575322812,0.6882898062342039,0.7353735373537353,0.6468725257323832,0.6370192307692307,0.5722379603399433,0.4611872146118721,0.753731343283582,0.6361386138613861,0.5611940298507463,0.44549763033175355,0.7580645161290323
860,10,0.15,4,0.05,0.3,sqrt,0.7076757532281205,0.6682946682946683,0.6876046901172529,0.6500395882818686,0.6201923076923077,0.5611111111111111,0.4469026548672566,0.753731343283582,0.6188118811881188,0.5497076023391813,0.43119266055045874,0.7580645161290323
861,10,0.15,4,0.05,0.3,log2,0.6743185078909613,0.6712527154236061,0.6184122748498999,0.7339667458432304,0.5528846153846154,0.5507246376811594,0.40714285714285714,0.8507462686567164,0.5420792079207921,0.5340050377833753,0.3882783882783883,0.8548387096774194
862,10,0.15,4,0.05,0.4,sqrt,0.7453371592539455,0.7046589018302829,0.7423312883435583,0.6706254948535234,0.6418269230769231,0.5802816901408451,0.4660633484162896,0.7686567164179104,0.6237623762376238,0.5529411764705883,0.4351851851851852,0.7580645161290323
863,10,0.15,4,0.05,0.4,log2,0.7408536585365854,0.692487763353905,0.7487344684767603,0.6441013460015835,0.6418269230769231,0.5754985754985755,0.46543778801843316,0.753731343283582,0.6435643564356436,0.5662650602409639,0.4519230769230769,0.7580645161290323
864,10,0.15,4,0.05,0.5,sqrt,0.7352941176470589,0.6897856242118537,0.7352150537634409,0.649643705463183,0.6346153846153846,0.5706214689265536,0.4590909090909091,0.753731343283582,0.6336633663366337,0.5595238095238095,0.44339622641509435,0.7580645161290323
865,10,0.15,4,0.05,0.5,log2,0.7159253945480631,0.691708836123005,0.6803215926493109,0.7034837688044339,0.6105769230769231,0.578125,0.444,0.8283582089552238,0.5792079207920792,0.5454545454545454,0.408,0.8225806451612904
866,10,0.15,4,0.05,0.6,sqrt,0.7266857962697274,0.6864197530864198,0.7146529562982005,0.6603325415676959,0.6322115384615384,0.5738161559888579,0.4577777777777778,0.7686567164179104,0.6262376237623762,0.5545722713864307,0.4372093023255814,0.7580645161290323
867,10,0.15,4,0.05,0.6,log2,0.7458751793400287,0.7023734509556816,0.7480984340044743,0.6619160728424386,0.6418269230769231,0.5754985754985755,0.46543778801843316,0.753731343283582,0.6361386138613861,0.5637982195845698,0.4460093896713615,0.7661290322580645
868,10,0.15,4,0.05,0.7,sqrt,0.7523314203730272,0.7124713720591297,0.751427316644708,0.6773555027711797,0.6466346153846154,0.5859154929577465,0.47058823529411764,0.7761194029850746,0.6361386138613861,0.5663716814159292,0.44651162790697674,0.7741935483870968
869,10,0.15,4,0.05,0.7,log2,0.7412123385939742,0.693695606028444,0.7478260869565218,0.6468725257323832,0.6418269230769231,0.5754985754985755,0.46543778801843316,0.753731343283582,0.6410891089108911,0.5645645645645646,0.44976076555023925,0.7580645161290323
870,10,0.15,4,0.1,0.3,sqrt,0.7342180774748924,0.6882625157761885,0.7342908438061041,0.6476642913697546,0.6346153846153846,0.5706214689265536,0.4590909090909091,0.753731343283582,0.6336633663366337,0.5595238095238095,0.44339622641509435,0.7580645161290323
871,10,0.15,4,0.1,0.3,log2,0.7096484935437589,0.6689838478838683,0.6917547568710359,0.6476642913697546,0.6201923076923077,0.5611111111111111,0.4469026548672566,0.753731343283582,0.6212871287128713,0.5513196480938416,0.43317972350230416,0.7580645161290323
872,10,0.15,4,0.1,0.4,sqrt,0.7397776183644189,0.6914735275356155,0.7468994028479559,0.6437054631828979,0.6394230769230769,0.5714285714285714,0.46296296296296297,0.746268656716418,0.6435643564356436,0.5662650602409639,0.4519230769230769,0.7580645161290323
873,10,0.15,4,0.1,0.4,log2,0.7460545193687231,0.7054908485856906,0.7432077125328659,0.6714172604908947,0.6442307692307693,0.5842696629213483,0.46846846846846846,0.7761194029850746,0.6188118811881188,0.5497076023391813,0.43119266055045874,0.7580645161290323
874,10,0.15,4,0.1,0.5,sqrt,0.7261477761836442,0.6816760475297061,0.7199471598414795,0.6472684085510689,0.6274038461538461,0.5658263305322129,0.452914798206278,0.753731343283582,0.6287128712871287,0.5562130177514792,0.4392523364485981,0.7580645161290323
875,10,0.15,4,0.1,0.5,log2,0.7343974175035868,0.6884073216915633,0.7346205657835654,0.6476642913697546,0.6346153846153846,0.5706214689265536,0.4590909090909091,0.753731343283582,0.6336633663366337,0.5595238095238095,0.44339622641509435,0.7580645161290323
876,10,0.15,4,0.1,0.6,sqrt,0.7401362984218077,0.6920297555791711,0.7471317117944011,0.6444972288202692,0.6418269230769231,0.5754985754985755,0.46543778801843316,0.753731343283582,0.6435643564356436,0.5662650602409639,0.4519230769230769,0.7580645161290323
877,10,0.15,4,0.1,0.6,log2,0.7306312769010043,0.6853791369920402,0.7277580071174378,0.6476642913697546,0.6370192307692307,0.5722379603399433,0.4611872146118721,0.753731343283582,0.6336633663366337,0.5595238095238095,0.44339622641509435,0.7580645161290323
878,10,0.15,4,0.1,0.7,sqrt,0.7241750358680057,0.6799833541406575,0.7166666666666667,0.6468725257323832,0.6274038461538461,0.5658263305322129,0.452914798206278,0.753731343283582,0.6262376237623762,0.5545722713864307,0.4372093023255814,0.7580645161290323
879,10,0.15,4,0.1,0.7,log2,0.7440817790530847,0.7130504725517796,0.7245606865549653,0.7019002375296912,0.625,0.5828877005347594,0.45416666666666666,0.8134328358208955,0.6163366336633663,0.5609065155807366,0.43231441048034935,0.7983870967741935
880,10,0.15,5,0.05,0.3,sqrt,0.724713055954089,0.6806740170584564,0.7172292854011398,0.6476642913697546,0.6274038461538461,0.5658263305322129,0.452914798206278,0.753731343283582,0.6262376237623762,0.5545722713864307,0.4372093023255814,0.7580645161290323
881,10,0.15,5,0.05,0.3,log2,0.7435437589670014,0.7146847565841979,0.7204344328238134,0.7090261282660333,0.6225961538461539,0.583554376657825,0.45267489711934156,0.8208955223880597,0.6138613861386139,0.5642458100558659,0.43162393162393164,0.8145161290322581
882,10,0.15,5,0.05,0.4,sqrt,0.723816355810617,0.6799667497921862,0.715660542432196,0.6476642913697546,0.6274038461538461,0.5658263305322129,0.452914798206278,0.753731343283582,0.6262376237623762,0.5545722713864307,0.4372093023255814,0.7580645161290323
883,10,0.15,5,0.05,0.4,log2,0.7343974175035868,0.6882761523889708,0.7348314606741573,0.6472684085510689,0.6370192307692307,0.5722379603399433,0.4611872146118721,0.753731343283582,0.6361386138613861,0.5611940298507463,0.44549763033175355,0.7580645161290323
884,10,0.15,5,0.05,0.5,sqrt,0.7338593974175036,0.6927536231884058,0.7261284722222222,0.6623119556611243,0.6346153846153846,0.5730337078651685,0.4594594594594595,0.7611940298507462,0.6188118811881188,0.5497076023391813,0.43119266055045874,0.7580645161290323
885,10,0.15,5,0.05,0.5,log2,0.7026542324246772,0.6899775617053104,0.6537916371367825,0.7304038004750594,0.5889423076923077,0.5714285714285714,0.43018867924528303,0.8507462686567164,0.5544554455445545,0.5408163265306123,0.39552238805970147,0.8548387096774194
886,10,0.15,5,0.05,0.6,sqrt,0.7604017216642754,0.7288961038961039,0.7477102414654455,0.7110055423594616,0.6490384615384616,0.6010928961748634,0.47413793103448276,0.8208955223880597,0.6237623762376238,0.5632183908045977,0.4375,0.7903225806451613
887,10,0.15,5,0.05,0.6,log2,0.7648852223816356,0.7336989640463132,0.753441802252816,0.7149643705463183,0.6418269230769231,0.5826330532212886,0.4663677130044843,0.7761194029850746,0.6287128712871287,0.5614035087719298,0.44036697247706424,0.7741935483870968
888,10,0.15,5,0.05,0.7,sqrt,0.7422883787661406,0.6980458079428451,0.7438423645320197,0.6575613618368963,0.6442307692307693,0.5819209039548022,0.4681818181818182,0.7686567164179104,0.6386138613861386,0.5654761904761905,0.4481132075471698,0.7661290322580645
889,10,0.15,5,0.05,0.7,log2,0.7526901004304161,0.7180535677775506,0.7424947145877379,0.6951702296120348,0.6394230769230769,0.5810055865921788,0.4642857142857143,0.7761194029850746,0.6262376237623762,0.5597667638483965,0.4383561643835616,0.7741935483870968
890,10,0.15,5,0.1,0.3,sqrt,0.7243543758967002,0.6801248699271593,0.7169811320754716,0.6468725257323832,0.6274038461538461,0.5658263305322129,0.452914798206278,0.753731343283582,0.6262376237623762,0.5545722713864307,0.4372093023255814,0.7580645161290323
891,10,0.15,5,0.1,0.3,log2,0.6744978479196556,0.6716120861226705,0.6184605131622792,0.7347585114806018,0.5528846153846154,0.5507246376811594,0.40714285714285714,0.8507462686567164,0.5420792079207921,0.5340050377833753,0.3882783882783883,0.8548387096774194
892,10,0.15,5,0.1,0.4,sqrt,0.7352941176470589,0.6937759336099585,0.7288578901482128,0.6619160728424386,0.6322115384615384,0.5738161559888579,0.4577777777777778,0.7686567164179104,0.6138613861386139,0.5491329479768786,0.42792792792792794,0.7661290322580645
893,10,0.15,5,0.1,0.4,log2,0.7329626972740315,0.6869875972251419,0.7324069923800987,0.6468725257323832,0.6346153846153846,0.5706214689265536,0.4590909090909091,0.753731343283582,0.6336633663366337,0.5595238095238095,0.44339622641509435,0.7580645161290323
894,10,0.15,5,0.1,0.5,sqrt,0.7092898134863702,0.668710402615982,0.6911702577101817,0.6476642913697546,0.6201923076923077,0.5611111111111111,0.4469026548672566,0.753731343283582,0.6212871287128713,0.5513196480938416,0.43317972350230416,0.7580645161290323
895,10,0.15,5,0.1,0.5,log2,0.7343974175035868,0.6884073216915633,0.7346205657835654,0.6476642913697546,0.6346153846153846,0.5706214689265536,0.4590909090909091,0.753731343283582,0.6336633663366337,0.5595238095238095,0.44339622641509435,0.7580645161290323
896,10,0.15,5,0.1,0.6,sqrt,0.740674318507891,0.693384223918575,0.7465753424657534,0.6472684085510689,0.6394230769230769,0.5738636363636364,0.463302752293578,0.753731343283582,0.6410891089108911,0.5645645645645646,0.44976076555023925,0.7580645161290323
897,10,0.15,5,0.1,0.6,log2,0.724713055954089,0.6804080782844055,0.717610891523935,0.6468725257323832,0.6274038461538461,0.5658263305322129,0.452914798206278,0.753731343283582,0.6287128712871287,0.5562130177514792,0.4392523364485981,0.7580645161290323
898,10,0.15,5,0.1,0.7,sqrt,0.7435437589670014,0.6989473684210527,0.7464028776978417,0.6571654790182107,0.6394230769230769,0.5738636363636364,0.463302752293578,0.753731343283582,0.6361386138613861,0.5611940298507463,0.44549763033175355,0.7580645161290323
899,10,0.15,5,0.1,0.7,log2,0.7342180774748924,0.6877370417193426,0.7351351351351352,0.6460807600950119,0.6346153846153846,0.5681818181818182,0.45871559633027525,0.746268656716418,0.6361386138613861,0.5611940298507463,0.44549763033175355,0.7580645161290323
900,10,0.15,6,0.05,0.3,sqrt,0.6940459110473458,0.6768939393939394,0.6488743645606391,0.7074425969912905,0.59375,0.5677749360613811,0.43190661478599224,0.8283582089552238,0.5618811881188119,0.5378590078328982,0.39768339768339767,0.8306451612903226
901,10,0.15,6,0.05,0.3,log2,0.7062410329985653,0.6923365890308039,0.6586847748391709,0.729612034837688,0.59375,0.5743073047858942,0.43346007604562736,0.8507462686567164,0.5643564356435643,0.5463917525773195,0.4015151515151515,0.8548387096774194
902,10,0.15,6,0.05,0.4,sqrt,0.7342180774748924,0.688,0.7347122302158273,0.6468725257323832,0.6346153846153846,0.5706214689265536,0.4590909090909091,0.753731343283582,0.6336633663366337,0.5595238095238095,0.44339622641509435,0.7580645161290323
903,10,0.15,6,0.05,0.4,log2,0.7430057388809183,0.7026354015355883,0.7383340601831662,0.6702296120348377,0.6442307692307693,0.5888888888888889,0.4690265486725664,0.7910447761194029,0.6287128712871287,0.5614035087719298,0.44036697247706424,0.7741935483870968
904,10,0.15,6,0.05,0.5,sqrt,0.7343974175035868,0.6913940404250886,0.7298724153101628,0.6567695961995249,0.6322115384615384,0.5714285714285714,0.45739910313901344,0.7611940298507462,0.6311881188118812,0.5578635014836796,0.4413145539906103,0.7580645161290323
905,10,0.15,6,0.05,0.5,log2,0.7562769010043041,0.7260632936907881,0.7396303901437372,0.71298495645289,0.6394230769230769,0.5945945945945946,0.4661016949152542,0.8208955223880597,0.6014851485148515,0.5490196078431373,0.4206008583690987,0.7903225806451613
906,10,0.15,6,0.05,0.6,sqrt,0.741571018651363,0.7034369211771969,0.7325332190312902,0.6765637371338084,0.6418269230769231,0.5826330532212886,0.4663677130044843,0.7761194029850746,0.6237623762376238,0.5581395348837209,0.43636363636363634,0.7741935483870968
907,10,0.15,6,0.05,0.6,log2,0.7474892395982783,0.7049455155071249,0.748886910062333,0.6658749010292954,0.6418269230769231,0.5802816901408451,0.4660633484162896,0.7686567164179104,0.6386138613861386,0.5680473372781065,0.4485981308411215,0.7741935483870968
908,10,0.15,6,0.05,0.7,sqrt,0.745157819225251,0.7161973237467545,0.7226924627166466,0.7098178939034046,0.6394230769230769,0.585635359116022,0.4649122807017544,0.7910447761194029,0.6237623762376238,0.5657142857142857,0.43805309734513276,0.7983870967741935
909,10,0.15,6,0.05,0.7,log2,0.7333213773314203,0.6988049422726352,0.7154707590211531,0.6828978622327792,0.6346153846153846,0.580110497237569,0.4605263157894737,0.7835820895522388,0.6163366336633663,0.553314121037464,0.4304932735426009,0.7741935483870968
910,10,0.15,6,0.1,0.3,sqrt,0.7329626972740315,0.6869875972251419,0.7324069923800987,0.6468725257323832,0.6346153846153846,0.5706214689265536,0.4590909090909091,0.753731343283582,0.6336633663366337,0.5595238095238095,0.44339622641509435,0.7580645161290323
911,10,0.15,6,0.1,0.3,log2,0.6759325681492109,0.6725856133357492,0.6201135983962579,0.7347585114806018,0.5600961538461539,0.5547445255474452,0.41155234657039713,0.8507462686567164,0.5420792079207921,0.5340050377833753,0.3882783882783883,0.8548387096774194
912,10,0.15,6,0.1,0.4,sqrt,0.6748565279770444,0.6716174606049629,0.6190317195325542,0.7339667458432304,0.5576923076923077,0.5533980582524272,0.41007194244604317,0.8507462686567164,0.5420792079207921,0.5340050377833753,0.3882783882783883,0.8548387096774194
913,10,0.15,6,0.1,0.4,log2,0.6743185078909613,0.6712527154236061,0.6184122748498999,0.7339667458432304,0.5528846153846154,0.5507246376811594,0.40714285714285714,0.8507462686567164,0.5420792079207921,0.5340050377833753,0.3882783882783883,0.8548387096774194
914,10,0.15,6,0.1,0.5,sqrt,0.7342180774748924,0.688,0.7347122302158273,0.6468725257323832,0.6370192307692307,0.5722379603399433,0.4611872146118721,0.753731343283582,0.6361386138613861,0.5611940298507463,0.44549763033175355,0.7580645161290323
915,10,0.15,6,0.1,0.5,log2,0.7277618364418939,0.6828249059757626,0.7230088495575221,0.6468725257323832,0.6298076923076923,0.5674157303370787,0.45495495495495497,0.753731343283582,0.6311881188118812,0.5578635014836796,0.4413145539906103,0.7580645161290323
916,10,0.15,6,0.1,0.6,sqrt,0.7385222381635581,0.6914938637325434,0.7427272727272727,0.6468725257323832,0.6394230769230769,0.5738636363636364,0.463302752293578,0.753731343283582,0.6361386138613861,0.5611940298507463,0.44549763033175355,0.7580645161290323
917,10,0.15,6,0.1,0.6,log2,0.7342180774748924,0.6881313131313131,0.7345013477088949,0.6472684085510689,0.6370192307692307,0.5722379603399433,0.4611872146118721,0.753731343283582,0.6336633663366337,0.5595238095238095,0.44339622641509435,0.7580645161290323
918,10,0.15,6,0.1,0.7,sqrt,0.744261119081779,0.6990291262135923,0.7486437613019892,0.6555819477434679,0.6466346153846154,0.5835694050991501,0.4703196347031963,0.7686567164179104,0.6386138613861386,0.562874251497006,0.44761904761904764,0.7580645161290323
919,10,0.15,6,0.1,0.7,log2,0.7342180774748924,0.688,0.7347122302158273,0.6468725257323832,0.6370192307692307,0.5722379603399433,0.4611872146118721,0.753731343283582,0.6336633663366337,0.5595238095238095,0.44339622641509435,0.7580645161290323
920,10,0.15,7,0.05,0.3,sqrt,0.7365494978479197,0.6959221693231215,0.7292841648590022,0.6654790182106096,0.6418269230769231,0.5826330532212886,0.4663677130044843,0.7761194029850746,0.6262376237623762,0.5597667638483965,0.4383561643835616,0.7741935483870968
921,10,0.15,7,0.05,0.3,log2,0.6753945480631277,0.6722202100688156,0.6194926568758344,0.7347585114806018,0.5576923076923077,0.5533980582524272,0.41007194244604317,0.8507462686567164,0.5420792079207921,0.5340050377833753,0.3882783882783883,0.8548387096774194
922,10,0.15,7,0.05,0.4,sqrt,0.7439024390243902,0.6980972515856236,0.7490925589836661,0.6536025336500396,0.6418269230769231,0.5754985754985755,0.46543778801843316,0.753731343283582,0.6386138613861386,0.562874251497006,0.44761904761904764,0.7580645161290323
923,10,0.15,7,0.05,0.4,log2,0.7401362984218077,0.6915052160953801,0.7480423767848917,0.6429136975455265,0.6418269230769231,0.5754985754985755,0.46543778801843316,0.753731343283582,0.6410891089108911,0.5645645645645646,0.44976076555023925,0.7580645161290323
924,10,0.15,7,0.05,0.5,sqrt,0.745157819225251,0.7159704177493504,0.7230520791279774,0.7090261282660333,0.6225961538461539,0.5813333333333334,0.45228215767634855,0.8134328358208955,0.6163366336633663,0.5633802816901409,0.4329004329004329,0.8064516129032258
925,10,0.15,7,0.05,0.5,log2,0.7431850789096126,0.7027812370278124,0.7386561954624782,0.6702296120348377,0.6442307692307693,0.5819209039548022,0.4681818181818182,0.7686567164179104,0.6262376237623762,0.5571847507331378,0.4377880184331797,0.7661290322580645
926,10,0.15,7,0.05,0.6,sqrt,0.7410329985652798,0.6991666666666667,0.7379067722075637,0.6642913697545526,0.6442307692307693,0.5819209039548022,0.4681818181818182,0.7686567164179104,0.6287128712871287,0.5614035087719298,0.44036697247706424,0.7741935483870968
927,10,0.15,7,0.05,0.6,log2,0.7485652797704447,0.7099710384774514,0.7435008665511266,0.6793349168646081,0.6466346153846154,0.5859154929577465,0.47058823529411764,0.7761194029850746,0.6311881188118812,0.5630498533724341,0.4423963133640553,0.7741935483870968
928,10,0.15,7,0.05,0.7,sqrt,0.7279411764705882,0.6867644022300227,0.7177384548985758,0.6583531274742677,0.6298076923076923,0.5698324022346368,0.45535714285714285,0.7611940298507462,0.6262376237623762,0.5545722713864307,0.4372093023255814,0.7580645161290323
929,10,0.15,7,0.05,0.7,log2,0.7430057388809183,0.6992654774396643,0.7440821795444394,0.6595407759303247,0.6370192307692307,0.5722379603399433,0.4611872146118721,0.753731343283582,0.6311881188118812,0.5578635014836796,0.4413145539906103,0.7580645161290323
930,10,0.15,7,0.1,0.3,sqrt,0.7243543758967002,0.6803909336660429,0.7166009636443277,0.6476642913697546,0.6274038461538461,0.5658263305322129,0.452914798206278,0.753731343283582,0.6262376237623762,0.5545722713864307,0.4372093023255814,0.7580645161290323
931,10,0.15,7,0.1,0.3,log2,0.7080344332855093,0.6681614349775785,0.688655462184874,0.6488519398258116,0.6177884615384616,0.5571030640668524,0.4444444444444444,0.746268656716418,0.6188118811881188,0.5497076023391813,0.43119266055045874,0.7580645161290323
932,10,0.15,7,0.1,0.4,sqrt,0.6746771879483501,0.6714958348424483,0.6188251001335113,0.7339667458432304,0.5576923076923077,0.5533980582524272,0.41007194244604317,0.8507462686567164,0.5420792079207921,0.5340050377833753,0.3882783882783883,0.8548387096774194
933,10,0.15,7,0.1,0.4,log2,0.7401362984218077,0.6922913569760034,0.7466788822721027,0.6452889944576405,0.6418269230769231,0.5754985754985755,0.46543778801843316,0.753731343283582,0.6410891089108911,0.5645645645645646,0.44976076555023925,0.7580645161290323
934,10,0.15,7,0.1,0.5,sqrt,0.6766499282639885,0.6730734360834089,0.6209434593509535,0.7347585114806018,0.5649038461538461,0.5574572127139364,0.41454545454545455,0.8507462686567164,0.5346534653465347,0.5276381909547738,0.38321167883211676,0.8467741935483871
935,10,0.15,7,0.1,0.5,log2,0.7241750358680057,0.6799833541406575,0.7166666666666667,0.6468725257323832,0.6274038461538461,0.5658263305322129,0.452914798206278,0.753731343283582,0.6287128712871287,0.5562130177514792,0.4392523364485981,0.7580645161290323
936,10,0.15,7,0.1,0.6,sqrt,0.7370875179340028,0.6952182952182953,0.7320490367775832,0.6619160728424386,0.6346153846153846,0.5777777777777777,0.46017699115044247,0.7761194029850746,0.6336633663366337,0.5647058823529412,0.4444444444444444,0.7741935483870968
937,10,0.15,7,0.1,0.6,log2,0.6743185078909613,0.6712527154236061,0.6184122748498999,0.7339667458432304,0.5528846153846154,0.5507246376811594,0.40714285714285714,0.8507462686567164,0.5420792079207921,0.5340050377833753,0.3882783882783883,0.8548387096774194
938,10,0.15,7,0.1,0.7,sqrt,0.734038737446198,0.6878551883813934,0.7343820224719101,0.6468725257323832,0.6346153846153846,0.5706214689265536,0.4590909090909091,0.753731343283582,0.6361386138613861,0.5611940298507463,0.44549763033175355,0.7580645161290323
939,10,0.15,7,0.1,0.7,log2,0.7439024390243902,0.7132530120481928,0.7237163814180929,0.7030878859857482,0.6201923076923077,0.5797872340425532,0.45041322314049587,0.8134328358208955,0.6163366336633663,0.5633802816901409,0.4329004329004329,0.8064516129032258
940,10,0.15,8,0.05,0.3,sqrt,0.7327833572453372,0.6868432114333753,0.732078853046595,0.6468725257323832,0.6346153846153846,0.5706214689265536,0.4590909090909091,0.753731343283582,0.6336633663366337,0.5595238095238095,0.44339622641509435,0.7580645161290323
941,10,0.15,8,0.05,0.3,log2,0.7338593974175036,0.6877104377104377,0.734052111410602,0.6468725257323832,0.6370192307692307,0.5722379603399433,0.4611872146118721,0.753731343283582,0.6336633663366337,0.5595238095238095,0.44339622641509435,0.7580645161290323
942,10,0.15,8,0.05,0.4,sqrt,0.7510760401721664,0.7183441558441559,0.7368859283930058,0.7007125890736342,0.6346153846153846,0.5869565217391305,0.46153846153846156,0.8059701492537313,0.6188118811881188,0.56,0.4336283185840708,0.7903225806451613
943,10,0.15,8,0.05,0.4,log2,0.7395982783357246,0.6915887850467289,0.7461044912923923,0.6444972288202692,0.6394230769230769,0.5738636363636364,0.463302752293578,0.753731343283582,0.6386138613861386,0.562874251497006,0.44761904761904764,0.7580645161290323
944,10,0.15,8,0.05,0.5,sqrt,0.7417503586800573,0.6974789915966386,0.7430617726051925,0.6571654790182107,0.6466346153846154,0.5835694050991501,0.4703196347031963,0.7686567164179104,0.6386138613861386,0.5680473372781065,0.4485981308411215,0.7741935483870968
945,10,0.15,8,0.05,0.5,log2,0.7519727403156384,0.7168884339815762,0.7422636710470538,0.6931908155186065,0.6418269230769231,0.5895316804407713,0.4672489082969432,0.7985074626865671,0.6262376237623762,0.5648414985590778,0.43946188340807174,0.7903225806451613
946,10,0.15,8,0.05,0.6,sqrt,0.7419296987087518,0.6982595932061229,0.7423094070441373,0.6591448931116389,0.6466346153846154,0.5835694050991501,0.4703196347031963,0.7686567164179104,0.6336633663366337,0.5647058823529412,0.4444444444444444,0.7741935483870968
947,10,0.15,8,0.05,0.6,log2,0.7523314203730272,0.7118714792405592,0.7525363917071018,0.6753760886777513,0.6442307692307693,0.5819209039548022,0.4681818181818182,0.7686567164179104,0.6386138613861386,0.562874251497006,0.44761904761904764,0.7580645161290323
948,10,0.15,8,0.05,0.7,sqrt,0.7365494978479197,0.6952914333125908,0.7302832244008715,0.6634996041171813,0.6418269230769231,0.5802816901408451,0.4660633484162896,0.7686567164179104,0.6287128712871287,0.5614035087719298,0.44036697247706424,0.7741935483870968
949,10,0.15,8,0.05,0.7,log2,0.7410329985652798,0.6927659574468085,0.7488500459981601,0.6444972288202692,0.6418269230769231,0.5754985754985755,0.46543778801843316,0.753731343283582,0.6410891089108911,0.5645645645645646,0.44976076555023925,0.7580645161290323
950,10,0.15,8,0.1,0.3,sqrt,0.7230989956958394,0.6791354945968412,0.7147856517935258,0.6468725257323832,0.6274038461538461,0.5658263305322129,0.452914798206278,0.753731343283582,0.6287128712871287,0.5562130177514792,0.4392523364485981,0.7580645161290323
951,10,0.15,8,0.1,0.3,log2,0.7342180774748924,0.688,0.7347122302158273,0.6468725257323832,0.6370192307692307,0.5722379603399433,0.4611872146118721,0.753731343283582,0.6336633663366337,0.5595238095238095,0.44339622641509435,0.7580645161290323
952,10,0.15,8,0.1,0.4,sqrt,0.734038737446198,0.6878551883813934,0.7343820224719101,0.6468725257323832,0.6346153846153846,0.5706214689265536,0.4590909090909091,0.753731343283582,0.6336633663366337,0.5595238095238095,0.44339622641509435,0.7580645161290323
953,10,0.15,8,0.1,0.4,log2,0.6759325681492109,0.6724669204277687,0.620193915078569,0.734362628661916,0.5576923076923077,0.5533980582524272,0.41007194244604317,0.8507462686567164,0.5420792079207921,0.5340050377833753,0.3882783882783883,0.8548387096774194
954,10,0.15,8,0.1,0.5,sqrt,0.7342180774748924,0.688,0.7347122302158273,0.6468725257323832,0.6346153846153846,0.5706214689265536,0.4590909090909091,0.753731343283582,0.6361386138613861,0.5611940298507463,0.44549763033175355,0.7580645161290323
955,10,0.15,8,0.1,0.5,log2,0.7343974175035868,0.6881448726047589,0.7350427350427351,0.6468725257323832,0.6370192307692307,0.5722379603399433,0.4611872146118721,0.753731343283582,0.6336633663366337,0.5595238095238095,0.44339622641509435,0.7580645161290323
956,10,0.15,8,0.1,0.6,sqrt,0.7349354375896701,0.689365279529214,0.7347670250896058,0.6492478226444972,0.6346153846153846,0.5706214689265536,0.4590909090909091,0.753731343283582,0.6336633663366337,0.5595238095238095,0.44339622641509435,0.7580645161290323
957,10,0.15,8,0.1,0.6,log2,0.7385222381635581,0.690708527789563,0.7440585009140768,0.6444972288202692,0.6394230769230769,0.5738636363636364,0.463302752293578,0.753731343283582,0.6386138613861386,0.562874251497006,0.44761904761904764,0.7580645161290323
958,10,0.15,8,0.1,0.7,sqrt,0.7234576757532282,0.6794178794178795,0.7154115586690017,0.6468725257323832,0.6274038461538461,0.5658263305322129,0.452914798206278,0.753731343283582,0.6262376237623762,0.5545722713864307,0.4372093023255814,0.7580645161290323
959,10,0.15,8,0.1,0.7,log2,0.7347560975609756,0.6886971163965481,0.7352808988764045,0.6476642913697546,0.6370192307692307,0.5722379603399433,0.4611872146118721,0.753731343283582,0.6361386138613861,0.5611940298507463,0.44549763033175355,0.7580645161290323
960,10,0.15,9,0.05,0.3,sqrt,0.7336800573888091,0.687565747948664,0.7337224966322407,0.6468725257323832,0.6370192307692307,0.5722379603399433,0.4611872146118721,0.753731343283582,0.6336633663366337,0.5595238095238095,0.44339622641509435,0.7580645161290323
961,10,0.15,9,0.05,0.3,log2,0.6743185078909613,0.6712527154236061,0.6184122748498999,0.7339667458432304,0.5528846153846154,0.5507246376811594,0.40714285714285714,0.8507462686567164,0.5420792079207921,0.5340050377833753,0.3882783882783883,0.8548387096774194
962,10,0.15,9,0.05,0.4,sqrt,0.740674318507891,0.6924712888132709,0.7481617647058824,0.6444972288202692,0.6418269230769231,0.5754985754985755,0.46543778801843316,0.753731343283582,0.6410891089108911,0.5645645645645646,0.44976076555023925,0.7580645161290323
963,10,0.15,9,0.05,0.4,log2,0.7408536585365854,0.6926185917889811,0.7485057471264368,0.6444972288202692,0.6418269230769231,0.5754985754985755,0.46543778801843316,0.753731343283582,0.6410891089108911,0.5645645645645646,0.44976076555023925,0.7580645161290323
964,10,0.15,9,0.05,0.5,sqrt,0.7467718794835008,0.7014799154334038,0.7527223230490018,0.6567695961995249,0.6466346153846154,0.5811965811965812,0.4700460829493088,0.7611940298507462,0.6435643564356436,0.5662650602409639,0.4519230769230769,0.7580645161290323
965,10,0.15,9,0.05,0.5,log2,0.7363701578192252,0.6927257525083612,0.7338352524357838,0.6559778305621536,0.6370192307692307,0.5746478873239437,0.46153846153846156,0.7611940298507462,0.6386138613861386,0.5680473372781065,0.4485981308411215,0.7741935483870968
966,10,0.15,9,0.05,0.6,sqrt,0.7385222381635581,0.6958698372966208,0.7354497354497355,0.6603325415676959,0.6394230769230769,0.576271186440678,0.4636363636363636,0.7611940298507462,0.6361386138613861,0.5663716814159292,0.44651162790697674,0.7741935483870968
967,10,0.15,9,0.05,0.6,log2,0.7456958393113343,0.7000846023688664,0.7515894641235241,0.6551860649247823,0.6418269230769231,0.5754985754985755,0.46543778801843316,0.753731343283582,0.6410891089108911,0.5645645645645646,0.44976076555023925,0.7580645161290323
968,10,0.15,9,0.05,0.7,sqrt,0.7277618364418939,0.6828249059757626,0.7230088495575221,0.6468725257323832,0.6274038461538461,0.5658263305322129,0.452914798206278,0.753731343283582,0.6287128712871287,0.5562130177514792,0.4392523364485981,0.7580645161290323
969,10,0.15,9,0.05,0.7,log2,0.7401362984218077,0.6922913569760034,0.7466788822721027,0.6452889944576405,0.6394230769230769,0.5738636363636364,0.463302752293578,0.753731343283582,0.6410891089108911,0.5645645645645646,0.44976076555023925,0.7580645161290323
970,10,0.15,9,0.1,0.3,sqrt,0.6743185078909613,0.6712527154236061,0.6184122748498999,0.7339667458432304,0.5528846153846154,0.5507246376811594,0.40714285714285714,0.8507462686567164,0.5420792079207921,0.5340050377833753,0.3882783882783883,0.8548387096774194
971,10,0.15,9,0.1,0.3,log2,0.7234576757532282,0.6794178794178795,0.7154115586690017,0.6468725257323832,0.6274038461538461,0.5658263305322129,0.452914798206278,0.753731343283582,0.6262376237623762,0.5545722713864307,0.4372093023255814,0.7580645161290323
972,10,0.15,9,0.1,0.4,sqrt,0.7073170731707317,0.6689655172413793,0.6859400998336106,0.6528107680126682,0.6177884615384616,0.5595567867036011,0.44493392070484583,0.753731343283582,0.6188118811881188,0.5497076023391813,0.43119266055045874,0.7580645161290323
973,10,0.15,9,0.1,0.4,log2,0.7352941176470589,0.6939029448361675,0.7286585365853658,0.6623119556611243,0.6322115384615384,0.5738161559888579,0.4577777777777778,0.7686567164179104,0.6138613861386139,0.5491329479768786,0.42792792792792794,0.7661290322580645
974,10,0.15,9,0.1,0.5,sqrt,0.7248923959827833,0.6805497709287797,0.7179261862917399,0.6468725257323832,0.6274038461538461,0.5658263305322129,0.452914798206278,0.753731343283582,0.6262376237623762,0.5545722713864307,0.4372093023255814,0.7580645161290323
975,10,0.15,9,0.1,0.5,log2,0.734038737446198,0.6878551883813934,0.7343820224719101,0.6468725257323832,0.6370192307692307,0.5722379603399433,0.4611872146118721,0.753731343283582,0.6336633663366337,0.5595238095238095,0.44339622641509435,0.7580645161290323
976,10,0.15,9,0.1,0.6,sqrt,0.7343974175035868,0.6881448726047589,0.7350427350427351,0.6468725257323832,0.6370192307692307,0.5722379603399433,0.4611872146118721,0.753731343283582,0.6361386138613861,0.5611940298507463,0.44549763033175355,0.7580645161290323
977,10,0.15,9,0.1,0.6,log2,0.7399569583931134,0.692144373673036,0.7463369963369964,0.6452889944576405,0.6418269230769231,0.5754985754985755,0.46543778801843316,0.753731343283582,0.6386138613861386,0.562874251497006,0.44761904761904764,0.7580645161290323
978,10,0.15,9,0.1,0.7,sqrt,0.7241750358680057,0.6794497707378074,0.7174295774647887,0.6452889944576405,0.625,0.5617977528089888,0.45045045045045046,0.746268656716418,0.6287128712871287,0.5562130177514792,0.4392523364485981,0.7580645161290323
979,10,0.15,9,0.1,0.7,log2,0.7245337159253945,0.6803995006242197,0.7171052631578947,0.6472684085510689,0.6274038461538461,0.5658263305322129,0.452914798206278,0.753731343283582,0.6262376237623762,0.5545722713864307,0.4372093023255814,0.7580645161290323
980,10,0.2,3,0.05,0.3,sqrt,0.7248923959827833,0.6805497709287797,0.7179261862917399,0.6468725257323832,0.6274038461538461,0.5658263305322129,0.452914798206278,0.753731343283582,0.6287128712871287,0.5562130177514792,0.4392523364485981,0.7580645161290323
981,10,0.2,3,0.05,0.3,log2,0.7248923959827833,0.6805497709287797,0.7179261862917399,0.6468725257323832,0.6274038461538461,0.5658263305322129,0.452914798206278,0.753731343283582,0.6262376237623762,0.5545722713864307,0.4372093023255814,0.7580645161290323
982,10,0.2,3,0.05,0.4,sqrt,0.7243543758967002,0.6801248699271593,0.7169811320754716,0.6468725257323832,0.6274038461538461,0.5658263305322129,0.452914798206278,0.753731343283582,0.6262376237623762,0.5545722713864307,0.4372093023255814,0.7580645161290323
983,10,0.2,3,0.05,0.4,log2,0.7232783357245337,0.6792766576595303,0.7150984682713348,0.6468725257323832,0.625,0.5642458100558659,0.45089285714285715,0.753731343283582,0.6262376237623762,0.5545722713864307,0.4372093023255814,0.7580645161290323
984,10,0.2,3,0.05,0.5,sqrt,0.7345767575322812,0.6882898062342039,0.7353735373537353,0.6468725257323832,0.6370192307692307,0.5722379603399433,0.4611872146118721,0.753731343283582,0.6361386138613861,0.5611940298507463,0.44549763033175355,0.7580645161290323
985,10,0.2,3,0.05,0.5,log2,0.7426470588235294,0.6993505133040017,0.7427681352914998,0.6607284243863817,0.6466346153846154,0.5835694050991501,0.4703196347031963,0.7686567164179104,0.6336633663366337,0.5647058823529412,0.4444444444444444,0.7741935483870968
986,10,0.2,3,0.05,0.6,sqrt,0.7243543758967002,0.6801248699271593,0.7169811320754716,0.6468725257323832,0.6274038461538461,0.5658263305322129,0.452914798206278,0.753731343283582,0.6262376237623762,0.5545722713864307,0.4372093023255814,0.7580645161290323
987,10,0.2,3,0.05,0.6,log2,0.7381635581061693,0.6984717059066502,0.7301381692573402,0.6694378463974664,0.6346153846153846,0.5754189944134078,0.45982142857142855,0.7686567164179104,0.6262376237623762,0.5597667638483965,0.4383561643835616,0.7741935483870968
988,10,0.2,3,0.05,0.7,sqrt,0.7291965566714491,0.6846282372598163,0.7245800176834659,0.6488519398258116,0.6274038461538461,0.5658263305322129,0.452914798206278,0.753731343283582,0.6262376237623762,0.5545722713864307,0.4372093023255814,0.7580645161290323
989,10,0.2,3,0.05,0.7,log2,0.7336800573888091,0.694129763130793,0.7234864748819235,0.6670625494853524,0.6370192307692307,0.5770308123249299,0.4618834080717489,0.7686567164179104,0.6188118811881188,0.5549132947976878,0.43243243243243246,0.7741935483870968
990,10,0.2,3,0.1,0.3,sqrt,0.6732424677187948,0.6705244122965642,0.6171770972037284,0.7339667458432304,0.5528846153846154,0.5507246376811594,0.40714285714285714,0.8507462686567164,0.5420792079207921,0.5340050377833753,0.3882783882783883,0.8548387096774194
991,10,0.2,3,0.1,0.3,log2,0.7227403156384505,0.6788533444121313,0.7141608391608392,0.6468725257323832,0.625,0.5642458100558659,0.45089285714285715,0.753731343283582,0.6262376237623762,0.5545722713864307,0.4372093023255814,0.7580645161290323
992,10,0.2,3,0.1,0.4,sqrt,0.7343974175035868,0.6881448726047589,0.7350427350427351,0.6468725257323832,0.6370192307692307,0.5722379603399433,0.4611872146118721,0.753731343283582,0.6336633663366337,0.5595238095238095,0.44339622641509435,0.7580645161290323
993,10,0.2,3,0.1,0.4,log2,0.7343974175035868,0.6881448726047589,0.7350427350427351,0.6468725257323832,0.6370192307692307,0.5722379603399433,0.4611872146118721,0.753731343283582,0.6386138613861386,0.562874251497006,0.44761904761904764,0.7580645161290323
994,10,0.2,3,0.1,0.5,sqrt,0.7254304160688666,0.6805758397663259,0.7194530216144684,0.6456848772763262,0.6225961538461539,0.5577464788732395,0.4479638009049774,0.7388059701492538,0.6287128712871287,0.5562130177514792,0.4392523364485981,0.7580645161290323
995,10,0.2,3,0.1,0.5,log2,0.6737804878048781,0.6708883662022798,0.6177940686437854,0.7339667458432304,0.5528846153846154,0.5507246376811594,0.40714285714285714,0.8507462686567164,0.5420792079207921,0.5340050377833753,0.3882783882783883,0.8548387096774194
996,10,0.2,3,0.1,0.6,sqrt,0.7351147776183644,0.6896406808152973,0.7348858038513211,0.649643705463183,0.6370192307692307,0.5722379603399433,0.4611872146118721,0.753731343283582,0.6336633663366337,0.5595238095238095,0.44339622641509435,0.7580645161290323
997,10,0.2,3,0.1,0.6,log2,0.7342180774748924,0.688,0.7347122302158273,0.6468725257323832,0.6346153846153846,0.5706214689265536,0.4590909090909091,0.753731343283582,0.6336633663366337,0.5595238095238095,0.44339622641509435,0.7580645161290323
998,10,0.2,3,0.1,0.7,sqrt,0.7410329985652798,0.6927659574468085,0.7488500459981601,0.6444972288202692,0.6418269230769231,0.5754985754985755,0.46543778801843316,0.753731343283582,0.6410891089108911,0.5645645645645646,0.44976076555023925,0.7580645161290323
999,10,0.2,3,0.1,0.7,log2,0.7395982783357246,0.6940581542351454,0.7418918918918919,0.6520190023752969,0.6394230769230769,0.5738636363636364,0.463302752293578,0.753731343283582,0.6311881188118812,0.5578635014836796,0.4413145539906103,0.7580645161290323
1000,10,0.2,4,0.05,0.3,sqrt,0.734038737446198,0.6878551883813934,0.7343820224719101,0.6468725257323832,0.6370192307692307,0.5722379603399433,0.4611872146118721,0.753731343283582,0.6336633663366337,0.5595238095238095,0.44339622641509435,0.7580645161290323
1001,10,0.2,4,0.05,0.3,log2,0.7342180774748924,0.688,0.7347122302158273,0.6468725257323832,0.6370192307692307,0.5722379603399433,0.4611872146118721,0.753731343283582,0.6361386138613861,0.5611940298507463,0.44549763033175355,0.7580645161290323
1002,10,0.2,4,0.05,0.4,sqrt,0.734038737446198,0.6878551883813934,0.7343820224719101,0.6468725257323832,0.6346153846153846,0.5706214689265536,0.4590909090909091,0.753731343283582,0.6361386138613861,0.5611940298507463,0.44549763033175355,0.7580645161290323
1003,10,0.2,4,0.05,0.4,log2,0.7089311334289814,0.6685725954666122,0.6904259805989034,0.6480601741884402,0.6177884615384616,0.5571030640668524,0.4444444444444444,0.746268656716418,0.6212871287128713,0.5513196480938416,0.43317972350230416,0.7580645161290323
1004,10,0.2,4,0.05,0.5,sqrt,0.7379842180774749,0.6977032898820609,0.7308192457737321,0.667458432304038,0.6418269230769231,0.5826330532212886,0.4663677130044843,0.7761194029850746,0.6311881188118812,0.5630498533724341,0.4423963133640553,0.7741935483870968
1005,10,0.2,4,0.05,0.5,log2,0.7248923959827833,0.6805497709287797,0.7179261862917399,0.6468725257323832,0.6274038461538461,0.5658263305322129,0.452914798206278,0.753731343283582,0.6262376237623762,0.5545722713864307,0.4372093023255814,0.7580645161290323
1006,10,0.2,4,0.05,0.6,sqrt,0.7342180774748924,0.6881313131313131,0.7345013477088949,0.6472684085510689,0.6346153846153846,0.5706214689265536,0.4590909090909091,0.753731343283582,0.6336633663366337,0.5595238095238095,0.44339622641509435,0.7580645161290323
1007,10,0.2,4,0.05,0.6,log2,0.7401362984218077,0.6921606118546845,0.7469050894085282,0.6448931116389549,0.6418269230769231,0.5754985754985755,0.46543778801843316,0.753731343283582,0.6410891089108911,0.5645645645645646,0.44976076555023925,0.7580645161290323
1008,10,0.2,4,0.05,0.7,sqrt,0.7327833572453372,0.6955455659991827,0.71875,0.6737925574030087,0.6274038461538461,0.5658263305322129,0.452914798206278,0.753731343283582,0.6237623762376238,0.5581395348837209,0.43636363636363634,0.7741935483870968
1009,10,0.2,4,0.05,0.7,log2,0.7439024390243902,0.7020033388981636,0.7422771403353927,0.6658749010292954,0.6442307692307693,0.5842696629213483,0.46846846846846846,0.7761194029850746,0.6311881188118812,0.5630498533724341,0.4423963133640553,0.7741935483870968
1010,10,0.2,4,0.1,0.3,sqrt,0.7241750358680057,0.6799833541406575,0.7166666666666667,0.6468725257323832,0.6274038461538461,0.5658263305322129,0.452914798206278,0.753731343283582,0.6262376237623762,0.5545722713864307,0.4372093023255814,0.7580645161290323
1011,10,0.2,4,0.1,0.3,log2,0.7243543758967002,0.6801248699271593,0.7169811320754716,0.6468725257323832,0.6274038461538461,0.5658263305322129,0.452914798206278,0.753731343283582,0.6262376237623762,0.5545722713864307,0.4372093023255814,0.7580645161290323
1012,10,0.2,4,0.1,0.4,sqrt,0.7343974175035868,0.6881448726047589,0.7350427350427351,0.6468725257323832,0.6370192307692307,0.5722379603399433,0.4611872146118721,0.753731343283582,0.6361386138613861,0.5611940298507463,0.44549763033175355,0.7580645161290323
1013,10,0.2,4,0.1,0.4,log2,0.6574605451936872,0.6607460035523979,0.5992268041237113,0.7363420427553444,0.5384615384615384,0.5428571428571428,0.3986013986013986,0.8507462686567164,0.5272277227722773,0.5260545905707196,0.37992831541218636,0.8548387096774194
1014,10,0.2,4,0.1,0.5,sqrt,0.7096484935437589,0.6689838478838683,0.6917547568710359,0.6476642913697546,0.6201923076923077,0.5611111111111111,0.4469026548672566,0.753731343283582,0.6212871287128713,0.5513196480938416,0.43317972350230416,0.7580645161290323
1015,10,0.2,4,0.1,0.5,log2,0.7229196556671449,0.6789943901932267,0.7144731088762571,0.6468725257323832,0.6274038461538461,0.5658263305322129,0.452914798206278,0.753731343283582,0.6262376237623762,0.5545722713864307,0.4372093023255814,0.7580645161290323
1016,10,0.2,4,0.1,0.6,sqrt,0.7469512195121951,0.7129196337741607,0.733361239012139,0.6935866983372921,0.6298076923076923,0.5837837837837838,0.4576271186440678,0.8059701492537313,0.6188118811881188,0.5574712643678161,0.4330357142857143,0.782258064516129
1017,10,0.2,4,0.1,0.6,log2,0.7404949784791965,0.6924548352816153,0.747590637907297,0.6448931116389549,0.6418269230769231,0.5754985754985755,0.46543778801843316,0.753731343283582,0.6410891089108911,0.5645645645645646,0.44976076555023925,0.7580645161290323
1018,10,0.2,4,0.1,0.7,sqrt,0.7395982783357246,0.6917197452229299,0.7458791208791209,0.6448931116389549,0.6418269230769231,0.5754985754985755,0.46543778801843316,0.753731343283582,0.6386138613861386,0.562874251497006,0.44761904761904764,0.7580645161290323
1019,10,0.2,4,0.1,0.7,log2,0.7347560975609756,0.6893509766855702,0.7342281879194631,0.649643705463183,0.6346153846153846,0.5706214689265536,0.4590909090909091,0.753731343283582,0.6336633663366337,0.5595238095238095,0.44339622641509435,0.7580645161290323
1020,10,0.2,5,0.05,0.3,sqrt,0.6734218077474893,0.6706456863809007,0.6173826173826173,0.7339667458432304,0.5528846153846154,0.5507246376811594,0.40714285714285714,0.8507462686567164,0.5420792079207921,0.5340050377833753,0.3882783882783883,0.8548387096774194
1021,10,0.2,5,0.05,0.3,log2,0.7329626972740315,0.6869875972251419,0.7324069923800987,0.6468725257323832,0.6346153846153846,0.5706214689265536,0.4590909090909091,0.753731343283582,0.6336633663366337,0.5595238095238095,0.44339622641509435,0.7580645161290323
1022,10,0.2,5,0.05,0.4,sqrt,0.7248923959827833,0.6805497709287797,0.7179261862917399,0.6468725257323832,0.6274038461538461,0.5658263305322129,0.452914798206278,0.753731343283582,0.6287128712871287,0.5562130177514792,0.4392523364485981,0.7580645161290323
1023,10,0.2,5,0.05,0.4,log2,0.7422883787661406,0.6981726528040327,0.7436241610738255,0.6579572446555819,0.6370192307692307,0.5722379603399433,0.4611872146118721,0.753731343283582,0.6361386138613861,0.5611940298507463,0.44549763033175355,0.7580645161290323
1024,10,0.2,5,0.05,0.5,sqrt,0.740674318507891,0.7042944785276074,0.7284263959390863,0.6817102137767221,0.6466346153846154,0.592797783933518,0.4713656387665198,0.7985074626865671,0.6138613861386139,0.5517241379310345,0.42857142857142855,0.7741935483870968
1025,10,0.2,5,0.05,0.5,log2,0.7408536585365854,0.6926185917889811,0.7485057471264368,0.6444972288202692,0.6418269230769231,0.5754985754985755,0.46543778801843316,0.753731343283582,0.6410891089108911,0.5645645645645646,0.44976076555023925,0.7580645161290323
1026,10,0.2,5,0.05,0.6,sqrt,0.7342180774748924,0.688,0.7347122302158273,0.6468725257323832,0.6370192307692307,0.5722379603399433,0.4611872146118721,0.753731343283582,0.6361386138613861,0.5611940298507463,0.44549763033175355,0.7580645161290323
1027,10,0.2,5,0.05,0.6,log2,0.7234576757532282,0.6795511221945137,0.7152230971128609,0.6472684085510689,0.6274038461538461,0.5658263305322129,0.452914798206278,0.753731343283582,0.6262376237623762,0.5545722713864307,0.4372093023255814,0.7580645161290323
1028,10,0.2,5,0.05,0.7,sqrt,0.7342180774748924,0.688,0.7347122302158273,0.6468725257323832,0.6346153846153846,0.5706214689265536,0.4590909090909091,0.753731343283582,0.6336633663366337,0.5595238095238095,0.44339622641509435,0.7580645161290323
1029,10,0.2,5,0.05,0.7,log2,0.7345767575322812,0.6882898062342039,0.7353735373537353,0.6468725257323832,0.6370192307692307,0.5722379603399433,0.4611872146118721,0.753731343283582,0.6336633663366337,0.5595238095238095,0.44339622641509435,0.7580645161290323
1030,10,0.2,5,0.1,0.3,sqrt,0.6764705882352942,0.6737793851717903,0.62017310252996,0.7375296912114014,0.5576923076923077,0.5533980582524272,0.41007194244604317,0.8507462686567164,0.5420792079207921,0.5340050377833753,0.3882783882783883,0.8548387096774194
1031,10,0.2,5,0.1,0.3,log2,0.7338593974175036,0.6877104377104377,0.734052111410602,0.6468725257323832,0.6346153846153846,0.5706214689265536,0.4590909090909091,0.753731343283582,0.6336633663366337,0.5595238095238095,0.44339622641509435,0.7580645161290323
1032,10,0.2,5,0.1,0.4,sqrt,0.6750358680057389,0.6719768283852281,0.619079386257505,0.7347585114806018,0.5576923076923077,0.5533980582524272,0.41007194244604317,0.8507462686567164,0.5420792079207921,0.5340050377833753,0.3882783882783883,0.8548387096774194
1033,10,0.2,5,0.1,0.4,log2,0.6734218077474893,0.6706456863809007,0.6173826173826173,0.7339667458432304,0.5504807692307693,0.5493975903614458,0.40569395017793597,0.8507462686567164,0.5420792079207921,0.5340050377833753,0.3882783882783883,0.8548387096774194
1034,10,0.2,5,0.1,0.5,sqrt,0.7259684361549498,0.6814011676396997,0.7198237885462555,0.6468725257323832,0.6274038461538461,0.5658263305322129,0.452914798206278,0.753731343283582,0.6262376237623762,0.5545722713864307,0.4372093023255814,0.7580645161290323
1035,10,0.2,5,0.1,0.5,log2,0.7401362984218077,0.6922913569760034,0.7466788822721027,0.6452889944576405,0.6418269230769231,0.5754985754985755,0.46543778801843316,0.753731343283582,0.6410891089108911,0.5645645645645646,0.44976076555023925,0.7580645161290323
1036,10,0.2,5,0.1,0.6,sqrt,0.7412123385939742,0.693695606028444,0.7478260869565218,0.6468725257323832,0.6418269230769231,0.5754985754985755,0.46543778801843316,0.753731343283582,0.6410891089108911,0.5645645645645646,0.44976076555023925,0.7580645161290323
1037,10,0.2,5,0.1,0.6,log2,0.734038737446198,0.6878551883813934,0.7343820224719101,0.6468725257323832,0.6346153846153846,0.5706214689265536,0.4590909090909091,0.753731343283582,0.6336633663366337,0.5595238095238095,0.44339622641509435,0.7580645161290323
1038,10,0.2,5,0.1,0.7,sqrt,0.7383428981348638,0.6943222292059501,0.737427681352915,0.6559778305621536,0.6370192307692307,0.5722379603399433,0.4611872146118721,0.753731343283582,0.6361386138613861,0.5611940298507463,0.44549763033175355,0.7580645161290323
1039,10,0.2,5,0.1,0.7,log2,0.7483859397417504,0.7179899497487437,0.7292772560228665,0.7070467141726049,0.6201923076923077,0.5797872340425532,0.45041322314049587,0.8134328358208955,0.6237623762376238,0.5706214689265536,0.4391304347826087,0.8145161290322581
1040,10,0.2,6,0.05,0.3,sqrt,0.733142037302726,0.6871320437342304,0.7327354260089686,0.6468725257323832,0.6346153846153846,0.5706214689265536,0.4590909090909091,0.753731343283582,0.6336633663366337,0.5595238095238095,0.44339622641509435,0.7580645161290323
1041,10,0.2,6,0.05,0.3,log2,0.6970946915351507,0.7063119457485655,0.6297674418604651,0.8040380047505938,0.5552884615384616,0.5626477541371159,0.4117647058823529,0.8880597014925373,0.5247524752475248,0.5339805825242718,0.3819444444444444,0.8870967741935484
1042,10,0.2,6,0.05,0.4,sqrt,0.7266857962697274,0.6819699499165276,0.7210944395410415,0.6468725257323832,0.6298076923076923,0.5674157303370787,0.45495495495495497,0.753731343283582,0.6287128712871287,0.5562130177514792,0.4392523364485981,0.7580645161290323
1043,10,0.2,6,0.05,0.4,log2,0.7243543758967002,0.6803909336660429,0.7166009636443277,0.6476642913697546,0.625,0.5617977528089888,0.45045045045045046,0.746268656716418,0.6262376237623762,0.5545722713864307,0.4372093023255814,0.7580645161290323
1044,10,0.2,6,0.05,0.5,sqrt,0.7087517934002869,0.6684360963658637,0.6901349072512648,0.6480601741884402,0.6201923076923077,0.5611111111111111,0.4469026548672566,0.753731343283582,0.6212871287128713,0.5513196480938416,0.43317972350230416,0.7580645161290323
1045,10,0.2,6,0.05,0.5,log2,0.7374461979913917,0.6997538966365874,0.7259574468085106,0.6753760886777513,0.6346153846153846,0.5846994535519126,0.46120689655172414,0.7985074626865671,0.6138613861386139,0.559322033898305,0.43043478260869567,0.7983870967741935
1046,10,0.2,6,0.05,0.6,sqrt,0.7383428981348638,0.6929067564723216,0.7397752808988765,0.6516231195566112,0.6394230769230769,0.576271186440678,0.4636363636363636,0.7611940298507462,0.6311881188118812,0.5578635014836796,0.4413145539906103,0.7580645161290323
1047,10,0.2,6,0.05,0.6,log2,0.7401362984218077,0.69717868338558,0.7383798140770252,0.6603325415676959,0.6442307692307693,0.5819209039548022,0.4681818181818182,0.7686567164179104,0.6336633663366337,0.5647058823529412,0.4444444444444444,0.7741935483870968
1048,10,0.2,6,0.05,0.7,sqrt,0.7351147776183644,0.6895101955013664,0.7350963693411027,0.6492478226444972,0.6346153846153846,0.5706214689265536,0.4590909090909091,0.753731343283582,0.6336633663366337,0.5595238095238095,0.44339622641509435,0.7580645161290323
1049,10,0.2,6,0.05,0.7,log2,0.7430057388809183,0.7016448053300021,0.7400087834870444,0.6670625494853524,0.6466346153846154,0.5859154929577465,0.47058823529411764,0.7761194029850746,0.6311881188118812,0.5630498533724341,0.4423963133640553,0.7741935483870968
1050,10,0.2,6,0.1,0.3,sqrt,0.7318866571018652,0.686122191895864,0.7304425569959767,0.6468725257323832,0.6346153846153846,0.5706214689265536,0.4590909090909091,0.753731343283582,0.6336633663366337,0.5595238095238095,0.44339622641509435,0.7580645161290323
1051,10,0.2,6,0.1,0.3,log2,0.7239956958393113,0.6798418972332015,0.716352476983779,0.6468725257323832,0.6274038461538461,0.5658263305322129,0.452914798206278,0.753731343283582,0.6262376237623762,0.5545722713864307,0.4372093023255814,0.7580645161290323
1052,10,0.2,6,0.1,0.4,sqrt,0.7098278335724534,0.6699306405548756,0.6910774410774411,0.6500395882818686,0.6201923076923077,0.5611111111111111,0.4469026548672566,0.753731343283582,0.6212871287128713,0.5513196480938416,0.43317972350230416,0.7580645161290323
1053,10,0.2,6,0.1,0.4,log2,0.7230989956958394,0.6794019933554817,0.714410480349345,0.6476642913697546,0.6274038461538461,0.5658263305322129,0.452914798206278,0.753731343283582,0.6262376237623762,0.5545722713864307,0.4372093023255814,0.7580645161290323
1054,10,0.2,6,0.1,0.5,sqrt,0.7243543758967002,0.6801248699271593,0.7169811320754716,0.6468725257323832,0.6274038461538461,0.5658263305322129,0.452914798206278,0.753731343283582,0.6262376237623762,0.5545722713864307,0.4372093023255814,0.7580645161290323
1055,10,0.2,6,0.1,0.5,log2,0.7342180774748924,0.688,0.7347122302158273,0.6468725257323832,0.6346153846153846,0.5706214689265536,0.4590909090909091,0.753731343283582,0.6361386138613861,0.5611940298507463,0.44549763033175355,0.7580645161290323
1056,10,0.2,6,0.1,0.6,sqrt,0.7229196556671449,0.6784599375650364,0.7152259763053971,0.6452889944576405,0.625,0.5617977528089888,0.45045045045045046,0.746268656716418,0.6287128712871287,0.5562130177514792,0.4392523364485981,0.7580645161290323
1057,10,0.2,6,0.1,0.6,log2,0.7399569583931134,0.6918827029324267,0.7467889908256881,0.6444972288202692,0.6394230769230769,0.5738636363636364,0.463302752293578,0.753731343283582,0.6410891089108911,0.5645645645645646,0.44976076555023925,0.7580645161290323
1058,10,0.2,6,0.1,0.7,sqrt,0.7342180774748924,0.688,0.7347122302158273,0.6468725257323832,0.6370192307692307,0.5722379603399433,0.4611872146118721,0.753731343283582,0.6361386138613861,0.5611940298507463,0.44549763033175355,0.7580645161290323
1059,10,0.2,6,0.1,0.7,log2,0.7395982783357246,0.6917197452229299,0.7458791208791209,0.6448931116389549,0.6418269230769231,0.5754985754985755,0.46543778801843316,0.753731343283582,0.6410891089108911,0.5645645645645646,0.44976076555023925,0.7580645161290323
1060,10,0.2,7,0.05,0.3,sqrt,0.7248923959827833,0.6805497709287797,0.7179261862917399,0.6468725257323832,0.6274038461538461,0.5658263305322129,0.452914798206278,0.753731343283582,0.6262376237623762,0.5545722713864307,0.4372093023255814,0.7580645161290323
1061,10,0.2,7,0.05,0.3,log2,0.7342180774748924,0.688,0.7347122302158273,0.6468725257323832,0.6370192307692307,0.5722379603399433,0.4611872146118721,0.753731343283582,0.6336633663366337,0.5595238095238095,0.44339622641509435,0.7580645161290323
1062,10,0.2,7,0.05,0.4,sqrt,0.7343974175035868,0.6884073216915633,0.7346205657835654,0.6476642913697546,0.6370192307692307,0.5722379603399433,0.4611872146118721,0.753731343283582,0.6336633663366337,0.5595238095238095,0.44339622641509435,0.7580645161290323
1063,10,0.2,7,0.05,0.4,log2,0.7342180774748924,0.688,0.7347122302158273,0.6468725257323832,0.6370192307692307,0.5722379603399433,0.4611872146118721,0.753731343283582,0.6336633663366337,0.5595238095238095,0.44339622641509435,0.7580645161290323
1064,10,0.2,7,0.05,0.5,sqrt,0.7404949784791965,0.6998548019083177,0.7350762527233116,0.6678543151227236,0.6442307692307693,0.5819209039548022,0.4681818181818182,0.7686567164179104,0.6287128712871287,0.5614035087719298,0.44036697247706424,0.7741935483870968
1065,10,0.2,7,0.05,0.5,log2,0.7395982783357246,0.6918505942275043,0.7456541628545288,0.6452889944576405,0.6394230769230769,0.5738636363636364,0.463302752293578,0.753731343283582,0.6410891089108911,0.5645645645645646,0.44976076555023925,0.7580645161290323
1066,10,0.2,7,0.05,0.6,sqrt,0.7342180774748924,0.688,0.7347122302158273,0.6468725257323832,0.6346153846153846,0.5706214689265536,0.4590909090909091,0.753731343283582,0.6336633663366337,0.5595238095238095,0.44339622641509435,0.7580645161290323
1067,10,0.2,7,0.05,0.6,log2,0.7408536585365854,0.6926185917889811,0.7485057471264368,0.6444972288202692,0.6418269230769231,0.5754985754985755,0.46543778801843316,0.753731343283582,0.6410891089108911,0.5645645645645646,0.44976076555023925,0.7580645161290323
1068,10,0.2,7,0.05,0.7,sqrt,0.7390602582496413,0.6911483761409467,0.7450800915331808,0.6444972288202692,0.6418269230769231,0.5754985754985755,0.46543778801843316,0.753731343283582,0.6361386138613861,0.5611940298507463,0.44549763033175355,0.7580645161290323
1069,10,0.2,7,0.05,0.7,log2,0.7453371592539455,0.700168918918919,0.7502262443438914,0.6563737133808393,0.6418269230769231,0.5779036827195467,0.4657534246575342,0.7611940298507462,0.6410891089108911,0.5645645645645646,0.44976076555023925,0.7580645161290323
1070,10,0.2,7,0.1,0.3,sqrt,0.7076757532281205,0.6672111065741119,0.6888701517706577,0.6468725257323832,0.6177884615384616,0.5595567867036011,0.44493392070484583,0.753731343283582,0.6212871287128713,0.5513196480938416,0.43317972350230416,0.7580645161290323
1071,10,0.2,7,0.1,0.3,log2,0.7073170731707317,0.6686967113276492,0.68625,0.6520190023752969,0.6177884615384616,0.5595567867036011,0.44493392070484583,0.753731343283582,0.6188118811881188,0.5497076023391813,0.43119266055045874,0.7580645161290323
1072,10,0.2,7,0.1,0.4,sqrt,0.7243543758967002,0.6801248699271593,0.7169811320754716,0.6468725257323832,0.6274038461538461,0.5658263305322129,0.452914798206278,0.753731343283582,0.6287128712871287,0.5562130177514792,0.4392523364485981,0.7580645161290323
1073,10,0.2,7,0.1,0.4,log2,0.7022955523672884,0.6872645064054258,0.6556434219985622,0.7220902612826603,0.5889423076923077,0.5692695214105793,0.4296577946768061,0.8432835820895522,0.556930693069307,0.537467700258398,0.39543726235741444,0.8387096774193549
1074,10,0.2,7,0.1,0.5,sqrt,0.7236370157819225,0.679692371648306,0.7155361050328227,0.6472684085510689,0.6274038461538461,0.5658263305322129,0.452914798206278,0.753731343283582,0.6262376237623762,0.5545722713864307,0.4372093023255814,0.7580645161290323
1075,10,0.2,7,0.1,0.5,log2,0.7243543758967002,0.6801248699271593,0.7169811320754716,0.6468725257323832,0.6274038461538461,0.5658263305322129,0.452914798206278,0.753731343283582,0.6262376237623762,0.5545722713864307,0.4372093023255814,0.7580645161290323
1076,10,0.2,7,0.1,0.6,sqrt,0.7413916786226685,0.694102672889266,0.7477148080438757,0.6476642913697546,0.6418269230769231,0.5754985754985755,0.46543778801843316,0.753731343283582,0.6410891089108911,0.5645645645645646,0.44976076555023925,0.7580645161290323
1077,10,0.2,7,0.1,0.6,log2,0.741571018651363,0.6997291102312981,0.7386713594368676,0.6646872525732384,0.6466346153846154,0.5905292479108635,0.4711111111111111,0.7910447761194029,0.6237623762376238,0.5555555555555556,0.43577981651376146,0.7661290322580645
1078,10,0.2,7,0.1,0.7,sqrt,0.734038737446198,0.6878551883813934,0.7343820224719101,0.6468725257323832,0.6370192307692307,0.5722379603399433,0.4611872146118721,0.753731343283582,0.6361386138613861,0.5611940298507463,0.44549763033175355,0.7580645161290323
1079,10,0.2,7,0.1,0.7,log2,0.7352941176470589,0.6925,0.7308707124010554,0.6579572446555819,0.6370192307692307,0.5746478873239437,0.46153846153846156,0.7611940298507462,0.6237623762376238,0.5529411764705883,0.4351851851851852,0.7580645161290323
1080,10,0.2,8,0.05,0.3,sqrt,0.7336800573888091,0.687565747948664,0.7337224966322407,0.6468725257323832,0.6370192307692307,0.5722379603399433,0.4611872146118721,0.753731343283582,0.6336633663366337,0.5595238095238095,0.44339622641509435,0.7580645161290323
1081,10,0.2,8,0.05,0.3,log2,0.6766499282639885,0.6728361458900382,0.6211055276381909,0.7339667458432304,0.5600961538461539,0.5547445255474452,0.41155234657039713,0.8507462686567164,0.5420792079207921,0.5340050377833753,0.3882783882783883,0.8548387096774194
1082,10,0.2,8,0.05,0.4,sqrt,0.733142037302726,0.6871320437342304,0.7327354260089686,0.6468725257323832,0.6322115384615384,0.5690140845070423,0.45701357466063347,0.753731343283582,0.6336633663366337,0.5595238095238095,0.44339622641509435,0.7580645161290323
1083,10,0.2,8,0.05,0.4,log2,0.7410329985652798,0.6997920997920998,0.7368651488616462,0.666270783847981,0.6466346153846154,0.5859154929577465,0.47058823529411764,0.7761194029850746,0.6287128712871287,0.5614035087719298,0.44036697247706424,0.7741935483870968
1084,10,0.2,8,0.05,0.5,sqrt,0.734038737446198,0.6878551883813934,0.7343820224719101,0.6468725257323832,0.6346153846153846,0.5706214689265536,0.4590909090909091,0.753731343283582,0.6336633663366337,0.5595238095238095,0.44339622641509435,0.7580645161290323
1085,10,0.2,8,0.05,0.5,log2,0.7408536585365854,0.6926185917889811,0.7485057471264368,0.6444972288202692,0.6418269230769231,0.5754985754985755,0.46543778801843316,0.753731343283582,0.6410891089108911,0.5645645645645646,0.44976076555023925,0.7580645161290323
1086,10,0.2,8,0.05,0.6,sqrt,0.7343974175035868,0.6882761523889708,0.7348314606741573,0.6472684085510689,0.6370192307692307,0.5722379603399433,0.4611872146118721,0.753731343283582,0.6361386138613861,0.5611940298507463,0.44549763033175355,0.7580645161290323
1087,10,0.2,8,0.05,0.6,log2,0.7439024390243902,0.6982248520710059,0.7488667271078876,0.6539984164687253,0.6418269230769231,0.5754985754985755,0.46543778801843316,0.753731343283582,0.6410891089108911,0.5645645645645646,0.44976076555023925,0.7580645161290323
1088,10,0.2,8,0.05,0.7,sqrt,0.7342180774748924,0.688,0.7347122302158273,0.6468725257323832,0.6370192307692307,0.5722379603399433,0.4611872146118721,0.753731343283582,0.6361386138613861,0.5611940298507463,0.44549763033175355,0.7580645161290323
1089,10,0.2,8,0.05,0.7,log2,0.7507173601147776,0.713874022231371,0.7435677530017153,0.6864608076009501,0.6466346153846154,0.5859154929577465,0.47058823529411764,0.7761194029850746,0.6287128712871287,0.5614035087719298,0.44036697247706424,0.7741935483870968
1090,10,0.2,8,0.1,0.3,sqrt,0.6734218077474893,0.6706456863809007,0.6173826173826173,0.7339667458432304,0.5528846153846154,0.5507246376811594,0.40714285714285714,0.8507462686567164,0.5420792079207921,0.5340050377833753,0.3882783882783883,0.8548387096774194
1091,10,0.2,8,0.1,0.3,log2,0.7248923959827833,0.6805497709287797,0.7179261862917399,0.6468725257323832,0.6274038461538461,0.5658263305322129,0.452914798206278,0.753731343283582,0.6262376237623762,0.5545722713864307,0.4372093023255814,0.7580645161290323
1092,10,0.2,8,0.1,0.4,sqrt,0.7342180774748924,0.688,0.7347122302158273,0.6468725257323832,0.6370192307692307,0.5722379603399433,0.4611872146118721,0.753731343283582,0.6336633663366337,0.5595238095238095,0.44339622641509435,0.7580645161290323
1093,10,0.2,8,0.1,0.4,log2,0.7241750358680057,0.6799833541406575,0.7166666666666667,0.6468725257323832,0.6274038461538461,0.5658263305322129,0.452914798206278,0.753731343283582,0.6262376237623762,0.5545722713864307,0.4372093023255814,0.7580645161290323
1094,10,0.2,8,0.1,0.5,sqrt,0.7403156384505022,0.6921768707482994,0.7474747474747475,0.6444972288202692,0.6418269230769231,0.5754985754985755,0.46543778801843316,0.753731343283582,0.6410891089108911,0.5645645645645646,0.44976076555023925,0.7580645161290323
1095,10,0.2,8,0.1,0.5,log2,0.7343974175035868,0.6881448726047589,0.7350427350427351,0.6468725257323832,0.6370192307692307,0.5722379603399433,0.4611872146118721,0.753731343283582,0.6361386138613861,0.5611940298507463,0.44549763033175355,0.7580645161290323
1096,10,0.2,8,0.1,0.6,sqrt,0.734038737446198,0.6878551883813934,0.7343820224719101,0.6468725257323832,0.6346153846153846,0.5706214689265536,0.4590909090909091,0.753731343283582,0.6336633663366337,0.5595238095238095,0.44339622641509435,0.7580645161290323
1097,10,0.2,8,0.1,0.6,log2,0.7408536585365854,0.7010138630250362,0.7342869527524925,0.6706254948535234,0.6346153846153846,0.580110497237569,0.4605263157894737,0.7835820895522388,0.6287128712871287,0.5588235294117647,0.4398148148148148,0.7661290322580645
1098,10,0.2,8,0.1,0.7,sqrt,0.7401362984218077,0.6920297555791711,0.7471317117944011,0.6444972288202692,0.6418269230769231,0.5754985754985755,0.46543778801843316,0.753731343283582,0.6410891089108911,0.5645645645645646,0.44976076555023925,0.7580645161290323
1099,10,0.2,8,0.1,0.7,log2,0.7410329985652798,0.6927659574468085,0.7488500459981601,0.6444972288202692,0.6418269230769231,0.5754985754985755,0.46543778801843316,0.753731343283582,0.6410891089108911,0.5645645645645646,0.44976076555023925,0.7580645161290323
1100,10,0.2,9,0.05,0.3,sqrt,0.7342180774748924,0.688,0.7347122302158273,0.6468725257323832,0.6370192307692307,0.5722379603399433,0.4611872146118721,0.753731343283582,0.6336633663366337,0.5595238095238095,0.44339622641509435,0.7580645161290323
1101,10,0.2,9,0.05,0.3,log2,0.6748565279770444,0.6716174606049629,0.6190317195325542,0.7339667458432304,0.5576923076923077,0.5533980582524272,0.41007194244604317,0.8507462686567164,0.5420792079207921,0.5340050377833753,0.3882783882783883,0.8548387096774194
1102,10,0.2,9,0.05,0.4,sqrt,0.734038737446198,0.6878551883813934,0.7343820224719101,0.6468725257323832,0.6346153846153846,0.5706214689265536,0.4590909090909091,0.753731343283582,0.6336633663366337,0.5595238095238095,0.44339622641509435,0.7580645161290323
1103,10,0.2,9,0.05,0.4,log2,0.7223816355810617,0.6965895727165817,0.6898291925465838,0.7034837688044339,0.6153846153846154,0.581151832460733,0.4475806451612903,0.8283582089552238,0.5767326732673267,0.5390835579514824,0.4048582995951417,0.8064516129032258
1104,10,0.2,9,0.05,0.5,sqrt,0.7275824964131994,0.7005716538537354,0.6976835492736553,0.7034837688044339,0.6201923076923077,0.5797872340425532,0.45041322314049587,0.8134328358208955,0.5891089108910891,0.5439560439560439,0.4125,0.7983870967741935
1105,10,0.2,9,0.05,0.5,log2,0.7266857962697274,0.6819699499165276,0.7210944395410415,0.6468725257323832,0.6322115384615384,0.5690140845070423,0.45701357466063347,0.753731343283582,0.6311881188118812,0.5578635014836796,0.4413145539906103,0.7580645161290323
1106,10,0.2,9,0.05,0.6,sqrt,0.734038737446198,0.6878551883813934,0.7343820224719101,0.6468725257323832,0.6370192307692307,0.5722379603399433,0.4611872146118721,0.753731343283582,0.6336633663366337,0.5595238095238095,0.44339622641509435,0.7580645161290323
1107,10,0.2,9,0.05,0.6,log2,0.7399569583931134,0.6920135938827527,0.7465627864344638,0.6448931116389549,0.6418269230769231,0.5754985754985755,0.46543778801843316,0.753731343283582,0.6410891089108911,0.5645645645645646,0.44976076555023925,0.7580645161290323
1108,10,0.2,9,0.05,0.7,sqrt,0.7342180774748924,0.688,0.7347122302158273,0.6468725257323832,0.6370192307692307,0.5722379603399433,0.4611872146118721,0.753731343283582,0.6336633663366337,0.5595238095238095,0.44339622641509435,0.7580645161290323
1109,10,0.2,9,0.05,0.7,log2,0.7397776183644189,0.6917357127682175,0.7464465841357175,0.6444972288202692,0.6418269230769231,0.5754985754985755,0.46543778801843316,0.753731343283582,0.6410891089108911,0.5645645645645646,0.44976076555023925,0.7580645161290323
1110,10,0.2,9,0.1,0.3,sqrt,0.734038737446198,0.6878551883813934,0.7343820224719101,0.6468725257323832,0.6370192307692307,0.5722379603399433,0.4611872146118721,0.753731343283582,0.6336633663366337,0.5595238095238095,0.44339622641509435,0.7580645161290323
1111,10,0.2,9,0.1,0.3,log2,0.7317073170731707,0.6859781696053736,0.7301161751563896,0.6468725257323832,0.6346153846153846,0.5706214689265536,0.4590909090909091,0.753731343283582,0.6311881188118812,0.5578635014836796,0.4413145539906103,0.7580645161290323
1112,10,0.2,9,0.1,0.4,sqrt,0.7327833572453372,0.6868432114333753,0.732078853046595,0.6468725257323832,0.6346153846153846,0.5706214689265536,0.4590909090909091,0.753731343283582,0.6336633663366337,0.5595238095238095,0.44339622641509435,0.7580645161290323
1113,10,0.2,9,0.1,0.4,log2,0.6676829268292683,0.6675040373228064,0.6104364949130292,0.7363420427553444,0.5480769230769231,0.5480769230769231,0.40425531914893614,0.8507462686567164,0.5346534653465347,0.53,0.38405797101449274,0.8548387096774194
1114,10,0.2,9,0.1,0.5,sqrt,0.7248923959827833,0.6805497709287797,0.7179261862917399,0.6468725257323832,0.625,0.5617977528089888,0.45045045045045046,0.746268656716418,0.6262376237623762,0.5545722713864307,0.4372093023255814,0.7580645161290323
1115,10,0.2,9,0.1,0.5,log2,0.7243543758967002,0.6801248699271593,0.7169811320754716,0.6468725257323832,0.6274038461538461,0.5658263305322129,0.452914798206278,0.753731343283582,0.6287128712871287,0.5562130177514792,0.4392523364485981,0.7580645161290323
1116,10,0.2,9,0.1,0.6,sqrt,0.734038737446198,0.6879865348201136,0.734171531207903,0.6472684085510689,0.6370192307692307,0.5722379603399433,0.4611872146118721,0.753731343283582,0.6336633663366337,0.5595238095238095,0.44339622641509435,0.7580645161290323
1117,10,0.2,9,0.1,0.6,log2,0.7408536585365854,0.6926185917889811,0.7485057471264368,0.6444972288202692,0.6418269230769231,0.5754985754985755,0.46543778801843316,0.753731343283582,0.6410891089108911,0.5645645645645646,0.44976076555023925,0.7580645161290323
1118,10,0.2,9,0.1,0.7,sqrt,0.7243543758967002,0.6809217355200332,0.7158446093408992,0.6492478226444972,0.6274038461538461,0.5658263305322129,0.452914798206278,0.753731343283582,0.6262376237623762,0.5545722713864307,0.4372093023255814,0.7580645161290323
1119,10,0.2,9,0.1,0.7,log2,0.7422883787661406,0.6986789683371776,0.7427552385198395,0.6595407759303247,0.6466346153846154,0.5835694050991501,0.4703196347031963,0.7686567164179104,0.6336633663366337,0.5647058823529412,0.4444444444444444,0.7741935483870968
1120,15,0.05,3,0.05,0.3,sqrt,0.7342180774748924,0.6881313131313131,0.7345013477088949,0.6472684085510689,0.6346153846153846,0.5706214689265536,0.4590909090909091,0.753731343283582,0.6336633663366337,0.5595238095238095,0.44339622641509435,0.7580645161290323
1121,15,0.05,3,0.05,0.3,log2,0.7399569583931134,0.6918827029324267,0.7467889908256881,0.6444972288202692,0.6394230769230769,0.5738636363636364,0.463302752293578,0.753731343283582,0.6410891089108911,0.5645645645645646,0.44976076555023925,0.7580645161290323
1122,15,0.05,3,0.05,0.4,sqrt,0.741571018651363,0.6984724837832182,0.7407900577008433,0.6607284243863817,0.6466346153846154,0.5835694050991501,0.4703196347031963,0.7686567164179104,0.6336633663366337,0.5647058823529412,0.4444444444444444,0.7741935483870968
1123,15,0.05,3,0.05,0.4,log2,0.7433644189383071,0.6985464503897199,0.7465105808194507,0.6563737133808393,0.6418269230769231,0.5779036827195467,0.4657534246575342,0.7611940298507462,0.6386138613861386,0.5680473372781065,0.4485981308411215,0.7741935483870968
1124,15,0.05,3,0.05,0.5,sqrt,0.7376255380200861,0.693869010253191,0.735907678650688,0.6563737133808393,0.6370192307692307,0.5722379603399433,0.4611872146118721,0.753731343283582,0.6311881188118812,0.5578635014836796,0.4413145539906103,0.7580645161290323
1125,15,0.05,3,0.05,0.5,log2,0.7372668579626973,0.6940906243474629,0.7344233318603623,0.6579572446555819,0.6418269230769231,0.5802816901408451,0.4660633484162896,0.7686567164179104,0.6336633663366337,0.5647058823529412,0.4444444444444444,0.7741935483870968
1126,15,0.05,3,0.05,0.6,sqrt,0.7718794835007173,0.7458033573141487,0.7530266343825666,0.7387173396674585,0.6418269230769231,0.5917808219178082,0.4675324675324675,0.8059701492537313,0.6188118811881188,0.5574712643678161,0.4330357142857143,0.782258064516129
1127,15,0.05,3,0.05,0.6,log2,0.7503586800573888,0.7116818558409279,0.7463075586446568,0.6801266825019794,0.6418269230769231,0.5802816901408451,0.4660633484162896,0.7686567164179104,0.6311881188118812,0.5630498533724341,0.4423963133640553,0.7741935483870968
1128,15,0.05,3,0.05,0.7,sqrt,0.7654232424677188,0.7358642972536349,0.7510305028854081,0.721298495645289,0.6370192307692307,0.5793871866295265,0.4622222222222222,0.7761194029850746,0.6311881188118812,0.565597667638484,0.4429223744292237,0.782258064516129
1129,15,0.05,3,0.05,0.7,log2,0.7458751793400287,0.7034944549068843,0.7461162893919219,0.6654790182106096,0.6442307692307693,0.5819209039548022,0.4681818181818182,0.7686567164179104,0.6336633663366337,0.5647058823529412,0.4444444444444444,0.7741935483870968
1130,15,0.05,3,0.1,0.3,sqrt,0.7076757532281205,0.6678891605541972,0.6880772460117548,0.6488519398258116,0.6177884615384616,0.5571030640668524,0.4444444444444444,0.746268656716418,0.6212871287128713,0.5513196480938416,0.43317972350230416,0.7580645161290323
1131,15,0.05,3,0.1,0.3,log2,0.6766499282639885,0.6728361458900382,0.6211055276381909,0.7339667458432304,0.5600961538461539,0.5547445255474452,0.41155234657039713,0.8507462686567164,0.5420792079207921,0.5340050377833753,0.3882783882783883,0.8548387096774194
1132,15,0.05,3,0.1,0.4,sqrt,0.7241750358680057,0.6799833541406575,0.7166666666666667,0.6468725257323832,0.6274038461538461,0.5658263305322129,0.452914798206278,0.753731343283582,0.6262376237623762,0.5545722713864307,0.4372093023255814,0.7580645161290323
1133,15,0.05,3,0.1,0.4,log2,0.7338593974175036,0.6877104377104377,0.734052111410602,0.6468725257323832,0.6346153846153846,0.5706214689265536,0.4590909090909091,0.753731343283582,0.6336633663366337,0.5595238095238095,0.44339622641509435,0.7580645161290323
1134,15,0.05,3,0.1,0.5,sqrt,0.7223816355810617,0.678838174273859,0.7131647776809067,0.6476642913697546,0.6274038461538461,0.5658263305322129,0.452914798206278,0.753731343283582,0.6262376237623762,0.5545722713864307,0.4372093023255814,0.7580645161290323
1135,15,0.05,3,0.1,0.5,log2,0.7010401721664276,0.6861231406514781,0.6542190305206463,0.721298495645289,0.5889423076923077,0.5692695214105793,0.4296577946768061,0.8432835820895522,0.556930693069307,0.537467700258398,0.39543726235741444,0.8387096774193549
1136,15,0.05,3,0.1,0.6,sqrt,0.7342180774748924,0.6877370417193426,0.7351351351351352,0.6460807600950119,0.6370192307692307,0.5722379603399433,0.4611872146118721,0.753731343283582,0.6361386138613861,0.5611940298507463,0.44549763033175355,0.7580645161290323
1137,15,0.05,3,0.1,0.6,log2,0.7343974175035868,0.6881448726047589,0.7350427350427351,0.6468725257323832,0.6370192307692307,0.5722379603399433,0.4611872146118721,0.753731343283582,0.6336633663366337,0.5595238095238095,0.44339622641509435,0.7580645161290323
1138,15,0.05,3,0.1,0.7,sqrt,0.7342180774748924,0.6877370417193426,0.7351351351351352,0.6460807600950119,0.6370192307692307,0.5722379603399433,0.4611872146118721,0.753731343283582,0.6386138613861386,0.562874251497006,0.44761904761904764,0.7580645161290323
1139,15,0.05,3,0.1,0.7,log2,0.7404949784791965,0.6941450010568591,0.744671201814059,0.6500395882818686,0.6418269230769231,0.5779036827195467,0.4657534246575342,0.7611940298507462,0.6361386138613861,0.5611940298507463,0.44549763033175355,0.7580645161290323
1140,15,0.05,4,0.05,0.3,sqrt,0.7333213773314203,0.6872765509989485,0.7330641543292956,0.6468725257323832,0.6346153846153846,0.5706214689265536,0.4590909090909091,0.753731343283582,0.6336633663366337,0.5595238095238095,0.44339622641509435,0.7580645161290323
1141,15,0.05,4,0.05,0.3,log2,0.7342180774748924,0.6950617283950618,0.7236503856041131,0.668646080760095,0.6346153846153846,0.5824175824175825,0.4608695652173913,0.7910447761194029,0.6163366336633663,0.5507246376811594,0.4298642533936652,0.7661290322580645
1142,15,0.05,4,0.05,0.4,sqrt,0.7408536585365854,0.6932710677138612,0.7473684210526316,0.6464766429136976,0.6418269230769231,0.5754985754985755,0.46543778801843316,0.753731343283582,0.6410891089108911,0.5645645645645646,0.44976076555023925,0.7580645161290323
1143,15,0.05,4,0.05,0.4,log2,0.7410329985652798,0.6935483870967742,0.747483989021043,0.6468725257323832,0.6418269230769231,0.5754985754985755,0.46543778801843316,0.753731343283582,0.6386138613861386,0.562874251497006,0.44761904761904764,0.7580645161290323
1144,15,0.05,4,0.05,0.5,sqrt,0.7690100430416069,0.7381049206994713,0.7587792642140468,0.7185273159144893,0.6370192307692307,0.5817174515235457,0.46255506607929514,0.7835820895522388,0.6336633663366337,0.5647058823529412,0.4444444444444444,0.7741935483870968
1145,15,0.05,4,0.05,0.5,log2,0.7399569583931134,0.6918827029324267,0.7467889908256881,0.6444972288202692,0.6418269230769231,0.5754985754985755,0.46543778801843316,0.753731343283582,0.6410891089108911,0.5645645645645646,0.44976076555023925,0.7580645161290323
1146,15,0.05,4,0.05,0.6,sqrt,0.7372668579626973,0.694473409801877,0.7338034376377258,0.6591448931116389,0.6370192307692307,0.5746478873239437,0.46153846153846156,0.7611940298507462,0.6287128712871287,0.5588235294117647,0.4398148148148148,0.7661290322580645
1147,15,0.05,4,0.05,0.6,log2,0.7503586800573888,0.7101207830070804,0.7491212653778558,0.6749802058590657,0.6466346153846154,0.5859154929577465,0.47058823529411764,0.7761194029850746,0.6361386138613861,0.5663716814159292,0.44651162790697674,0.7741935483870968
1148,15,0.05,4,0.05,0.7,sqrt,0.7654232424677188,0.738713543747503,0.7455645161290323,0.731987331749802,0.6394230769230769,0.5901639344262295,0.46551724137931033,0.8059701492537313,0.6361386138613861,0.5763688760806917,0.4484304932735426,0.8064516129032258
1149,15,0.05,4,0.05,0.7,log2,0.7345767575322812,0.6884210526315789,0.7351618705035972,0.6472684085510689,0.6370192307692307,0.5722379603399433,0.4611872146118721,0.753731343283582,0.6336633663366337,0.5595238095238095,0.44339622641509435,0.7580645161290323
1150,15,0.05,4,0.1,0.3,sqrt,0.7254304160688666,0.6819031788905049,0.7175338871884565,0.649643705463183,0.6274038461538461,0.5658263305322129,0.452914798206278,0.753731343283582,0.6262376237623762,0.5545722713864307,0.4372093023255814,0.7580645161290323
1151,15,0.05,4,0.1,0.3,log2,0.6743185078909613,0.6712527154236061,0.6184122748498999,0.7339667458432304,0.5528846153846154,0.5507246376811594,0.40714285714285714,0.8507462686567164,0.5420792079207921,0.5340050377833753,0.3882783882783883,0.8548387096774194
1152,15,0.05,4,0.1,0.4,sqrt,0.7336800573888091,0.687565747948664,0.7337224966322407,0.6468725257323832,0.6322115384615384,0.5690140845070423,0.45701357466063347,0.753731343283582,0.6311881188118812,0.5578635014836796,0.4413145539906103,0.7580645161290323
1153,15,0.05,4,0.1,0.4,log2,0.7412123385939742,0.6978010471204188,0.7407736771898622,0.6595407759303247,0.6370192307692307,0.5770308123249299,0.4618834080717489,0.7686567164179104,0.6262376237623762,0.5571847507331378,0.4377880184331797,0.7661290322580645
1154,15,0.05,4,0.1,0.5,sqrt,0.734038737446198,0.6878551883813934,0.7343820224719101,0.6468725257323832,0.6346153846153846,0.5706214689265536,0.4590909090909091,0.753731343283582,0.6361386138613861,0.5611940298507463,0.44549763033175355,0.7580645161290323
1155,15,0.05,4,0.1,0.5,log2,0.7254304160688666,0.6809752031673265,0.7188737351517818,0.6468725257323832,0.6274038461538461,0.5658263305322129,0.452914798206278,0.753731343283582,0.6262376237623762,0.5545722713864307,0.4372093023255814,0.7580645161290323
1156,15,0.05,4,0.1,0.6,sqrt,0.7295552367288379,0.6934959349593496,0.7126148705096074,0.6753760886777513,0.625,0.5806451612903226,0.453781512605042,0.8059701492537313,0.6064356435643564,0.5521126760563381,0.42424242424242425,0.7903225806451613
1157,15,0.05,4,0.1,0.6,log2,0.7343974175035868,0.6881448726047589,0.7350427350427351,0.6468725257323832,0.6370192307692307,0.5722379603399433,0.4611872146118721,0.753731343283582,0.6336633663366337,0.5595238095238095,0.44339622641509435,0.7580645161290323
1158,15,0.05,4,0.1,0.7,sqrt,0.7248923959827833,0.6805497709287797,0.7179261862917399,0.6468725257323832,0.6274038461538461,0.5658263305322129,0.452914798206278,0.753731343283582,0.6287128712871287,0.5562130177514792,0.4392523364485981,0.7580645161290323
1159,15,0.05,4,0.1,0.7,log2,0.7343974175035868,0.6881448726047589,0.7350427350427351,0.6468725257323832,0.6370192307692307,0.5722379603399433,0.4611872146118721,0.753731343283582,0.6361386138613861,0.5611940298507463,0.44549763033175355,0.7580645161290323
1160,15,0.05,5,0.05,0.3,sqrt,0.7300932568149211,0.6846846846846847,0.7271918113039608,0.6468725257323832,0.6370192307692307,0.5722379603399433,0.4611872146118721,0.753731343283582,0.6336633663366337,0.5595238095238095,0.44339622641509435,0.7580645161290323
1161,15,0.05,5,0.05,0.3,log2,0.741571018651363,0.6939902314716501,0.7485112230874943,0.6468725257323832,0.6418269230769231,0.5754985754985755,0.46543778801843316,0.753731343283582,0.6410891089108911,0.5645645645645646,0.44976076555023925,0.7580645161290323
1162,15,0.05,5,0.05,0.4,sqrt,0.7254304160688666,0.6817709415921845,0.7177242888402626,0.6492478226444972,0.6274038461538461,0.5658263305322129,0.452914798206278,0.753731343283582,0.6262376237623762,0.5545722713864307,0.4372093023255814,0.7580645161290323
1163,15,0.05,5,0.05,0.4,log2,0.7455164992826399,0.6996825396825397,0.7517053206002728,0.6543942992874109,0.6442307692307693,0.5795454545454546,0.46788990825688076,0.7611940298507462,0.6410891089108911,0.5645645645645646,0.44976076555023925,0.7580645161290323
1164,15,0.05,5,0.05,0.5,sqrt,0.7329626972740315,0.6872505776097458,0.7319910514541387,0.6476642913697546,0.6346153846153846,0.5706214689265536,0.4590909090909091,0.753731343283582,0.6287128712871287,0.5562130177514792,0.4392523364485981,0.7580645161290323
1165,15,0.05,5,0.05,0.5,log2,0.7408536585365854,0.6926185917889811,0.7485057471264368,0.6444972288202692,0.6418269230769231,0.5754985754985755,0.46543778801843316,0.753731343283582,0.6410891089108911,0.5645645645645646,0.44976076555023925,0.7580645161290323
1166,15,0.05,5,0.05,0.6,sqrt,0.7394189383070301,0.697102355638941,0.7362395420519595,0.6619160728424386,0.6394230769230769,0.576271186440678,0.4636363636363636,0.7611940298507462,0.6361386138613861,0.5663716814159292,0.44651162790697674,0.7741935483870968
1167,15,0.05,5,0.05,0.6,log2,0.7571736011477762,0.7225409836065574,0.7489379779099405,0.6979414093428346,0.6298076923076923,0.5674157303370787,0.45495495495495497,0.753731343283582,0.6311881188118812,0.5578635014836796,0.4413145539906103,0.7580645161290323
1168,15,0.05,5,0.05,0.7,sqrt,0.7709827833572453,0.7417593528816987,0.7581645307978504,0.7260490894695171,0.6418269230769231,0.584958217270195,0.4666666666666667,0.7835820895522388,0.6287128712871287,0.563953488372093,0.4409090909090909,0.782258064516129
1169,15,0.05,5,0.05,0.7,log2,0.766857962697274,0.7388509441542789,0.75,0.7280285035629454,0.6418269230769231,0.5940054495912807,0.4678111587982833,0.8134328358208955,0.6212871287128713,0.5616045845272206,0.43555555555555553,0.7903225806451613
1170,15,0.05,5,0.1,0.3,sqrt,0.7241750358680057,0.6799833541406575,0.7166666666666667,0.6468725257323832,0.6274038461538461,0.5658263305322129,0.452914798206278,0.753731343283582,0.6262376237623762,0.5545722713864307,0.4372093023255814,0.7580645161290323
1171,15,0.05,5,0.1,0.3,log2,0.6734218077474893,0.6706456863809007,0.6173826173826173,0.7339667458432304,0.5504807692307693,0.5493975903614458,0.40569395017793597,0.8507462686567164,0.5420792079207921,0.5340050377833753,0.3882783882783883,0.8548387096774194
1172,15,0.05,5,0.1,0.4,sqrt,0.734038737446198,0.6878551883813934,0.7343820224719101,0.6468725257323832,0.6346153846153846,0.5706214689265536,0.4590909090909091,0.753731343283582,0.6336633663366337,0.5595238095238095,0.44339622641509435,0.7580645161290323
1173,15,0.05,5,0.1,0.4,log2,0.6762912482065997,0.6725920551423907,0.6206896551724138,0.7339667458432304,0.5600961538461539,0.5547445255474452,0.41155234657039713,0.8507462686567164,0.5420792079207921,0.5340050377833753,0.3882783882783883,0.8548387096774194
1174,15,0.05,5,0.1,0.5,sqrt,0.732245337159254,0.6856180248473362,0.7323436797121008,0.6444972288202692,0.6370192307692307,0.5722379603399433,0.4611872146118721,0.753731343283582,0.6336633663366337,0.5595238095238095,0.44339622641509435,0.7580645161290323
1175,15,0.05,5,0.1,0.5,log2,0.6757532281205165,0.6722262509064539,0.620066889632107,0.7339667458432304,0.5576923076923077,0.5533980582524272,0.41007194244604317,0.8507462686567164,0.5420792079207921,0.5340050377833753,0.3882783882783883,0.8548387096774194
1176,15,0.05,5,0.1,0.6,sqrt,0.7410329985652798,0.6927659574468085,0.7488500459981601,0.6444972288202692,0.6418269230769231,0.5754985754985755,0.46543778801843316,0.753731343283582,0.6410891089108911,0.5645645645645646,0.44976076555023925,0.7580645161290323
1177,15,0.05,5,0.1,0.6,log2,0.7236370157819225,0.679692371648306,0.7155361050328227,0.6472684085510689,0.6274038461538461,0.5658263305322129,0.452914798206278,0.753731343283582,0.6262376237623762,0.5545722713864307,0.4372093023255814,0.7580645161290323
1178,15,0.05,5,0.1,0.7,sqrt,0.7243543758967002,0.6801248699271593,0.7169811320754716,0.6468725257323832,0.6274038461538461,0.5658263305322129,0.452914798206278,0.753731343283582,0.6287128712871287,0.5562130177514792,0.4392523364485981,0.7580645161290323
1179,15,0.05,5,0.1,0.7,log2,0.7392395982783357,0.6915570640644888,0.7449725776965265,0.6452889944576405,0.6418269230769231,0.5754985754985755,0.46543778801843316,0.753731343283582,0.6336633663366337,0.5595238095238095,0.44339622641509435,0.7580645161290323
1180,15,0.05,6,0.05,0.3,sqrt,0.7410329985652798,0.6927659574468085,0.7488500459981601,0.6444972288202692,0.6418269230769231,0.5754985754985755,0.46543778801843316,0.753731343283582,0.6410891089108911,0.5645645645645646,0.44976076555023925,0.7580645161290323
1181,15,0.05,6,0.05,0.3,log2,0.7413916786226685,0.7002079002079002,0.7373029772329247,0.6666666666666666,0.6442307692307693,0.5819209039548022,0.4681818181818182,0.7686567164179104,0.6287128712871287,0.5614035087719298,0.44036697247706424,0.7741935483870968
1182,15,0.05,6,0.05,0.4,sqrt,0.7342180774748924,0.6877370417193426,0.7351351351351352,0.6460807600950119,0.6370192307692307,0.5722379603399433,0.4611872146118721,0.753731343283582,0.6386138613861386,0.562874251497006,0.44761904761904764,0.7580645161290323
1183,15,0.05,6,0.05,0.4,log2,0.7286585365853658,0.6835390085756118,0.7246119733924612,0.6468725257323832,0.6274038461538461,0.5658263305322129,0.452914798206278,0.753731343283582,0.6287128712871287,0.5562130177514792,0.4392523364485981,0.7580645161290323
1184,15,0.05,6,0.05,0.5,sqrt,0.7404949784791965,0.6924548352816153,0.747590637907297,0.6448931116389549,0.6418269230769231,0.5754985754985755,0.46543778801843316,0.753731343283582,0.6386138613861386,0.562874251497006,0.44761904761904764,0.7580645161290323
1185,15,0.05,6,0.05,0.5,log2,0.7437230989956959,0.6983322778129618,0.7480777928539123,0.6547901821060966,0.6442307692307693,0.5795454545454546,0.46788990825688076,0.7611940298507462,0.6435643564356436,0.5714285714285714,0.4528301886792453,0.7741935483870968
1186,15,0.05,6,0.05,0.6,sqrt,0.7541248206599713,0.7179592676404032,0.7473233404710921,0.6908155186064925,0.6442307692307693,0.5865921787709497,0.46875,0.7835820895522388,0.6311881188118812,0.5630498533724341,0.4423963133640553,0.7741935483870968
1187,15,0.05,6,0.05,0.6,log2,0.7690100430416069,0.7371428571428571,0.7607413647851727,0.7149643705463183,0.6418269230769231,0.5802816901408451,0.4660633484162896,0.7686567164179104,0.6361386138613861,0.5663716814159292,0.44651162790697674,0.7741935483870968
1188,15,0.05,6,0.05,0.7,sqrt,0.759325681492109,0.7266802443991853,0.7483221476510067,0.7062549485352335,0.6346153846153846,0.5754189944134078,0.45982142857142855,0.7686567164179104,0.6311881188118812,0.565597667638484,0.4429223744292237,0.782258064516129
1189,15,0.05,6,0.05,0.7,log2,0.745157819225251,0.6992592592592592,0.7512505684402001,0.6539984164687253,0.6418269230769231,0.5754985754985755,0.46543778801843316,0.753731343283582,0.6410891089108911,0.5645645645645646,0.44976076555023925,0.7580645161290323
1190,15,0.05,6,0.1,0.3,sqrt,0.734038737446198,0.6878551883813934,0.7343820224719101,0.6468725257323832,0.6346153846153846,0.5706214689265536,0.4590909090909091,0.753731343283582,0.6336633663366337,0.5595238095238095,0.44339622641509435,0.7580645161290323
1191,15,0.05,6,0.1,0.3,log2,0.7338593974175036,0.6877104377104377,0.734052111410602,0.6468725257323832,0.6346153846153846,0.5706214689265536,0.4590909090909091,0.753731343283582,0.6336633663366337,0.5595238095238095,0.44339622641509435,0.7580645161290323
1192,15,0.05,6,0.1,0.4,sqrt,0.7243543758967002,0.680257957145829,0.7167908811924595,0.6472684085510689,0.6274038461538461,0.5658263305322129,0.452914798206278,0.753731343283582,0.6262376237623762,0.5545722713864307,0.4372093023255814,0.7580645161290323
1193,15,0.05,6,0.1,0.4,log2,0.734038737446198,0.6878551883813934,0.7343820224719101,0.6468725257323832,0.6346153846153846,0.5706214689265536,0.4590909090909091,0.753731343283582,0.6336633663366337,0.5595238095238095,0.44339622641509435,0.7580645161290323
1194,15,0.05,6,0.1,0.5,sqrt,0.7404949784791965,0.6925855109411515,0.7473635946813388,0.6452889944576405,0.6394230769230769,0.5714285714285714,0.46296296296296297,0.746268656716418,0.6410891089108911,0.5645645645645646,0.44976076555023925,0.7580645161290323
1195,15,0.05,6,0.1,0.5,log2,0.734038737446198,0.6878551883813934,0.7343820224719101,0.6468725257323832,0.6346153846153846,0.5706214689265536,0.4590909090909091,0.753731343283582,0.6336633663366337,0.5595238095238095,0.44339622641509435,0.7580645161290323
1196,15,0.05,6,0.1,0.6,sqrt,0.7308106169296987,0.6853909033745545,0.7282850779510023,0.6472684085510689,0.6346153846153846,0.5706214689265536,0.4590909090909091,0.753731343283582,0.6336633663366337,0.5595238095238095,0.44339622641509435,0.7580645161290323
1197,15,0.05,6,0.1,0.6,log2,0.7250717360114778,0.6806915225994584,0.7182417582417583,0.6468725257323832,0.6274038461538461,0.5658263305322129,0.452914798206278,0.753731343283582,0.6262376237623762,0.5545722713864307,0.4372093023255814,0.7580645161290323
1198,15,0.05,6,0.1,0.7,sqrt,0.7343974175035868,0.6882761523889708,0.7348314606741573,0.6472684085510689,0.6370192307692307,0.5722379603399433,0.4611872146118721,0.753731343283582,0.6336633663366337,0.5595238095238095,0.44339622641509435,0.7580645161290323
1199,15,0.05,6,0.1,0.7,log2,0.7304519368723099,0.6858934169278997,0.7264276228419655,0.649643705463183,0.6274038461538461,0.5658263305322129,0.452914798206278,0.753731343283582,0.6287128712871287,0.5562130177514792,0.4392523364485981,0.7580645161290323
1200,15,0.05,7,0.05,0.3,sqrt,0.7401362984218077,0.6920297555791711,0.7471317117944011,0.6444972288202692,0.6418269230769231,0.5754985754985755,0.46543778801843316,0.753731343283582,0.6410891089108911,0.5645645645645646,0.44976076555023925,0.7580645161290323
1201,15,0.05,7,0.05,0.3,log2,0.7250717360114778,0.6806915225994584,0.7182417582417583,0.6468725257323832,0.6274038461538461,0.5658263305322129,0.452914798206278,0.753731343283582,0.6262376237623762,0.5545722713864307,0.4372093023255814,0.7580645161290323
1202,15,0.05,7,0.05,0.4,sqrt,0.7342180774748924,0.6877370417193426,0.7351351351351352,0.6460807600950119,0.6370192307692307,0.5722379603399433,0.4611872146118721,0.753731343283582,0.6386138613861386,0.562874251497006,0.44761904761904764,0.7580645161290323
1203,15,0.05,7,0.05,0.4,log2,0.7320659971305595,0.6865295845572807,0.7303571428571428,0.6476642913697546,0.6370192307692307,0.5722379603399433,0.4611872146118721,0.753731343283582,0.6361386138613861,0.5611940298507463,0.44549763033175355,0.7580645161290323
1204,15,0.05,7,0.05,0.5,sqrt,0.7347560975609756,0.6888281085630128,0.7350696003592276,0.6480601741884402,0.6346153846153846,0.5706214689265536,0.4590909090909091,0.753731343283582,0.6336633663366337,0.5595238095238095,0.44339622641509435,0.7580645161290323
1205,15,0.05,7,0.05,0.5,log2,0.734038737446198,0.6878551883813934,0.7343820224719101,0.6468725257323832,0.6370192307692307,0.5722379603399433,0.4611872146118721,0.753731343283582,0.6336633663366337,0.5595238095238095,0.44339622641509435,0.7580645161290323
1206,15,0.05,7,0.05,0.6,sqrt,0.749103299856528,0.7089660911171208,0.7470407715914072,0.6745843230403801,0.6466346153846154,0.5859154929577465,0.47058823529411764,0.7761194029850746,0.6262376237623762,0.5545722713864307,0.4372093023255814,0.7580645161290323
1207,15,0.05,7,0.05,0.6,log2,0.7392395982783357,0.7025368248772504,0.72692633361558,0.6797307996832938,0.625,0.5666666666666667,0.45132743362831856,0.7611940298507462,0.6212871287128713,0.5513196480938416,0.43317972350230416,0.7580645161290323
1208,15,0.05,7,0.05,0.7,sqrt,0.7618364418938307,0.7296416938110749,0.7510477787091366,0.7094220110847189,0.6346153846153846,0.5754189944134078,0.45982142857142855,0.7686567164179104,0.6336633663366337,0.5621301775147929,0.4439252336448598,0.7661290322580645
1209,15,0.05,7,0.05,0.7,log2,0.7446197991391679,0.6990701606086221,0.7497733454215775,0.6547901821060966,0.6418269230769231,0.5754985754985755,0.46543778801843316,0.753731343283582,0.6410891089108911,0.5645645645645646,0.44976076555023925,0.7580645161290323
1210,15,0.05,7,0.1,0.3,sqrt,0.7259684361549498,0.6814011676396997,0.7198237885462555,0.6468725257323832,0.6274038461538461,0.5658263305322129,0.452914798206278,0.753731343283582,0.6262376237623762,0.5545722713864307,0.4372093023255814,0.7580645161290323
1211,15,0.05,7,0.1,0.3,log2,0.725609756097561,0.681117132138391,0.7191901408450704,0.6468725257323832,0.6274038461538461,0.5658263305322129,0.452914798206278,0.753731343283582,0.6262376237623762,0.5545722713864307,0.4372093023255814,0.7580645161290323
1212,15,0.05,7,0.1,0.4,sqrt,0.7241750358680057,0.6802494802494803,0.7162872154115587,0.6476642913697546,0.6274038461538461,0.5658263305322129,0.452914798206278,0.753731343283582,0.6287128712871287,0.5562130177514792,0.4392523364485981,0.7580645161290323
1213,15,0.05,7,0.1,0.4,log2,0.7342180774748924,0.688,0.7347122302158273,0.6468725257323832,0.6370192307692307,0.5722379603399433,0.4611872146118721,0.753731343283582,0.6361386138613861,0.5611940298507463,0.44549763033175355,0.7580645161290323
1214,15,0.05,7,0.1,0.5,sqrt,0.71987087517934,0.6767384105960265,0.7090199479618386,0.6472684085510689,0.625,0.5642458100558659,0.45089285714285715,0.753731343283582,0.6262376237623762,0.5545722713864307,0.4372093023255814,0.7580645161290323
1215,15,0.05,7,0.1,0.5,log2,0.7343974175035868,0.6884073216915633,0.7346205657835654,0.6476642913697546,0.6346153846153846,0.5706214689265536,0.4590909090909091,0.753731343283582,0.6336633663366337,0.5595238095238095,0.44339622641509435,0.7580645161290323
1216,15,0.05,7,0.1,0.6,sqrt,0.7399569583931134,0.692144373673036,0.7463369963369964,0.6452889944576405,0.6418269230769231,0.5754985754985755,0.46543778801843316,0.753731343283582,0.6410891089108911,0.5645645645645646,0.44976076555023925,0.7580645161290323
1217,15,0.05,7,0.1,0.6,log2,0.7399569583931134,0.6918827029324267,0.7467889908256881,0.6444972288202692,0.6418269230769231,0.5754985754985755,0.46543778801843316,0.753731343283582,0.6361386138613861,0.5611940298507463,0.44549763033175355,0.7580645161290323
1218,15,0.05,7,0.1,0.7,sqrt,0.7401362984218077,0.6920297555791711,0.7471317117944011,0.6444972288202692,0.6418269230769231,0.5754985754985755,0.46543778801843316,0.753731343283582,0.6410891089108911,0.5645645645645646,0.44976076555023925,0.7580645161290323
1219,15,0.05,7,0.1,0.7,log2,0.7245337159253945,0.6805324459234608,0.7169149868536372,0.6476642913697546,0.6274038461538461,0.5658263305322129,0.452914798206278,0.753731343283582,0.6262376237623762,0.5545722713864307,0.4372093023255814,0.7580645161290323
1220,15,0.05,8,0.05,0.3,sqrt,0.7403156384505022,0.6961812840956777,0.740625,0.6567695961995249,0.6418269230769231,0.5779036827195467,0.4657534246575342,0.7611940298507462,0.6336633663366337,0.5595238095238095,0.44339622641509435,0.7580645161290323
1221,15,0.05,8,0.05,0.3,log2,0.7449784791965567,0.7158273381294964,0.7227602905569007,0.7090261282660333,0.625,0.5851063829787234,0.45454545454545453,0.8208955223880597,0.6138613861386139,0.5642458100558659,0.43162393162393164,0.8145161290322581
1222,15,0.05,8,0.05,0.4,sqrt,0.7272238163558106,0.686456400742115,0.7161290322580646,0.6591448931116389,0.6298076923076923,0.5722222222222222,0.4557522123893805,0.7686567164179104,0.6212871287128713,0.5513196480938416,0.43317972350230416,0.7580645161290323
1223,15,0.05,8,0.05,0.4,log2,0.7408536585365854,0.6926185917889811,0.7485057471264368,0.6444972288202692,0.6418269230769231,0.5754985754985755,0.46543778801843316,0.753731343283582,0.6386138613861386,0.562874251497006,0.44761904761904764,0.7580645161290323
1224,15,0.05,8,0.05,0.5,sqrt,0.7467718794835008,0.7023608768971332,0.7511271415689811,0.6595407759303247,0.6394230769230769,0.5738636363636364,0.463302752293578,0.753731343283582,0.6386138613861386,0.562874251497006,0.44761904761904764,0.7580645161290323
1225,15,0.05,8,0.05,0.5,log2,0.7426470588235294,0.6956521739130435,0.7492005481955231,0.6492478226444972,0.6418269230769231,0.5754985754985755,0.46543778801843316,0.753731343283582,0.6386138613861386,0.562874251497006,0.44761904761904764,0.7580645161290323
1226,15,0.05,8,0.05,0.6,sqrt,0.7541248206599713,0.7187692307692307,0.7458492975734355,0.6935866983372921,0.6466346153846154,0.5882352941176471,0.47085201793721976,0.7835820895522388,0.6262376237623762,0.5597667638483965,0.4383561643835616,0.7741935483870968
1227,15,0.05,8,0.05,0.6,log2,0.7439024390243902,0.6980972515856236,0.7490925589836661,0.6536025336500396,0.6394230769230769,0.5738636363636364,0.463302752293578,0.753731343283582,0.6410891089108911,0.5645645645645646,0.44976076555023925,0.7580645161290323
1228,15,0.05,8,0.05,0.7,sqrt,0.7634505021520803,0.7293248512210138,0.7571367703451214,0.7034837688044339,0.6466346153846154,0.5882352941176471,0.47085201793721976,0.7835820895522388,0.6311881188118812,0.56047197640118,0.4418604651162791,0.7661290322580645
1229,15,0.05,8,0.05,0.7,log2,0.753586800573888,0.7171675586661177,0.7469982847341338,0.6896278701504355,0.6298076923076923,0.5674157303370787,0.45495495495495497,0.753731343283582,0.6311881188118812,0.5578635014836796,0.4413145539906103,0.7580645161290323
1230,15,0.05,8,0.1,0.3,sqrt,0.7342180774748924,0.688,0.7347122302158273,0.6468725257323832,0.6346153846153846,0.5706214689265536,0.4590909090909091,0.753731343283582,0.6336633663366337,0.5595238095238095,0.44339622641509435,0.7580645161290323
1231,15,0.05,8,0.1,0.3,log2,0.733142037302726,0.6871320437342304,0.7327354260089686,0.6468725257323832,0.6322115384615384,0.5690140845070423,0.45701357466063347,0.753731343283582,0.6336633663366337,0.5595238095238095,0.44339622641509435,0.7580645161290323
1232,15,0.05,8,0.1,0.4,sqrt,0.7343974175035868,0.6882761523889708,0.7348314606741573,0.6472684085510689,0.6346153846153846,0.5706214689265536,0.4590909090909091,0.753731343283582,0.6361386138613861,0.5611940298507463,0.44549763033175355,0.7580645161290323
1233,15,0.05,8,0.1,0.4,log2,0.734038737446198,0.6878551883813934,0.7343820224719101,0.6468725257323832,0.6346153846153846,0.5706214689265536,0.4590909090909091,0.753731343283582,0.6336633663366337,0.5595238095238095,0.44339622641509435,0.7580645161290323
1234,15,0.05,8,0.1,0.5,sqrt,0.7347560975609756,0.6886971163965481,0.7352808988764045,0.6476642913697546,0.6370192307692307,0.5722379603399433,0.4611872146118721,0.753731343283582,0.6336633663366337,0.5595238095238095,0.44339622641509435,0.7580645161290323
1235,15,0.05,8,0.1,0.5,log2,0.6743185078909613,0.6712527154236061,0.6184122748498999,0.7339667458432304,0.5528846153846154,0.5507246376811594,0.40714285714285714,0.8507462686567164,0.5420792079207921,0.5340050377833753,0.3882783882783883,0.8548387096774194
1236,15,0.05,8,0.1,0.6,sqrt,0.7092898134863702,0.6688457609805925,0.6910088644997889,0.6480601741884402,0.6201923076923077,0.5611111111111111,0.4469026548672566,0.753731343283582,0.6212871287128713,0.5513196480938416,0.43317972350230416,0.7580645161290323
1237,15,0.05,8,0.1,0.6,log2,0.734038737446198,0.6878551883813934,0.7343820224719101,0.6468725257323832,0.6370192307692307,0.5722379603399433,0.4611872146118721,0.753731343283582,0.6336633663366337,0.5595238095238095,0.44339622641509435,0.7580645161290323
1238,15,0.05,8,0.1,0.7,sqrt,0.7401362984218077,0.6920297555791711,0.7471317117944011,0.6444972288202692,0.6418269230769231,0.5754985754985755,0.46543778801843316,0.753731343283582,0.6410891089108911,0.5645645645645646,0.44976076555023925,0.7580645161290323
1239,15,0.05,8,0.1,0.7,log2,0.7392395982783357,0.706143896523848,0.7213047068538398,0.6916072842438639,0.625,0.5828877005347594,0.45416666666666666,0.8134328358208955,0.6212871287128713,0.5641025641025641,0.43612334801762115,0.7983870967741935
1240,15,0.05,9,0.05,0.3,sqrt,0.7342180774748924,0.6881313131313131,0.7345013477088949,0.6472684085510689,0.6346153846153846,0.5706214689265536,0.4590909090909091,0.753731343283582,0.6336633663366337,0.5595238095238095,0.44339622641509435,0.7580645161290323
1241,15,0.05,9,0.05,0.3,log2,0.7404949784791965,0.6932372270510918,0.7462345960748517,0.6472684085510689,0.6418269230769231,0.5754985754985755,0.46543778801843316,0.753731343283582,0.6410891089108911,0.5645645645645646,0.44976076555023925,0.7580645161290323
1242,15,0.05,9,0.05,0.4,sqrt,0.7483859397417504,0.7065467475423551,0.7490022172949002,0.668646080760095,0.6466346153846154,0.5835694050991501,0.4703196347031963,0.7686567164179104,0.6435643564356436,0.5714285714285714,0.4528301886792453,0.7741935483870968
1243,15,0.05,9,0.05,0.4,log2,0.7410329985652798,0.6927659574468085,0.7488500459981601,0.6444972288202692,0.6418269230769231,0.5754985754985755,0.46543778801843316,0.753731343283582,0.6410891089108911,0.5645645645645646,0.44976076555023925,0.7580645161290323
1244,15,0.05,9,0.05,0.5,sqrt,0.7439024390243902,0.699873896595208,0.7459677419354839,0.6591448931116389,0.6418269230769231,0.5779036827195467,0.4657534246575342,0.7611940298507462,0.6336633663366337,0.5595238095238095,0.44339622641509435,0.7580645161290323
1245,15,0.05,9,0.05,0.5,log2,0.7498206599713056,0.7079757169771823,0.751221679253665,0.6694378463974664,0.6394230769230769,0.576271186440678,0.4636363636363636,0.7611940298507462,0.6361386138613861,0.5611940298507463,0.44549763033175355,0.7580645161290323
1246,15,0.05,9,0.05,0.6,sqrt,0.7473098995695839,0.7074942910525223,0.7437800087298123,0.6745843230403801,0.6490384615384616,0.5875706214689266,0.4727272727272727,0.7761194029850746,0.6287128712871287,0.5614035087719298,0.44036697247706424,0.7741935483870968
1247,15,0.05,9,0.05,0.6,log2,0.741571018651363,0.6954132318748679,0.746031746031746,0.6512272367379256,0.6394230769230769,0.5786516853932584,0.46396396396396394,0.7686567164179104,0.6311881188118812,0.56047197640118,0.4418604651162791,0.7661290322580645
1248,15,0.05,9,0.05,0.7,sqrt,0.7675753228120517,0.7351859419697588,0.7597128378378378,0.7121931908155186,0.6442307692307693,0.5842696629213483,0.46846846846846846,0.7761194029850746,0.6361386138613861,0.5663716814159292,0.44651162790697674,0.7741935483870968
1249,15,0.05,9,0.05,0.7,log2,0.7435437589670014,0.704667492771582,0.7366148531951641,0.6753760886777513,0.6466346153846154,0.592797783933518,0.4713656387665198,0.7985074626865671,0.6212871287128713,0.5616045845272206,0.43555555555555553,0.7903225806451613
1250,15,0.05,9,0.1,0.3,sqrt,0.7336800573888091,0.687565747948664,0.7337224966322407,0.6468725257323832,0.6346153846153846,0.5706214689265536,0.4590909090909091,0.753731343283582,0.6336633663366337,0.5595238095238095,0.44339622641509435,0.7580645161290323
1251,15,0.05,9,0.1,0.3,log2,0.7096484935437589,0.6689838478838683,0.6917547568710359,0.6476642913697546,0.6201923076923077,0.5611111111111111,0.4469026548672566,0.753731343283582,0.6212871287128713,0.5513196480938416,0.43317972350230416,0.7580645161290323
1252,15,0.05,9,0.1,0.4,sqrt,0.7342180774748924,0.688,0.7347122302158273,0.6468725257323832,0.6346153846153846,0.5706214689265536,0.4590909090909091,0.753731343283582,0.6336633663366337,0.5595238095238095,0.44339622641509435,0.7580645161290323
1253,15,0.05,9,0.1,0.4,log2,0.7252510760401721,0.6808333333333333,0.7185576077396658,0.6468725257323832,0.6274038461538461,0.5658263305322129,0.452914798206278,0.753731343283582,0.6262376237623762,0.5545722713864307,0.4372093023255814,0.7580645161290323
1254,15,0.05,9,0.1,0.5,sqrt,0.7347560975609756,0.6886971163965481,0.7352808988764045,0.6476642913697546,0.6370192307692307,0.5722379603399433,0.4611872146118721,0.753731343283582,0.6336633663366337,0.5595238095238095,0.44339622641509435,0.7580645161290323
1255,15,0.05,9,0.1,0.5,log2,0.7343974175035868,0.6881448726047589,0.7350427350427351,0.6468725257323832,0.6370192307692307,0.5722379603399433,0.4611872146118721,0.753731343283582,0.6336633663366337,0.5595238095238095,0.44339622641509435,0.7580645161290323
1256,15,0.05,9,0.1,0.6,sqrt,0.7408536585365854,0.6926185917889811,0.7485057471264368,0.6444972288202692,0.6418269230769231,0.5754985754985755,0.46543778801843316,0.753731343283582,0.6410891089108911,0.5645645645645646,0.44976076555023925,0.7580645161290323
1257,15,0.05,9,0.1,0.6,log2,0.7351147776183644,0.6988786952089704,0.7204707860445565,0.6785431512272367,0.6370192307692307,0.5885558583106267,0.463519313304721,0.8059701492537313,0.6089108910891089,0.5485714285714286,0.4247787610619469,0.7741935483870968
1258,15,0.05,9,0.1,0.7,sqrt,0.7399569583931134,0.6918827029324267,0.7467889908256881,0.6444972288202692,0.6418269230769231,0.5754985754985755,0.46543778801843316,0.753731343283582,0.6386138613861386,0.562874251497006,0.44761904761904764,0.7580645161290323
1259,15,0.05,9,0.1,0.7,log2,0.740674318507891,0.693384223918575,0.7465753424657534,0.6472684085510689,0.6442307692307693,0.5795454545454546,0.46788990825688076,0.7611940298507462,0.6361386138613861,0.5611940298507463,0.44549763033175355,0.7580645161290323
1260,15,0.1,3,0.05,0.3,sqrt,0.734038737446198,0.6878551883813934,0.7343820224719101,0.6468725257323832,0.6346153846153846,0.5706214689265536,0.4590909090909091,0.753731343283582,0.6336633663366337,0.5595238095238095,0.44339622641509435,0.7580645161290323
1261,15,0.1,3,0.05,0.3,log2,0.734038737446198,0.6878551883813934,0.7343820224719101,0.6468725257323832,0.6370192307692307,0.5722379603399433,0.4611872146118721,0.753731343283582,0.6336633663366337,0.5595238095238095,0.44339622641509435,0.7580645161290323
1262,15,0.1,3,0.05,0.4,sqrt,0.7372668579626973,0.6904711599408409,0.7403715450838242,0.6468725257323832,0.6346153846153846,0.5681818181818182,0.45871559633027525,0.746268656716418,0.6386138613861386,0.562874251497006,0.44761904761904764,0.7580645161290323
1263,15,0.1,3,0.05,0.4,log2,0.7394189383070301,0.69144191972818,0.7457627118644068,0.6444972288202692,0.6418269230769231,0.5754985754985755,0.46543778801843316,0.753731343283582,0.6386138613861386,0.562874251497006,0.44761904761904764,0.7580645161290323
1264,15,0.1,3,0.05,0.5,sqrt,0.7383428981348638,0.7001027749229188,0.7280889268918341,0.6741884402216943,0.6370192307692307,0.5746478873239437,0.46153846153846156,0.7611940298507462,0.6262376237623762,0.5597667638483965,0.4383561643835616,0.7741935483870968
1265,15,0.1,3,0.05,0.5,log2,0.7512553802008608,0.7106196536615899,0.7512130569033966,0.6741884402216943,0.6466346153846154,0.5859154929577465,0.47058823529411764,0.7761194029850746,0.6361386138613861,0.5663716814159292,0.44651162790697674,0.7741935483870968
1266,15,0.1,3,0.05,0.6,sqrt,0.7492826398852224,0.7085070892410342,0.7484581497797357,0.6726049089469517,0.6442307692307693,0.5819209039548022,0.4681818181818182,0.7686567164179104,0.6361386138613861,0.5663716814159292,0.44651162790697674,0.7741935483870968
1267,15,0.1,3,0.05,0.6,log2,0.7469512195121951,0.7037581356288054,0.7492177022798391,0.6634996041171813,0.6442307692307693,0.5819209039548022,0.4681818181818182,0.7686567164179104,0.6410891089108911,0.56973293768546,0.4507042253521127,0.7741935483870968
1268,15,0.1,3,0.05,0.7,sqrt,0.7465925394548063,0.7051950761527227,0.7454786060873401,0.6690419635787807,0.6466346153846154,0.5835694050991501,0.4703196347031963,0.7686567164179104,0.6336633663366337,0.5647058823529412,0.4444444444444444,0.7741935483870968
1269,15,0.1,3,0.05,0.7,log2,0.7343974175035868,0.6913940404250886,0.7298724153101628,0.6567695961995249,0.6298076923076923,0.5674157303370787,0.45495495495495497,0.753731343283582,0.6311881188118812,0.5578635014836796,0.4413145539906103,0.7580645161290323
1270,15,0.1,3,0.1,0.3,sqrt,0.7100071736011477,0.669122160834868,0.6925031766200762,0.6472684085510689,0.6201923076923077,0.5611111111111111,0.4469026548672566,0.753731343283582,0.6212871287128713,0.5513196480938416,0.43317972350230416,0.7580645161290323
1271,15,0.1,3,0.1,0.3,log2,0.6732424677187948,0.6707625587278642,0.6170212765957447,0.7347585114806018,0.5504807692307693,0.5493975903614458,0.40569395017793597,0.8507462686567164,0.5420792079207921,0.5340050377833753,0.3882783882783883,0.8548387096774194
1272,15,0.1,3,0.1,0.4,sqrt,0.736728837876614,0.6896405919661733,0.7400181488203267,0.6456848772763262,0.6394230769230769,0.5738636363636364,0.463302752293578,0.753731343283582,0.6386138613861386,0.562874251497006,0.44761904761904764,0.7580645161290323
1273,15,0.1,3,0.1,0.4,log2,0.7338593974175036,0.6877104377104377,0.734052111410602,0.6468725257323832,0.6346153846153846,0.5706214689265536,0.4590909090909091,0.753731343283582,0.6336633663366337,0.5595238095238095,0.44339622641509435,0.7580645161290323
1274,15,0.1,3,0.1,0.5,sqrt,0.7252510760401721,0.6917505030181087,0.703355155482815,0.6805225653206651,0.6201923076923077,0.5775401069518716,0.45,0.8059701492537313,0.5866336633663366,0.5348189415041783,0.4085106382978723,0.7741935483870968
1275,15,0.1,3,0.1,0.5,log2,0.7401362984218077,0.6920297555791711,0.7471317117944011,0.6444972288202692,0.6418269230769231,0.5754985754985755,0.46543778801843316,0.753731343283582,0.6435643564356436,0.5662650602409639,0.4519230769230769,0.7580645161290323
1276,15,0.1,3,0.1,0.6,sqrt,0.7401362984218077,0.6920297555791711,0.7471317117944011,0.6444972288202692,0.6418269230769231,0.5754985754985755,0.46543778801843316,0.753731343283582,0.6435643564356436,0.5662650602409639,0.4519230769230769,0.7580645161290323
1277,15,0.1,3,0.1,0.6,log2,0.7342180774748924,0.688,0.7347122302158273,0.6468725257323832,0.6346153846153846,0.5706214689265536,0.4590909090909091,0.753731343283582,0.6336633663366337,0.5595238095238095,0.44339622641509435,0.7580645161290323
1278,15,0.1,3,0.1,0.7,sqrt,0.7342180774748924,0.688,0.7347122302158273,0.6468725257323832,0.6370192307692307,0.5722379603399433,0.4611872146118721,0.753731343283582,0.6361386138613861,0.5611940298507463,0.44549763033175355,0.7580645161290323
1279,15,0.1,3,0.1,0.7,log2,0.7345767575322812,0.6882898062342039,0.7353735373537353,0.6468725257323832,0.6370192307692307,0.5722379603399433,0.4611872146118721,0.753731343283582,0.6361386138613861,0.5611940298507463,0.44549763033175355,0.7580645161290323
1280,15,0.1,4,0.05,0.3,sqrt,0.7347560975609756,0.6884348009269012,0.7357046375506529,0.6468725257323832,0.6370192307692307,0.5722379603399433,0.4611872146118721,0.753731343283582,0.6361386138613861,0.5611940298507463,0.44549763033175355,0.7580645161290323
1281,15,0.1,4,0.05,0.3,log2,0.7456958393113343,0.7042136003337505,0.7442680776014109,0.6682501979414094,0.6370192307692307,0.5770308123249299,0.4618834080717489,0.7686567164179104,0.6336633663366337,0.5647058823529412,0.4444444444444444,0.7741935483870968
1282,15,0.1,4,0.05,0.4,sqrt,0.741571018651363,0.6965676984628343,0.7440395861448493,0.6547901821060966,0.6466346153846154,0.5835694050991501,0.4703196347031963,0.7686567164179104,0.6336633663366337,0.5595238095238095,0.44339622641509435,0.7580645161290323
1283,15,0.1,4,0.05,0.4,log2,0.7401362984218077,0.6921606118546845,0.7469050894085282,0.6448931116389549,0.6418269230769231,0.5754985754985755,0.46543778801843316,0.753731343283582,0.6410891089108911,0.5645645645645646,0.44976076555023925,0.7580645161290323
1284,15,0.1,4,0.05,0.5,sqrt,0.7397776183644189,0.6917357127682175,0.7464465841357175,0.6444972288202692,0.6418269230769231,0.5754985754985755,0.46543778801843316,0.753731343283582,0.6410891089108911,0.5645645645645646,0.44976076555023925,0.7580645161290323
1285,15,0.1,4,0.05,0.5,log2,0.7379842180774749,0.6910551913723831,0.7417158420335905,0.6468725257323832,0.6370192307692307,0.5722379603399433,0.4611872146118721,0.753731343283582,0.6361386138613861,0.5611940298507463,0.44549763033175355,0.7580645161290323
1286,15,0.1,4,0.05,0.6,sqrt,0.7345767575322812,0.6885521885521886,0.7349505840071878,0.6476642913697546,0.6370192307692307,0.5722379603399433,0.4611872146118721,0.753731343283582,0.6336633663366337,0.5595238095238095,0.44339622641509435,0.7580645161290323
1287,15,0.1,4,0.05,0.6,log2,0.7465925394548063,0.7025889286466007,0.7501123595505618,0.6607284243863817,0.6418269230769231,0.5754985754985755,0.46543778801843316,0.753731343283582,0.6361386138613861,0.5611940298507463,0.44549763033175355,0.7580645161290323
1288,15,0.1,4,0.05,0.7,sqrt,0.7695480631276901,0.7373799305129777,0.7621461765948458,0.714172604908947,0.6466346153846154,0.5905292479108635,0.4711111111111111,0.7910447761194029,0.6386138613861386,0.5680473372781065,0.4485981308411215,0.7741935483870968
1289,15,0.1,4,0.05,0.7,log2,0.7430057388809183,0.6977430921746467,0.7467268623024831,0.6547901821060966,0.6442307692307693,0.5819209039548022,0.4681818181818182,0.7686567164179104,0.6410891089108911,0.5671641791044776,0.45023696682464454,0.7661290322580645
1290,15,0.1,4,0.1,0.3,sqrt,0.7342180774748924,0.6877370417193426,0.7351351351351352,0.6460807600950119,0.6370192307692307,0.5722379603399433,0.4611872146118721,0.753731343283582,0.6361386138613861,0.5611940298507463,0.44549763033175355,0.7580645161290323
1291,15,0.1,4,0.1,0.3,log2,0.7354734576757532,0.6939199003942726,0.729175752289577,0.6619160728424386,0.6322115384615384,0.5738161559888579,0.4577777777777778,0.7686567164179104,0.6188118811881188,0.5523255813953488,0.4318181818181818,0.7661290322580645
1292,15,0.1,4,0.1,0.4,sqrt,0.734038737446198,0.6878551883813934,0.7343820224719101,0.6468725257323832,0.6370192307692307,0.5722379603399433,0.4611872146118721,0.753731343283582,0.6336633663366337,0.5595238095238095,0.44339622641509435,0.7580645161290323
1293,15,0.1,4,0.1,0.4,log2,0.6750358680057389,0.6717391304347826,0.6192384769539078,0.7339667458432304,0.5576923076923077,0.5533980582524272,0.41007194244604317,0.8507462686567164,0.5396039603960396,0.5326633165829145,0.38686131386861317,0.8548387096774194
1294,15,0.1,4,0.1,0.5,sqrt,0.7245337159253945,0.6805324459234608,0.7169149868536372,0.6476642913697546,0.6274038461538461,0.5658263305322129,0.452914798206278,0.753731343283582,0.6262376237623762,0.5545722713864307,0.4372093023255814,0.7580645161290323
1295,15,0.1,4,0.1,0.5,log2,0.7207675753228121,0.6774394033561218,0.7105606258148631,0.6472684085510689,0.6225961538461539,0.5626740947075209,0.4488888888888889,0.753731343283582,0.6262376237623762,0.5545722713864307,0.4372093023255814,0.7580645161290323
1296,15,0.1,4,0.1,0.6,sqrt,0.734038737446198,0.6878551883813934,0.7343820224719101,0.6468725257323832,0.6370192307692307,0.5722379603399433,0.4611872146118721,0.753731343283582,0.6336633663366337,0.5595238095238095,0.44339622641509435,0.7580645161290323
1297,15,0.1,4,0.1,0.6,log2,0.727403156384505,0.6931772305207913,0.707166392092257,0.6797307996832938,0.6225961538461539,0.579088471849866,0.45188284518828453,0.8059701492537313,0.599009900990099,0.55,0.4194915254237288,0.7983870967741935
1298,15,0.1,4,0.1,0.7,sqrt,0.7343974175035868,0.6881448726047589,0.7350427350427351,0.6468725257323832,0.6370192307692307,0.5722379603399433,0.4611872146118721,0.753731343283582,0.6336633663366337,0.5595238095238095,0.44339622641509435,0.7580645161290323
1299,15,0.1,4,0.1,0.7,log2,0.7449784791965567,0.712843295638126,0.7275350370981039,0.6987331749802058,0.6298076923076923,0.5860215053763441,0.4579831932773109,0.8134328358208955,0.6188118811881188,0.5625,0.4342105263157895,0.7983870967741935
1300,15,0.1,5,0.05,0.3,sqrt,0.7248923959827833,0.680815647107782,0.7175438596491228,0.6476642913697546,0.6274038461538461,0.5658263305322129,0.452914798206278,0.753731343283582,0.6212871287128713,0.5513196480938416,0.43317972350230416,0.7580645161290323
1301,15,0.1,5,0.05,0.3,log2,0.7342180774748924,0.688,0.7347122302158273,0.6468725257323832,0.6370192307692307,0.5722379603399433,0.4611872146118721,0.753731343283582,0.6336633663366337,0.5595238095238095,0.44339622641509435,0.7580645161290323
1302,15,0.1,5,0.05,0.4,sqrt,0.7476685796269728,0.7032271672642902,0.7525959367945824,0.6599366587490103,0.6490384615384616,0.5852272727272727,0.4724770642201835,0.7686567164179104,0.6410891089108911,0.5645645645645646,0.44976076555023925,0.7580645161290323
1303,15,0.1,5,0.05,0.4,log2,0.7343974175035868,0.6881448726047589,0.7350427350427351,0.6468725257323832,0.6370192307692307,0.5722379603399433,0.4611872146118721,0.753731343283582,0.6361386138613861,0.5611940298507463,0.44549763033175355,0.7580645161290323
1304,15,0.1,5,0.05,0.5,sqrt,0.7300932568149211,0.6846846846846847,0.7271918113039608,0.6468725257323832,0.6346153846153846,0.5706214689265536,0.4590909090909091,0.753731343283582,0.6336633663366337,0.5595238095238095,0.44339622641509435,0.7580645161290323
1305,15,0.1,5,0.05,0.5,log2,0.7390602582496413,0.6916719643992372,0.7441860465116279,0.6460807600950119,0.6394230769230769,0.5738636363636364,0.463302752293578,0.753731343283582,0.6361386138613861,0.5611940298507463,0.44549763033175355,0.7580645161290323
1306,15,0.1,5,0.05,0.6,sqrt,0.7446197991391679,0.6998313659359191,0.7484220018034266,0.6571654790182107,0.6418269230769231,0.5754985754985755,0.46543778801843316,0.753731343283582,0.6361386138613861,0.5611940298507463,0.44549763033175355,0.7580645161290323
1307,15,0.1,5,0.05,0.6,log2,0.741571018651363,0.697713446612125,0.7420794288264168,0.6583531274742677,0.6466346153846154,0.5835694050991501,0.4703196347031963,0.7686567164179104,0.6336633663366337,0.5647058823529412,0.4444444444444444,0.7741935483870968
1308,15,0.1,5,0.05,0.7,sqrt,0.7751076040172167,0.7508939213349225,0.7535885167464115,0.7482185273159145,0.6418269230769231,0.5872576177285319,0.4669603524229075,0.7910447761194029,0.6188118811881188,0.56,0.4336283185840708,0.7903225806451613
1309,15,0.1,5,0.05,0.7,log2,0.7465925394548063,0.7025889286466007,0.7501123595505618,0.6607284243863817,0.6442307692307693,0.5795454545454546,0.46788990825688076,0.7611940298507462,0.6435643564356436,0.5714285714285714,0.4528301886792453,0.7741935483870968
1310,15,0.1,5,0.1,0.3,sqrt,0.6739598278335724,0.6710097719869706,0.618,0.7339667458432304,0.5504807692307693,0.5493975903614458,0.40569395017793597,0.8507462686567164,0.5420792079207921,0.5340050377833753,0.3882783882783883,0.8548387096774194
1311,15,0.1,5,0.1,0.3,log2,0.7342180774748924,0.688,0.7347122302158273,0.6468725257323832,0.6346153846153846,0.5706214689265536,0.4590909090909091,0.753731343283582,0.6336633663366337,0.5595238095238095,0.44339622641509435,0.7580645161290323
1312,15,0.1,5,0.1,0.4,sqrt,0.7345767575322812,0.6882898062342039,0.7353735373537353,0.6468725257323832,0.6370192307692307,0.5722379603399433,0.4611872146118721,0.753731343283582,0.6361386138613861,0.5611940298507463,0.44549763033175355,0.7580645161290323
1313,15,0.1,5,0.1,0.4,log2,0.7342180774748924,0.688,0.7347122302158273,0.6468725257323832,0.6370192307692307,0.5722379603399433,0.4611872146118721,0.753731343283582,0.6336633663366337,0.5595238095238095,0.44339622641509435,0.7580645161290323
1314,15,0.1,5,0.1,0.5,sqrt,0.7080344332855093,0.6887189292543021,0.6660502958579881,0.71298495645289,0.59375,0.5699745547073791,0.43243243243243246,0.835820895522388,0.5841584158415841,0.5531914893617021,0.4126984126984127,0.8387096774193549
1315,15,0.1,5,0.1,0.5,log2,0.6788020086083214,0.6719179336874885,0.6252983293556086,0.7260490894695171,0.5576923076923077,0.551219512195122,0.40942028985507245,0.8432835820895522,0.556930693069307,0.5421994884910486,0.3970037453183521,0.8548387096774194
1316,15,0.1,5,0.1,0.6,sqrt,0.7342180774748924,0.688,0.7347122302158273,0.6468725257323832,0.6370192307692307,0.5722379603399433,0.4611872146118721,0.753731343283582,0.6361386138613861,0.5611940298507463,0.44549763033175355,0.7580645161290323
1317,15,0.1,5,0.1,0.6,log2,0.7291965566714491,0.6839681875261616,0.7255772646536413,0.6468725257323832,0.6274038461538461,0.5658263305322129,0.452914798206278,0.753731343283582,0.6262376237623762,0.5545722713864307,0.4372093023255814,0.7580645161290323
1318,15,0.1,5,0.1,0.7,sqrt,0.7306312769010043,0.6851153039832285,0.7281639928698752,0.6468725257323832,0.6346153846153846,0.5706214689265536,0.4590909090909091,0.753731343283582,0.6336633663366337,0.5595238095238095,0.44339622641509435,0.7580645161290323
1319,15,0.1,5,0.1,0.7,log2,0.7342180774748924,0.688,0.7347122302158273,0.6468725257323832,0.6370192307692307,0.5722379603399433,0.4611872146118721,0.753731343283582,0.6336633663366337,0.5595238095238095,0.44339622641509435,0.7580645161290323
1320,15,0.1,6,0.05,0.3,sqrt,0.7342180774748924,0.688,0.7347122302158273,0.6468725257323832,0.6370192307692307,0.5722379603399433,0.4611872146118721,0.753731343283582,0.6336633663366337,0.5595238095238095,0.44339622641509435,0.7580645161290323
1321,15,0.1,6,0.05,0.3,log2,0.741571018651363,0.6968230591205554,0.7436012572968118,0.6555819477434679,0.6418269230769231,0.5779036827195467,0.4657534246575342,0.7611940298507462,0.6287128712871287,0.5562130177514792,0.4392523364485981,0.7580645161290323
1322,15,0.1,6,0.05,0.4,sqrt,0.7338593974175036,0.6877104377104377,0.734052111410602,0.6468725257323832,0.6346153846153846,0.5706214689265536,0.4590909090909091,0.753731343283582,0.6336633663366337,0.5595238095238095,0.44339622641509435,0.7580645161290323
1323,15,0.1,6,0.05,0.4,log2,0.7395982783357246,0.6915887850467289,0.7461044912923923,0.6444972288202692,0.6418269230769231,0.5754985754985755,0.46543778801843316,0.753731343283582,0.6410891089108911,0.5645645645645646,0.44976076555023925,0.7580645161290323
1324,15,0.1,6,0.05,0.5,sqrt,0.7342180774748924,0.6881313131313131,0.7345013477088949,0.6472684085510689,0.6370192307692307,0.5722379603399433,0.4611872146118721,0.753731343283582,0.6336633663366337,0.5595238095238095,0.44339622641509435,0.7580645161290323
1325,15,0.1,6,0.05,0.5,log2,0.7437230989956959,0.6983322778129618,0.7480777928539123,0.6547901821060966,0.6394230769230769,0.5738636363636364,0.463302752293578,0.753731343283582,0.6410891089108911,0.5645645645645646,0.44976076555023925,0.7580645161290323
1326,15,0.1,6,0.05,0.6,sqrt,0.7370875179340028,0.693561872909699,0.7347209920283436,0.6567695961995249,0.6370192307692307,0.5746478873239437,0.46153846153846156,0.7611940298507462,0.6386138613861386,0.5680473372781065,0.4485981308411215,0.7741935483870968
1327,15,0.1,6,0.05,0.6,log2,0.744261119081779,0.6985200845665962,0.7495462794918331,0.6539984164687253,0.6394230769230769,0.5738636363636364,0.463302752293578,0.753731343283582,0.6410891089108911,0.5645645645645646,0.44976076555023925,0.7580645161290323
1328,15,0.1,6,0.05,0.7,sqrt,0.7645265423242468,0.7389142970769537,0.7423092289252896,0.735550277117973,0.6442307692307693,0.5956284153005464,0.4698275862068966,0.8134328358208955,0.6188118811881188,0.5574712643678161,0.4330357142857143,0.782258064516129
1329,15,0.1,6,0.05,0.7,log2,0.7412123385939742,0.6930440331844289,0.7489655172413793,0.6448931116389549,0.6418269230769231,0.5754985754985755,0.46543778801843316,0.753731343283582,0.6410891089108911,0.5645645645645646,0.44976076555023925,0.7580645161290323
1330,15,0.1,6,0.1,0.3,sqrt,0.7227403156384505,0.6788533444121313,0.7141608391608392,0.6468725257323832,0.6274038461538461,0.5658263305322129,0.452914798206278,0.753731343283582,0.6262376237623762,0.5545722713864307,0.4372093023255814,0.7580645161290323
1331,15,0.1,6,0.1,0.3,log2,0.6757532281205165,0.6722262509064539,0.620066889632107,0.7339667458432304,0.5600961538461539,0.5547445255474452,0.41155234657039713,0.8507462686567164,0.5420792079207921,0.5340050377833753,0.3882783882783883,0.8548387096774194
1332,15,0.1,6,0.1,0.4,sqrt,0.7259684361549498,0.6814011676396997,0.7198237885462555,0.6468725257323832,0.6274038461538461,0.5658263305322129,0.452914798206278,0.753731343283582,0.6287128712871287,0.5562130177514792,0.4392523364485981,0.7580645161290323
1333,15,0.1,6,0.1,0.4,log2,0.7234576757532282,0.6794178794178795,0.7154115586690017,0.6468725257323832,0.6274038461538461,0.5658263305322129,0.452914798206278,0.753731343283582,0.6262376237623762,0.5545722713864307,0.4372093023255814,0.7580645161290323
1334,15,0.1,6,0.1,0.5,sqrt,0.7347560975609756,0.6886971163965481,0.7352808988764045,0.6476642913697546,0.6346153846153846,0.5706214689265536,0.4590909090909091,0.753731343283582,0.6361386138613861,0.5611940298507463,0.44549763033175355,0.7580645161290323
1335,15,0.1,6,0.1,0.5,log2,0.7343974175035868,0.6880134821992837,0.7352543899144529,0.6464766429136976,0.6370192307692307,0.5722379603399433,0.4611872146118721,0.753731343283582,0.6361386138613861,0.5611940298507463,0.44549763033175355,0.7580645161290323
1336,15,0.1,6,0.1,0.6,sqrt,0.7225609756097561,0.6787123572170302,0.7138488422892093,0.6468725257323832,0.625,0.5617977528089888,0.45045045045045046,0.746268656716418,0.6262376237623762,0.5545722713864307,0.4372093023255814,0.7580645161290323
1337,15,0.1,6,0.1,0.6,log2,0.7245337159253945,0.6802664446294754,0.7172958735733099,0.6468725257323832,0.6274038461538461,0.5658263305322129,0.452914798206278,0.753731343283582,0.6262376237623762,0.5545722713864307,0.4372093023255814,0.7580645161290323
1338,15,0.1,6,0.1,0.7,sqrt,0.7345767575322812,0.6885521885521886,0.7349505840071878,0.6476642913697546,0.6346153846153846,0.5706214689265536,0.4590909090909091,0.753731343283582,0.6336633663366337,0.5595238095238095,0.44339622641509435,0.7580645161290323
1339,15,0.1,6,0.1,0.7,log2,0.734038737446198,0.6878551883813934,0.7343820224719101,0.6468725257323832,0.6346153846153846,0.5706214689265536,0.4590909090909091,0.753731343283582,0.6361386138613861,0.5611940298507463,0.44549763033175355,0.7580645161290323
1340,15,0.1,7,0.05,0.3,sqrt,0.7408536585365854,0.6926185917889811,0.7485057471264368,0.6444972288202692,0.6418269230769231,0.5754985754985755,0.46543778801843316,0.753731343283582,0.6435643564356436,0.5662650602409639,0.4519230769230769,0.7580645161290323
1341,15,0.1,7,0.05,0.3,log2,0.7327833572453372,0.6913835956917979,0.7250217202432667,0.6607284243863817,0.6346153846153846,0.5777777777777777,0.46017699115044247,0.7761194029850746,0.6188118811881188,0.5549132947976878,0.43243243243243246,0.7741935483870968
1342,15,0.1,7,0.05,0.4,sqrt,0.734038737446198,0.6878551883813934,0.7343820224719101,0.6468725257323832,0.6346153846153846,0.5706214689265536,0.4590909090909091,0.753731343283582,0.6336633663366337,0.5595238095238095,0.44339622641509435,0.7580645161290323
1343,15,0.1,7,0.05,0.4,log2,0.7410329985652798,0.6927659574468085,0.7488500459981601,0.6444972288202692,0.6418269230769231,0.5754985754985755,0.46543778801843316,0.753731343283582,0.6410891089108911,0.5645645645645646,0.44976076555023925,0.7580645161290323
1344,15,0.1,7,0.05,0.5,sqrt,0.7397776183644189,0.6918666383520917,0.7462207970682547,0.6448931116389549,0.6418269230769231,0.5754985754985755,0.46543778801843316,0.753731343283582,0.6386138613861386,0.562874251497006,0.44761904761904764,0.7580645161290323
1345,15,0.1,7,0.05,0.5,log2,0.7399569583931134,0.6918827029324267,0.7467889908256881,0.6444972288202692,0.6418269230769231,0.5754985754985755,0.46543778801843316,0.753731343283582,0.6361386138613861,0.5611940298507463,0.44549763033175355,0.7580645161290323
1346,15,0.1,7,0.05,0.6,sqrt,0.7487446197991392,0.7087923508626065,0.7461706783369803,0.6749802058590657,0.6538461538461539,0.5955056179775281,0.4774774774774775,0.7910447761194029,0.6311881188118812,0.5630498533724341,0.4423963133640553,0.7741935483870968
1347,15,0.1,7,0.05,0.6,log2,0.7385222381635581,0.6977611940298507,0.7323759791122716,0.666270783847981,0.6370192307692307,0.5793871866295265,0.4622222222222222,0.7761194029850746,0.6311881188118812,0.565597667638484,0.4429223744292237,0.782258064516129
1348,15,0.1,7,0.05,0.7,sqrt,0.7711621233859397,0.7394855042874643,0.7634907251264755,0.7169437846397466,0.6418269230769231,0.5802816901408451,0.4660633484162896,0.7686567164179104,0.6336633663366337,0.5647058823529412,0.4444444444444444,0.7741935483870968
1349,15,0.1,7,0.05,0.7,log2,0.7401362984218077,0.704225352112676,0.7269279393173198,0.6828978622327792,0.6225961538461539,0.5626740947075209,0.4488888888888889,0.753731343283582,0.6237623762376238,0.5529411764705883,0.4351851851851852,0.7580645161290323
1350,15,0.1,7,0.1,0.3,sqrt,0.7342180774748924,0.688,0.7347122302158273,0.6468725257323832,0.6346153846153846,0.5706214689265536,0.4590909090909091,0.753731343283582,0.6336633663366337,0.5595238095238095,0.44339622641509435,0.7580645161290323
1351,15,0.1,7,0.1,0.3,log2,0.7342180774748924,0.688,0.7347122302158273,0.6468725257323832,0.6370192307692307,0.5722379603399433,0.4611872146118721,0.753731343283582,0.6336633663366337,0.5595238095238095,0.44339622641509435,0.7580645161290323
1352,15,0.1,7,0.1,0.4,sqrt,0.6734218077474893,0.6706456863809007,0.6173826173826173,0.7339667458432304,0.5504807692307693,0.5493975903614458,0.40569395017793597,0.8507462686567164,0.5420792079207921,0.5340050377833753,0.3882783882783883,0.8548387096774194
1353,15,0.1,7,0.1,0.4,log2,0.7338593974175036,0.6877104377104377,0.734052111410602,0.6468725257323832,0.6346153846153846,0.5706214689265536,0.4590909090909091,0.753731343283582,0.6336633663366337,0.5595238095238095,0.44339622641509435,0.7580645161290323
1354,15,0.1,7,0.1,0.5,sqrt,0.7250717360114778,0.6808244846970644,0.7180500658761528,0.6472684085510689,0.6274038461538461,0.5658263305322129,0.452914798206278,0.753731343283582,0.6262376237623762,0.5545722713864307,0.4372093023255814,0.7580645161290323
1355,15,0.1,7,0.1,0.5,log2,0.7243543758967002,0.6801248699271593,0.7169811320754716,0.6468725257323832,0.6274038461538461,0.5658263305322129,0.452914798206278,0.753731343283582,0.6287128712871287,0.5562130177514792,0.4392523364485981,0.7580645161290323
1356,15,0.1,7,0.1,0.6,sqrt,0.740674318507891,0.7016095749071399,0.7327586206896551,0.6730007917656373,0.6394230769230769,0.5879120879120879,0.4652173913043478,0.7985074626865671,0.6089108910891089,0.5459770114942529,0.42410714285714285,0.7661290322580645
1357,15,0.1,7,0.1,0.6,log2,0.7022955523672884,0.6870286576168929,0.6558675305975522,0.721298495645289,0.59375,0.5721518987341773,0.4329501915708812,0.8432835820895522,0.5618811881188119,0.5402597402597402,0.39846743295019155,0.8387096774193549
1358,15,0.1,7,0.1,0.7,sqrt,0.7335007173601148,0.6874211190576357,0.7333931777378815,0.6468725257323832,0.6370192307692307,0.5722379603399433,0.4611872146118721,0.753731343283582,0.6311881188118812,0.5578635014836796,0.4413145539906103,0.7580645161290323
1359,15,0.1,7,0.1,0.7,log2,0.7342180774748924,0.688,0.7347122302158273,0.6468725257323832,0.6370192307692307,0.5722379603399433,0.4611872146118721,0.753731343283582,0.6336633663366337,0.5595238095238095,0.44339622641509435,0.7580645161290323
1360,15,0.1,8,0.05,0.3,sqrt,0.7342180774748924,0.688,0.7347122302158273,0.6468725257323832,0.6346153846153846,0.5706214689265536,0.4590909090909091,0.753731343283582,0.6361386138613861,0.5611940298507463,0.44549763033175355,0.7580645161290323
1361,15,0.1,8,0.05,0.3,log2,0.7426470588235294,0.6975763962065332,0.7458314556106355,0.6551860649247823,0.6466346153846154,0.5835694050991501,0.4703196347031963,0.7686567164179104,0.6336633663366337,0.5595238095238095,0.44339622641509435,0.7580645161290323
1362,15,0.1,8,0.05,0.4,sqrt,0.7401362984218077,0.6920297555791711,0.7471317117944011,0.6444972288202692,0.6418269230769231,0.5754985754985755,0.46543778801843316,0.753731343283582,0.6410891089108911,0.5645645645645646,0.44976076555023925,0.7580645161290323
1363,15,0.1,8,0.05,0.4,log2,0.7410329985652798,0.6927659574468085,0.7488500459981601,0.6444972288202692,0.6418269230769231,0.5754985754985755,0.46543778801843316,0.753731343283582,0.6435643564356436,0.5662650602409639,0.4519230769230769,0.7580645161290323
1364,15,0.1,8,0.05,0.5,sqrt,0.7478479196556671,0.7109375,0.7395209580838323,0.6844813935075218,0.6370192307692307,0.5746478873239437,0.46153846153846156,0.7611940298507462,0.6311881188118812,0.5630498533724341,0.4423963133640553,0.7741935483870968
1365,15,0.1,8,0.05,0.5,log2,0.7363701578192252,0.6919530595138307,0.7350845948352627,0.6536025336500396,0.6370192307692307,0.5722379603399433,0.4611872146118721,0.753731343283582,0.6361386138613861,0.5637982195845698,0.4460093896713615,0.7661290322580645
1366,15,0.1,8,0.05,0.6,sqrt,0.7469512195121951,0.7020063357972545,0.7523766410140335,0.6579572446555819,0.6442307692307693,0.5795454545454546,0.46788990825688076,0.7611940298507462,0.6410891089108911,0.5645645645645646,0.44976076555023925,0.7580645161290323
1367,15,0.1,8,0.05,0.6,log2,0.7381635581061693,0.6923725242309313,0.7400900900900901,0.6504354711005542,0.6394230769230769,0.5738636363636364,0.463302752293578,0.753731343283582,0.6361386138613861,0.5611940298507463,0.44549763033175355,0.7580645161290323
1368,15,0.1,8,0.05,0.7,sqrt,0.7381635581061693,0.6941767909509845,0.7370996441281139,0.6559778305621536,0.6370192307692307,0.5722379603399433,0.4611872146118721,0.753731343283582,0.6336633663366337,0.5595238095238095,0.44339622641509435,0.7580645161290323
1369,15,0.1,8,0.05,0.7,log2,0.7614777618364419,0.7272354388843314,0.754468085106383,0.7019002375296912,0.6394230769230769,0.576271186440678,0.4636363636363636,0.7611940298507462,0.6386138613861386,0.5680473372781065,0.4485981308411215,0.7741935483870968
1370,15,0.1,8,0.1,0.3,sqrt,0.7336800573888091,0.687565747948664,0.7337224966322407,0.6468725257323832,0.6346153846153846,0.5706214689265536,0.4590909090909091,0.753731343283582,0.6336633663366337,0.5595238095238095,0.44339622641509435,0.7580645161290323
1371,15,0.1,8,0.1,0.3,log2,0.7248923959827833,0.6805497709287797,0.7179261862917399,0.6468725257323832,0.6274038461538461,0.5658263305322129,0.452914798206278,0.753731343283582,0.6262376237623762,0.5545722713864307,0.4372093023255814,0.7580645161290323
1372,15,0.1,8,0.1,0.4,sqrt,0.724713055954089,0.6804080782844055,0.717610891523935,0.6468725257323832,0.6274038461538461,0.5658263305322129,0.452914798206278,0.753731343283582,0.6287128712871287,0.5562130177514792,0.4392523364485981,0.7580645161290323
1373,15,0.1,8,0.1,0.4,log2,0.7168220946915351,0.6745001030715316,0.7036559139784946,0.6476642913697546,0.625,0.5642458100558659,0.45089285714285715,0.753731343283582,0.6262376237623762,0.5545722713864307,0.4372093023255814,0.7580645161290323
1374,15,0.1,8,0.1,0.5,sqrt,0.7284791965566715,0.6833960685905479,0.724290780141844,0.6468725257323832,0.6322115384615384,0.5690140845070423,0.45701357466063347,0.753731343283582,0.6311881188118812,0.5578635014836796,0.4413145539906103,0.7580645161290323
1375,15,0.1,8,0.1,0.5,log2,0.7410329985652798,0.7073368463721119,0.7246677740863787,0.6908155186064925,0.6274038461538461,0.5844504021447721,0.4560669456066946,0.8134328358208955,0.6188118811881188,0.56,0.4336283185840708,0.7903225806451613
1376,15,0.1,8,0.1,0.6,sqrt,0.7239956958393113,0.6798418972332015,0.716352476983779,0.6468725257323832,0.6274038461538461,0.5658263305322129,0.452914798206278,0.753731343283582,0.6262376237623762,0.5545722713864307,0.4372093023255814,0.7580645161290323
1377,15,0.1,8,0.1,0.6,log2,0.7410329985652798,0.6927659574468085,0.7488500459981601,0.6444972288202692,0.6418269230769231,0.5754985754985755,0.46543778801843316,0.753731343283582,0.6410891089108911,0.5645645645645646,0.44976076555023925,0.7580645161290323
1378,15,0.1,8,0.1,0.7,sqrt,0.7440817790530847,0.7037575254307661,0.7398515931907464,0.671021377672209,0.6418269230769231,0.5872576177285319,0.4669603524229075,0.7910447761194029,0.6188118811881188,0.5523255813953488,0.4318181818181818,0.7661290322580645
1379,15,0.1,8,0.1,0.7,log2,0.7408536585365854,0.6926185917889811,0.7485057471264368,0.6444972288202692,0.6418269230769231,0.5754985754985755,0.46543778801843316,0.753731343283582,0.6410891089108911,0.5645645645645646,0.44976076555023925,0.7580645161290323
1380,15,0.1,9,0.05,0.3,sqrt,0.7397776183644189,0.6921281561638023,0.7457704618198445,0.6456848772763262,0.6418269230769231,0.5754985754985755,0.46543778801843316,0.753731343283582,0.6361386138613861,0.5611940298507463,0.44549763033175355,0.7580645161290323
1381,15,0.1,9,0.05,0.3,log2,0.7421090387374462,0.7014119601328903,0.7375545851528384,0.668646080760095,0.6346153846153846,0.580110497237569,0.4605263157894737,0.7835820895522388,0.6188118811881188,0.5523255813953488,0.4318181818181818,0.7661290322580645
1382,15,0.1,9,0.05,0.4,sqrt,0.7401362984218077,0.6920297555791711,0.7471317117944011,0.6444972288202692,0.6418269230769231,0.5754985754985755,0.46543778801843316,0.753731343283582,0.6435643564356436,0.5662650602409639,0.4519230769230769,0.7580645161290323
1383,15,0.1,9,0.05,0.4,log2,0.7431850789096126,0.7022869022869023,0.739492119089317,0.668646080760095,0.6370192307692307,0.5746478873239437,0.46153846153846156,0.7611940298507462,0.6361386138613861,0.5611940298507463,0.44549763033175355,0.7580645161290323
1384,15,0.1,9,0.05,0.5,sqrt,0.7401362984218077,0.6920297555791711,0.7471317117944011,0.6444972288202692,0.6418269230769231,0.5754985754985755,0.46543778801843316,0.753731343283582,0.6410891089108911,0.5645645645645646,0.44976076555023925,0.7580645161290323
1385,15,0.1,9,0.05,0.5,log2,0.7342180774748924,0.6882625157761885,0.7342908438061041,0.6476642913697546,0.6370192307692307,0.5722379603399433,0.4611872146118721,0.753731343283582,0.6311881188118812,0.5578635014836796,0.4413145539906103,0.7580645161290323
1386,15,0.1,9,0.05,0.6,sqrt,0.734038737446198,0.6882488963632541,0.7337516808606006,0.6480601741884402,0.6370192307692307,0.5722379603399433,0.4611872146118721,0.753731343283582,0.6336633663366337,0.5595238095238095,0.44339622641509435,0.7580645161290323
1387,15,0.1,9,0.05,0.6,log2,0.7564562410329986,0.7269802975472457,0.738562091503268,0.7157561361836896,0.6225961538461539,0.5722070844686649,0.45064377682403434,0.7835820895522388,0.6287128712871287,0.5689655172413793,0.4419642857142857,0.7983870967741935
1388,15,0.1,9,0.05,0.7,sqrt,0.7517934002869441,0.7129821650767316,0.7486933797909407,0.6805225653206651,0.6346153846153846,0.5730337078651685,0.4594594594594595,0.7611940298507462,0.6262376237623762,0.5545722713864307,0.4372093023255814,0.7580645161290323
1389,15,0.1,9,0.05,0.7,log2,0.7349354375896701,0.69450186027284,0.726643598615917,0.665083135391924,0.6394230769230769,0.576271186440678,0.4636363636363636,0.7611940298507462,0.6262376237623762,0.5597667638483965,0.4383561643835616,0.7741935483870968
1390,15,0.1,9,0.1,0.3,sqrt,0.7347560975609756,0.6886971163965481,0.7352808988764045,0.6476642913697546,0.6346153846153846,0.5706214689265536,0.4590909090909091,0.753731343283582,0.6336633663366337,0.5595238095238095,0.44339622641509435,0.7580645161290323
1391,15,0.1,9,0.1,0.3,log2,0.6743185078909613,0.6712527154236061,0.6184122748498999,0.7339667458432304,0.5528846153846154,0.5507246376811594,0.40714285714285714,0.8507462686567164,0.5420792079207921,0.5340050377833753,0.3882783882783883,0.8548387096774194
1392,15,0.1,9,0.1,0.4,sqrt,0.6757532281205165,0.6722262509064539,0.620066889632107,0.7339667458432304,0.5600961538461539,0.5547445255474452,0.41155234657039713,0.8507462686567164,0.5420792079207921,0.5340050377833753,0.3882783882783883,0.8548387096774194
1393,15,0.1,9,0.1,0.4,log2,0.7401362984218077,0.6922913569760034,0.7466788822721027,0.6452889944576405,0.6418269230769231,0.5754985754985755,0.46543778801843316,0.753731343283582,0.6410891089108911,0.5645645645645646,0.44976076555023925,0.7580645161290323
1394,15,0.1,9,0.1,0.5,sqrt,0.6746771879483501,0.6714958348424483,0.6188251001335113,0.7339667458432304,0.5552884615384616,0.5520581113801453,0.40860215053763443,0.8507462686567164,0.5420792079207921,0.5340050377833753,0.3882783882783883,0.8548387096774194
1395,15,0.1,9,0.1,0.5,log2,0.7245337159253945,0.6803995006242197,0.7171052631578947,0.6472684085510689,0.6274038461538461,0.5658263305322129,0.452914798206278,0.753731343283582,0.6262376237623762,0.5545722713864307,0.4372093023255814,0.7580645161290323
1396,15,0.1,9,0.1,0.6,sqrt,0.7345767575322812,0.6882898062342039,0.7353735373537353,0.6468725257323832,0.6370192307692307,0.5722379603399433,0.4611872146118721,0.753731343283582,0.6361386138613861,0.5611940298507463,0.44549763033175355,0.7580645161290323
1397,15,0.1,9,0.1,0.6,log2,0.7239956958393113,0.6806391367503631,0.7152202354993459,0.6492478226444972,0.6274038461538461,0.5658263305322129,0.452914798206278,0.753731343283582,0.6262376237623762,0.5545722713864307,0.4372093023255814,0.7580645161290323
1398,15,0.1,9,0.1,0.7,sqrt,0.7342180774748924,0.688,0.7347122302158273,0.6468725257323832,0.6370192307692307,0.5722379603399433,0.4611872146118721,0.753731343283582,0.6361386138613861,0.5611940298507463,0.44549763033175355,0.7580645161290323
1399,15,0.1,9,0.1,0.7,log2,0.7304519368723099,0.6849717040452735,0.7278396436525613,0.6468725257323832,0.6370192307692307,0.5722379603399433,0.4611872146118721,0.753731343283582,0.6336633663366337,0.5595238095238095,0.44339622641509435,0.7580645161290323
1400,15,0.15,3,0.05,0.3,sqrt,0.7342180774748924,0.6878685762426284,0.7349234923492349,0.6464766429136976,0.6370192307692307,0.5722379603399433,0.4611872146118721,0.753731343283582,0.6336633663366337,0.5595238095238095,0.44339622641509435,0.7580645161290323
1401,15,0.15,3,0.05,0.3,log2,0.7239956958393113,0.6798418972332015,0.716352476983779,0.6468725257323832,0.6274038461538461,0.5658263305322129,0.452914798206278,0.753731343283582,0.6262376237623762,0.5545722713864307,0.4372093023255814,0.7580645161290323
1402,15,0.15,3,0.05,0.4,sqrt,0.7428263988522238,0.6974683544303798,0.7466124661246613,0.6543942992874109,0.6442307692307693,0.5795454545454546,0.46788990825688076,0.7611940298507462,0.6336633663366337,0.5595238095238095,0.44339622641509435,0.7580645161290323
1403,15,0.15,3,0.05,0.4,log2,0.7239956958393113,0.6795752654590881,0.7167325428194994,0.6460807600950119,0.6274038461538461,0.5658263305322129,0.452914798206278,0.753731343283582,0.6287128712871287,0.5562130177514792,0.4392523364485981,0.7580645161290323
1404,15,0.15,3,0.05,0.5,sqrt,0.7248923959827833,0.6805497709287797,0.7179261862917399,0.6468725257323832,0.6274038461538461,0.5658263305322129,0.452914798206278,0.753731343283582,0.6262376237623762,0.5545722713864307,0.4372093023255814,0.7580645161290323
1405,15,0.15,3,0.05,0.5,log2,0.7413916786226685,0.6933219906422798,0.7490808823529411,0.6452889944576405,0.6418269230769231,0.5754985754985755,0.46543778801843316,0.753731343283582,0.6410891089108911,0.5645645645645646,0.44976076555023925,0.7580645161290323
1406,15,0.15,3,0.05,0.6,sqrt,0.7408536585365854,0.6990210372838992,0.7375824175824176,0.6642913697545526,0.6394230769230769,0.576271186440678,0.4636363636363636,0.7611940298507462,0.6311881188118812,0.5578635014836796,0.4413145539906103,0.7580645161290323
1407,15,0.15,3,0.05,0.6,log2,0.71987087517934,0.6768721555647497,0.708838821490468,0.6476642913697546,0.6274038461538461,0.5658263305322129,0.452914798206278,0.753731343283582,0.6262376237623762,0.5545722713864307,0.4372093023255814,0.7580645161290323
1408,15,0.15,3,0.05,0.7,sqrt,0.736728837876614,0.694421315570358,0.7322212467076383,0.6603325415676959,0.6346153846153846,0.5706214689265536,0.4590909090909091,0.753731343283582,0.6262376237623762,0.5545722713864307,0.4372093023255814,0.7580645161290323
1409,15,0.15,3,0.05,0.7,log2,0.754842180774749,0.7197047365183514,0.7464908549553382,0.6947743467933492,0.6418269230769231,0.584958217270195,0.4666666666666667,0.7835820895522388,0.6237623762376238,0.5632183908045977,0.4375,0.7903225806451613
1410,15,0.15,3,0.1,0.3,sqrt,0.734038737446198,0.6878551883813934,0.7343820224719101,0.6468725257323832,0.6346153846153846,0.5706214689265536,0.4590909090909091,0.753731343283582,0.6361386138613861,0.5611940298507463,0.44549763033175355,0.7580645161290323
1411,15,0.15,3,0.1,0.3,log2,0.7338593974175036,0.6877104377104377,0.734052111410602,0.6468725257323832,0.6346153846153846,0.5706214689265536,0.4590909090909091,0.753731343283582,0.6336633663366337,0.5595238095238095,0.44339622641509435,0.7580645161290323
1412,15,0.15,3,0.1,0.4,sqrt,0.7092898134863702,0.668710402615982,0.6911702577101817,0.6476642913697546,0.6201923076923077,0.5611111111111111,0.4469026548672566,0.753731343283582,0.6212871287128713,0.5513196480938416,0.43317972350230416,0.7580645161290323
1413,15,0.15,3,0.1,0.4,log2,0.7410329985652798,0.6927659574468085,0.7488500459981601,0.6444972288202692,0.6418269230769231,0.5754985754985755,0.46543778801843316,0.753731343283582,0.6410891089108911,0.5645645645645646,0.44976076555023925,0.7580645161290323
1414,15,0.15,3,0.1,0.5,sqrt,0.7343974175035868,0.6881448726047589,0.7350427350427351,0.6468725257323832,0.6370192307692307,0.5722379603399433,0.4611872146118721,0.753731343283582,0.6336633663366337,0.5595238095238095,0.44339622641509435,0.7580645161290323
1415,15,0.15,3,0.1,0.5,log2,0.7352941176470589,0.6926280716368179,0.7306678383128296,0.6583531274742677,0.6370192307692307,0.5746478873239437,0.46153846153846156,0.7611940298507462,0.6212871287128713,0.5513196480938416,0.43317972350230416,0.7580645161290323
1416,15,0.15,3,0.1,0.6,sqrt,0.7342180774748924,0.688,0.7347122302158273,0.6468725257323832,0.6370192307692307,0.5722379603399433,0.4611872146118721,0.753731343283582,0.6361386138613861,0.5611940298507463,0.44549763033175355,0.7580645161290323
1417,15,0.15,3,0.1,0.6,log2,0.7232783357245337,0.6792766576595303,0.7150984682713348,0.6468725257323832,0.6274038461538461,0.5658263305322129,0.452914798206278,0.753731343283582,0.6262376237623762,0.5545722713864307,0.4372093023255814,0.7580645161290323
1418,15,0.15,3,0.1,0.7,sqrt,0.7252510760401721,0.6809662640566431,0.718365553602812,0.6472684085510689,0.6274038461538461,0.5658263305322129,0.452914798206278,0.753731343283582,0.6262376237623762,0.5545722713864307,0.4372093023255814,0.7580645161290323
1419,15,0.15,3,0.1,0.7,log2,0.740674318507891,0.6924712888132709,0.7481617647058824,0.6444972288202692,0.6418269230769231,0.5754985754985755,0.46543778801843316,0.753731343283582,0.6410891089108911,0.5645645645645646,0.44976076555023925,0.7580645161290323
1420,15,0.15,4,0.05,0.3,sqrt,0.725609756097561,0.681117132138391,0.7191901408450704,0.6468725257323832,0.6274038461538461,0.5658263305322129,0.452914798206278,0.753731343283582,0.6262376237623762,0.5545722713864307,0.4372093023255814,0.7580645161290323
1421,15,0.15,4,0.05,0.3,log2,0.7390602582496413,0.6911483761409467,0.7450800915331808,0.6444972288202692,0.6394230769230769,0.5738636363636364,0.463302752293578,0.753731343283582,0.6410891089108911,0.5645645645645646,0.44976076555023925,0.7580645161290323
1422,15,0.15,4,0.05,0.4,sqrt,0.7335007173601148,0.6874211190576357,0.7333931777378815,0.6468725257323832,0.6346153846153846,0.5706214689265536,0.4590909090909091,0.753731343283582,0.6311881188118812,0.5578635014836796,0.4413145539906103,0.7580645161290323
1423,15,0.15,4,0.05,0.4,log2,0.7403156384505022,0.6921768707482994,0.7474747474747475,0.6444972288202692,0.6418269230769231,0.5754985754985755,0.46543778801843316,0.753731343283582,0.6386138613861386,0.562874251497006,0.44761904761904764,0.7580645161290323
1424,15,0.15,4,0.05,0.5,sqrt,0.7392395982783357,0.6956885726245291,0.7380106571936057,0.6579572446555819,0.6370192307692307,0.5722379603399433,0.4611872146118721,0.753731343283582,0.6361386138613861,0.5611940298507463,0.44549763033175355,0.7580645161290323
1425,15,0.15,4,0.05,0.5,log2,0.7399569583931134,0.6918827029324267,0.7467889908256881,0.6444972288202692,0.6418269230769231,0.5754985754985755,0.46543778801843316,0.753731343283582,0.6410891089108911,0.5645645645645646,0.44976076555023925,0.7580645161290323
1426,15,0.15,4,0.05,0.6,sqrt,0.7413916786226685,0.7004570004154549,0.7368881118881119,0.667458432304038,0.6394230769230769,0.576271186440678,0.4636363636363636,0.7611940298507462,0.6336633663366337,0.5647058823529412,0.4444444444444444,0.7741935483870968
1427,15,0.15,4,0.05,0.6,log2,0.7259684361549498,0.6814011676396997,0.7198237885462555,0.6468725257323832,0.6322115384615384,0.5690140845070423,0.45701357466063347,0.753731343283582,0.6262376237623762,0.5545722713864307,0.4372093023255814,0.7580645161290323
1428,15,0.15,4,0.05,0.7,sqrt,0.7374461979913917,0.693723849372385,0.735581188997338,0.6563737133808393,0.6370192307692307,0.5722379603399433,0.4611872146118721,0.753731343283582,0.6311881188118812,0.5578635014836796,0.4413145539906103,0.7580645161290323
1429,15,0.15,4,0.05,0.7,log2,0.734038737446198,0.6878551883813934,0.7343820224719101,0.6468725257323832,0.6346153846153846,0.5706214689265536,0.4590909090909091,0.753731343283582,0.6336633663366337,0.5595238095238095,0.44339622641509435,0.7580645161290323
1430,15,0.15,4,0.1,0.3,sqrt,0.7338593974175036,0.6874473462510531,0.7344734473447345,0.6460807600950119,0.6370192307692307,0.5722379603399433,0.4611872146118721,0.753731343283582,0.6361386138613861,0.5611940298507463,0.44549763033175355,0.7580645161290323
1431,15,0.15,4,0.1,0.3,log2,0.7338593974175036,0.6877104377104377,0.734052111410602,0.6468725257323832,0.6370192307692307,0.5722379603399433,0.4611872146118721,0.753731343283582,0.6336633663366337,0.5595238095238095,0.44339622641509435,0.7580645161290323
1432,15,0.15,4,0.1,0.4,sqrt,0.734038737446198,0.6878551883813934,0.7343820224719101,0.6468725257323832,0.6346153846153846,0.5706214689265536,0.4590909090909091,0.753731343283582,0.6336633663366337,0.5595238095238095,0.44339622641509435,0.7580645161290323
1433,15,0.15,4,0.1,0.4,log2,0.6734218077474893,0.6706456863809007,0.6173826173826173,0.7339667458432304,0.5504807692307693,0.5493975903614458,0.40569395017793597,0.8507462686567164,0.5420792079207921,0.5340050377833753,0.3882783882783883,0.8548387096774194
1434,15,0.15,4,0.1,0.5,sqrt,0.7394189383070301,0.69144191972818,0.7457627118644068,0.6444972288202692,0.6394230769230769,0.5738636363636364,0.463302752293578,0.753731343283582,0.6410891089108911,0.5645645645645646,0.44976076555023925,0.7580645161290323
1435,15,0.15,4,0.1,0.5,log2,0.7336800573888091,0.687565747948664,0.7337224966322407,0.6468725257323832,0.6346153846153846,0.5706214689265536,0.4590909090909091,0.753731343283582,0.6336633663366337,0.5595238095238095,0.44339622641509435,0.7580645161290323
1436,15,0.15,4,0.1,0.6,sqrt,0.7401362984218077,0.6922913569760034,0.7466788822721027,0.6452889944576405,0.6394230769230769,0.5738636363636364,0.463302752293578,0.753731343283582,0.6410891089108911,0.5645645645645646,0.44976076555023925,0.7580645161290323
1437,15,0.15,4,0.1,0.6,log2,0.7410329985652798,0.6927659574468085,0.7488500459981601,0.6444972288202692,0.6418269230769231,0.5754985754985755,0.46543778801843316,0.753731343283582,0.6410891089108911,0.5645645645645646,0.44976076555023925,0.7580645161290323
1438,15,0.15,4,0.1,0.7,sqrt,0.7469512195121951,0.7062252758692484,0.7448397013614405,0.6714172604908947,0.6538461538461539,0.5977653631284916,0.47767857142857145,0.7985074626865671,0.6262376237623762,0.5571847507331378,0.4377880184331797,0.7661290322580645
1439,15,0.15,4,0.1,0.7,log2,0.7343974175035868,0.6880134821992837,0.7352543899144529,0.6464766429136976,0.6370192307692307,0.5722379603399433,0.4611872146118721,0.753731343283582,0.6386138613861386,0.562874251497006,0.44761904761904764,0.7580645161290323
1440,15,0.15,5,0.05,0.3,sqrt,0.7381635581061693,0.6904156064461408,0.7433789954337899,0.6444972288202692,0.6394230769230769,0.5738636363636364,0.463302752293578,0.753731343283582,0.6386138613861386,0.562874251497006,0.44761904761904764,0.7580645161290323
1441,15,0.15,5,0.05,0.3,log2,0.734038737446198,0.6878551883813934,0.7343820224719101,0.6468725257323832,0.6370192307692307,0.5722379603399433,0.4611872146118721,0.753731343283582,0.6336633663366337,0.5595238095238095,0.44339622641509435,0.7580645161290323
1442,15,0.15,5,0.05,0.4,sqrt,0.723816355810617,0.6797004991680532,0.7160385626643295,0.6468725257323832,0.6274038461538461,0.5658263305322129,0.452914798206278,0.753731343283582,0.6237623762376238,0.5529411764705883,0.4351851851851852,0.7580645161290323
1443,15,0.15,5,0.05,0.4,log2,0.734038737446198,0.6875921634716663,0.7348041422782531,0.6460807600950119,0.6370192307692307,0.5722379603399433,0.4611872146118721,0.753731343283582,0.6361386138613861,0.5611940298507463,0.44549763033175355,0.7580645161290323
1444,15,0.15,5,0.05,0.5,sqrt,0.7379842180774749,0.6940314136125655,0.7367718986216096,0.6559778305621536,0.6346153846153846,0.5706214689265536,0.4590909090909091,0.753731343283582,0.6336633663366337,0.5595238095238095,0.44339622641509435,0.7580645161290323
1445,15,0.15,5,0.05,0.5,log2,0.7345767575322812,0.6884210526315789,0.7351618705035972,0.6472684085510689,0.6346153846153846,0.5706214689265536,0.4590909090909091,0.753731343283582,0.6361386138613861,0.5611940298507463,0.44549763033175355,0.7580645161290323
1446,15,0.15,5,0.05,0.6,sqrt,0.7399569583931134,0.6918827029324267,0.7467889908256881,0.6444972288202692,0.6418269230769231,0.5754985754985755,0.46543778801843316,0.753731343283582,0.6410891089108911,0.5645645645645646,0.44976076555023925,0.7580645161290323
1447,15,0.15,5,0.05,0.6,log2,0.7403156384505022,0.6921768707482994,0.7474747474747475,0.6444972288202692,0.6418269230769231,0.5754985754985755,0.46543778801843316,0.753731343283582,0.6336633663366337,0.5595238095238095,0.44339622641509435,0.7580645161290323
1448,15,0.15,5,0.05,0.7,sqrt,0.7379842180774749,0.6941595143395436,0.7365615282096846,0.6563737133808393,0.6370192307692307,0.5722379603399433,0.4611872146118721,0.753731343283582,0.6336633663366337,0.5595238095238095,0.44339622641509435,0.7580645161290323
1449,15,0.15,5,0.05,0.7,log2,0.7342180774748924,0.688,0.7347122302158273,0.6468725257323832,0.6370192307692307,0.5722379603399433,0.4611872146118721,0.753731343283582,0.6336633663366337,0.5595238095238095,0.44339622641509435,0.7580645161290323
1450,15,0.15,5,0.1,0.3,sqrt,0.734038737446198,0.6878551883813934,0.7343820224719101,0.6468725257323832,0.6346153846153846,0.5706214689265536,0.4590909090909091,0.753731343283582,0.6336633663366337,0.5595238095238095,0.44339622641509435,0.7580645161290323
1451,15,0.15,5,0.1,0.3,log2,0.7342180774748924,0.688,0.7347122302158273,0.6468725257323832,0.6346153846153846,0.5706214689265536,0.4590909090909091,0.753731343283582,0.6336633663366337,0.5595238095238095,0.44339622641509435,0.7580645161290323
1452,15,0.15,5,0.1,0.4,sqrt,0.7333213773314203,0.6872765509989485,0.7330641543292956,0.6468725257323832,0.6346153846153846,0.5706214689265536,0.4590909090909091,0.753731343283582,0.6336633663366337,0.5595238095238095,0.44339622641509435,0.7580645161290323
1453,15,0.15,5,0.1,0.4,log2,0.7410329985652798,0.6930272108843537,0.7483930211202938,0.6452889944576405,0.6418269230769231,0.5754985754985755,0.46543778801843316,0.753731343283582,0.6410891089108911,0.5645645645645646,0.44976076555023925,0.7580645161290323
1454,15,0.15,5,0.1,0.5,sqrt,0.7338593974175036,0.6877104377104377,0.734052111410602,0.6468725257323832,0.6346153846153846,0.5706214689265536,0.4590909090909091,0.753731343283582,0.6336633663366337,0.5595238095238095,0.44339622641509435,0.7580645161290323
1455,15,0.15,5,0.1,0.5,log2,0.7342180774748924,0.688,0.7347122302158273,0.6468725257323832,0.6346153846153846,0.5706214689265536,0.4590909090909091,0.753731343283582,0.6336633663366337,0.5595238095238095,0.44339622641509435,0.7580645161290323
1456,15,0.15,5,0.1,0.6,sqrt,0.7342180774748924,0.688,0.7347122302158273,0.6468725257323832,0.6370192307692307,0.5722379603399433,0.4611872146118721,0.753731343283582,0.6361386138613861,0.5611940298507463,0.44549763033175355,0.7580645161290323
1457,15,0.15,5,0.1,0.6,log2,0.7243543758967002,0.680257957145829,0.7167908811924595,0.6472684085510689,0.6274038461538461,0.5658263305322129,0.452914798206278,0.753731343283582,0.6262376237623762,0.5545722713864307,0.4372093023255814,0.7580645161290323
1458,15,0.15,5,0.1,0.7,sqrt,0.7342180774748924,0.688,0.7347122302158273,0.6468725257323832,0.6346153846153846,0.5706214689265536,0.4590909090909091,0.753731343283582,0.6361386138613861,0.5611940298507463,0.44549763033175355,0.7580645161290323
1459,15,0.15,5,0.1,0.7,log2,0.7397776183644189,0.6917357127682175,0.7464465841357175,0.6444972288202692,0.6394230769230769,0.5738636363636364,0.463302752293578,0.753731343283582,0.6410891089108911,0.5645645645645646,0.44976076555023925,0.7580645161290323
1460,15,0.15,6,0.05,0.3,sqrt,0.7245337159253945,0.6821192052980133,0.7146574154379879,0.6524148851939826,0.625,0.5642458100558659,0.45089285714285715,0.753731343283582,0.6212871287128713,0.5513196480938416,0.43317972350230416,0.7580645161290323
1461,15,0.15,6,0.05,0.3,log2,0.7230989956958394,0.6791354945968412,0.7147856517935258,0.6468725257323832,0.6274038461538461,0.5658263305322129,0.452914798206278,0.753731343283582,0.6262376237623762,0.5545722713864307,0.4372093023255814,0.7580645161290323
1462,15,0.15,6,0.05,0.4,sqrt,0.7342180774748924,0.688,0.7347122302158273,0.6468725257323832,0.6370192307692307,0.5722379603399433,0.4611872146118721,0.753731343283582,0.6336633663366337,0.5595238095238095,0.44339622641509435,0.7580645161290323
1463,15,0.15,6,0.05,0.4,log2,0.7338593974175036,0.6877104377104377,0.734052111410602,0.6468725257323832,0.6346153846153846,0.5706214689265536,0.4590909090909091,0.753731343283582,0.6336633663366337,0.5595238095238095,0.44339622641509435,0.7580645161290323
1464,15,0.15,6,0.05,0.5,sqrt,0.7317073170731707,0.6859781696053736,0.7301161751563896,0.6468725257323832,0.6322115384615384,0.5690140845070423,0.45701357466063347,0.753731343283582,0.6311881188118812,0.5578635014836796,0.4413145539906103,0.7580645161290323
1465,15,0.15,6,0.05,0.5,log2,0.7401362984218077,0.6922913569760034,0.7466788822721027,0.6452889944576405,0.6418269230769231,0.5754985754985755,0.46543778801843316,0.753731343283582,0.6386138613861386,0.562874251497006,0.44761904761904764,0.7580645161290323
1466,15,0.15,6,0.05,0.6,sqrt,0.7345767575322812,0.6884210526315789,0.7351618705035972,0.6472684085510689,0.6370192307692307,0.5722379603399433,0.4611872146118721,0.753731343283582,0.6361386138613861,0.5611940298507463,0.44549763033175355,0.7580645161290323
1467,15,0.15,6,0.05,0.6,log2,0.7460545193687231,0.7047539616346956,0.7444933920704846,0.6690419635787807,0.6490384615384616,0.5875706214689266,0.4727272727272727,0.7761194029850746,0.6361386138613861,0.5663716814159292,0.44651162790697674,0.7741935483870968
1468,15,0.15,6,0.05,0.7,sqrt,0.7505380200860832,0.7095427020254751,0.7507733097657976,0.6726049089469517,0.6442307692307693,0.5819209039548022,0.4681818181818182,0.7686567164179104,0.6386138613861386,0.5680473372781065,0.4485981308411215,0.7741935483870968
1469,15,0.15,6,0.05,0.7,log2,0.7388809182209469,0.6995460173338837,0.7306034482758621,0.671021377672209,0.6394230769230769,0.5786516853932584,0.46396396396396394,0.7686567164179104,0.6287128712871287,0.5614035087719298,0.44036697247706424,0.7741935483870968
1470,15,0.15,6,0.1,0.3,sqrt,0.7227403156384505,0.6788533444121313,0.7141608391608392,0.6468725257323832,0.6274038461538461,0.5658263305322129,0.452914798206278,0.753731343283582,0.6262376237623762,0.5545722713864307,0.4372093023255814,0.7580645161290323
1471,15,0.15,6,0.1,0.3,log2,0.7261477761836442,0.6815432742440042,0.7201410312913178,0.6468725257323832,0.6274038461538461,0.5658263305322129,0.452914798206278,0.753731343283582,0.6262376237623762,0.5545722713864307,0.4372093023255814,0.7580645161290323
1472,15,0.15,6,0.1,0.4,sqrt,0.724713055954089,0.6804080782844055,0.717610891523935,0.6468725257323832,0.6274038461538461,0.5658263305322129,0.452914798206278,0.753731343283582,0.6262376237623762,0.5545722713864307,0.4372093023255814,0.7580645161290323
1473,15,0.15,6,0.1,0.4,log2,0.6766499282639885,0.6728361458900382,0.6211055276381909,0.7339667458432304,0.5600961538461539,0.5547445255474452,0.41155234657039713,0.8507462686567164,0.5420792079207921,0.5340050377833753,0.3882783882783883,0.8548387096774194
1474,15,0.15,6,0.1,0.5,sqrt,0.7245337159253945,0.6803995006242197,0.7171052631578947,0.6472684085510689,0.6274038461538461,0.5658263305322129,0.452914798206278,0.753731343283582,0.6287128712871287,0.5562130177514792,0.4392523364485981,0.7580645161290323
1475,15,0.15,6,0.1,0.5,log2,0.734038737446198,0.6878551883813934,0.7343820224719101,0.6468725257323832,0.6370192307692307,0.5722379603399433,0.4611872146118721,0.753731343283582,0.6336633663366337,0.5595238095238095,0.44339622641509435,0.7580645161290323
1476,15,0.15,6,0.1,0.6,sqrt,0.7388809182209469,0.7035830618892508,0.7242246437552389,0.684085510688836,0.6298076923076923,0.5837837837837838,0.4576271186440678,0.8059701492537313,0.6212871287128713,0.56657223796034,0.4366812227074236,0.8064516129032258
1477,15,0.15,6,0.1,0.6,log2,0.7342180774748924,0.688,0.7347122302158273,0.6468725257323832,0.6370192307692307,0.5722379603399433,0.4611872146118721,0.753731343283582,0.6336633663366337,0.5595238095238095,0.44339622641509435,0.7580645161290323
1478,15,0.15,6,0.1,0.7,sqrt,0.7383428981348638,0.6912169312169312,0.7426102773988177,0.6464766429136976,0.6394230769230769,0.5738636363636364,0.463302752293578,0.753731343283582,0.6361386138613861,0.5611940298507463,0.44549763033175355,0.7580645161290323
1479,15,0.15,6,0.1,0.7,log2,0.7347560975609756,0.6884348009269012,0.7357046375506529,0.6468725257323832,0.6370192307692307,0.5722379603399433,0.4611872146118721,0.753731343283582,0.6386138613861386,0.562874251497006,0.44761904761904764,0.7580645161290323
1480,15,0.15,7,0.05,0.3,sqrt,0.7390602582496413,0.6911483761409467,0.7450800915331808,0.6444972288202692,0.6394230769230769,0.5738636363636364,0.463302752293578,0.753731343283582,0.6410891089108911,0.5645645645645646,0.44976076555023925,0.7580645161290323
1481,15,0.15,7,0.05,0.3,log2,0.7243543758967002,0.680257957145829,0.7167908811924595,0.6472684085510689,0.6274038461538461,0.5658263305322129,0.452914798206278,0.753731343283582,0.6262376237623762,0.5545722713864307,0.4372093023255814,0.7580645161290323
1482,15,0.15,7,0.05,0.4,sqrt,0.7351147776183644,0.6896406808152973,0.7348858038513211,0.649643705463183,0.6346153846153846,0.5706214689265536,0.4590909090909091,0.753731343283582,0.6336633663366337,0.5595238095238095,0.44339622641509435,0.7580645161290323
1483,15,0.15,7,0.05,0.4,log2,0.7413916786226685,0.6933219906422798,0.7490808823529411,0.6452889944576405,0.6418269230769231,0.5754985754985755,0.46543778801843316,0.753731343283582,0.6410891089108911,0.5645645645645646,0.44976076555023925,0.7580645161290323
1484,15,0.15,7,0.05,0.5,sqrt,0.7397776183644189,0.6918666383520917,0.7462207970682547,0.6448931116389549,0.6418269230769231,0.5754985754985755,0.46543778801843316,0.753731343283582,0.6410891089108911,0.5645645645645646,0.44976076555023925,0.7580645161290323
1485,15,0.15,7,0.05,0.5,log2,0.7568149210903874,0.7194869673148532,0.7534662045060658,0.6884402216943785,0.6490384615384616,0.5875706214689266,0.4727272727272727,0.7761194029850746,0.6460396039603961,0.5781710914454278,0.4558139534883721,0.7903225806451613
1486,15,0.15,7,0.05,0.6,sqrt,0.7342180774748924,0.688,0.7347122302158273,0.6468725257323832,0.6346153846153846,0.5706214689265536,0.4590909090909091,0.753731343283582,0.6336633663366337,0.5595238095238095,0.44339622641509435,0.7580645161290323
1487,15,0.15,7,0.05,0.6,log2,0.746413199426112,0.7074886222589988,0.7409012131715771,0.6769596199524941,0.6466346153846154,0.5859154929577465,0.47058823529411764,0.7761194029850746,0.6287128712871287,0.5614035087719298,0.44036697247706424,0.7741935483870968
1488,15,0.15,7,0.05,0.7,sqrt,0.7446197991391679,0.6990701606086221,0.7497733454215775,0.6547901821060966,0.6442307692307693,0.5795454545454546,0.46788990825688076,0.7611940298507462,0.6435643564356436,0.5714285714285714,0.4528301886792453,0.7741935483870968
1489,15,0.15,7,0.05,0.7,log2,0.7449784791965567,0.7008834665544804,0.7477558348294434,0.6595407759303247,0.6442307692307693,0.5795454545454546,0.46788990825688076,0.7611940298507462,0.6410891089108911,0.56973293768546,0.4507042253521127,0.7741935483870968
1490,15,0.15,7,0.1,0.3,sqrt,0.7243543758967002,0.6801248699271593,0.7169811320754716,0.6468725257323832,0.625,0.5617977528089888,0.45045045045045046,0.746268656716418,0.6262376237623762,0.5545722713864307,0.4372093023255814,0.7580645161290323
1491,15,0.15,7,0.1,0.3,log2,0.7241750358680057,0.6799833541406575,0.7166666666666667,0.6468725257323832,0.6274038461538461,0.5658263305322129,0.452914798206278,0.753731343283582,0.6262376237623762,0.5545722713864307,0.4372093023255814,0.7580645161290323
1492,15,0.15,7,0.1,0.4,sqrt,0.723816355810617,0.6797004991680532,0.7160385626643295,0.6468725257323832,0.6274038461538461,0.5658263305322129,0.452914798206278,0.753731343283582,0.6262376237623762,0.5545722713864307,0.4372093023255814,0.7580645161290323
1493,15,0.15,7,0.1,0.4,log2,0.734038737446198,0.6878551883813934,0.7343820224719101,0.6468725257323832,0.6370192307692307,0.5722379603399433,0.4611872146118721,0.753731343283582,0.6336633663366337,0.5595238095238095,0.44339622641509435,0.7580645161290323
1494,15,0.15,7,0.1,0.5,sqrt,0.7342180774748924,0.688,0.7347122302158273,0.6468725257323832,0.6346153846153846,0.5706214689265536,0.4590909090909091,0.753731343283582,0.6361386138613861,0.5611940298507463,0.44549763033175355,0.7580645161290323
1495,15,0.15,7,0.1,0.5,log2,0.734038737446198,0.688117770767613,0.7339614176760879,0.6476642913697546,0.6346153846153846,0.5706214689265536,0.4590909090909091,0.753731343283582,0.6336633663366337,0.5595238095238095,0.44339622641509435,0.7580645161290323
1496,15,0.15,7,0.1,0.6,sqrt,0.734038737446198,0.6878551883813934,0.7343820224719101,0.6468725257323832,0.6346153846153846,0.5706214689265536,0.4590909090909091,0.753731343283582,0.6336633663366337,0.5595238095238095,0.44339622641509435,0.7580645161290323
1497,15,0.15,7,0.1,0.6,log2,0.710545193687231,0.6700735895339329,0.6927303465765005,0.6488519398258116,0.6225961538461539,0.5626740947075209,0.4488888888888889,0.753731343283582,0.6237623762376238,0.5529411764705883,0.4351851851851852,0.7580645161290323
1498,15,0.15,7,0.1,0.7,sqrt,0.7308106169296987,0.6847300987187566,0.7293064876957495,0.6452889944576405,0.6322115384615384,0.5690140845070423,0.45701357466063347,0.753731343283582,0.6336633663366337,0.5595238095238095,0.44339622641509435,0.7580645161290323
1499,15,0.15,7,0.1,0.7,log2,0.741571018651363,0.6942499469552302,0.7480566986739826,0.6476642913697546,0.6418269230769231,0.5754985754985755,0.46543778801843316,0.753731343283582,0.6435643564356436,0.5662650602409639,0.4519230769230769,0.7580645161290323
1500,15,0.15,8,0.05,0.3,sqrt,0.7329626972740315,0.6869875972251419,0.7324069923800987,0.6468725257323832,0.6346153846153846,0.5706214689265536,0.4590909090909091,0.753731343283582,0.6336633663366337,0.5595238095238095,0.44339622641509435,0.7580645161290323
1501,15,0.15,8,0.05,0.3,log2,0.7503586800573888,0.7274862960062647,0.7195972114639814,0.735550277117973,0.6129807692307693,0.5818181818181818,0.44621513944223107,0.835820895522388,0.6039603960396039,0.5604395604395604,0.425,0.8225806451612904
1502,15,0.15,8,0.05,0.4,sqrt,0.7410329985652798,0.6927659574468085,0.7488500459981601,0.6444972288202692,0.6418269230769231,0.5754985754985755,0.46543778801843316,0.753731343283582,0.6410891089108911,0.5645645645645646,0.44976076555023925,0.7580645161290323
1503,15,0.15,8,0.05,0.4,log2,0.7399569583931134,0.6918827029324267,0.7467889908256881,0.6444972288202692,0.6418269230769231,0.5754985754985755,0.46543778801843316,0.753731343283582,0.6386138613861386,0.562874251497006,0.44761904761904764,0.7580645161290323
1504,15,0.15,8,0.05,0.5,sqrt,0.7426470588235294,0.6988457502623295,0.7436355515855293,0.6591448931116389,0.6394230769230769,0.576271186440678,0.4636363636363636,0.7611940298507462,0.6311881188118812,0.5578635014836796,0.4413145539906103,0.7580645161290323
1505,15,0.15,8,0.05,0.5,log2,0.7342180774748924,0.6881313131313131,0.7345013477088949,0.6472684085510689,0.6370192307692307,0.5722379603399433,0.4611872146118721,0.753731343283582,0.6336633663366337,0.5595238095238095,0.44339622641509435,0.7580645161290323
1506,15,0.15,8,0.05,0.6,sqrt,0.7290172166427547,0.683825068005859,0.7252552152685309,0.6468725257323832,0.6274038461538461,0.5658263305322129,0.452914798206278,0.753731343283582,0.6262376237623762,0.5545722713864307,0.4372093023255814,0.7580645161290323
1507,15,0.15,8,0.05,0.6,log2,0.7401362984218077,0.6920297555791711,0.7471317117944011,0.6444972288202692,0.6418269230769231,0.5754985754985755,0.46543778801843316,0.753731343283582,0.6410891089108911,0.5645645645645646,0.44976076555023925,0.7580645161290323
1508,15,0.15,8,0.05,0.7,sqrt,0.7449784791965567,0.6996197718631179,0.75,0.6555819477434679,0.6418269230769231,0.5754985754985755,0.46543778801843316,0.753731343283582,0.6435643564356436,0.5662650602409639,0.4519230769230769,0.7580645161290323
1509,15,0.15,8,0.05,0.7,log2,0.7363701578192252,0.689873417721519,0.7384823848238482,0.6472684085510689,0.6346153846153846,0.5706214689265536,0.4590909090909091,0.753731343283582,0.6311881188118812,0.5578635014836796,0.4413145539906103,0.7580645161290323
1510,15,0.15,8,0.1,0.3,sqrt,0.7387015781922525,0.6908550816889455,0.7443987197073617,0.6444972288202692,0.6394230769230769,0.5738636363636364,0.463302752293578,0.753731343283582,0.6410891089108911,0.5645645645645646,0.44976076555023925,0.7580645161290323
1511,15,0.15,8,0.1,0.3,log2,0.740674318507891,0.6959629941126998,0.742152466367713,0.6551860649247823,0.6418269230769231,0.5779036827195467,0.4657534246575342,0.7611940298507462,0.6287128712871287,0.5562130177514792,0.4392523364485981,0.7580645161290323
1512,15,0.15,8,0.1,0.4,sqrt,0.734038737446198,0.6878551883813934,0.7343820224719101,0.6468725257323832,0.6346153846153846,0.5706214689265536,0.4590909090909091,0.753731343283582,0.6336633663366337,0.5595238095238095,0.44339622641509435,0.7580645161290323
1513,15,0.15,8,0.1,0.4,log2,0.7096484935437589,0.6689838478838683,0.6917547568710359,0.6476642913697546,0.6201923076923077,0.5611111111111111,0.4469026548672566,0.753731343283582,0.6212871287128713,0.5513196480938416,0.43317972350230416,0.7580645161290323
1514,15,0.15,8,0.1,0.5,sqrt,0.7263271162123386,0.6851011143210896,0.7155172413793104,0.6571654790182107,0.6346153846153846,0.580110497237569,0.4605263157894737,0.7835820895522388,0.6188118811881188,0.5549132947976878,0.43243243243243246,0.7741935483870968
1515,15,0.15,8,0.1,0.5,log2,0.7383428981348638,0.6963579604578564,0.734093900833699,0.6623119556611243,0.6370192307692307,0.5793871866295265,0.4622222222222222,0.7761194029850746,0.6237623762376238,0.5529411764705883,0.4351851851851852,0.7580645161290323
1516,15,0.15,8,0.1,0.6,sqrt,0.7241750358680057,0.6802494802494803,0.7162872154115587,0.6476642913697546,0.6274038461538461,0.5658263305322129,0.452914798206278,0.753731343283582,0.6262376237623762,0.5545722713864307,0.4372093023255814,0.7580645161290323
1517,15,0.15,8,0.1,0.6,log2,0.7342180774748924,0.688,0.7347122302158273,0.6468725257323832,0.6346153846153846,0.5706214689265536,0.4590909090909091,0.753731343283582,0.6336633663366337,0.5595238095238095,0.44339622641509435,0.7580645161290323
1518,15,0.15,8,0.1,0.7,sqrt,0.7383428981348638,0.6988648090815274,0.7300560586459681,0.6702296120348377,0.6346153846153846,0.580110497237569,0.4605263157894737,0.7835820895522388,0.6212871287128713,0.5539358600583091,0.4337899543378995,0.7661290322580645
1519,15,0.15,8,0.1,0.7,log2,0.7343974175035868,0.6881448726047589,0.7350427350427351,0.6468725257323832,0.6370192307692307,0.5722379603399433,0.4611872146118721,0.753731343283582,0.6336633663366337,0.5595238095238095,0.44339622641509435,0.7580645161290323
1520,15,0.15,9,0.05,0.3,sqrt,0.7241750358680057,0.6823626600578273,0.7132987910189983,0.6539984164687253,0.625,0.5642458100558659,0.45089285714285715,0.753731343283582,0.6163366336633663,0.5481049562682215,0.4292237442922374,0.7580645161290323
1521,15,0.15,9,0.05,0.3,log2,0.7345767575322812,0.6885521885521886,0.7349505840071878,0.6476642913697546,0.6370192307692307,0.5722379603399433,0.4611872146118721,0.753731343283582,0.6336633663366337,0.5595238095238095,0.44339622641509435,0.7580645161290323
1522,15,0.15,9,0.05,0.4,sqrt,0.7408536585365854,0.6932710677138612,0.7473684210526316,0.6464766429136976,0.6418269230769231,0.5754985754985755,0.46543778801843316,0.753731343283582,0.6386138613861386,0.562874251497006,0.44761904761904764,0.7580645161290323
1523,15,0.15,9,0.05,0.4,log2,0.734038737446198,0.6878551883813934,0.7343820224719101,0.6468725257323832,0.6370192307692307,0.5722379603399433,0.4611872146118721,0.753731343283582,0.6336633663366337,0.5595238095238095,0.44339622641509435,0.7580645161290323
1524,15,0.15,9,0.05,0.5,sqrt,0.7336800573888091,0.6878284633172167,0.7333034513671,0.6476642913697546,0.6370192307692307,0.5722379603399433,0.4611872146118721,0.753731343283582,0.6311881188118812,0.5578635014836796,0.4413145539906103,0.7580645161290323
1525,15,0.15,9,0.05,0.5,log2,0.7456958393113343,0.7005912162162162,0.7506787330316742,0.6567695961995249,0.6442307692307693,0.5795454545454546,0.46788990825688076,0.7611940298507462,0.6410891089108911,0.5645645645645646,0.44976076555023925,0.7580645161290323
1526,15,0.15,9,0.05,0.6,sqrt,0.7387015781922525,0.6931985681196041,0.7404408457040036,0.6516231195566112,0.6394230769230769,0.576271186440678,0.4636363636363636,0.7611940298507462,0.6311881188118812,0.5578635014836796,0.4413145539906103,0.7580645161290323
1527,15,0.15,9,0.05,0.6,log2,0.734038737446198,0.6875921634716663,0.7348041422782531,0.6460807600950119,0.6370192307692307,0.5722379603399433,0.4611872146118721,0.753731343283582,0.6336633663366337,0.5595238095238095,0.44339622641509435,0.7580645161290323
1528,15,0.15,9,0.05,0.7,sqrt,0.7385222381635581,0.6953614709569578,0.736283185840708,0.6587490102929533,0.6370192307692307,0.5722379603399433,0.4611872146118721,0.753731343283582,0.6311881188118812,0.5578635014836796,0.4413145539906103,0.7580645161290323
1529,15,0.15,9,0.05,0.7,log2,0.7387015781922525,0.6947412528807878,0.7378727191811304,0.6563737133808393,0.6370192307692307,0.5722379603399433,0.4611872146118721,0.753731343283582,0.6361386138613861,0.5611940298507463,0.44549763033175355,0.7580645161290323
1530,15,0.15,9,0.1,0.3,sqrt,0.7239956958393113,0.6798418972332015,0.716352476983779,0.6468725257323832,0.625,0.5617977528089888,0.45045045045045046,0.746268656716418,0.6262376237623762,0.5545722713864307,0.4372093023255814,0.7580645161290323
1531,15,0.15,9,0.1,0.3,log2,0.7324246771879483,0.6916081025217032,0.7236159169550173,0.6623119556611243,0.625,0.569060773480663,0.4517543859649123,0.7686567164179104,0.6064356435643564,0.5444126074498568,0.4222222222222222,0.7661290322580645
1532,15,0.15,9,0.1,0.4,sqrt,0.7290172166427547,0.6966472595864285,0.7067209775967414,0.6868566904196358,0.6298076923076923,0.5860215053763441,0.4579831932773109,0.8134328358208955,0.599009900990099,0.55,0.4194915254237288,0.7983870967741935
1533,15,0.15,9,0.1,0.4,log2,0.7392395982783357,0.6912951167728237,0.7454212454212454,0.6444972288202692,0.6394230769230769,0.5738636363636364,0.463302752293578,0.753731343283582,0.6386138613861386,0.562874251497006,0.44761904761904764,0.7580645161290323
1534,15,0.15,9,0.1,0.5,sqrt,0.734038737446198,0.6878551883813934,0.7343820224719101,0.6468725257323832,0.6346153846153846,0.5706214689265536,0.4590909090909091,0.753731343283582,0.6336633663366337,0.5595238095238095,0.44339622641509435,0.7580645161290323
1535,15,0.15,9,0.1,0.5,log2,0.7245337159253945,0.6805324459234608,0.7169149868536372,0.6476642913697546,0.6274038461538461,0.5658263305322129,0.452914798206278,0.753731343283582,0.6262376237623762,0.5545722713864307,0.4372093023255814,0.7580645161290323
1536,15,0.15,9,0.1,0.6,sqrt,0.7342180774748924,0.688,0.7347122302158273,0.6468725257323832,0.6370192307692307,0.5722379603399433,0.4611872146118721,0.753731343283582,0.6336633663366337,0.5595238095238095,0.44339622641509435,0.7580645161290323
1537,15,0.15,9,0.1,0.6,log2,0.7245337159253945,0.6803995006242197,0.7171052631578947,0.6472684085510689,0.6274038461538461,0.5658263305322129,0.452914798206278,0.753731343283582,0.6262376237623762,0.5545722713864307,0.4372093023255814,0.7580645161290323
1538,15,0.15,9,0.1,0.7,sqrt,0.7399569583931134,0.6918827029324267,0.7467889908256881,0.6444972288202692,0.6418269230769231,0.5754985754985755,0.46543778801843316,0.753731343283582,0.6386138613861386,0.562874251497006,0.44761904761904764,0.7580645161290323
1539,15,0.15,9,0.1,0.7,log2,0.7343974175035868,0.6884073216915633,0.7346205657835654,0.6476642913697546,0.6346153846153846,0.5706214689265536,0.4590909090909091,0.753731343283582,0.6336633663366337,0.5595238095238095,0.44339622641509435,0.7580645161290323
1540,15,0.2,3,0.05,0.3,sqrt,0.7338593974175036,0.6877104377104377,0.734052111410602,0.6468725257323832,0.6346153846153846,0.5706214689265536,0.4590909090909091,0.753731343283582,0.6336633663366337,0.5595238095238095,0.44339622641509435,0.7580645161290323
1541,15,0.2,3,0.05,0.3,log2,0.6734218077474893,0.6706456863809007,0.6173826173826173,0.7339667458432304,0.5528846153846154,0.5507246376811594,0.40714285714285714,0.8507462686567164,0.5420792079207921,0.5340050377833753,0.3882783882783883,0.8548387096774194
1542,15,0.2,3,0.05,0.4,sqrt,0.7338593974175036,0.6874473462510531,0.7344734473447345,0.6460807600950119,0.6370192307692307,0.5722379603399433,0.4611872146118721,0.753731343283582,0.6361386138613861,0.5611940298507463,0.44549763033175355,0.7580645161290323
1543,15,0.2,3,0.05,0.4,log2,0.7239956958393113,0.6798418972332015,0.716352476983779,0.6468725257323832,0.6274038461538461,0.5658263305322129,0.452914798206278,0.753731343283582,0.6262376237623762,0.5545722713864307,0.4372093023255814,0.7580645161290323
1544,15,0.2,3,0.05,0.5,sqrt,0.734038737446198,0.6878551883813934,0.7343820224719101,0.6468725257323832,0.6346153846153846,0.5706214689265536,0.4590909090909091,0.753731343283582,0.6336633663366337,0.5595238095238095,0.44339622641509435,0.7580645161290323
1545,15,0.2,3,0.05,0.5,log2,0.734038737446198,0.6878551883813934,0.7343820224719101,0.6468725257323832,0.6370192307692307,0.5722379603399433,0.4611872146118721,0.753731343283582,0.6336633663366337,0.5595238095238095,0.44339622641509435,0.7580645161290323
1546,15,0.2,3,0.05,0.6,sqrt,0.724713055954089,0.6804080782844055,0.717610891523935,0.6468725257323832,0.6274038461538461,0.5658263305322129,0.452914798206278,0.753731343283582,0.6262376237623762,0.5545722713864307,0.4372093023255814,0.7580645161290323
1547,15,0.2,3,0.05,0.6,log2,0.734038737446198,0.6879865348201136,0.734171531207903,0.6472684085510689,0.6346153846153846,0.5706214689265536,0.4590909090909091,0.753731343283582,0.6336633663366337,0.5595238095238095,0.44339622641509435,0.7580645161290323
1548,15,0.2,3,0.05,0.7,sqrt,0.7284791965566715,0.6833960685905479,0.724290780141844,0.6468725257323832,0.6274038461538461,0.5658263305322129,0.452914798206278,0.753731343283582,0.6262376237623762,0.5545722713864307,0.4372093023255814,0.7580645161290323
1549,15,0.2,3,0.05,0.7,log2,0.7338593974175036,0.6877104377104377,0.734052111410602,0.6468725257323832,0.6346153846153846,0.5706214689265536,0.4590909090909091,0.753731343283582,0.6336633663366337,0.5595238095238095,0.44339622641509435,0.7580645161290323
1550,15,0.2,3,0.1,0.3,sqrt,0.7342180774748924,0.688,0.7347122302158273,0.6468725257323832,0.6346153846153846,0.5706214689265536,0.4590909090909091,0.753731343283582,0.6336633663366337,0.5595238095238095,0.44339622641509435,0.7580645161290323
1551,15,0.2,3,0.1,0.3,log2,0.6743185078909613,0.6712527154236061,0.6184122748498999,0.7339667458432304,0.5528846153846154,0.5507246376811594,0.40714285714285714,0.8507462686567164,0.5420792079207921,0.5340050377833753,0.3882783882783883,0.8548387096774194
1552,15,0.2,3,0.1,0.4,sqrt,0.7241750358680057,0.6799833541406575,0.7166666666666667,0.6468725257323832,0.6274038461538461,0.5658263305322129,0.452914798206278,0.753731343283582,0.6262376237623762,0.5545722713864307,0.4372093023255814,0.7580645161290323
1553,15,0.2,3,0.1,0.4,log2,0.7243543758967002,0.6801248699271593,0.7169811320754716,0.6468725257323832,0.625,0.5617977528089888,0.45045045045045046,0.746268656716418,0.6262376237623762,0.5545722713864307,0.4372093023255814,0.7580645161290323
1554,15,0.2,3,0.1,0.5,sqrt,0.7399569583931134,0.6920135938827527,0.7465627864344638,0.6448931116389549,0.6418269230769231,0.5754985754985755,0.46543778801843316,0.753731343283582,0.6410891089108911,0.5645645645645646,0.44976076555023925,0.7580645161290323
1555,15,0.2,3,0.1,0.5,log2,0.6757532281205165,0.6722262509064539,0.620066889632107,0.7339667458432304,0.5576923076923077,0.5533980582524272,0.41007194244604317,0.8507462686567164,0.5420792079207921,0.5340050377833753,0.3882783882783883,0.8548387096774194
1556,15,0.2,3,0.1,0.6,sqrt,0.7349354375896701,0.6888421052631579,0.7356115107913669,0.6476642913697546,0.6370192307692307,0.5722379603399433,0.4611872146118721,0.753731343283582,0.6386138613861386,0.562874251497006,0.44761904761904764,0.7580645161290323
1557,15,0.2,3,0.1,0.6,log2,0.7343974175035868,0.6882761523889708,0.7348314606741573,0.6472684085510689,0.6370192307692307,0.5722379603399433,0.4611872146118721,0.753731343283582,0.6361386138613861,0.5611940298507463,0.44549763033175355,0.7580645161290323
1558,15,0.2,3,0.1,0.7,sqrt,0.7412123385939742,0.6938255887969447,0.747599451303155,0.6472684085510689,0.6418269230769231,0.5754985754985755,0.46543778801843316,0.753731343283582,0.6435643564356436,0.5662650602409639,0.4519230769230769,0.7580645161290323
1559,15,0.2,3,0.1,0.7,log2,0.744261119081779,0.7151418298042349,0.7217741935483871,0.7086302454473475,0.6201923076923077,0.582010582010582,0.45081967213114754,0.8208955223880597,0.6138613861386139,0.5642458100558659,0.43162393162393164,0.8145161290322581
1560,15,0.2,4,0.05,0.3,sqrt,0.6761119081779053,0.6727075027183762,0.6203208556149733,0.7347585114806018,0.5576923076923077,0.5533980582524272,0.41007194244604317,0.8507462686567164,0.5420792079207921,0.5340050377833753,0.3882783882783883,0.8548387096774194
1561,15,0.2,4,0.05,0.3,log2,0.7347560975609756,0.6886971163965481,0.7352808988764045,0.6476642913697546,0.6370192307692307,0.5722379603399433,0.4611872146118721,0.753731343283582,0.6336633663366337,0.5595238095238095,0.44339622641509435,0.7580645161290323
1562,15,0.2,4,0.05,0.4,sqrt,0.723816355810617,0.680365296803653,0.7150959860383944,0.6488519398258116,0.625,0.5642458100558659,0.45089285714285715,0.753731343283582,0.6262376237623762,0.5545722713864307,0.4372093023255814,0.7580645161290323
1563,15,0.2,4,0.05,0.4,log2,0.7259684361549498,0.6814011676396997,0.7198237885462555,0.6468725257323832,0.6274038461538461,0.5658263305322129,0.452914798206278,0.753731343283582,0.6262376237623762,0.5545722713864307,0.4372093023255814,0.7580645161290323
1564,15,0.2,4,0.05,0.5,sqrt,0.7329626972740315,0.6869875972251419,0.7324069923800987,0.6468725257323832,0.6346153846153846,0.5706214689265536,0.4590909090909091,0.753731343283582,0.6336633663366337,0.5595238095238095,0.44339622641509435,0.7580645161290323
1565,15,0.2,4,0.05,0.5,log2,0.7342180774748924,0.688,0.7347122302158273,0.6468725257323832,0.6346153846153846,0.5706214689265536,0.4590909090909091,0.753731343283582,0.6336633663366337,0.5595238095238095,0.44339622641509435,0.7580645161290323
1566,15,0.2,4,0.05,0.6,sqrt,0.7378048780487805,0.6941422594142259,0.7360248447204969,0.6567695961995249,0.6370192307692307,0.5722379603399433,0.4611872146118721,0.753731343283582,0.6287128712871287,0.5562130177514792,0.4392523364485981,0.7580645161290323
1567,15,0.2,4,0.05,0.6,log2,0.734038737446198,0.6878551883813934,0.7343820224719101,0.6468725257323832,0.6370192307692307,0.5722379603399433,0.4611872146118721,0.753731343283582,0.6361386138613861,0.5611940298507463,0.44549763033175355,0.7580645161290323
1568,15,0.2,4,0.05,0.7,sqrt,0.7394189383070301,0.6915729144555296,0.745537757437071,0.6448931116389549,0.6418269230769231,0.5754985754985755,0.46543778801843316,0.753731343283582,0.6386138613861386,0.562874251497006,0.44761904761904764,0.7580645161290323
1569,15,0.2,4,0.05,0.7,log2,0.7422883787661406,0.6986789683371776,0.7427552385198395,0.6595407759303247,0.6466346153846154,0.5835694050991501,0.4703196347031963,0.7686567164179104,0.6361386138613861,0.5663716814159292,0.44651162790697674,0.7741935483870968
1570,15,0.2,4,0.1,0.3,sqrt,0.7342180774748924,0.688,0.7347122302158273,0.6468725257323832,0.6346153846153846,0.5706214689265536,0.4590909090909091,0.753731343283582,0.6336633663366337,0.5595238095238095,0.44339622641509435,0.7580645161290323
1571,15,0.2,4,0.1,0.3,log2,0.7397776183644189,0.6917357127682175,0.7464465841357175,0.6444972288202692,0.6418269230769231,0.5754985754985755,0.46543778801843316,0.753731343283582,0.6410891089108911,0.5645645645645646,0.44976076555023925,0.7580645161290323
1572,15,0.2,4,0.1,0.4,sqrt,0.734038737446198,0.6878551883813934,0.7343820224719101,0.6468725257323832,0.6370192307692307,0.5722379603399433,0.4611872146118721,0.753731343283582,0.6336633663366337,0.5595238095238095,0.44339622641509435,0.7580645161290323
1573,15,0.2,4,0.1,0.4,log2,0.6757532281205165,0.672463768115942,0.6199064796259185,0.7347585114806018,0.5576923076923077,0.5533980582524272,0.41007194244604317,0.8507462686567164,0.5420792079207921,0.5340050377833753,0.3882783882783883,0.8548387096774194
1574,15,0.2,4,0.1,0.5,sqrt,0.7239956958393113,0.6798418972332015,0.716352476983779,0.6468725257323832,0.6274038461538461,0.5658263305322129,0.452914798206278,0.753731343283582,0.6262376237623762,0.5545722713864307,0.4372093023255814,0.7580645161290323
1575,15,0.2,4,0.1,0.5,log2,0.7390602582496413,0.6911483761409467,0.7450800915331808,0.6444972288202692,0.6394230769230769,0.5738636363636364,0.463302752293578,0.753731343283582,0.6410891089108911,0.5645645645645646,0.44976076555023925,0.7580645161290323
1576,15,0.2,4,0.1,0.6,sqrt,0.7342180774748924,0.6877370417193426,0.7351351351351352,0.6460807600950119,0.6370192307692307,0.5722379603399433,0.4611872146118721,0.753731343283582,0.6386138613861386,0.562874251497006,0.44761904761904764,0.7580645161290323
1577,15,0.2,4,0.1,0.6,log2,0.7342180774748924,0.6882625157761885,0.7342908438061041,0.6476642913697546,0.6346153846153846,0.5706214689265536,0.4590909090909091,0.753731343283582,0.6336633663366337,0.5595238095238095,0.44339622641509435,0.7580645161290323
1578,15,0.2,4,0.1,0.7,sqrt,0.7342180774748924,0.688,0.7347122302158273,0.6468725257323832,0.6346153846153846,0.5706214689265536,0.4590909090909091,0.753731343283582,0.6361386138613861,0.5611940298507463,0.44549763033175355,0.7580645161290323
1579,15,0.2,4,0.1,0.7,log2,0.7349354375896701,0.6888421052631579,0.7356115107913669,0.6476642913697546,0.6370192307692307,0.5722379603399433,0.4611872146118721,0.753731343283582,0.6336633663366337,0.5595238095238095,0.44339622641509435,0.7580645161290323
1580,15,0.2,5,0.05,0.3,sqrt,0.7230989956958394,0.6794019933554817,0.714410480349345,0.6476642913697546,0.625,0.5617977528089888,0.45045045045045046,0.746268656716418,0.6287128712871287,0.5562130177514792,0.4392523364485981,0.7580645161290323
1581,15,0.2,5,0.05,0.3,log2,0.6895624103299857,0.6781929726715002,0.6393270241850684,0.7220902612826603,0.5793269230769231,0.5591939546599496,0.4220532319391635,0.8283582089552238,0.5767326732673267,0.5535248041775457,0.4092664092664093,0.8548387096774194
1582,15,0.2,5,0.05,0.4,sqrt,0.7349354375896701,0.6946280991735537,0.726447709593777,0.6654790182106096,0.6322115384615384,0.5761772853185596,0.4581497797356828,0.7761194029850746,0.6113861386138614,0.5501432664756447,0.4266666666666667,0.7741935483870968
1583,15,0.2,5,0.05,0.4,log2,0.7431850789096126,0.7033968516984258,0.737619461337967,0.672209026128266,0.6442307692307693,0.5888888888888889,0.4690265486725664,0.7910447761194029,0.6237623762376238,0.5581395348837209,0.43636363636363634,0.7741935483870968
1584,15,0.2,5,0.05,0.5,sqrt,0.7392395982783357,0.6955611390284757,0.7382222222222222,0.6575613618368963,0.6370192307692307,0.5722379603399433,0.4611872146118721,0.753731343283582,0.6386138613861386,0.562874251497006,0.44761904761904764,0.7580645161290323
1585,15,0.2,5,0.05,0.5,log2,0.7243543758967002,0.6801248699271593,0.7169811320754716,0.6468725257323832,0.6274038461538461,0.5658263305322129,0.452914798206278,0.753731343283582,0.6262376237623762,0.5545722713864307,0.4372093023255814,0.7580645161290323
1586,15,0.2,5,0.05,0.6,sqrt,0.7245337159253945,0.6802664446294754,0.7172958735733099,0.6468725257323832,0.6274038461538461,0.5658263305322129,0.452914798206278,0.753731343283582,0.6262376237623762,0.5545722713864307,0.4372093023255814,0.7580645161290323
1587,15,0.2,5,0.05,0.6,log2,0.7336800573888091,0.6876971608832808,0.7335127860026918,0.6472684085510689,0.6370192307692307,0.5722379603399433,0.4611872146118721,0.753731343283582,0.6311881188118812,0.5578635014836796,0.4413145539906103,0.7580645161290323
1588,15,0.2,5,0.05,0.7,sqrt,0.7404949784791965,0.6927160755999151,0.7471369674759505,0.6456848772763262,0.6466346153846154,0.5835694050991501,0.4703196347031963,0.7686567164179104,0.6410891089108911,0.5645645645645646,0.44976076555023925,0.7580645161290323
1589,15,0.2,5,0.05,0.7,log2,0.7403156384505022,0.6942567567567568,0.7438914027149321,0.6508313539192399,0.6394230769230769,0.5738636363636364,0.463302752293578,0.753731343283582,0.6336633663366337,0.5595238095238095,0.44339622641509435,0.7580645161290323
1590,15,0.2,5,0.1,0.3,sqrt,0.7410329985652798,0.6984126984126984,0.7391688770999116,0.6619160728424386,0.6370192307692307,0.5793871866295265,0.4622222222222222,0.7761194029850746,0.6163366336633663,0.553314121037464,0.4304932735426009,0.7741935483870968
1591,15,0.2,5,0.1,0.3,log2,0.734038737446198,0.6878551883813934,0.7343820224719101,0.6468725257323832,0.6370192307692307,0.5722379603399433,0.4611872146118721,0.753731343283582,0.6336633663366337,0.5595238095238095,0.44339622641509435,0.7580645161290323
1592,15,0.2,5,0.1,0.4,sqrt,0.6752152080344332,0.6720984971935542,0.619285952619286,0.7347585114806018,0.5576923076923077,0.5533980582524272,0.41007194244604317,0.8507462686567164,0.5420792079207921,0.5340050377833753,0.3882783882783883,0.8548387096774194
1593,15,0.2,5,0.1,0.4,log2,0.7223816355810617,0.6785714285714286,0.7135371179039302,0.6468725257323832,0.6274038461538461,0.5658263305322129,0.452914798206278,0.753731343283582,0.6262376237623762,0.5545722713864307,0.4372093023255814,0.7580645161290323
1594,15,0.2,5,0.1,0.5,sqrt,0.7342180774748924,0.688,0.7347122302158273,0.6468725257323832,0.6370192307692307,0.5722379603399433,0.4611872146118721,0.753731343283582,0.6336633663366337,0.5595238095238095,0.44339622641509435,0.7580645161290323
1595,15,0.2,5,0.1,0.5,log2,0.7243543758967002,0.6801248699271593,0.7169811320754716,0.6468725257323832,0.6274038461538461,0.5658263305322129,0.452914798206278,0.753731343283582,0.6262376237623762,0.5545722713864307,0.4372093023255814,0.7580645161290323
1596,15,0.2,5,0.1,0.6,sqrt,0.7239956958393113,0.6798418972332015,0.716352476983779,0.6468725257323832,0.6274038461538461,0.5658263305322129,0.452914798206278,0.753731343283582,0.6262376237623762,0.5545722713864307,0.4372093023255814,0.7580645161290323
1597,15,0.2,5,0.1,0.6,log2,0.7291965566714491,0.6839681875261616,0.7255772646536413,0.6468725257323832,0.6346153846153846,0.5706214689265536,0.4590909090909091,0.753731343283582,0.6336633663366337,0.5595238095238095,0.44339622641509435,0.7580645161290323
1598,15,0.2,5,0.1,0.7,sqrt,0.7401362984218077,0.703862660944206,0.7275031685678074,0.6817102137767221,0.6225961538461539,0.5698630136986301,0.45021645021645024,0.7761194029850746,0.6138613861386139,0.5542857142857143,0.42920353982300885,0.782258064516129
1599,15,0.2,5,0.1,0.7,log2,0.7412123385939742,0.6952481520591342,0.7451335445903123,0.6516231195566112,0.6394230769230769,0.576271186440678,0.4636363636363636,0.7611940298507462,0.6336633663366337,0.5595238095238095,0.44339622641509435,0.7580645161290323
1600,15,0.2,6,0.05,0.3,sqrt,0.7092898134863702,0.6692511732299531,0.6905263157894737,0.6492478226444972,0.6201923076923077,0.5611111111111111,0.4469026548672566,0.753731343283582,0.6212871287128713,0.5513196480938416,0.43317972350230416,0.7580645161290323
1601,15,0.2,6,0.05,0.3,log2,0.7299139167862266,0.6991610067918498,0.7056451612903226,0.6927949326999209,0.6225961538461539,0.5813333333333334,0.45228215767634855,0.8134328358208955,0.594059405940594,0.5469613259668509,0.41596638655462187,0.7983870967741935
1602,15,0.2,6,0.05,0.4,sqrt,0.7345767575322812,0.6884210526315789,0.7351618705035972,0.6472684085510689,0.6346153846153846,0.5706214689265536,0.4590909090909091,0.753731343283582,0.6336633663366337,0.5595238095238095,0.44339622641509435,0.7580645161290323
1603,15,0.2,6,0.05,0.4,log2,0.7413916786226685,0.6995833333333333,0.7383465259454706,0.6646872525732384,0.6370192307692307,0.5793871866295265,0.4622222222222222,0.7761194029850746,0.6163366336633663,0.553314121037464,0.4304932735426009,0.7741935483870968
1604,15,0.2,6,0.05,0.5,sqrt,0.734038737446198,0.6878551883813934,0.7343820224719101,0.6468725257323832,0.6370192307692307,0.5722379603399433,0.4611872146118721,0.753731343283582,0.6336633663366337,0.5595238095238095,0.44339622641509435,0.7580645161290323
1605,15,0.2,6,0.05,0.5,log2,0.7254304160688666,0.6809752031673265,0.7188737351517818,0.6468725257323832,0.6274038461538461,0.5658263305322129,0.452914798206278,0.753731343283582,0.6287128712871287,0.5562130177514792,0.4392523364485981,0.7580645161290323
1606,15,0.2,6,0.05,0.6,sqrt,0.7343974175035868,0.6884073216915633,0.7346205657835654,0.6476642913697546,0.6346153846153846,0.5706214689265536,0.4590909090909091,0.753731343283582,0.6336633663366337,0.5595238095238095,0.44339622641509435,0.7580645161290323
1607,15,0.2,6,0.05,0.6,log2,0.7369081779053085,0.6970885814577741,0.7285282693137678,0.6682501979414094,0.6418269230769231,0.5895316804407713,0.4672489082969432,0.7985074626865671,0.6188118811881188,0.56,0.4336283185840708,0.7903225806451613
1608,15,0.2,6,0.05,0.7,sqrt,0.7387015781922525,0.693069306930693,0.7406573615488519,0.6512272367379256,0.6394230769230769,0.5738636363636364,0.463302752293578,0.753731343283582,0.6311881188118812,0.5578635014836796,0.4413145539906103,0.7580645161290323
1609,15,0.2,6,0.05,0.7,log2,0.7395982783357246,0.6915887850467289,0.7461044912923923,0.6444972288202692,0.6418269230769231,0.5754985754985755,0.46543778801843316,0.753731343283582,0.6386138613861386,0.562874251497006,0.44761904761904764,0.7580645161290323
1610,15,0.2,6,0.1,0.3,sqrt,0.724713055954089,0.6804080782844055,0.717610891523935,0.6468725257323832,0.6274038461538461,0.5658263305322129,0.452914798206278,0.753731343283582,0.6262376237623762,0.5545722713864307,0.4372093023255814,0.7580645161290323
1611,15,0.2,6,0.1,0.3,log2,0.7241750358680057,0.6799833541406575,0.7166666666666667,0.6468725257323832,0.6274038461538461,0.5658263305322129,0.452914798206278,0.753731343283582,0.6262376237623762,0.5545722713864307,0.4372093023255814,0.7580645161290323
1612,15,0.2,6,0.1,0.4,sqrt,0.7243543758967002,0.6801248699271593,0.7169811320754716,0.6468725257323832,0.6274038461538461,0.5658263305322129,0.452914798206278,0.753731343283582,0.6262376237623762,0.5545722713864307,0.4372093023255814,0.7580645161290323
1613,15,0.2,6,0.1,0.4,log2,0.7403156384505022,0.6923076923076923,0.7472477064220183,0.6448931116389549,0.6418269230769231,0.5754985754985755,0.46543778801843316,0.753731343283582,0.6435643564356436,0.5662650602409639,0.4519230769230769,0.7580645161290323
1614,15,0.2,6,0.1,0.5,sqrt,0.7245337159253945,0.6802664446294754,0.7172958735733099,0.6468725257323832,0.6274038461538461,0.5658263305322129,0.452914798206278,0.753731343283582,0.6262376237623762,0.5545722713864307,0.4372093023255814,0.7580645161290323
1615,15,0.2,6,0.1,0.5,log2,0.6770086083213773,0.6733176129149283,0.6213592233009708,0.7347585114806018,0.5600961538461539,0.5547445255474452,0.41155234657039713,0.8507462686567164,0.5420792079207921,0.5340050377833753,0.3882783882783883,0.8548387096774194
1616,15,0.2,6,0.1,0.6,sqrt,0.7401362984218077,0.6920297555791711,0.7471317117944011,0.6444972288202692,0.6418269230769231,0.5754985754985755,0.46543778801843316,0.753731343283582,0.6410891089108911,0.5645645645645646,0.44976076555023925,0.7580645161290323
1617,15,0.2,6,0.1,0.6,log2,0.734038737446198,0.688117770767613,0.7339614176760879,0.6476642913697546,0.6370192307692307,0.5722379603399433,0.4611872146118721,0.753731343283582,0.6311881188118812,0.5578635014836796,0.4413145539906103,0.7580645161290323
1618,15,0.2,6,0.1,0.7,sqrt,0.7356527977044476,0.6968325791855203,0.7251712328767124,0.6706254948535234,0.6298076923076923,0.5769230769230769,0.45652173913043476,0.7835820895522388,0.6163366336633663,0.5507246376811594,0.4298642533936652,0.7661290322580645
1619,15,0.2,6,0.1,0.7,log2,0.734038737446198,0.6878551883813934,0.7343820224719101,0.6468725257323832,0.6370192307692307,0.5722379603399433,0.4611872146118721,0.753731343283582,0.6336633663366337,0.5595238095238095,0.44339622641509435,0.7580645161290323
1620,15,0.2,7,0.05,0.3,sqrt,0.7245337159253945,0.6805324459234608,0.7169149868536372,0.6476642913697546,0.6274038461538461,0.5658263305322129,0.452914798206278,0.753731343283582,0.6262376237623762,0.5545722713864307,0.4372093023255814,0.7580645161290323
1621,15,0.2,7,0.05,0.3,log2,0.7342180774748924,0.688,0.7347122302158273,0.6468725257323832,0.6370192307692307,0.5722379603399433,0.4611872146118721,0.753731343283582,0.6336633663366337,0.5595238095238095,0.44339622641509435,0.7580645161290323
1622,15,0.2,7,0.05,0.4,sqrt,0.7392395982783357,0.6915570640644888,0.7449725776965265,0.6452889944576405,0.6394230769230769,0.5738636363636364,0.463302752293578,0.753731343283582,0.6386138613861386,0.562874251497006,0.44761904761904764,0.7580645161290323
1623,15,0.2,7,0.05,0.4,log2,0.7098278335724534,0.6688497748669668,0.6923728813559322,0.6468725257323832,0.6201923076923077,0.5611111111111111,0.4469026548672566,0.753731343283582,0.6212871287128713,0.5513196480938416,0.43317972350230416,0.7580645161290323
1624,15,0.2,7,0.05,0.5,sqrt,0.7392395982783357,0.6912951167728237,0.7454212454212454,0.6444972288202692,0.6394230769230769,0.5738636363636364,0.463302752293578,0.753731343283582,0.6410891089108911,0.5645645645645646,0.44976076555023925,0.7580645161290323
1625,15,0.2,7,0.05,0.5,log2,0.7338593974175036,0.6877104377104377,0.734052111410602,0.6468725257323832,0.6346153846153846,0.5706214689265536,0.4590909090909091,0.753731343283582,0.6336633663366337,0.5595238095238095,0.44339622641509435,0.7580645161290323
1626,15,0.2,7,0.05,0.6,sqrt,0.7239956958393113,0.6799750467872738,0.7161629434954008,0.6472684085510689,0.6274038461538461,0.5658263305322129,0.452914798206278,0.753731343283582,0.6287128712871287,0.5562130177514792,0.4392523364485981,0.7580645161290323
1627,15,0.2,7,0.05,0.6,log2,0.7381635581061693,0.6937919463087249,0.7377341659232828,0.6547901821060966,0.6442307692307693,0.5819209039548022,0.4681818181818182,0.7686567164179104,0.6287128712871287,0.5614035087719298,0.44036697247706424,0.7741935483870968
1628,15,0.2,7,0.05,0.7,sqrt,0.742467718794835,0.6990779547359598,0.742653606411398,0.6603325415676959,0.6466346153846154,0.5835694050991501,0.4703196347031963,0.7686567164179104,0.6361386138613861,0.5663716814159292,0.44651162790697674,0.7741935483870968
1629,15,0.2,7,0.05,0.7,log2,0.7401362984218077,0.69705205937696,0.7385910500664599,0.6599366587490103,0.6370192307692307,0.5746478873239437,0.46153846153846156,0.7611940298507462,0.6336633663366337,0.5595238095238095,0.44339622641509435,0.7580645161290323
1630,15,0.2,7,0.1,0.3,sqrt,0.7333213773314203,0.6870132603662387,0.7334831460674157,0.6460807600950119,0.6346153846153846,0.5706214689265536,0.4590909090909091,0.753731343283582,0.6361386138613861,0.5611940298507463,0.44549763033175355,0.7580645161290323
1631,15,0.2,7,0.1,0.3,log2,0.7241750358680057,0.6799833541406575,0.7166666666666667,0.6468725257323832,0.6274038461538461,0.5658263305322129,0.452914798206278,0.753731343283582,0.6262376237623762,0.5545722713864307,0.4372093023255814,0.7580645161290323
1632,15,0.2,7,0.1,0.4,sqrt,0.7342180774748924,0.688,0.7347122302158273,0.6468725257323832,0.6346153846153846,0.5706214689265536,0.4590909090909091,0.753731343283582,0.6361386138613861,0.5611940298507463,0.44549763033175355,0.7580645161290323
1633,15,0.2,7,0.1,0.4,log2,0.6743185078909613,0.6712527154236061,0.6184122748498999,0.7339667458432304,0.5528846153846154,0.5507246376811594,0.40714285714285714,0.8507462686567164,0.5420792079207921,0.5340050377833753,0.3882783882783883,0.8548387096774194
1634,15,0.2,7,0.1,0.5,sqrt,0.7243543758967002,0.6801248699271593,0.7169811320754716,0.6468725257323832,0.6274038461538461,0.5658263305322129,0.452914798206278,0.753731343283582,0.6262376237623762,0.5545722713864307,0.4372093023255814,0.7580645161290323
1635,15,0.2,7,0.1,0.5,log2,0.7408536585365854,0.6926185917889811,0.7485057471264368,0.6444972288202692,0.6418269230769231,0.5754985754985755,0.46543778801843316,0.753731343283582,0.6410891089108911,0.5645645645645646,0.44976076555023925,0.7580645161290323
1636,15,0.2,7,0.1,0.6,sqrt,0.7343974175035868,0.6888001681025425,0.7339901477832512,0.6488519398258116,0.6370192307692307,0.5722379603399433,0.4611872146118721,0.753731343283582,0.6336633663366337,0.5595238095238095,0.44339622641509435,0.7580645161290323
1637,15,0.2,7,0.1,0.6,log2,0.734038737446198,0.6879865348201136,0.734171531207903,0.6472684085510689,0.6346153846153846,0.5706214689265536,0.4590909090909091,0.753731343283582,0.6336633663366337,0.5595238095238095,0.44339622641509435,0.7580645161290323
1638,15,0.2,7,0.1,0.7,sqrt,0.7395982783357246,0.709483793517407,0.7172330097087378,0.7019002375296912,0.625,0.5828877005347594,0.45416666666666666,0.8134328358208955,0.6163366336633663,0.5609065155807366,0.43231441048034935,0.7983870967741935
1639,15,0.2,7,0.1,0.7,log2,0.7370875179340028,0.6903253062948881,0.740036231884058,0.6468725257323832,0.6394230769230769,0.5738636363636364,0.463302752293578,0.753731343283582,0.6361386138613861,0.5611940298507463,0.44549763033175355,0.7580645161290323
1640,15,0.2,8,0.05,0.3,sqrt,0.7243543758967002,0.6801248699271593,0.7169811320754716,0.6468725257323832,0.6274038461538461,0.5658263305322129,0.452914798206278,0.753731343283582,0.6262376237623762,0.5545722713864307,0.4372093023255814,0.7580645161290323
1641,15,0.2,8,0.05,0.3,log2,0.7347560975609756,0.691939179337638,0.7301098901098901,0.6575613618368963,0.6370192307692307,0.5746478873239437,0.46153846153846156,0.7611940298507462,0.6212871287128713,0.5513196480938416,0.43317972350230416,0.7580645161290323
1642,15,0.2,8,0.05,0.4,sqrt,0.7387015781922525,0.6908550816889455,0.7443987197073617,0.6444972288202692,0.6394230769230769,0.5738636363636364,0.463302752293578,0.753731343283582,0.6410891089108911,0.5645645645645646,0.44976076555023925,0.7580645161290323
1643,15,0.2,8,0.05,0.4,log2,0.7399569583931134,0.6918827029324267,0.7467889908256881,0.6444972288202692,0.6418269230769231,0.5754985754985755,0.46543778801843316,0.753731343283582,0.6410891089108911,0.5645645645645646,0.44976076555023925,0.7580645161290323
1644,15,0.2,8,0.05,0.5,sqrt,0.733142037302726,0.6872635561160151,0.7325268817204301,0.6472684085510689,0.6346153846153846,0.5706214689265536,0.4590909090909091,0.753731343283582,0.6287128712871287,0.5562130177514792,0.4392523364485981,0.7580645161290323
1645,15,0.2,8,0.05,0.5,log2,0.7241750358680057,0.6802494802494803,0.7162872154115587,0.6476642913697546,0.6274038461538461,0.5658263305322129,0.452914798206278,0.753731343283582,0.6262376237623762,0.5545722713864307,0.4372093023255814,0.7580645161290323
1646,15,0.2,8,0.05,0.6,sqrt,0.7243543758967002,0.6801248699271593,0.7169811320754716,0.6468725257323832,0.6274038461538461,0.5658263305322129,0.452914798206278,0.753731343283582,0.6262376237623762,0.5545722713864307,0.4372093023255814,0.7580645161290323
1647,15,0.2,8,0.05,0.6,log2,0.7335007173601148,0.6874211190576357,0.7333931777378815,0.6468725257323832,0.6346153846153846,0.5706214689265536,0.4590909090909091,0.753731343283582,0.6311881188118812,0.5578635014836796,0.4413145539906103,0.7580645161290323
1648,15,0.2,8,0.05,0.7,sqrt,0.745157819225251,0.7037731915780696,0.7432848965213562,0.6682501979414094,0.6442307692307693,0.5819209039548022,0.4681818181818182,0.7686567164179104,0.6336633663366337,0.5647058823529412,0.4444444444444444,0.7741935483870968
1649,15,0.2,8,0.05,0.7,log2,0.7399569583931134,0.6918827029324267,0.7467889908256881,0.6444972288202692,0.6418269230769231,0.5754985754985755,0.46543778801843316,0.753731343283582,0.6410891089108911,0.5645645645645646,0.44976076555023925,0.7580645161290323
1650,15,0.2,8,0.1,0.3,sqrt,0.7234576757532282,0.6794178794178795,0.7154115586690017,0.6468725257323832,0.6274038461538461,0.5658263305322129,0.452914798206278,0.753731343283582,0.6262376237623762,0.5545722713864307,0.4372093023255814,0.7580645161290323
1651,15,0.2,8,0.1,0.3,log2,0.7342180774748924,0.688,0.7347122302158273,0.6468725257323832,0.6370192307692307,0.5722379603399433,0.4611872146118721,0.753731343283582,0.6336633663366337,0.5595238095238095,0.44339622641509435,0.7580645161290323
1652,15,0.2,8,0.1,0.4,sqrt,0.7413916786226685,0.698073701842546,0.7408888888888889,0.6599366587490103,0.6370192307692307,0.5770308123249299,0.4618834080717489,0.7686567164179104,0.6262376237623762,0.5571847507331378,0.4377880184331797,0.7661290322580645
1653,15,0.2,8,0.1,0.4,log2,0.7338593974175036,0.6877104377104377,0.734052111410602,0.6468725257323832,0.6346153846153846,0.5706214689265536,0.4590909090909091,0.753731343283582,0.6336633663366337,0.5595238095238095,0.44339622641509435,0.7580645161290323
1654,15,0.2,8,0.1,0.5,sqrt,0.7342180774748924,0.688,0.7347122302158273,0.6468725257323832,0.6346153846153846,0.5706214689265536,0.4590909090909091,0.753731343283582,0.6336633663366337,0.5595238095238095,0.44339622641509435,0.7580645161290323
1655,15,0.2,8,0.1,0.5,log2,0.7335007173601148,0.6874211190576357,0.7333931777378815,0.6468725257323832,0.6346153846153846,0.5706214689265536,0.4590909090909091,0.753731343283582,0.6336633663366337,0.5595238095238095,0.44339622641509435,0.7580645161290323
1656,15,0.2,8,0.1,0.6,sqrt,0.7404949784791965,0.6925855109411515,0.7473635946813388,0.6452889944576405,0.6418269230769231,0.5754985754985755,0.46543778801843316,0.753731343283582,0.6410891089108911,0.5645645645645646,0.44976076555023925,0.7580645161290323
1657,15,0.2,8,0.1,0.6,log2,0.706599713055954,0.6893277630079757,0.6624087591240876,0.7185273159144893,0.5913461538461539,0.5707070707070707,0.4312977099236641,0.8432835820895522,0.5742574257425742,0.5473684210526316,0.40625,0.8387096774193549
1658,15,0.2,8,0.1,0.7,sqrt,0.7333213773314203,0.6872765509989485,0.7330641543292956,0.6468725257323832,0.6370192307692307,0.5722379603399433,0.4611872146118721,0.753731343283582,0.6287128712871287,0.5562130177514792,0.4392523364485981,0.7580645161290323
1659,15,0.2,8,0.1,0.7,log2,0.7327833572453372,0.6945469454694547,0.7202380952380952,0.6706254948535234,0.6322115384615384,0.5808219178082191,0.4588744588744589,0.7910447761194029,0.6163366336633663,0.553314121037464,0.4304932735426009,0.7741935483870968
1660,15,0.2,9,0.05,0.3,sqrt,0.723816355810617,0.6797004991680532,0.7160385626643295,0.6468725257323832,0.6274038461538461,0.5658263305322129,0.452914798206278,0.753731343283582,0.6262376237623762,0.5545722713864307,0.4372093023255814,0.7580645161290323
1661,15,0.2,9,0.05,0.3,log2,0.7343974175035868,0.6881448726047589,0.7350427350427351,0.6468725257323832,0.6370192307692307,0.5722379603399433,0.4611872146118721,0.753731343283582,0.6336633663366337,0.5595238095238095,0.44339622641509435,0.7580645161290323
1662,15,0.2,9,0.05,0.4,sqrt,0.7369081779053085,0.6983343615052436,0.7265725288831836,0.672209026128266,0.6394230769230769,0.585635359116022,0.4649122807017544,0.7910447761194029,0.6212871287128713,0.5565217391304348,0.4343891402714932,0.7741935483870968
1663,15,0.2,9,0.05,0.4,log2,0.7370875179340028,0.6913684210526316,0.7383093525179856,0.6500395882818686,0.6418269230769231,0.5779036827195467,0.4657534246575342,0.7611940298507462,0.6287128712871287,0.5588235294117647,0.4398148148148148,0.7661290322580645
1664,15,0.2,9,0.05,0.5,sqrt,0.7387015781922525,0.6963950823088143,0.7351517817861857,0.661520190023753,0.6370192307692307,0.5722379603399433,0.4611872146118721,0.753731343283582,0.6262376237623762,0.5545722713864307,0.4372093023255814,0.7580645161290323
1665,15,0.2,9,0.05,0.5,log2,0.7220229555236729,0.6784232365145229,0.7127288578901482,0.6472684085510689,0.6274038461538461,0.5658263305322129,0.452914798206278,0.753731343283582,0.6212871287128713,0.5513196480938416,0.43317972350230416,0.7580645161290323
1666,15,0.2,9,0.05,0.6,sqrt,0.724713055954089,0.6804080782844055,0.717610891523935,0.6468725257323832,0.6274038461538461,0.5658263305322129,0.452914798206278,0.753731343283582,0.6262376237623762,0.5545722713864307,0.4372093023255814,0.7580645161290323
1667,15,0.2,9,0.05,0.6,log2,0.7236370157819225,0.679692371648306,0.7155361050328227,0.6472684085510689,0.6274038461538461,0.5658263305322129,0.452914798206278,0.753731343283582,0.6262376237623762,0.5545722713864307,0.4372093023255814,0.7580645161290323
1668,15,0.2,9,0.05,0.7,sqrt,0.7378048780487805,0.6941422594142259,0.7360248447204969,0.6567695961995249,0.6346153846153846,0.5706214689265536,0.4590909090909091,0.753731343283582,0.6287128712871287,0.5562130177514792,0.4392523364485981,0.7580645161290323
1669,15,0.2,9,0.05,0.7,log2,0.740674318507891,0.6926020408163265,0.7479338842975206,0.6448931116389549,0.6418269230769231,0.5754985754985755,0.46543778801843316,0.753731343283582,0.6386138613861386,0.562874251497006,0.44761904761904764,0.7580645161290323
1670,15,0.2,9,0.1,0.3,sqrt,0.7326040172166427,0.6866988863206556,0.7317510076130765,0.6468725257323832,0.6322115384615384,0.5690140845070423,0.45701357466063347,0.753731343283582,0.6336633663366337,0.5595238095238095,0.44339622641509435,0.7580645161290323
1671,15,0.2,9,0.1,0.3,log2,0.7239956958393113,0.6798418972332015,0.716352476983779,0.6468725257323832,0.6274038461538461,0.5658263305322129,0.452914798206278,0.753731343283582,0.6262376237623762,0.5545722713864307,0.4372093023255814,0.7580645161290323
1672,15,0.2,9,0.1,0.4,sqrt,0.7245337159253945,0.6803995006242197,0.7171052631578947,0.6472684085510689,0.625,0.5617977528089888,0.45045045045045046,0.746268656716418,0.6287128712871287,0.5562130177514792,0.4392523364485981,0.7580645161290323
1673,15,0.2,9,0.1,0.4,log2,0.725609756097561,0.681117132138391,0.7191901408450704,0.6468725257323832,0.6274038461538461,0.5658263305322129,0.452914798206278,0.753731343283582,0.6262376237623762,0.5545722713864307,0.4372093023255814,0.7580645161290323
1674,15,0.2,9,0.1,0.5,sqrt,0.734038737446198,0.6878551883813934,0.7343820224719101,0.6468725257323832,0.6370192307692307,0.5722379603399433,0.4611872146118721,0.753731343283582,0.6336633663366337,0.5595238095238095,0.44339622641509435,0.7580645161290323
1675,15,0.2,9,0.1,0.5,log2,0.7399569583931134,0.6918827029324267,0.7467889908256881,0.6444972288202692,0.6418269230769231,0.5754985754985755,0.46543778801843316,0.753731343283582,0.6410891089108911,0.5645645645645646,0.44976076555023925,0.7580645161290323
1676,15,0.2,9,0.1,0.6,sqrt,0.7243543758967002,0.6803909336660429,0.7166009636443277,0.6476642913697546,0.6274038461538461,0.5658263305322129,0.452914798206278,0.753731343283582,0.6262376237623762,0.5545722713864307,0.4372093023255814,0.7580645161290323
1677,15,0.2,9,0.1,0.6,log2,0.7426470588235294,0.6964247937381003,0.7478418900499773,0.6516231195566112,0.6418269230769231,0.5779036827195467,0.4657534246575342,0.7611940298507462,0.6336633663366337,0.5595238095238095,0.44339622641509435,0.7580645161290323
1678,15,0.2,9,0.1,0.7,sqrt,0.7413916786226685,0.6933219906422798,0.7490808823529411,0.6452889944576405,0.6394230769230769,0.5714285714285714,0.46296296296296297,0.746268656716418,0.6410891089108911,0.5645645645645646,0.44976076555023925,0.7580645161290323
1679,15,0.2,9,0.1,0.7,log2,0.7399569583931134,0.6918827029324267,0.7467889908256881,0.6444972288202692,0.6418269230769231,0.5754985754985755,0.46543778801843316,0.753731343283582,0.6410891089108911,0.5645645645645646,0.44976076555023925,0.7580645161290323
