SIM,PCA_components,kernel,C,gamma,acc_train,f1_train,prec_train,rec_train,acc_val,f1_val,prec_val,rec_val,acc_test,f1_test,prec_test,rec_test
0,no_pca,rbf,20.0,scale,0.8180552793795983,0.8222955913769664,0.8192724458204335,0.8253411306042885,0.6735751295336787,0.29213483146067415,0.24528301886792453,0.3611111111111111,0.6637931034482759,0.5125,0.4939759036144578,0.5324675324675324
1,no_pca,rbf,20.0,auto,0.8180552793795983,0.8222955913769664,0.8192724458204335,0.8253411306042885,0.6735751295336787,0.29213483146067415,0.24528301886792453,0.3611111111111111,0.6637931034482759,0.5125,0.4939759036144578,0.5324675324675324
2,no_pca,rbf,20.0,0.001,0.8180552793795983,0.8222955913769664,0.8192724458204335,0.8253411306042885,0.6735751295336787,0.29213483146067415,0.24528301886792453,0.3611111111111111,0.6637931034482759,0.5125,0.4939759036144578,0.5324675324675324
3,no_pca,rbf,20.0,0.01,0.8180552793795983,0.8222955913769664,0.8192724458204335,0.8253411306042885,0.6735751295336787,0.29213483146067415,0.24528301886792453,0.3611111111111111,0.6637931034482759,0.5125,0.4939759036144578,0.5324675324675324
4,no_pca,rbf,20.0,0.1,0.8180552793795983,0.8222955913769664,0.8192724458204335,0.8253411306042885,0.6735751295336787,0.29213483146067415,0.24528301886792453,0.3611111111111111,0.6637931034482759,0.5125,0.4939759036144578,0.5324675324675324
5,no_pca,rbf,20.0,1,0.8180552793795983,0.8222955913769664,0.8192724458204335,0.8253411306042885,0.6735751295336787,0.29213483146067415,0.24528301886792453,0.3611111111111111,0.6637931034482759,0.5125,0.4939759036144578,0.5324675324675324
6,no_pca,rbf,10.0,scale,0.8101014118114933,0.8142384750048629,0.8125,0.8159844054580897,0.6787564766839378,0.29545454545454547,0.25,0.3611111111111111,0.6724137931034483,0.525,0.5060240963855421,0.5454545454545454
7,no_pca,rbf,10.0,auto,0.8101014118114933,0.8142384750048629,0.8125,0.8159844054580897,0.6787564766839378,0.29545454545454547,0.25,0.3611111111111111,0.6724137931034483,0.525,0.5060240963855421,0.5454545454545454
8,no_pca,rbf,10.0,0.001,0.8101014118114933,0.8142384750048629,0.8125,0.8159844054580897,0.6787564766839378,0.29545454545454547,0.25,0.3611111111111111,0.6724137931034483,0.525,0.5060240963855421,0.5454545454545454
9,no_pca,rbf,10.0,0.01,0.8101014118114933,0.8142384750048629,0.8125,0.8159844054580897,0.6787564766839378,0.29545454545454547,0.25,0.3611111111111111,0.6724137931034483,0.525,0.5060240963855421,0.5454545454545454
10,no_pca,rbf,10.0,0.1,0.8101014118114933,0.8142384750048629,0.8125,0.8159844054580897,0.6787564766839378,0.29545454545454547,0.25,0.3611111111111111,0.6724137931034483,0.525,0.5060240963855421,0.5454545454545454
11,no_pca,rbf,10.0,1,0.8101014118114933,0.8142384750048629,0.8125,0.8159844054580897,0.6787564766839378,0.29545454545454547,0.25,0.3611111111111111,0.6724137931034483,0.525,0.5060240963855421,0.5454545454545454
12,no_pca,rbf,1.0,scale,0.7908132829588387,0.8,0.7807050092764378,0.8202729044834308,0.6580310880829016,0.34,0.265625,0.4722222222222222,0.7155172413793104,0.6597938144329897,0.5470085470085471,0.8311688311688312
13,no_pca,rbf,1.0,auto,0.7908132829588387,0.8,0.7807050092764378,0.8202729044834308,0.6580310880829016,0.34,0.265625,0.4722222222222222,0.7155172413793104,0.6597938144329897,0.5470085470085471,0.8311688311688312
14,no_pca,rbf,1.0,0.001,0.7908132829588387,0.8,0.7807050092764378,0.8202729044834308,0.6580310880829016,0.34,0.265625,0.4722222222222222,0.7155172413793104,0.6597938144329897,0.5470085470085471,0.8311688311688312
15,no_pca,rbf,1.0,0.01,0.7908132829588387,0.8,0.7807050092764378,0.8202729044834308,0.6580310880829016,0.34,0.265625,0.4722222222222222,0.7155172413793104,0.6597938144329897,0.5470085470085471,0.8311688311688312
16,no_pca,rbf,1.0,0.1,0.7908132829588387,0.8,0.7807050092764378,0.8202729044834308,0.6580310880829016,0.34,0.265625,0.4722222222222222,0.7155172413793104,0.6597938144329897,0.5470085470085471,0.8311688311688312
17,no_pca,rbf,1.0,1,0.7908132829588387,0.8,0.7807050092764378,0.8202729044834308,0.6580310880829016,0.34,0.265625,0.4722222222222222,0.7155172413793104,0.6597938144329897,0.5470085470085471,0.8311688311688312
18,no_pca,rbf,0.1,scale,0.7554185722807715,0.7431077694235589,0.8002699055330634,0.6935672514619883,0.6735751295336787,0.3225806451612903,0.2631578947368421,0.4166666666666667,0.75,0.6847826086956522,0.5887850467289719,0.8181818181818182
19,no_pca,rbf,0.1,auto,0.7554185722807715,0.7431077694235589,0.8002699055330634,0.6935672514619883,0.6735751295336787,0.3225806451612903,0.2631578947368421,0.4166666666666667,0.75,0.6847826086956522,0.5887850467289719,0.8181818181818182
20,no_pca,rbf,0.1,0.001,0.7554185722807715,0.7431077694235589,0.8002699055330634,0.6935672514619883,0.6735751295336787,0.3225806451612903,0.2631578947368421,0.4166666666666667,0.75,0.6847826086956522,0.5887850467289719,0.8181818181818182
21,no_pca,rbf,0.1,0.01,0.7554185722807715,0.7431077694235589,0.8002699055330634,0.6935672514619883,0.6735751295336787,0.3225806451612903,0.2631578947368421,0.4166666666666667,0.75,0.6847826086956522,0.5887850467289719,0.8181818181818182
22,no_pca,rbf,0.1,0.1,0.7554185722807715,0.7431077694235589,0.8002699055330634,0.6935672514619883,0.6735751295336787,0.3225806451612903,0.2631578947368421,0.4166666666666667,0.75,0.6847826086956522,0.5887850467289719,0.8181818181818182
23,no_pca,rbf,0.1,1,0.7554185722807715,0.7431077694235589,0.8002699055330634,0.6935672514619883,0.6735751295336787,0.3225806451612903,0.2631578947368421,0.4166666666666667,0.75,0.6847826086956522,0.5887850467289719,0.8181818181818182
24,no_pca,rbf,0.01,scale,0.7363292901173195,0.7049399198931909,0.8211508553654744,0.6175438596491228,0.6994818652849741,0.23684210526315788,0.225,0.25,0.7801724137931034,0.7150837988826816,0.6274509803921569,0.8311688311688312
25,no_pca,rbf,0.01,auto,0.7363292901173195,0.7049399198931909,0.8211508553654744,0.6175438596491228,0.6994818652849741,0.23684210526315788,0.225,0.25,0.7801724137931034,0.7150837988826816,0.6274509803921569,0.8311688311688312
26,no_pca,rbf,0.01,0.001,0.7363292901173195,0.7049399198931909,0.8211508553654744,0.6175438596491228,0.6994818652849741,0.23684210526315788,0.225,0.25,0.7801724137931034,0.7150837988826816,0.6274509803921569,0.8311688311688312
27,no_pca,rbf,0.01,0.01,0.7363292901173195,0.7049399198931909,0.8211508553654744,0.6175438596491228,0.6994818652849741,0.23684210526315788,0.225,0.25,0.7801724137931034,0.7150837988826816,0.6274509803921569,0.8311688311688312
28,no_pca,rbf,0.01,0.1,0.7363292901173195,0.7049399198931909,0.8211508553654744,0.6175438596491228,0.6994818652849741,0.23684210526315788,0.225,0.25,0.7801724137931034,0.7150837988826816,0.6274509803921569,0.8311688311688312
29,no_pca,rbf,0.01,1,0.7363292901173195,0.7049399198931909,0.8211508553654744,0.6175438596491228,0.6994818652849741,0.23684210526315788,0.225,0.25,0.7801724137931034,0.7150837988826816,0.6274509803921569,0.8311688311688312
30,no_pca,rbf,0.001,scale,0.48995824219526746,0.0,0.0,0.0,0.8134715025906736,0.0,0.0,0.0,0.6681034482758621,0.0,0.0,0.0
31,no_pca,rbf,0.001,auto,0.48995824219526746,0.0,0.0,0.0,0.8134715025906736,0.0,0.0,0.0,0.6681034482758621,0.0,0.0,0.0
32,no_pca,rbf,0.001,0.001,0.48995824219526746,0.0,0.0,0.0,0.8134715025906736,0.0,0.0,0.0,0.6681034482758621,0.0,0.0,0.0
33,no_pca,rbf,0.001,0.01,0.48995824219526746,0.0,0.0,0.0,0.8134715025906736,0.0,0.0,0.0,0.6681034482758621,0.0,0.0,0.0
34,no_pca,rbf,0.001,0.1,0.48995824219526746,0.0,0.0,0.0,0.8134715025906736,0.0,0.0,0.0,0.6681034482758621,0.0,0.0,0.0
35,no_pca,rbf,0.001,1,0.48995824219526746,0.0,0.0,0.0,0.8134715025906736,0.0,0.0,0.0,0.6681034482758621,0.0,0.0,0.0
36,no_pca,poly,20.0,scale,0.8180552793795983,0.8231200463947419,0.8163343558282209,0.8300194931773879,0.6580310880829016,0.2978723404255319,0.2413793103448276,0.3888888888888889,0.6594827586206896,0.5153374233128835,0.4883720930232558,0.5454545454545454
37,no_pca,poly,20.0,auto,0.8180552793795983,0.8231200463947419,0.8163343558282209,0.8300194931773879,0.6580310880829016,0.2978723404255319,0.2413793103448276,0.3888888888888889,0.6594827586206896,0.5153374233128835,0.4883720930232558,0.5454545454545454
38,no_pca,poly,20.0,0.001,0.8180552793795983,0.8231200463947419,0.8163343558282209,0.8300194931773879,0.6580310880829016,0.2978723404255319,0.2413793103448276,0.3888888888888889,0.6594827586206896,0.5153374233128835,0.4883720930232558,0.5454545454545454
39,no_pca,poly,20.0,0.01,0.8180552793795983,0.8231200463947419,0.8163343558282209,0.8300194931773879,0.6580310880829016,0.2978723404255319,0.2413793103448276,0.3888888888888889,0.6594827586206896,0.5153374233128835,0.4883720930232558,0.5454545454545454
40,no_pca,poly,20.0,0.1,0.8180552793795983,0.8231200463947419,0.8163343558282209,0.8300194931773879,0.6580310880829016,0.2978723404255319,0.2413793103448276,0.3888888888888889,0.6594827586206896,0.5153374233128835,0.4883720930232558,0.5454545454545454
41,no_pca,poly,20.0,1,0.8180552793795983,0.8231200463947419,0.8163343558282209,0.8300194931773879,0.6580310880829016,0.2978723404255319,0.2413793103448276,0.3888888888888889,0.6594827586206896,0.5153374233128835,0.4883720930232558,0.5454545454545454
42,no_pca,poly,10.0,scale,0.8146748856631537,0.8183235867446393,0.8183235867446393,0.8183235867446393,0.6787564766839378,0.32608695652173914,0.26785714285714285,0.4166666666666667,0.7543103448275862,0.6951871657754011,0.5909090909090909,0.8441558441558441
43,no_pca,poly,10.0,auto,0.8146748856631537,0.8183235867446393,0.8183235867446393,0.8183235867446393,0.6787564766839378,0.32608695652173914,0.26785714285714285,0.4166666666666667,0.7543103448275862,0.6951871657754011,0.5909090909090909,0.8441558441558441
44,no_pca,poly,10.0,0.001,0.8146748856631537,0.8183235867446393,0.8183235867446393,0.8183235867446393,0.6787564766839378,0.32608695652173914,0.26785714285714285,0.4166666666666667,0.7543103448275862,0.6951871657754011,0.5909090909090909,0.8441558441558441
45,no_pca,poly,10.0,0.01,0.8146748856631537,0.8183235867446393,0.8183235867446393,0.8183235867446393,0.6787564766839378,0.32608695652173914,0.26785714285714285,0.4166666666666667,0.7543103448275862,0.6951871657754011,0.5909090909090909,0.8441558441558441
46,no_pca,poly,10.0,0.1,0.8146748856631537,0.8183235867446393,0.8183235867446393,0.8183235867446393,0.6787564766839378,0.32608695652173914,0.26785714285714285,0.4166666666666667,0.7543103448275862,0.6951871657754011,0.5909090909090909,0.8441558441558441
47,no_pca,poly,10.0,1,0.8146748856631537,0.8183235867446393,0.8183235867446393,0.8183235867446393,0.6787564766839378,0.32608695652173914,0.26785714285714285,0.4166666666666667,0.7543103448275862,0.6951871657754011,0.5909090909090909,0.8441558441558441
48,no_pca,poly,1.0,scale,0.7961821435673097,0.8046502763483896,0.7870991797166293,0.8230019493177388,0.6683937823834197,0.37254901960784315,0.2878787878787879,0.5277777777777778,0.7413793103448276,0.6907216494845361,0.5726495726495726,0.8701298701298701
49,no_pca,poly,1.0,auto,0.7961821435673097,0.8046502763483896,0.7870991797166293,0.8230019493177388,0.6683937823834197,0.37254901960784315,0.2878787878787879,0.5277777777777778,0.7413793103448276,0.6907216494845361,0.5726495726495726,0.8701298701298701
50,no_pca,poly,1.0,0.001,0.7961821435673097,0.8046502763483896,0.7870991797166293,0.8230019493177388,0.6683937823834197,0.37254901960784315,0.2878787878787879,0.5277777777777778,0.7413793103448276,0.6907216494845361,0.5726495726495726,0.8701298701298701
51,no_pca,poly,1.0,0.01,0.7961821435673097,0.8046502763483896,0.7870991797166293,0.8230019493177388,0.6683937823834197,0.37254901960784315,0.2878787878787879,0.5277777777777778,0.7413793103448276,0.6907216494845361,0.5726495726495726,0.8701298701298701
52,no_pca,poly,1.0,0.1,0.7961821435673097,0.8046502763483896,0.7870991797166293,0.8230019493177388,0.6683937823834197,0.37254901960784315,0.2878787878787879,0.5277777777777778,0.7413793103448276,0.6907216494845361,0.5726495726495726,0.8701298701298701
53,no_pca,poly,1.0,1,0.7961821435673097,0.8046502763483896,0.7870991797166293,0.8230019493177388,0.6683937823834197,0.37254901960784315,0.2878787878787879,0.5277777777777778,0.7413793103448276,0.6907216494845361,0.5726495726495726,0.8701298701298701
54,no_pca,poly,0.1,scale,0.7458739311990455,0.7450119712689545,0.7629750715161422,0.7278752436647173,0.6528497409326425,0.30927835051546393,0.2459016393442623,0.4166666666666667,0.7413793103448276,0.6842105263157895,0.5752212389380531,0.8441558441558441
55,no_pca,poly,0.1,auto,0.7458739311990455,0.7450119712689545,0.7629750715161422,0.7278752436647173,0.6528497409326425,0.30927835051546393,0.2459016393442623,0.4166666666666667,0.7413793103448276,0.6842105263157895,0.5752212389380531,0.8441558441558441
56,no_pca,poly,0.1,0.001,0.7458739311990455,0.7450119712689545,0.7629750715161422,0.7278752436647173,0.6528497409326425,0.30927835051546393,0.2459016393442623,0.4166666666666667,0.7413793103448276,0.6842105263157895,0.5752212389380531,0.8441558441558441
57,no_pca,poly,0.1,0.01,0.7458739311990455,0.7450119712689545,0.7629750715161422,0.7278752436647173,0.6528497409326425,0.30927835051546393,0.2459016393442623,0.4166666666666667,0.7413793103448276,0.6842105263157895,0.5752212389380531,0.8441558441558441
58,no_pca,poly,0.1,0.1,0.7458739311990455,0.7450119712689545,0.7629750715161422,0.7278752436647173,0.6528497409326425,0.30927835051546393,0.2459016393442623,0.4166666666666667,0.7413793103448276,0.6842105263157895,0.5752212389380531,0.8441558441558441
59,no_pca,poly,0.1,1,0.7458739311990455,0.7450119712689545,0.7629750715161422,0.7278752436647173,0.6528497409326425,0.30927835051546393,0.2459016393442623,0.4166666666666667,0.7413793103448276,0.6842105263157895,0.5752212389380531,0.8441558441558441
60,no_pca,poly,0.01,scale,0.7084907536289521,0.6606481481481481,0.8131054131054131,0.5563352826510721,0.7202072538860104,0.22857142857142856,0.23529411764705882,0.2222222222222222,0.7327586206896551,0.5694444444444444,0.6119402985074627,0.5324675324675324
61,no_pca,poly,0.01,auto,0.7084907536289521,0.6606481481481481,0.8131054131054131,0.5563352826510721,0.7202072538860104,0.22857142857142856,0.23529411764705882,0.2222222222222222,0.7327586206896551,0.5694444444444444,0.6119402985074627,0.5324675324675324
62,no_pca,poly,0.01,0.001,0.7084907536289521,0.6606481481481481,0.8131054131054131,0.5563352826510721,0.7202072538860104,0.22857142857142856,0.23529411764705882,0.2222222222222222,0.7327586206896551,0.5694444444444444,0.6119402985074627,0.5324675324675324
63,no_pca,poly,0.01,0.01,0.7084907536289521,0.6606481481481481,0.8131054131054131,0.5563352826510721,0.7202072538860104,0.22857142857142856,0.23529411764705882,0.2222222222222222,0.7327586206896551,0.5694444444444444,0.6119402985074627,0.5324675324675324
64,no_pca,poly,0.01,0.1,0.7084907536289521,0.6606481481481481,0.8131054131054131,0.5563352826510721,0.7202072538860104,0.22857142857142856,0.23529411764705882,0.2222222222222222,0.7327586206896551,0.5694444444444444,0.6119402985074627,0.5324675324675324
65,no_pca,poly,0.01,1,0.7084907536289521,0.6606481481481481,0.8131054131054131,0.5563352826510721,0.7202072538860104,0.22857142857142856,0.23529411764705882,0.2222222222222222,0.7327586206896551,0.5694444444444444,0.6119402985074627,0.5324675324675324
66,no_pca,poly,0.001,scale,0.6029031616623584,0.3772996570003118,0.942367601246106,0.23586744639376217,0.7668393782383419,0.08163265306122448,0.15384615384615385,0.05555555555555555,0.7586206896551724,0.5757575757575758,0.6909090909090909,0.4935064935064935
67,no_pca,poly,0.001,auto,0.6029031616623584,0.3772996570003118,0.942367601246106,0.23586744639376217,0.7668393782383419,0.08163265306122448,0.15384615384615385,0.05555555555555555,0.7586206896551724,0.5757575757575758,0.6909090909090909,0.4935064935064935
68,no_pca,poly,0.001,0.001,0.6029031616623584,0.3772996570003118,0.942367601246106,0.23586744639376217,0.7668393782383419,0.08163265306122448,0.15384615384615385,0.05555555555555555,0.7586206896551724,0.5757575757575758,0.6909090909090909,0.4935064935064935
69,no_pca,poly,0.001,0.01,0.6029031616623584,0.3772996570003118,0.942367601246106,0.23586744639376217,0.7668393782383419,0.08163265306122448,0.15384615384615385,0.05555555555555555,0.7586206896551724,0.5757575757575758,0.6909090909090909,0.4935064935064935
70,no_pca,poly,0.001,0.1,0.6029031616623584,0.3772996570003118,0.942367601246106,0.23586744639376217,0.7668393782383419,0.08163265306122448,0.15384615384615385,0.05555555555555555,0.7586206896551724,0.5757575757575758,0.6909090909090909,0.4935064935064935
71,no_pca,poly,0.001,1,0.6029031616623584,0.3772996570003118,0.942367601246106,0.23586744639376217,0.7668393782383419,0.08163265306122448,0.15384615384615385,0.05555555555555555,0.7586206896551724,0.5757575757575758,0.6909090909090909,0.4935064935064935
72,no_pca,linear,20.0,scale,0.7633724398488765,0.7558473533032417,0.797747942832395,0.7181286549707603,0.6735751295336787,0.3368421052631579,0.2711864406779661,0.4444444444444444,0.75,0.6979166666666666,0.5826086956521739,0.8701298701298701
73,no_pca,linear,20.0,auto,0.7633724398488765,0.7558473533032417,0.797747942832395,0.7181286549707603,0.6735751295336787,0.3368421052631579,0.2711864406779661,0.4444444444444444,0.75,0.6979166666666666,0.5826086956521739,0.8701298701298701
74,no_pca,linear,20.0,0.001,0.7633724398488765,0.7558473533032417,0.797747942832395,0.7181286549707603,0.6735751295336787,0.3368421052631579,0.2711864406779661,0.4444444444444444,0.75,0.6979166666666666,0.5826086956521739,0.8701298701298701
75,no_pca,linear,20.0,0.01,0.7633724398488765,0.7558473533032417,0.797747942832395,0.7181286549707603,0.6735751295336787,0.3368421052631579,0.2711864406779661,0.4444444444444444,0.75,0.6979166666666666,0.5826086956521739,0.8701298701298701
76,no_pca,linear,20.0,0.1,0.7633724398488765,0.7558473533032417,0.797747942832395,0.7181286549707603,0.6735751295336787,0.3368421052631579,0.2711864406779661,0.4444444444444444,0.75,0.6979166666666666,0.5826086956521739,0.8701298701298701
77,no_pca,linear,20.0,1,0.7633724398488765,0.7558473533032417,0.797747942832395,0.7181286549707603,0.6735751295336787,0.3368421052631579,0.2711864406779661,0.4444444444444444,0.75,0.6979166666666666,0.5826086956521739,0.8701298701298701
78,no_pca,linear,10.0,scale,0.7613839729568502,0.7507270461154965,0.8034682080924855,0.7044834307992203,0.689119170984456,0.34782608695652173,0.2857142857142857,0.4444444444444444,0.75,0.6947368421052632,0.584070796460177,0.8571428571428571
79,no_pca,linear,10.0,auto,0.7613839729568502,0.7507270461154965,0.8034682080924855,0.7044834307992203,0.689119170984456,0.34782608695652173,0.2857142857142857,0.4444444444444444,0.75,0.6947368421052632,0.584070796460177,0.8571428571428571
80,no_pca,linear,10.0,0.001,0.7613839729568502,0.7507270461154965,0.8034682080924855,0.7044834307992203,0.689119170984456,0.34782608695652173,0.2857142857142857,0.4444444444444444,0.75,0.6947368421052632,0.584070796460177,0.8571428571428571
81,no_pca,linear,10.0,0.01,0.7613839729568502,0.7507270461154965,0.8034682080924855,0.7044834307992203,0.689119170984456,0.34782608695652173,0.2857142857142857,0.4444444444444444,0.75,0.6947368421052632,0.584070796460177,0.8571428571428571
82,no_pca,linear,10.0,0.1,0.7613839729568502,0.7507270461154965,0.8034682080924855,0.7044834307992203,0.689119170984456,0.34782608695652173,0.2857142857142857,0.4444444444444444,0.75,0.6947368421052632,0.584070796460177,0.8571428571428571
83,no_pca,linear,10.0,1,0.7613839729568502,0.7507270461154965,0.8034682080924855,0.7044834307992203,0.689119170984456,0.34782608695652173,0.2857142857142857,0.4444444444444444,0.75,0.6947368421052632,0.584070796460177,0.8571428571428571
84,no_pca,linear,1.0,scale,0.7442831576854245,0.7325291181364393,0.785109228711547,0.6865497076023391,0.6787564766839378,0.3404255319148936,0.27586206896551724,0.4444444444444444,0.7672413793103449,0.7096774193548387,0.6055045871559633,0.8571428571428571
85,no_pca,linear,1.0,auto,0.7442831576854245,0.7325291181364393,0.785109228711547,0.6865497076023391,0.6787564766839378,0.3404255319148936,0.27586206896551724,0.4444444444444444,0.7672413793103449,0.7096774193548387,0.6055045871559633,0.8571428571428571
86,no_pca,linear,1.0,0.001,0.7442831576854245,0.7325291181364393,0.785109228711547,0.6865497076023391,0.6787564766839378,0.3404255319148936,0.27586206896551724,0.4444444444444444,0.7672413793103449,0.7096774193548387,0.6055045871559633,0.8571428571428571
87,no_pca,linear,1.0,0.01,0.7442831576854245,0.7325291181364393,0.785109228711547,0.6865497076023391,0.6787564766839378,0.3404255319148936,0.27586206896551724,0.4444444444444444,0.7672413793103449,0.7096774193548387,0.6055045871559633,0.8571428571428571
88,no_pca,linear,1.0,0.1,0.7442831576854245,0.7325291181364393,0.785109228711547,0.6865497076023391,0.6787564766839378,0.3404255319148936,0.27586206896551724,0.4444444444444444,0.7672413793103449,0.7096774193548387,0.6055045871559633,0.8571428571428571
89,no_pca,linear,1.0,1,0.7442831576854245,0.7325291181364393,0.785109228711547,0.6865497076023391,0.6787564766839378,0.3404255319148936,0.27586206896551724,0.4444444444444444,0.7672413793103449,0.7096774193548387,0.6055045871559633,0.8571428571428571
90,no_pca,linear,0.1,scale,0.7434877709286141,0.7352216748768473,0.776332899869961,0.6982456140350877,0.6580310880829016,0.3125,0.25,0.4166666666666667,0.7456896551724138,0.6910994764397905,0.5789473684210527,0.8571428571428571
91,no_pca,linear,0.1,auto,0.7434877709286141,0.7352216748768473,0.776332899869961,0.6982456140350877,0.6580310880829016,0.3125,0.25,0.4166666666666667,0.7456896551724138,0.6910994764397905,0.5789473684210527,0.8571428571428571
92,no_pca,linear,0.1,0.001,0.7434877709286141,0.7352216748768473,0.776332899869961,0.6982456140350877,0.6580310880829016,0.3125,0.25,0.4166666666666667,0.7456896551724138,0.6910994764397905,0.5789473684210527,0.8571428571428571
93,no_pca,linear,0.1,0.01,0.7434877709286141,0.7352216748768473,0.776332899869961,0.6982456140350877,0.6580310880829016,0.3125,0.25,0.4166666666666667,0.7456896551724138,0.6910994764397905,0.5789473684210527,0.8571428571428571
94,no_pca,linear,0.1,0.1,0.7434877709286141,0.7352216748768473,0.776332899869961,0.6982456140350877,0.6580310880829016,0.3125,0.25,0.4166666666666667,0.7456896551724138,0.6910994764397905,0.5789473684210527,0.8571428571428571
95,no_pca,linear,0.1,1,0.7434877709286141,0.7352216748768473,0.776332899869961,0.6982456140350877,0.6580310880829016,0.3125,0.25,0.4166666666666667,0.7456896551724138,0.6910994764397905,0.5789473684210527,0.8571428571428571
96,no_pca,linear,0.01,scale,0.7230065619407436,0.6765730206640352,0.8363949483352469,0.5680311890838207,0.7305699481865285,0.23529411764705882,0.25,0.2222222222222222,0.7931034482758621,0.7303370786516854,0.6435643564356436,0.8441558441558441
97,no_pca,linear,0.01,auto,0.7230065619407436,0.6765730206640352,0.8363949483352469,0.5680311890838207,0.7305699481865285,0.23529411764705882,0.25,0.2222222222222222,0.7931034482758621,0.7303370786516854,0.6435643564356436,0.8441558441558441
98,no_pca,linear,0.01,0.001,0.7230065619407436,0.6765730206640352,0.8363949483352469,0.5680311890838207,0.7305699481865285,0.23529411764705882,0.25,0.2222222222222222,0.7931034482758621,0.7303370786516854,0.6435643564356436,0.8441558441558441
99,no_pca,linear,0.01,0.01,0.7230065619407436,0.6765730206640352,0.8363949483352469,0.5680311890838207,0.7305699481865285,0.23529411764705882,0.25,0.2222222222222222,0.7931034482758621,0.7303370786516854,0.6435643564356436,0.8441558441558441
100,no_pca,linear,0.01,0.1,0.7230065619407436,0.6765730206640352,0.8363949483352469,0.5680311890838207,0.7305699481865285,0.23529411764705882,0.25,0.2222222222222222,0.7931034482758621,0.7303370786516854,0.6435643564356436,0.8441558441558441
101,no_pca,linear,0.01,1,0.7230065619407436,0.6765730206640352,0.8363949483352469,0.5680311890838207,0.7305699481865285,0.23529411764705882,0.25,0.2222222222222222,0.7931034482758621,0.7303370786516854,0.6435643564356436,0.8441558441558441
102,no_pca,linear,0.001,scale,0.6124478027440843,0.3997536187249769,0.9516129032258065,0.2530214424951267,0.7668393782383419,0.08163265306122448,0.15384615384615385,0.05555555555555555,0.6767241379310345,0.27184466019417475,0.5384615384615384,0.18181818181818182
103,no_pca,linear,0.001,auto,0.6124478027440843,0.3997536187249769,0.9516129032258065,0.2530214424951267,0.7668393782383419,0.08163265306122448,0.15384615384615385,0.05555555555555555,0.6767241379310345,0.27184466019417475,0.5384615384615384,0.18181818181818182
104,no_pca,linear,0.001,0.001,0.6124478027440843,0.3997536187249769,0.9516129032258065,0.2530214424951267,0.7668393782383419,0.08163265306122448,0.15384615384615385,0.05555555555555555,0.6767241379310345,0.27184466019417475,0.5384615384615384,0.18181818181818182
105,no_pca,linear,0.001,0.01,0.6124478027440843,0.3997536187249769,0.9516129032258065,0.2530214424951267,0.7668393782383419,0.08163265306122448,0.15384615384615385,0.05555555555555555,0.6767241379310345,0.27184466019417475,0.5384615384615384,0.18181818181818182
106,no_pca,linear,0.001,0.1,0.6124478027440843,0.3997536187249769,0.9516129032258065,0.2530214424951267,0.7668393782383419,0.08163265306122448,0.15384615384615385,0.05555555555555555,0.6767241379310345,0.27184466019417475,0.5384615384615384,0.18181818181818182
107,no_pca,linear,0.001,1,0.6124478027440843,0.3997536187249769,0.9516129032258065,0.2530214424951267,0.7668393782383419,0.08163265306122448,0.15384615384615385,0.05555555555555555,0.6767241379310345,0.27184466019417475,0.5384615384615384,0.18181818181818182
108,no_pca,sigmoid,20.0,scale,0.5875919665937562,0.592374213836478,0.5973047958779231,0.5875243664717349,0.5233160621761658,0.25806451612903225,0.18181818181818182,0.4444444444444444,0.5646551724137931,0.48205128205128206,0.3983050847457627,0.6103896103896104
109,no_pca,sigmoid,20.0,auto,0.5875919665937562,0.592374213836478,0.5973047958779231,0.5875243664717349,0.5233160621761658,0.25806451612903225,0.18181818181818182,0.4444444444444444,0.5646551724137931,0.48205128205128206,0.3983050847457627,0.6103896103896104
110,no_pca,sigmoid,20.0,0.001,0.5875919665937562,0.592374213836478,0.5973047958779231,0.5875243664717349,0.5233160621761658,0.25806451612903225,0.18181818181818182,0.4444444444444444,0.5646551724137931,0.48205128205128206,0.3983050847457627,0.6103896103896104
111,no_pca,sigmoid,20.0,0.01,0.5875919665937562,0.592374213836478,0.5973047958779231,0.5875243664717349,0.5233160621761658,0.25806451612903225,0.18181818181818182,0.4444444444444444,0.5646551724137931,0.48205128205128206,0.3983050847457627,0.6103896103896104
112,no_pca,sigmoid,20.0,0.1,0.5875919665937562,0.592374213836478,0.5973047958779231,0.5875243664717349,0.5233160621761658,0.25806451612903225,0.18181818181818182,0.4444444444444444,0.5646551724137931,0.48205128205128206,0.3983050847457627,0.6103896103896104
113,no_pca,sigmoid,20.0,1,0.5875919665937562,0.592374213836478,0.5973047958779231,0.5875243664717349,0.5233160621761658,0.25806451612903225,0.18181818181818182,0.4444444444444444,0.5646551724137931,0.48205128205128206,0.3983050847457627,0.6103896103896104
114,no_pca,sigmoid,10.0,scale,0.5879896599721615,0.5919653406853091,0.5980899323517708,0.5859649122807018,0.5233160621761658,0.25806451612903225,0.18181818181818182,0.4444444444444444,0.5646551724137931,0.48205128205128206,0.3983050847457627,0.6103896103896104
115,no_pca,sigmoid,10.0,auto,0.5879896599721615,0.5919653406853091,0.5980899323517708,0.5859649122807018,0.5233160621761658,0.25806451612903225,0.18181818181818182,0.4444444444444444,0.5646551724137931,0.48205128205128206,0.3983050847457627,0.6103896103896104
116,no_pca,sigmoid,10.0,0.001,0.5879896599721615,0.5919653406853091,0.5980899323517708,0.5859649122807018,0.5233160621761658,0.25806451612903225,0.18181818181818182,0.4444444444444444,0.5646551724137931,0.48205128205128206,0.3983050847457627,0.6103896103896104
117,no_pca,sigmoid,10.0,0.01,0.5879896599721615,0.5919653406853091,0.5980899323517708,0.5859649122807018,0.5233160621761658,0.25806451612903225,0.18181818181818182,0.4444444444444444,0.5646551724137931,0.48205128205128206,0.3983050847457627,0.6103896103896104
118,no_pca,sigmoid,10.0,0.1,0.5879896599721615,0.5919653406853091,0.5980899323517708,0.5859649122807018,0.5233160621761658,0.25806451612903225,0.18181818181818182,0.4444444444444444,0.5646551724137931,0.48205128205128206,0.3983050847457627,0.6103896103896104
119,no_pca,sigmoid,10.0,1,0.5879896599721615,0.5919653406853091,0.5980899323517708,0.5859649122807018,0.5233160621761658,0.25806451612903225,0.18181818181818182,0.4444444444444444,0.5646551724137931,0.48205128205128206,0.3983050847457627,0.6103896103896104
120,no_pca,sigmoid,1.0,scale,0.5750646251739908,0.5862536302032914,0.5823076923076923,0.5902534113060429,0.46632124352331605,0.22556390977443608,0.15463917525773196,0.4166666666666667,0.5560344827586207,0.4824120603015075,0.39344262295081966,0.6233766233766234
121,no_pca,sigmoid,1.0,auto,0.5750646251739908,0.5862536302032914,0.5823076923076923,0.5902534113060429,0.46632124352331605,0.22556390977443608,0.15463917525773196,0.4166666666666667,0.5560344827586207,0.4824120603015075,0.39344262295081966,0.6233766233766234
122,no_pca,sigmoid,1.0,0.001,0.5750646251739908,0.5862536302032914,0.5823076923076923,0.5902534113060429,0.46632124352331605,0.22556390977443608,0.15463917525773196,0.4166666666666667,0.5560344827586207,0.4824120603015075,0.39344262295081966,0.6233766233766234
123,no_pca,sigmoid,1.0,0.01,0.5750646251739908,0.5862536302032914,0.5823076923076923,0.5902534113060429,0.46632124352331605,0.22556390977443608,0.15463917525773196,0.4166666666666667,0.5560344827586207,0.4824120603015075,0.39344262295081966,0.6233766233766234
124,no_pca,sigmoid,1.0,0.1,0.5750646251739908,0.5862536302032914,0.5823076923076923,0.5902534113060429,0.46632124352331605,0.22556390977443608,0.15463917525773196,0.4166666666666667,0.5560344827586207,0.4824120603015075,0.39344262295081966,0.6233766233766234
125,no_pca,sigmoid,1.0,1,0.5750646251739908,0.5862536302032914,0.5823076923076923,0.5902534113060429,0.46632124352331605,0.22556390977443608,0.15463917525773196,0.4166666666666667,0.5560344827586207,0.4824120603015075,0.39344262295081966,0.6233766233766234
126,no_pca,sigmoid,0.1,scale,0.6355140186915887,0.6016083460117366,0.6797642436149313,0.5395711500974659,0.6321243523316062,0.16470588235294117,0.14285714285714285,0.19444444444444445,0.6982758620689655,0.5394736842105263,0.5466666666666666,0.5324675324675324
127,no_pca,sigmoid,0.1,auto,0.6355140186915887,0.6016083460117366,0.6797642436149313,0.5395711500974659,0.6321243523316062,0.16470588235294117,0.14285714285714285,0.19444444444444445,0.6982758620689655,0.5394736842105263,0.5466666666666666,0.5324675324675324
128,no_pca,sigmoid,0.1,0.001,0.6355140186915887,0.6016083460117366,0.6797642436149313,0.5395711500974659,0.6321243523316062,0.16470588235294117,0.14285714285714285,0.19444444444444445,0.6982758620689655,0.5394736842105263,0.5466666666666666,0.5324675324675324
129,no_pca,sigmoid,0.1,0.01,0.6355140186915887,0.6016083460117366,0.6797642436149313,0.5395711500974659,0.6321243523316062,0.16470588235294117,0.14285714285714285,0.19444444444444445,0.6982758620689655,0.5394736842105263,0.5466666666666666,0.5324675324675324
130,no_pca,sigmoid,0.1,0.1,0.6355140186915887,0.6016083460117366,0.6797642436149313,0.5395711500974659,0.6321243523316062,0.16470588235294117,0.14285714285714285,0.19444444444444445,0.6982758620689655,0.5394736842105263,0.5466666666666666,0.5324675324675324
131,no_pca,sigmoid,0.1,1,0.6355140186915887,0.6016083460117366,0.6797642436149313,0.5395711500974659,0.6321243523316062,0.16470588235294117,0.14285714285714285,0.19444444444444445,0.6982758620689655,0.5394736842105263,0.5466666666666666,0.5324675324675324
132,no_pca,sigmoid,0.01,scale,0.6319347782859416,0.6244674376141205,0.6510152284263959,0.6,0.6217616580310881,0.23157894736842105,0.1864406779661017,0.3055555555555556,0.6594827586206896,0.5269461077844312,0.4888888888888889,0.5714285714285714
133,no_pca,sigmoid,0.01,auto,0.6319347782859416,0.6244674376141205,0.6510152284263959,0.6,0.6217616580310881,0.23157894736842105,0.1864406779661017,0.3055555555555556,0.6594827586206896,0.5269461077844312,0.4888888888888889,0.5714285714285714
134,no_pca,sigmoid,0.01,0.001,0.6319347782859416,0.6244674376141205,0.6510152284263959,0.6,0.6217616580310881,0.23157894736842105,0.1864406779661017,0.3055555555555556,0.6594827586206896,0.5269461077844312,0.4888888888888889,0.5714285714285714
135,no_pca,sigmoid,0.01,0.01,0.6319347782859416,0.6244674376141205,0.6510152284263959,0.6,0.6217616580310881,0.23157894736842105,0.1864406779661017,0.3055555555555556,0.6594827586206896,0.5269461077844312,0.4888888888888889,0.5714285714285714
136,no_pca,sigmoid,0.01,0.1,0.6319347782859416,0.6244674376141205,0.6510152284263959,0.6,0.6217616580310881,0.23157894736842105,0.1864406779661017,0.3055555555555556,0.6594827586206896,0.5269461077844312,0.4888888888888889,0.5714285714285714
137,no_pca,sigmoid,0.01,1,0.6319347782859416,0.6244674376141205,0.6510152284263959,0.6,0.6217616580310881,0.23157894736842105,0.1864406779661017,0.3055555555555556,0.6594827586206896,0.5269461077844312,0.4888888888888889,0.5714285714285714
138,no_pca,sigmoid,0.001,scale,0.48995824219526746,0.0,0.0,0.0,0.8134715025906736,0.0,0.0,0.0,0.6681034482758621,0.0,0.0,0.0
139,no_pca,sigmoid,0.001,auto,0.48995824219526746,0.0,0.0,0.0,0.8134715025906736,0.0,0.0,0.0,0.6681034482758621,0.0,0.0,0.0
140,no_pca,sigmoid,0.001,0.001,0.48995824219526746,0.0,0.0,0.0,0.8134715025906736,0.0,0.0,0.0,0.6681034482758621,0.0,0.0,0.0
141,no_pca,sigmoid,0.001,0.01,0.48995824219526746,0.0,0.0,0.0,0.8134715025906736,0.0,0.0,0.0,0.6681034482758621,0.0,0.0,0.0
142,no_pca,sigmoid,0.001,0.1,0.48995824219526746,0.0,0.0,0.0,0.8134715025906736,0.0,0.0,0.0,0.6681034482758621,0.0,0.0,0.0
143,no_pca,sigmoid,0.001,1,0.48995824219526746,0.0,0.0,0.0,0.8134715025906736,0.0,0.0,0.0,0.6681034482758621,0.0,0.0,0.0
144,0.95,rbf,20.0,scale,0.7995625372837543,0.8021978021978022,0.8075859344132754,0.7968810916179337,0.6683937823834197,0.2558139534883721,0.22,0.3055555555555556,0.6594827586206896,0.5093167701863354,0.4880952380952381,0.5324675324675324
145,0.95,rbf,20.0,auto,0.786438655796381,0.7931432973805855,0.7837837837837838,0.802729044834308,0.6476683937823834,0.24444444444444444,0.2037037037037037,0.3055555555555556,0.6594827586206896,0.5093167701863354,0.4880952380952381,0.5324675324675324
146,0.95,rbf,20.0,0.001,0.786438655796381,0.7931432973805855,0.7837837837837838,0.802729044834308,0.6476683937823834,0.24444444444444444,0.2037037037037037,0.3055555555555556,0.6594827586206896,0.5093167701863354,0.4880952380952381,0.5324675324675324
147,0.95,rbf,20.0,0.01,0.786438655796381,0.7931432973805855,0.7837837837837838,0.802729044834308,0.6476683937823834,0.24444444444444444,0.2037037037037037,0.3055555555555556,0.6594827586206896,0.5093167701863354,0.4880952380952381,0.5324675324675324
148,0.95,rbf,20.0,0.1,0.786438655796381,0.7931432973805855,0.7837837837837838,0.802729044834308,0.6476683937823834,0.24444444444444444,0.2037037037037037,0.3055555555555556,0.6594827586206896,0.5093167701863354,0.4880952380952381,0.5324675324675324
149,0.95,rbf,20.0,1,0.786438655796381,0.7931432973805855,0.7837837837837838,0.802729044834308,0.6476683937823834,0.24444444444444444,0.2037037037037037,0.3055555555555556,0.6594827586206896,0.5093167701863354,0.4880952380952381,0.5324675324675324
150,0.95,rbf,10.0,scale,0.7854444223503678,0.7908509401046715,0.7864302235929067,0.7953216374269005,0.6580310880829016,0.25,0.21153846153846154,0.3055555555555556,0.6594827586206896,0.5093167701863354,0.4880952380952381,0.5324675324675324
151,0.95,rbf,10.0,auto,0.7854444223503678,0.7908509401046715,0.7864302235929067,0.7953216374269005,0.6580310880829016,0.25,0.21153846153846154,0.3055555555555556,0.6594827586206896,0.5093167701863354,0.4880952380952381,0.5324675324675324
152,0.95,rbf,10.0,0.001,0.7854444223503678,0.7908509401046715,0.7864302235929067,0.7953216374269005,0.6580310880829016,0.25,0.21153846153846154,0.3055555555555556,0.6594827586206896,0.5093167701863354,0.4880952380952381,0.5324675324675324
153,0.95,rbf,10.0,0.01,0.7854444223503678,0.7908509401046715,0.7864302235929067,0.7953216374269005,0.6580310880829016,0.25,0.21153846153846154,0.3055555555555556,0.6594827586206896,0.5093167701863354,0.4880952380952381,0.5324675324675324
154,0.95,rbf,10.0,0.1,0.7854444223503678,0.7908509401046715,0.7864302235929067,0.7953216374269005,0.6580310880829016,0.25,0.21153846153846154,0.3055555555555556,0.6594827586206896,0.5093167701863354,0.4880952380952381,0.5324675324675324
155,0.95,rbf,10.0,1,0.7854444223503678,0.7908509401046715,0.7864302235929067,0.7953216374269005,0.6580310880829016,0.25,0.21153846153846154,0.3055555555555556,0.6594827586206896,0.5093167701863354,0.4880952380952381,0.5324675324675324
156,0.95,rbf,1.0,scale,0.7677470670113342,0.7798718431963815,0.7548340021889821,0.8066276803118908,0.6321243523316062,0.297029702970297,0.23076923076923078,0.4166666666666667,0.6336206896551724,0.4970414201183432,0.45652173913043476,0.5454545454545454
157,0.95,rbf,1.0,auto,0.7677470670113342,0.7798718431963815,0.7548340021889821,0.8066276803118908,0.6321243523316062,0.297029702970297,0.23076923076923078,0.4166666666666667,0.6336206896551724,0.4970414201183432,0.45652173913043476,0.5454545454545454
158,0.95,rbf,1.0,0.001,0.7677470670113342,0.7798718431963815,0.7548340021889821,0.8066276803118908,0.6321243523316062,0.297029702970297,0.23076923076923078,0.4166666666666667,0.6336206896551724,0.4970414201183432,0.45652173913043476,0.5454545454545454
159,0.95,rbf,1.0,0.01,0.7677470670113342,0.7798718431963815,0.7548340021889821,0.8066276803118908,0.6321243523316062,0.297029702970297,0.23076923076923078,0.4166666666666667,0.6336206896551724,0.4970414201183432,0.45652173913043476,0.5454545454545454
160,0.95,rbf,1.0,0.1,0.7677470670113342,0.7798718431963815,0.7548340021889821,0.8066276803118908,0.6321243523316062,0.297029702970297,0.23076923076923078,0.4166666666666667,0.6336206896551724,0.4970414201183432,0.45652173913043476,0.5454545454545454
161,0.95,rbf,1.0,1,0.7677470670113342,0.7798718431963815,0.7548340021889821,0.8066276803118908,0.6321243523316062,0.297029702970297,0.23076923076923078,0.4166666666666667,0.6336206896551724,0.4970414201183432,0.45652173913043476,0.5454545454545454
162,0.95,rbf,0.1,scale,0.7335454364684828,0.7084421235857267,0.8015755785327425,0.6346978557504873,0.6787564766839378,0.225,0.20454545454545456,0.25,0.6896551724137931,0.52,0.5342465753424658,0.5064935064935064
163,0.95,rbf,0.1,auto,0.7335454364684828,0.7084421235857267,0.8015755785327425,0.6346978557504873,0.6787564766839378,0.225,0.20454545454545456,0.25,0.6896551724137931,0.52,0.5342465753424658,0.5064935064935064
164,0.95,rbf,0.1,0.001,0.7335454364684828,0.7084421235857267,0.8015755785327425,0.6346978557504873,0.6787564766839378,0.225,0.20454545454545456,0.25,0.6896551724137931,0.52,0.5342465753424658,0.5064935064935064
165,0.95,rbf,0.1,0.01,0.7335454364684828,0.7084421235857267,0.8015755785327425,0.6346978557504873,0.6787564766839378,0.225,0.20454545454545456,0.25,0.6896551724137931,0.52,0.5342465753424658,0.5064935064935064
166,0.95,rbf,0.1,0.1,0.7335454364684828,0.7084421235857267,0.8015755785327425,0.6346978557504873,0.6787564766839378,0.225,0.20454545454545456,0.25,0.6896551724137931,0.52,0.5342465753424658,0.5064935064935064
167,0.95,rbf,0.1,1,0.7335454364684828,0.7084421235857267,0.8015755785327425,0.6346978557504873,0.6787564766839378,0.225,0.20454545454545456,0.25,0.6896551724137931,0.52,0.5342465753424658,0.5064935064935064
168,0.95,rbf,0.01,scale,0.7019288128852654,0.6842216136507268,0.7442713107241063,0.6331384015594542,0.6373056994818653,0.20454545454545456,0.17307692307692307,0.25,0.7629310344827587,0.7027027027027027,0.6018518518518519,0.8441558441558441
169,0.95,rbf,0.01,auto,0.7019288128852654,0.6842216136507268,0.7442713107241063,0.6331384015594542,0.6373056994818653,0.20454545454545456,0.17307692307692307,0.25,0.7629310344827587,0.7027027027027027,0.6018518518518519,0.8441558441558441
170,0.95,rbf,0.01,0.001,0.7019288128852654,0.6842216136507268,0.7442713107241063,0.6331384015594542,0.6373056994818653,0.20454545454545456,0.17307692307692307,0.25,0.7629310344827587,0.7027027027027027,0.6018518518518519,0.8441558441558441
171,0.95,rbf,0.01,0.01,0.7019288128852654,0.6842216136507268,0.7442713107241063,0.6331384015594542,0.6373056994818653,0.20454545454545456,0.17307692307692307,0.25,0.7629310344827587,0.7027027027027027,0.6018518518518519,0.8441558441558441
172,0.95,rbf,0.01,0.1,0.7019288128852654,0.6842216136507268,0.7442713107241063,0.6331384015594542,0.6373056994818653,0.20454545454545456,0.17307692307692307,0.25,0.7629310344827587,0.7027027027027027,0.6018518518518519,0.8441558441558441
173,0.95,rbf,0.01,1,0.7019288128852654,0.6842216136507268,0.7442713107241063,0.6331384015594542,0.6373056994818653,0.20454545454545456,0.17307692307692307,0.25,0.7629310344827587,0.7027027027027027,0.6018518518518519,0.8441558441558441
174,0.95,rbf,0.001,scale,0.6386955657188308,0.7053672774444625,0.6038312048861744,0.847953216374269,0.47150259067357514,0.3108108108108108,0.20535714285714285,0.6388888888888888,0.6206896551724138,0.6140350877192983,0.46357615894039733,0.9090909090909091
175,0.95,rbf,0.001,auto,0.6386955657188308,0.7053672774444625,0.6038312048861744,0.847953216374269,0.47150259067357514,0.3108108108108108,0.20535714285714285,0.6388888888888888,0.6206896551724138,0.6140350877192983,0.46357615894039733,0.9090909090909091
176,0.95,rbf,0.001,0.001,0.6386955657188308,0.7053672774444625,0.6038312048861744,0.847953216374269,0.47150259067357514,0.3108108108108108,0.20535714285714285,0.6388888888888888,0.6206896551724138,0.6140350877192983,0.46357615894039733,0.9090909090909091
177,0.95,rbf,0.001,0.01,0.6386955657188308,0.7053672774444625,0.6038312048861744,0.847953216374269,0.47150259067357514,0.3108108108108108,0.20535714285714285,0.6388888888888888,0.6206896551724138,0.6140350877192983,0.46357615894039733,0.9090909090909091
178,0.95,rbf,0.001,0.1,0.6386955657188308,0.7053672774444625,0.6038312048861744,0.847953216374269,0.47150259067357514,0.3108108108108108,0.20535714285714285,0.6388888888888888,0.6206896551724138,0.6140350877192983,0.46357615894039733,0.9090909090909091
179,0.95,rbf,0.001,1,0.6386955657188308,0.7053672774444625,0.6038312048861744,0.847953216374269,0.47150259067357514,0.3108108108108108,0.20535714285714285,0.6388888888888888,0.6206896551724138,0.6140350877192983,0.46357615894039733,0.9090909090909091
180,0.95,poly,20.0,scale,0.725989262278783,0.7231820008035356,0.7459593866556155,0.7017543859649122,0.6528497409326425,0.26373626373626374,0.21818181818181817,0.3333333333333333,0.7456896551724138,0.694300518134715,0.5775862068965517,0.8701298701298701
181,0.95,poly,20.0,auto,0.725989262278783,0.7231820008035356,0.7459593866556155,0.7017543859649122,0.6528497409326425,0.26373626373626374,0.21818181818181817,0.3333333333333333,0.7456896551724138,0.694300518134715,0.5775862068965517,0.8701298701298701
182,0.95,poly,20.0,0.001,0.725989262278783,0.7231820008035356,0.7459593866556155,0.7017543859649122,0.6528497409326425,0.26373626373626374,0.21818181818181817,0.3333333333333333,0.7456896551724138,0.694300518134715,0.5775862068965517,0.8701298701298701
183,0.95,poly,20.0,0.01,0.725989262278783,0.7231820008035356,0.7459593866556155,0.7017543859649122,0.6528497409326425,0.26373626373626374,0.21818181818181817,0.3333333333333333,0.7456896551724138,0.694300518134715,0.5775862068965517,0.8701298701298701
184,0.95,poly,20.0,0.1,0.725989262278783,0.7231820008035356,0.7459593866556155,0.7017543859649122,0.6528497409326425,0.26373626373626374,0.21818181818181817,0.3333333333333333,0.7456896551724138,0.694300518134715,0.5775862068965517,0.8701298701298701
185,0.95,poly,20.0,1,0.725989262278783,0.7231820008035356,0.7459593866556155,0.7017543859649122,0.6528497409326425,0.26373626373626374,0.21818181818181817,0.3333333333333333,0.7456896551724138,0.694300518134715,0.5775862068965517,0.8701298701298701
186,0.95,poly,10.0,scale,0.7335454364684828,0.7327483047467093,0.750102082482646,0.7161793372319688,0.6424870466321243,0.24175824175824176,0.2,0.3055555555555556,0.7413793103448276,0.6907216494845361,0.5726495726495726,0.8701298701298701
187,0.95,poly,10.0,auto,0.7335454364684828,0.7327483047467093,0.750102082482646,0.7161793372319688,0.6424870466321243,0.24175824175824176,0.2,0.3055555555555556,0.7413793103448276,0.6907216494845361,0.5726495726495726,0.8701298701298701
188,0.95,poly,10.0,0.001,0.7335454364684828,0.7327483047467093,0.750102082482646,0.7161793372319688,0.6424870466321243,0.24175824175824176,0.2,0.3055555555555556,0.7413793103448276,0.6907216494845361,0.5726495726495726,0.8701298701298701
189,0.95,poly,10.0,0.01,0.7335454364684828,0.7327483047467093,0.750102082482646,0.7161793372319688,0.6424870466321243,0.24175824175824176,0.2,0.3055555555555556,0.7413793103448276,0.6907216494845361,0.5726495726495726,0.8701298701298701
190,0.95,poly,10.0,0.1,0.7335454364684828,0.7327483047467093,0.750102082482646,0.7161793372319688,0.6424870466321243,0.24175824175824176,0.2,0.3055555555555556,0.7413793103448276,0.6907216494845361,0.5726495726495726,0.8701298701298701
191,0.95,poly,10.0,1,0.7335454364684828,0.7327483047467093,0.750102082482646,0.7161793372319688,0.6424870466321243,0.24175824175824176,0.2,0.3055555555555556,0.7413793103448276,0.6907216494845361,0.5726495726495726,0.8701298701298701
192,0.95,poly,1.0,scale,0.7351362099821038,0.7341317365269461,0.7521472392638037,0.7169590643274854,0.6373056994818653,0.2222222222222222,0.18518518518518517,0.2777777777777778,0.7456896551724138,0.694300518134715,0.5775862068965517,0.8701298701298701
193,0.95,poly,1.0,auto,0.7351362099821038,0.7341317365269461,0.7521472392638037,0.7169590643274854,0.6373056994818653,0.2222222222222222,0.18518518518518517,0.2777777777777778,0.7456896551724138,0.694300518134715,0.5775862068965517,0.8701298701298701
194,0.95,poly,1.0,0.001,0.7351362099821038,0.7341317365269461,0.7521472392638037,0.7169590643274854,0.6373056994818653,0.2222222222222222,0.18518518518518517,0.2777777777777778,0.7456896551724138,0.694300518134715,0.5775862068965517,0.8701298701298701
195,0.95,poly,1.0,0.01,0.7351362099821038,0.7341317365269461,0.7521472392638037,0.7169590643274854,0.6373056994818653,0.2222222222222222,0.18518518518518517,0.2777777777777778,0.7456896551724138,0.694300518134715,0.5775862068965517,0.8701298701298701
196,0.95,poly,1.0,0.1,0.7351362099821038,0.7341317365269461,0.7521472392638037,0.7169590643274854,0.6373056994818653,0.2222222222222222,0.18518518518518517,0.2777777777777778,0.7456896551724138,0.694300518134715,0.5775862068965517,0.8701298701298701
197,0.95,poly,1.0,1,0.7351362099821038,0.7341317365269461,0.7521472392638037,0.7169590643274854,0.6373056994818653,0.2222222222222222,0.18518518518518517,0.2777777777777778,0.7456896551724138,0.694300518134715,0.5775862068965517,0.8701298701298701
198,0.95,poly,0.1,scale,0.7257904155895805,0.727416485471437,0.7377706495589414,0.7173489278752436,0.6321243523316062,0.21978021978021978,0.18181818181818182,0.2777777777777778,0.7241379310344828,0.6767676767676768,0.5537190082644629,0.8701298701298701
199,0.95,poly,0.1,auto,0.7257904155895805,0.727416485471437,0.7377706495589414,0.7173489278752436,0.6321243523316062,0.21978021978021978,0.18181818181818182,0.2777777777777778,0.7241379310344828,0.6767676767676768,0.5537190082644629,0.8701298701298701
200,0.95,poly,0.1,0.001,0.7257904155895805,0.727416485471437,0.7377706495589414,0.7173489278752436,0.6321243523316062,0.21978021978021978,0.18181818181818182,0.2777777777777778,0.7241379310344828,0.6767676767676768,0.5537190082644629,0.8701298701298701
201,0.95,poly,0.1,0.01,0.7257904155895805,0.727416485471437,0.7377706495589414,0.7173489278752436,0.6321243523316062,0.21978021978021978,0.18181818181818182,0.2777777777777778,0.7241379310344828,0.6767676767676768,0.5537190082644629,0.8701298701298701
202,0.95,poly,0.1,0.1,0.7257904155895805,0.727416485471437,0.7377706495589414,0.7173489278752436,0.6321243523316062,0.21978021978021978,0.18181818181818182,0.2777777777777778,0.7241379310344828,0.6767676767676768,0.5537190082644629,0.8701298701298701
203,0.95,poly,0.1,1,0.7257904155895805,0.727416485471437,0.7377706495589414,0.7173489278752436,0.6321243523316062,0.21978021978021978,0.18181818181818182,0.2777777777777778,0.7241379310344828,0.6767676767676768,0.5537190082644629,0.8701298701298701
204,0.95,poly,0.01,scale,0.7198250149135017,0.6672963400236127,0.8461077844311378,0.5508771929824562,0.7461139896373057,0.24615384615384617,0.27586206896551724,0.2222222222222222,0.8017241379310345,0.7325581395348837,0.6631578947368421,0.8181818181818182
205,0.95,poly,0.01,auto,0.7198250149135017,0.6672963400236127,0.8461077844311378,0.5508771929824562,0.7461139896373057,0.24615384615384617,0.27586206896551724,0.2222222222222222,0.8017241379310345,0.7325581395348837,0.6631578947368421,0.8181818181818182
206,0.95,poly,0.01,0.001,0.7198250149135017,0.6672963400236127,0.8461077844311378,0.5508771929824562,0.7461139896373057,0.24615384615384617,0.27586206896551724,0.2222222222222222,0.8017241379310345,0.7325581395348837,0.6631578947368421,0.8181818181818182
207,0.95,poly,0.01,0.01,0.7198250149135017,0.6672963400236127,0.8461077844311378,0.5508771929824562,0.7461139896373057,0.24615384615384617,0.27586206896551724,0.2222222222222222,0.8017241379310345,0.7325581395348837,0.6631578947368421,0.8181818181818182
208,0.95,poly,0.01,0.1,0.7198250149135017,0.6672963400236127,0.8461077844311378,0.5508771929824562,0.7461139896373057,0.24615384615384617,0.27586206896551724,0.2222222222222222,0.8017241379310345,0.7325581395348837,0.6631578947368421,0.8181818181818182
209,0.95,poly,0.01,1,0.7198250149135017,0.6672963400236127,0.8461077844311378,0.5508771929824562,0.7461139896373057,0.24615384615384617,0.27586206896551724,0.2222222222222222,0.8017241379310345,0.7325581395348837,0.6631578947368421,0.8181818181818182
210,0.95,poly,0.001,scale,0.626963611055876,0.43323262839879156,0.9624161073825503,0.2795321637426901,0.772020725388601,0.12,0.21428571428571427,0.08333333333333333,0.6853448275862069,0.3047619047619048,0.5714285714285714,0.2077922077922078
211,0.95,poly,0.001,auto,0.626963611055876,0.43323262839879156,0.9624161073825503,0.2795321637426901,0.772020725388601,0.12,0.21428571428571427,0.08333333333333333,0.6853448275862069,0.3047619047619048,0.5714285714285714,0.2077922077922078
212,0.95,poly,0.001,0.001,0.626963611055876,0.43323262839879156,0.9624161073825503,0.2795321637426901,0.772020725388601,0.12,0.21428571428571427,0.08333333333333333,0.6853448275862069,0.3047619047619048,0.5714285714285714,0.2077922077922078
213,0.95,poly,0.001,0.01,0.626963611055876,0.43323262839879156,0.9624161073825503,0.2795321637426901,0.772020725388601,0.12,0.21428571428571427,0.08333333333333333,0.6853448275862069,0.3047619047619048,0.5714285714285714,0.2077922077922078
214,0.95,poly,0.001,0.1,0.626963611055876,0.43323262839879156,0.9624161073825503,0.2795321637426901,0.772020725388601,0.12,0.21428571428571427,0.08333333333333333,0.6853448275862069,0.3047619047619048,0.5714285714285714,0.2077922077922078
215,0.95,poly,0.001,1,0.626963611055876,0.43323262839879156,0.9624161073825503,0.2795321637426901,0.772020725388601,0.12,0.21428571428571427,0.08333333333333333,0.6853448275862069,0.3047619047619048,0.5714285714285714,0.2077922077922078
216,0.95,linear,20.0,scale,0.7084907536289521,0.6720357941834452,0.7884514435695538,0.5855750487329434,0.6994818652849741,0.21621621621621623,0.21052631578947367,0.2222222222222222,0.771551724137931,0.7103825136612022,0.6132075471698113,0.8441558441558441
217,0.95,linear,20.0,auto,0.7150526943726387,0.6721574010523907,0.8133997785160576,0.5727095516569201,0.6994818652849741,0.21621621621621623,0.21052631578947367,0.2222222222222222,0.7844827586206896,0.7222222222222222,0.6310679611650486,0.8441558441558441
218,0.95,linear,20.0,0.001,0.7084907536289521,0.6720357941834452,0.7884514435695538,0.5855750487329434,0.6994818652849741,0.21621621621621623,0.21052631578947367,0.2222222222222222,0.771551724137931,0.7103825136612022,0.6132075471698113,0.8441558441558441
219,0.95,linear,20.0,0.01,0.7150526943726387,0.6721574010523907,0.8133997785160576,0.5727095516569201,0.6994818652849741,0.21621621621621623,0.21052631578947367,0.2222222222222222,0.7844827586206896,0.7222222222222222,0.6310679611650486,0.8441558441558441
220,0.95,linear,20.0,0.1,0.7084907536289521,0.6720357941834452,0.7884514435695538,0.5855750487329434,0.6994818652849741,0.21621621621621623,0.21052631578947367,0.2222222222222222,0.771551724137931,0.7103825136612022,0.6132075471698113,0.8441558441558441
221,0.95,linear,20.0,1,0.7150526943726387,0.6721574010523907,0.8133997785160576,0.5727095516569201,0.6994818652849741,0.21621621621621623,0.21052631578947367,0.2222222222222222,0.7844827586206896,0.7222222222222222,0.6310679611650486,0.8441558441558441
222,0.95,linear,10.0,scale,0.7009345794392523,0.6685764654032613,0.7688798783578307,0.5914230019493177,0.6735751295336787,0.2222222222222222,0.2,0.25,0.75,0.6914893617021277,0.5855855855855856,0.8441558441558441
223,0.95,linear,10.0,auto,0.7009345794392523,0.6685764654032613,0.7688798783578307,0.5914230019493177,0.6735751295336787,0.2222222222222222,0.2,0.25,0.75,0.6914893617021277,0.5855855855855856,0.8441558441558441
224,0.95,linear,10.0,0.001,0.7009345794392523,0.6685764654032613,0.7688798783578307,0.5914230019493177,0.6735751295336787,0.2222222222222222,0.2,0.25,0.75,0.6914893617021277,0.5855855855855856,0.8441558441558441
225,0.95,linear,10.0,0.01,0.7009345794392523,0.6685764654032613,0.7688798783578307,0.5914230019493177,0.6735751295336787,0.2222222222222222,0.2,0.25,0.75,0.6914893617021277,0.5855855855855856,0.8441558441558441
226,0.95,linear,10.0,0.1,0.7009345794392523,0.6685764654032613,0.7688798783578307,0.5914230019493177,0.6735751295336787,0.2222222222222222,0.2,0.25,0.75,0.6914893617021277,0.5855855855855856,0.8441558441558441
227,0.95,linear,10.0,1,0.7009345794392523,0.6685764654032613,0.7688798783578307,0.5914230019493177,0.6735751295336787,0.2222222222222222,0.2,0.25,0.75,0.6914893617021277,0.5855855855855856,0.8441558441558441
228,0.95,linear,1.0,scale,0.7140584609266256,0.6740707162284678,0.8050893340552246,0.5797270955165692,0.6994818652849741,0.21621621621621623,0.21052631578947367,0.2222222222222222,0.7758620689655172,0.7142857142857143,0.6190476190476191,0.8441558441558441
229,0.95,linear,1.0,auto,0.7140584609266256,0.6740707162284678,0.8050893340552246,0.5797270955165692,0.6994818652849741,0.21621621621621623,0.21052631578947367,0.2222222222222222,0.7758620689655172,0.7142857142857143,0.6190476190476191,0.8441558441558441
230,0.95,linear,1.0,0.001,0.7140584609266256,0.6740707162284678,0.8050893340552246,0.5797270955165692,0.6994818652849741,0.21621621621621623,0.21052631578947367,0.2222222222222222,0.7758620689655172,0.7142857142857143,0.6190476190476191,0.8441558441558441
231,0.95,linear,1.0,0.01,0.7140584609266256,0.6740707162284678,0.8050893340552246,0.5797270955165692,0.6994818652849741,0.21621621621621623,0.21052631578947367,0.2222222222222222,0.7758620689655172,0.7142857142857143,0.6190476190476191,0.8441558441558441
232,0.95,linear,1.0,0.1,0.7140584609266256,0.6740707162284678,0.8050893340552246,0.5797270955165692,0.6994818652849741,0.21621621621621623,0.21052631578947367,0.2222222222222222,0.7758620689655172,0.7142857142857143,0.6190476190476191,0.8441558441558441
233,0.95,linear,1.0,1,0.7140584609266256,0.6740707162284678,0.8050893340552246,0.5797270955165692,0.6994818652849741,0.21621621621621623,0.21052631578947367,0.2222222222222222,0.7758620689655172,0.7142857142857143,0.6190476190476191,0.8441558441558441
234,0.95,linear,0.1,scale,0.7061045933585206,0.6709706144256455,0.7820446289569278,0.5875243664717349,0.689119170984456,0.21052631578947367,0.2,0.2222222222222222,0.7629310344827587,0.7027027027027027,0.6018518518518519,0.8441558441558441
235,0.95,linear,0.1,auto,0.7061045933585206,0.6709706144256455,0.7820446289569278,0.5875243664717349,0.689119170984456,0.21052631578947367,0.2,0.2222222222222222,0.7629310344827587,0.7027027027027027,0.6018518518518519,0.8441558441558441
236,0.95,linear,0.1,0.001,0.7061045933585206,0.6709706144256455,0.7820446289569278,0.5875243664717349,0.689119170984456,0.21052631578947367,0.2,0.2222222222222222,0.7629310344827587,0.7027027027027027,0.6018518518518519,0.8441558441558441
237,0.95,linear,0.1,0.01,0.7061045933585206,0.6709706144256455,0.7820446289569278,0.5875243664717349,0.689119170984456,0.21052631578947367,0.2,0.2222222222222222,0.7629310344827587,0.7027027027027027,0.6018518518518519,0.8441558441558441
238,0.95,linear,0.1,0.1,0.7061045933585206,0.6709706144256455,0.7820446289569278,0.5875243664717349,0.689119170984456,0.21052631578947367,0.2,0.2222222222222222,0.7629310344827587,0.7027027027027027,0.6018518518518519,0.8441558441558441
239,0.95,linear,0.1,1,0.7061045933585206,0.6709706144256455,0.7820446289569278,0.5875243664717349,0.689119170984456,0.21052631578947367,0.2,0.2222222222222222,0.7629310344827587,0.7027027027027027,0.6018518518518519,0.8441558441558441
240,0.95,linear,0.01,scale,0.6935772519387552,0.6636105653787383,0.753968253968254,0.5925925925925926,0.6632124352331606,0.21686746987951808,0.19148936170212766,0.25,0.7413793103448276,0.6842105263157895,0.5752212389380531,0.8441558441558441
241,0.95,linear,0.01,auto,0.6935772519387552,0.6636105653787383,0.753968253968254,0.5925925925925926,0.6632124352331606,0.21686746987951808,0.19148936170212766,0.25,0.7413793103448276,0.6842105263157895,0.5752212389380531,0.8441558441558441
242,0.95,linear,0.01,0.001,0.6935772519387552,0.6636105653787383,0.753968253968254,0.5925925925925926,0.6632124352331606,0.21686746987951808,0.19148936170212766,0.25,0.7413793103448276,0.6842105263157895,0.5752212389380531,0.8441558441558441
243,0.95,linear,0.01,0.01,0.6935772519387552,0.6636105653787383,0.753968253968254,0.5925925925925926,0.6632124352331606,0.21686746987951808,0.19148936170212766,0.25,0.7413793103448276,0.6842105263157895,0.5752212389380531,0.8441558441558441
244,0.95,linear,0.01,0.1,0.6935772519387552,0.6636105653787383,0.753968253968254,0.5925925925925926,0.6632124352331606,0.21686746987951808,0.19148936170212766,0.25,0.7413793103448276,0.6842105263157895,0.5752212389380531,0.8441558441558441
245,0.95,linear,0.01,1,0.6935772519387552,0.6636105653787383,0.753968253968254,0.5925925925925926,0.6632124352331606,0.21686746987951808,0.19148936170212766,0.25,0.7413793103448276,0.6842105263157895,0.5752212389380531,0.8441558441558441
246,0.95,linear,0.001,scale,0.666136408828793,0.5552317880794702,0.8661157024793389,0.40857699805068226,0.7668393782383419,0.21052631578947367,0.2857142857142857,0.16666666666666666,0.7586206896551724,0.582089552238806,0.6842105263157895,0.5064935064935064
247,0.95,linear,0.001,auto,0.666136408828793,0.5552317880794702,0.8661157024793389,0.40857699805068226,0.7668393782383419,0.21052631578947367,0.2857142857142857,0.16666666666666666,0.7586206896551724,0.582089552238806,0.6842105263157895,0.5064935064935064
248,0.95,linear,0.001,0.001,0.666136408828793,0.5552317880794702,0.8661157024793389,0.40857699805068226,0.7668393782383419,0.21052631578947367,0.2857142857142857,0.16666666666666666,0.7586206896551724,0.582089552238806,0.6842105263157895,0.5064935064935064
249,0.95,linear,0.001,0.01,0.666136408828793,0.5552317880794702,0.8661157024793389,0.40857699805068226,0.7668393782383419,0.21052631578947367,0.2857142857142857,0.16666666666666666,0.7586206896551724,0.582089552238806,0.6842105263157895,0.5064935064935064
250,0.95,linear,0.001,0.1,0.666136408828793,0.5552317880794702,0.8661157024793389,0.40857699805068226,0.7668393782383419,0.21052631578947367,0.2857142857142857,0.16666666666666666,0.7586206896551724,0.582089552238806,0.6842105263157895,0.5064935064935064
251,0.95,linear,0.001,1,0.666136408828793,0.5552317880794702,0.8661157024793389,0.40857699805068226,0.7668393782383419,0.21052631578947367,0.2857142857142857,0.16666666666666666,0.7586206896551724,0.582089552238806,0.6842105263157895,0.5064935064935064
252,0.95,sigmoid,20.0,scale,0.5621395903758203,0.5799313239221671,0.5677997758685095,0.5925925925925926,0.5025906735751295,0.26153846153846155,0.18085106382978725,0.4722222222222222,0.4870689655172414,0.23225806451612904,0.23076923076923078,0.23376623376623376
253,0.95,sigmoid,20.0,auto,0.5621395903758203,0.5799313239221671,0.5677997758685095,0.5925925925925926,0.5025906735751295,0.26153846153846155,0.18085106382978725,0.4722222222222222,0.4870689655172414,0.23225806451612904,0.23076923076923078,0.23376623376623376
254,0.95,sigmoid,20.0,0.001,0.5621395903758203,0.5799313239221671,0.5677997758685095,0.5925925925925926,0.5025906735751295,0.26153846153846155,0.18085106382978725,0.4722222222222222,0.4870689655172414,0.23225806451612904,0.23076923076923078,0.23376623376623376
255,0.95,sigmoid,20.0,0.01,0.5621395903758203,0.5799313239221671,0.5677997758685095,0.5925925925925926,0.5025906735751295,0.26153846153846155,0.18085106382978725,0.4722222222222222,0.4870689655172414,0.23225806451612904,0.23076923076923078,0.23376623376623376
256,0.95,sigmoid,20.0,0.1,0.5621395903758203,0.5799313239221671,0.5677997758685095,0.5925925925925926,0.5025906735751295,0.26153846153846155,0.18085106382978725,0.4722222222222222,0.4870689655172414,0.23225806451612904,0.23076923076923078,0.23376623376623376
257,0.95,sigmoid,20.0,1,0.5621395903758203,0.5799313239221671,0.5677997758685095,0.5925925925925926,0.5025906735751295,0.26153846153846155,0.18085106382978725,0.4722222222222222,0.4870689655172414,0.23225806451612904,0.23076923076923078,0.23376623376623376
258,0.95,sigmoid,10.0,scale,0.5613442036190097,0.5790076335877863,0.5671028037383178,0.5914230019493177,0.5025906735751295,0.26153846153846155,0.18085106382978725,0.4722222222222222,0.49137931034482757,0.23376623376623376,0.23376623376623376,0.23376623376623376
259,0.95,sigmoid,10.0,auto,0.5613442036190097,0.5790076335877863,0.5671028037383178,0.5914230019493177,0.5025906735751295,0.26153846153846155,0.18085106382978725,0.4722222222222222,0.49137931034482757,0.23376623376623376,0.23376623376623376,0.23376623376623376
260,0.95,sigmoid,10.0,0.001,0.5613442036190097,0.5790076335877863,0.5671028037383178,0.5914230019493177,0.5025906735751295,0.26153846153846155,0.18085106382978725,0.4722222222222222,0.49137931034482757,0.23376623376623376,0.23376623376623376,0.23376623376623376
261,0.95,sigmoid,10.0,0.01,0.5613442036190097,0.5790076335877863,0.5671028037383178,0.5914230019493177,0.5025906735751295,0.26153846153846155,0.18085106382978725,0.4722222222222222,0.49137931034482757,0.23376623376623376,0.23376623376623376,0.23376623376623376
262,0.95,sigmoid,10.0,0.1,0.5613442036190097,0.5790076335877863,0.5671028037383178,0.5914230019493177,0.5025906735751295,0.26153846153846155,0.18085106382978725,0.4722222222222222,0.49137931034482757,0.23376623376623376,0.23376623376623376,0.23376623376623376
263,0.95,sigmoid,10.0,1,0.5613442036190097,0.5790076335877863,0.5671028037383178,0.5914230019493177,0.5025906735751295,0.26153846153846155,0.18085106382978725,0.4722222222222222,0.49137931034482757,0.23376623376623376,0.23376623376623376,0.23376623376623376
264,0.95,sigmoid,1.0,scale,0.5609465102406045,0.5854299662035298,0.5646504889532779,0.6077972709551657,0.49222797927461137,0.25757575757575757,0.17708333333333334,0.4722222222222222,0.4698275862068966,0.22641509433962265,0.21951219512195122,0.23376623376623376
265,0.95,sigmoid,1.0,auto,0.5609465102406045,0.5854299662035298,0.5646504889532779,0.6077972709551657,0.49222797927461137,0.25757575757575757,0.17708333333333334,0.4722222222222222,0.4698275862068966,0.22641509433962265,0.21951219512195122,0.23376623376623376
266,0.95,sigmoid,1.0,0.001,0.5609465102406045,0.5854299662035298,0.5646504889532779,0.6077972709551657,0.49222797927461137,0.25757575757575757,0.17708333333333334,0.4722222222222222,0.4698275862068966,0.22641509433962265,0.21951219512195122,0.23376623376623376
267,0.95,sigmoid,1.0,0.01,0.5609465102406045,0.5854299662035298,0.5646504889532779,0.6077972709551657,0.49222797927461137,0.25757575757575757,0.17708333333333334,0.4722222222222222,0.4698275862068966,0.22641509433962265,0.21951219512195122,0.23376623376623376
268,0.95,sigmoid,1.0,0.1,0.5609465102406045,0.5854299662035298,0.5646504889532779,0.6077972709551657,0.49222797927461137,0.25757575757575757,0.17708333333333334,0.4722222222222222,0.4698275862068966,0.22641509433962265,0.21951219512195122,0.23376623376623376
269,0.95,sigmoid,1.0,1,0.5609465102406045,0.5854299662035298,0.5646504889532779,0.6077972709551657,0.49222797927461137,0.25757575757575757,0.17708333333333334,0.4722222222222222,0.4698275862068966,0.22641509433962265,0.21951219512195122,0.23376623376623376
270,0.95,sigmoid,0.1,scale,0.6207993636905945,0.592434280829237,0.6556291390728477,0.5403508771929825,0.6217616580310881,0.26262626262626265,0.20634920634920634,0.3611111111111111,0.5905172413793104,0.26356589147286824,0.3269230769230769,0.22077922077922077
271,0.95,sigmoid,0.1,auto,0.6207993636905945,0.592434280829237,0.6556291390728477,0.5403508771929825,0.6217616580310881,0.26262626262626265,0.20634920634920634,0.3611111111111111,0.5905172413793104,0.26356589147286824,0.3269230769230769,0.22077922077922077
272,0.95,sigmoid,0.1,0.001,0.6207993636905945,0.592434280829237,0.6556291390728477,0.5403508771929825,0.6217616580310881,0.26262626262626265,0.20634920634920634,0.3611111111111111,0.5905172413793104,0.26356589147286824,0.3269230769230769,0.22077922077922077
273,0.95,sigmoid,0.1,0.01,0.6207993636905945,0.592434280829237,0.6556291390728477,0.5403508771929825,0.6217616580310881,0.26262626262626265,0.20634920634920634,0.3611111111111111,0.5905172413793104,0.26356589147286824,0.3269230769230769,0.22077922077922077
274,0.95,sigmoid,0.1,0.1,0.6207993636905945,0.592434280829237,0.6556291390728477,0.5403508771929825,0.6217616580310881,0.26262626262626265,0.20634920634920634,0.3611111111111111,0.5905172413793104,0.26356589147286824,0.3269230769230769,0.22077922077922077
275,0.95,sigmoid,0.1,1,0.6207993636905945,0.592434280829237,0.6556291390728477,0.5403508771929825,0.6217616580310881,0.26262626262626265,0.20634920634920634,0.3611111111111111,0.5905172413793104,0.26356589147286824,0.3269230769230769,0.22077922077922077
276,0.95,sigmoid,0.01,scale,0.6486379001789621,0.6220320855614974,0.6890995260663507,0.5668615984405458,0.6217616580310881,0.21505376344086022,0.17543859649122806,0.2777777777777778,0.6681034482758621,0.5157232704402516,0.5,0.5324675324675324
277,0.95,sigmoid,0.01,auto,0.6486379001789621,0.6220320855614974,0.6890995260663507,0.5668615984405458,0.6217616580310881,0.21505376344086022,0.17543859649122806,0.2777777777777778,0.6681034482758621,0.5157232704402516,0.5,0.5324675324675324
278,0.95,sigmoid,0.01,0.001,0.6486379001789621,0.6220320855614974,0.6890995260663507,0.5668615984405458,0.6217616580310881,0.21505376344086022,0.17543859649122806,0.2777777777777778,0.6681034482758621,0.5157232704402516,0.5,0.5324675324675324
279,0.95,sigmoid,0.01,0.01,0.6486379001789621,0.6220320855614974,0.6890995260663507,0.5668615984405458,0.6217616580310881,0.21505376344086022,0.17543859649122806,0.2777777777777778,0.6681034482758621,0.5157232704402516,0.5,0.5324675324675324
280,0.95,sigmoid,0.01,0.1,0.6486379001789621,0.6220320855614974,0.6890995260663507,0.5668615984405458,0.6217616580310881,0.21505376344086022,0.17543859649122806,0.2777777777777778,0.6681034482758621,0.5157232704402516,0.5,0.5324675324675324
281,0.95,sigmoid,0.01,1,0.6486379001789621,0.6220320855614974,0.6890995260663507,0.5668615984405458,0.6217616580310881,0.21505376344086022,0.17543859649122806,0.2777777777777778,0.6681034482758621,0.5157232704402516,0.5,0.5324675324675324
282,0.95,sigmoid,0.001,scale,0.6118512626764764,0.6927919420837267,0.5808920559514383,0.8580896686159845,0.41450777202072536,0.33136094674556216,0.21052631578947367,0.7777777777777778,0.5474137931034483,0.5783132530120482,0.4186046511627907,0.935064935064935
283,0.95,sigmoid,0.001,auto,0.6118512626764764,0.6927919420837267,0.5808920559514383,0.8580896686159845,0.41450777202072536,0.33136094674556216,0.21052631578947367,0.7777777777777778,0.5474137931034483,0.5783132530120482,0.4186046511627907,0.935064935064935
284,0.95,sigmoid,0.001,0.001,0.6118512626764764,0.6927919420837267,0.5808920559514383,0.8580896686159845,0.41450777202072536,0.33136094674556216,0.21052631578947367,0.7777777777777778,0.5474137931034483,0.5783132530120482,0.4186046511627907,0.935064935064935
285,0.95,sigmoid,0.001,0.01,0.6118512626764764,0.6927919420837267,0.5808920559514383,0.8580896686159845,0.41450777202072536,0.33136094674556216,0.21052631578947367,0.7777777777777778,0.5474137931034483,0.5783132530120482,0.4186046511627907,0.935064935064935
286,0.95,sigmoid,0.001,0.1,0.6118512626764764,0.6927919420837267,0.5808920559514383,0.8580896686159845,0.41450777202072536,0.33136094674556216,0.21052631578947367,0.7777777777777778,0.5474137931034483,0.5783132530120482,0.4186046511627907,0.935064935064935
287,0.95,sigmoid,0.001,1,0.6118512626764764,0.6927919420837267,0.5808920559514383,0.8580896686159845,0.41450777202072536,0.33136094674556216,0.21052631578947367,0.7777777777777778,0.5474137931034483,0.5783132530120482,0.4186046511627907,0.935064935064935
288,0.9,rbf,20.0,scale,0.786438655796381,0.7931432973805855,0.7837837837837838,0.802729044834308,0.6476683937823834,0.24444444444444444,0.2037037037037037,0.3055555555555556,0.6594827586206896,0.5093167701863354,0.4880952380952381,0.5324675324675324
289,0.9,rbf,20.0,auto,0.786438655796381,0.7931432973805855,0.7837837837837838,0.802729044834308,0.6476683937823834,0.24444444444444444,0.2037037037037037,0.3055555555555556,0.6594827586206896,0.5093167701863354,0.4880952380952381,0.5324675324675324
290,0.9,rbf,20.0,0.001,0.786438655796381,0.7931432973805855,0.7837837837837838,0.802729044834308,0.6476683937823834,0.24444444444444444,0.2037037037037037,0.3055555555555556,0.6594827586206896,0.5093167701863354,0.4880952380952381,0.5324675324675324
291,0.9,rbf,20.0,0.01,0.786438655796381,0.7931432973805855,0.7837837837837838,0.802729044834308,0.6476683937823834,0.24444444444444444,0.2037037037037037,0.3055555555555556,0.6594827586206896,0.5093167701863354,0.4880952380952381,0.5324675324675324
292,0.9,rbf,20.0,0.1,0.786438655796381,0.7931432973805855,0.7837837837837838,0.802729044834308,0.6476683937823834,0.24444444444444444,0.2037037037037037,0.3055555555555556,0.6594827586206896,0.5093167701863354,0.4880952380952381,0.5324675324675324
293,0.9,rbf,20.0,1,0.786438655796381,0.7931432973805855,0.7837837837837838,0.802729044834308,0.6476683937823834,0.24444444444444444,0.2037037037037037,0.3055555555555556,0.6594827586206896,0.5093167701863354,0.4880952380952381,0.5324675324675324
294,0.9,rbf,10.0,scale,0.7854444223503678,0.7908509401046715,0.7864302235929067,0.7953216374269005,0.6580310880829016,0.25,0.21153846153846154,0.3055555555555556,0.6594827586206896,0.5093167701863354,0.4880952380952381,0.5324675324675324
295,0.9,rbf,10.0,auto,0.7854444223503678,0.7908509401046715,0.7864302235929067,0.7953216374269005,0.6580310880829016,0.25,0.21153846153846154,0.3055555555555556,0.6594827586206896,0.5093167701863354,0.4880952380952381,0.5324675324675324
296,0.9,rbf,10.0,0.001,0.7854444223503678,0.7908509401046715,0.7864302235929067,0.7953216374269005,0.6580310880829016,0.25,0.21153846153846154,0.3055555555555556,0.6594827586206896,0.5093167701863354,0.4880952380952381,0.5324675324675324
297,0.9,rbf,10.0,0.01,0.7854444223503678,0.7908509401046715,0.7864302235929067,0.7953216374269005,0.6580310880829016,0.25,0.21153846153846154,0.3055555555555556,0.6594827586206896,0.5093167701863354,0.4880952380952381,0.5324675324675324
298,0.9,rbf,10.0,0.1,0.7854444223503678,0.7908509401046715,0.7864302235929067,0.7953216374269005,0.6580310880829016,0.25,0.21153846153846154,0.3055555555555556,0.6594827586206896,0.5093167701863354,0.4880952380952381,0.5324675324675324
299,0.9,rbf,10.0,1,0.7854444223503678,0.7908509401046715,0.7864302235929067,0.7953216374269005,0.6580310880829016,0.25,0.21153846153846154,0.3055555555555556,0.6594827586206896,0.5093167701863354,0.4880952380952381,0.5324675324675324
300,0.9,rbf,1.0,scale,0.7677470670113342,0.7798718431963815,0.7548340021889821,0.8066276803118908,0.6321243523316062,0.297029702970297,0.23076923076923078,0.4166666666666667,0.6336206896551724,0.4970414201183432,0.45652173913043476,0.5454545454545454
301,0.9,rbf,1.0,auto,0.7677470670113342,0.7798718431963815,0.7548340021889821,0.8066276803118908,0.6321243523316062,0.297029702970297,0.23076923076923078,0.4166666666666667,0.6336206896551724,0.4970414201183432,0.45652173913043476,0.5454545454545454
302,0.9,rbf,1.0,0.001,0.7677470670113342,0.7798718431963815,0.7548340021889821,0.8066276803118908,0.6321243523316062,0.297029702970297,0.23076923076923078,0.4166666666666667,0.6336206896551724,0.4970414201183432,0.45652173913043476,0.5454545454545454
303,0.9,rbf,1.0,0.01,0.7677470670113342,0.7798718431963815,0.7548340021889821,0.8066276803118908,0.6321243523316062,0.297029702970297,0.23076923076923078,0.4166666666666667,0.6336206896551724,0.4970414201183432,0.45652173913043476,0.5454545454545454
304,0.9,rbf,1.0,0.1,0.7677470670113342,0.7798718431963815,0.7548340021889821,0.8066276803118908,0.6321243523316062,0.297029702970297,0.23076923076923078,0.4166666666666667,0.6336206896551724,0.4970414201183432,0.45652173913043476,0.5454545454545454
305,0.9,rbf,1.0,1,0.7677470670113342,0.7798718431963815,0.7548340021889821,0.8066276803118908,0.6321243523316062,0.297029702970297,0.23076923076923078,0.4166666666666667,0.6336206896551724,0.4970414201183432,0.45652173913043476,0.5454545454545454
306,0.9,rbf,0.1,scale,0.7335454364684828,0.7084421235857267,0.8015755785327425,0.6346978557504873,0.6787564766839378,0.225,0.20454545454545456,0.25,0.6896551724137931,0.52,0.5342465753424658,0.5064935064935064
307,0.9,rbf,0.1,auto,0.7335454364684828,0.7084421235857267,0.8015755785327425,0.6346978557504873,0.6787564766839378,0.225,0.20454545454545456,0.25,0.6896551724137931,0.52,0.5342465753424658,0.5064935064935064
308,0.9,rbf,0.1,0.001,0.7335454364684828,0.7084421235857267,0.8015755785327425,0.6346978557504873,0.6787564766839378,0.225,0.20454545454545456,0.25,0.6896551724137931,0.52,0.5342465753424658,0.5064935064935064
309,0.9,rbf,0.1,0.01,0.7335454364684828,0.7084421235857267,0.8015755785327425,0.6346978557504873,0.6787564766839378,0.225,0.20454545454545456,0.25,0.6896551724137931,0.52,0.5342465753424658,0.5064935064935064
310,0.9,rbf,0.1,0.1,0.7335454364684828,0.7084421235857267,0.8015755785327425,0.6346978557504873,0.6787564766839378,0.225,0.20454545454545456,0.25,0.6896551724137931,0.52,0.5342465753424658,0.5064935064935064
311,0.9,rbf,0.1,1,0.7335454364684828,0.7084421235857267,0.8015755785327425,0.6346978557504873,0.6787564766839378,0.225,0.20454545454545456,0.25,0.6896551724137931,0.52,0.5342465753424658,0.5064935064935064
312,0.9,rbf,0.01,scale,0.7019288128852654,0.6842216136507268,0.7442713107241063,0.6331384015594542,0.6373056994818653,0.20454545454545456,0.17307692307692307,0.25,0.7629310344827587,0.7027027027027027,0.6018518518518519,0.8441558441558441
313,0.9,rbf,0.01,auto,0.7019288128852654,0.6842216136507268,0.7442713107241063,0.6331384015594542,0.6373056994818653,0.20454545454545456,0.17307692307692307,0.25,0.7629310344827587,0.7027027027027027,0.6018518518518519,0.8441558441558441
314,0.9,rbf,0.01,0.001,0.7019288128852654,0.6842216136507268,0.7442713107241063,0.6331384015594542,0.6373056994818653,0.20454545454545456,0.17307692307692307,0.25,0.7629310344827587,0.7027027027027027,0.6018518518518519,0.8441558441558441
315,0.9,rbf,0.01,0.01,0.7019288128852654,0.6842216136507268,0.7442713107241063,0.6331384015594542,0.6373056994818653,0.20454545454545456,0.17307692307692307,0.25,0.7629310344827587,0.7027027027027027,0.6018518518518519,0.8441558441558441
316,0.9,rbf,0.01,0.1,0.7019288128852654,0.6842216136507268,0.7442713107241063,0.6331384015594542,0.6373056994818653,0.20454545454545456,0.17307692307692307,0.25,0.7629310344827587,0.7027027027027027,0.6018518518518519,0.8441558441558441
317,0.9,rbf,0.01,1,0.7019288128852654,0.6842216136507268,0.7442713107241063,0.6331384015594542,0.6373056994818653,0.20454545454545456,0.17307692307692307,0.25,0.7629310344827587,0.7027027027027027,0.6018518518518519,0.8441558441558441
318,0.9,rbf,0.001,scale,0.6386955657188308,0.7053672774444625,0.6038312048861744,0.847953216374269,0.47150259067357514,0.3108108108108108,0.20535714285714285,0.6388888888888888,0.6206896551724138,0.6140350877192983,0.46357615894039733,0.9090909090909091
319,0.9,rbf,0.001,auto,0.6386955657188308,0.7053672774444625,0.6038312048861744,0.847953216374269,0.47150259067357514,0.3108108108108108,0.20535714285714285,0.6388888888888888,0.6206896551724138,0.6140350877192983,0.46357615894039733,0.9090909090909091
320,0.9,rbf,0.001,0.001,0.6386955657188308,0.7053672774444625,0.6038312048861744,0.847953216374269,0.47150259067357514,0.3108108108108108,0.20535714285714285,0.6388888888888888,0.6206896551724138,0.6140350877192983,0.46357615894039733,0.9090909090909091
321,0.9,rbf,0.001,0.01,0.6386955657188308,0.7053672774444625,0.6038312048861744,0.847953216374269,0.47150259067357514,0.3108108108108108,0.20535714285714285,0.6388888888888888,0.6206896551724138,0.6140350877192983,0.46357615894039733,0.9090909090909091
322,0.9,rbf,0.001,0.1,0.6386955657188308,0.7053672774444625,0.6038312048861744,0.847953216374269,0.47150259067357514,0.3108108108108108,0.20535714285714285,0.6388888888888888,0.6206896551724138,0.6140350877192983,0.46357615894039733,0.9090909090909091
323,0.9,rbf,0.001,1,0.6386955657188308,0.7053672774444625,0.6038312048861744,0.847953216374269,0.47150259067357514,0.3108108108108108,0.20535714285714285,0.6388888888888888,0.6206896551724138,0.6140350877192983,0.46357615894039733,0.9090909090909091
324,0.9,poly,20.0,scale,0.725989262278783,0.7231820008035356,0.7459593866556155,0.7017543859649122,0.6528497409326425,0.26373626373626374,0.21818181818181817,0.3333333333333333,0.7456896551724138,0.694300518134715,0.5775862068965517,0.8701298701298701
325,0.9,poly,20.0,auto,0.725989262278783,0.7231820008035356,0.7459593866556155,0.7017543859649122,0.6528497409326425,0.26373626373626374,0.21818181818181817,0.3333333333333333,0.7456896551724138,0.694300518134715,0.5775862068965517,0.8701298701298701
326,0.9,poly,20.0,0.001,0.725989262278783,0.7231820008035356,0.7459593866556155,0.7017543859649122,0.6528497409326425,0.26373626373626374,0.21818181818181817,0.3333333333333333,0.7456896551724138,0.694300518134715,0.5775862068965517,0.8701298701298701
327,0.9,poly,20.0,0.01,0.725989262278783,0.7231820008035356,0.7459593866556155,0.7017543859649122,0.6528497409326425,0.26373626373626374,0.21818181818181817,0.3333333333333333,0.7456896551724138,0.694300518134715,0.5775862068965517,0.8701298701298701
328,0.9,poly,20.0,0.1,0.725989262278783,0.7231820008035356,0.7459593866556155,0.7017543859649122,0.6528497409326425,0.26373626373626374,0.21818181818181817,0.3333333333333333,0.7456896551724138,0.694300518134715,0.5775862068965517,0.8701298701298701
329,0.9,poly,20.0,1,0.725989262278783,0.7231820008035356,0.7459593866556155,0.7017543859649122,0.6528497409326425,0.26373626373626374,0.21818181818181817,0.3333333333333333,0.7456896551724138,0.694300518134715,0.5775862068965517,0.8701298701298701
330,0.9,poly,10.0,scale,0.7335454364684828,0.7327483047467093,0.750102082482646,0.7161793372319688,0.6424870466321243,0.24175824175824176,0.2,0.3055555555555556,0.7413793103448276,0.6907216494845361,0.5726495726495726,0.8701298701298701
331,0.9,poly,10.0,auto,0.7335454364684828,0.7327483047467093,0.750102082482646,0.7161793372319688,0.6424870466321243,0.24175824175824176,0.2,0.3055555555555556,0.7413793103448276,0.6907216494845361,0.5726495726495726,0.8701298701298701
332,0.9,poly,10.0,0.001,0.7335454364684828,0.7327483047467093,0.750102082482646,0.7161793372319688,0.6424870466321243,0.24175824175824176,0.2,0.3055555555555556,0.7413793103448276,0.6907216494845361,0.5726495726495726,0.8701298701298701
333,0.9,poly,10.0,0.01,0.7335454364684828,0.7327483047467093,0.750102082482646,0.7161793372319688,0.6424870466321243,0.24175824175824176,0.2,0.3055555555555556,0.7413793103448276,0.6907216494845361,0.5726495726495726,0.8701298701298701
334,0.9,poly,10.0,0.1,0.7335454364684828,0.7327483047467093,0.750102082482646,0.7161793372319688,0.6424870466321243,0.24175824175824176,0.2,0.3055555555555556,0.7413793103448276,0.6907216494845361,0.5726495726495726,0.8701298701298701
335,0.9,poly,10.0,1,0.7335454364684828,0.7327483047467093,0.750102082482646,0.7161793372319688,0.6424870466321243,0.24175824175824176,0.2,0.3055555555555556,0.7413793103448276,0.6907216494845361,0.5726495726495726,0.8701298701298701
336,0.9,poly,1.0,scale,0.7351362099821038,0.7341317365269461,0.7521472392638037,0.7169590643274854,0.6373056994818653,0.2222222222222222,0.18518518518518517,0.2777777777777778,0.7456896551724138,0.694300518134715,0.5775862068965517,0.8701298701298701
337,0.9,poly,1.0,auto,0.7351362099821038,0.7341317365269461,0.7521472392638037,0.7169590643274854,0.6373056994818653,0.2222222222222222,0.18518518518518517,0.2777777777777778,0.7456896551724138,0.694300518134715,0.5775862068965517,0.8701298701298701
338,0.9,poly,1.0,0.001,0.7351362099821038,0.7341317365269461,0.7521472392638037,0.7169590643274854,0.6373056994818653,0.2222222222222222,0.18518518518518517,0.2777777777777778,0.7456896551724138,0.694300518134715,0.5775862068965517,0.8701298701298701
339,0.9,poly,1.0,0.01,0.7351362099821038,0.7341317365269461,0.7521472392638037,0.7169590643274854,0.6373056994818653,0.2222222222222222,0.18518518518518517,0.2777777777777778,0.7456896551724138,0.694300518134715,0.5775862068965517,0.8701298701298701
340,0.9,poly,1.0,0.1,0.7351362099821038,0.7341317365269461,0.7521472392638037,0.7169590643274854,0.6373056994818653,0.2222222222222222,0.18518518518518517,0.2777777777777778,0.7456896551724138,0.694300518134715,0.5775862068965517,0.8701298701298701
341,0.9,poly,1.0,1,0.7351362099821038,0.7341317365269461,0.7521472392638037,0.7169590643274854,0.6373056994818653,0.2222222222222222,0.18518518518518517,0.2777777777777778,0.7456896551724138,0.694300518134715,0.5775862068965517,0.8701298701298701
342,0.9,poly,0.1,scale,0.7257904155895805,0.727416485471437,0.7377706495589414,0.7173489278752436,0.6321243523316062,0.21978021978021978,0.18181818181818182,0.2777777777777778,0.7241379310344828,0.6767676767676768,0.5537190082644629,0.8701298701298701
343,0.9,poly,0.1,auto,0.7257904155895805,0.727416485471437,0.7377706495589414,0.7173489278752436,0.6321243523316062,0.21978021978021978,0.18181818181818182,0.2777777777777778,0.7241379310344828,0.6767676767676768,0.5537190082644629,0.8701298701298701
344,0.9,poly,0.1,0.001,0.7257904155895805,0.727416485471437,0.7377706495589414,0.7173489278752436,0.6321243523316062,0.21978021978021978,0.18181818181818182,0.2777777777777778,0.7241379310344828,0.6767676767676768,0.5537190082644629,0.8701298701298701
345,0.9,poly,0.1,0.01,0.7257904155895805,0.727416485471437,0.7377706495589414,0.7173489278752436,0.6321243523316062,0.21978021978021978,0.18181818181818182,0.2777777777777778,0.7241379310344828,0.6767676767676768,0.5537190082644629,0.8701298701298701
346,0.9,poly,0.1,0.1,0.7257904155895805,0.727416485471437,0.7377706495589414,0.7173489278752436,0.6321243523316062,0.21978021978021978,0.18181818181818182,0.2777777777777778,0.7241379310344828,0.6767676767676768,0.5537190082644629,0.8701298701298701
347,0.9,poly,0.1,1,0.7257904155895805,0.727416485471437,0.7377706495589414,0.7173489278752436,0.6321243523316062,0.21978021978021978,0.18181818181818182,0.2777777777777778,0.7241379310344828,0.6767676767676768,0.5537190082644629,0.8701298701298701
348,0.9,poly,0.01,scale,0.7198250149135017,0.6672963400236127,0.8461077844311378,0.5508771929824562,0.7461139896373057,0.24615384615384617,0.27586206896551724,0.2222222222222222,0.8017241379310345,0.7325581395348837,0.6631578947368421,0.8181818181818182
349,0.9,poly,0.01,auto,0.7198250149135017,0.6672963400236127,0.8461077844311378,0.5508771929824562,0.7461139896373057,0.24615384615384617,0.27586206896551724,0.2222222222222222,0.8017241379310345,0.7325581395348837,0.6631578947368421,0.8181818181818182
350,0.9,poly,0.01,0.001,0.7198250149135017,0.6672963400236127,0.8461077844311378,0.5508771929824562,0.7461139896373057,0.24615384615384617,0.27586206896551724,0.2222222222222222,0.8017241379310345,0.7325581395348837,0.6631578947368421,0.8181818181818182
351,0.9,poly,0.01,0.01,0.7198250149135017,0.6672963400236127,0.8461077844311378,0.5508771929824562,0.7461139896373057,0.24615384615384617,0.27586206896551724,0.2222222222222222,0.8017241379310345,0.7325581395348837,0.6631578947368421,0.8181818181818182
352,0.9,poly,0.01,0.1,0.7198250149135017,0.6672963400236127,0.8461077844311378,0.5508771929824562,0.7461139896373057,0.24615384615384617,0.27586206896551724,0.2222222222222222,0.8017241379310345,0.7325581395348837,0.6631578947368421,0.8181818181818182
353,0.9,poly,0.01,1,0.7198250149135017,0.6672963400236127,0.8461077844311378,0.5508771929824562,0.7461139896373057,0.24615384615384617,0.27586206896551724,0.2222222222222222,0.8017241379310345,0.7325581395348837,0.6631578947368421,0.8181818181818182
354,0.9,poly,0.001,scale,0.626963611055876,0.43323262839879156,0.9624161073825503,0.2795321637426901,0.772020725388601,0.12,0.21428571428571427,0.08333333333333333,0.6853448275862069,0.3047619047619048,0.5714285714285714,0.2077922077922078
355,0.9,poly,0.001,auto,0.626963611055876,0.43323262839879156,0.9624161073825503,0.2795321637426901,0.772020725388601,0.12,0.21428571428571427,0.08333333333333333,0.6853448275862069,0.3047619047619048,0.5714285714285714,0.2077922077922078
356,0.9,poly,0.001,0.001,0.626963611055876,0.43323262839879156,0.9624161073825503,0.2795321637426901,0.772020725388601,0.12,0.21428571428571427,0.08333333333333333,0.6853448275862069,0.3047619047619048,0.5714285714285714,0.2077922077922078
357,0.9,poly,0.001,0.01,0.626963611055876,0.43323262839879156,0.9624161073825503,0.2795321637426901,0.772020725388601,0.12,0.21428571428571427,0.08333333333333333,0.6853448275862069,0.3047619047619048,0.5714285714285714,0.2077922077922078
358,0.9,poly,0.001,0.1,0.626963611055876,0.43323262839879156,0.9624161073825503,0.2795321637426901,0.772020725388601,0.12,0.21428571428571427,0.08333333333333333,0.6853448275862069,0.3047619047619048,0.5714285714285714,0.2077922077922078
359,0.9,poly,0.001,1,0.626963611055876,0.43323262839879156,0.9624161073825503,0.2795321637426901,0.772020725388601,0.12,0.21428571428571427,0.08333333333333333,0.6853448275862069,0.3047619047619048,0.5714285714285714,0.2077922077922078
360,0.9,linear,20.0,scale,0.7150526943726387,0.6721574010523907,0.8133997785160576,0.5727095516569201,0.6994818652849741,0.21621621621621623,0.21052631578947367,0.2222222222222222,0.7844827586206896,0.7222222222222222,0.6310679611650486,0.8441558441558441
361,0.9,linear,20.0,auto,0.7150526943726387,0.6721574010523907,0.8133997785160576,0.5727095516569201,0.6994818652849741,0.21621621621621623,0.21052631578947367,0.2222222222222222,0.7844827586206896,0.7222222222222222,0.6310679611650486,0.8441558441558441
362,0.9,linear,20.0,0.001,0.7150526943726387,0.6721574010523907,0.8133997785160576,0.5727095516569201,0.6994818652849741,0.21621621621621623,0.21052631578947367,0.2222222222222222,0.7844827586206896,0.7222222222222222,0.6310679611650486,0.8441558441558441
363,0.9,linear,20.0,0.01,0.7150526943726387,0.6721574010523907,0.8133997785160576,0.5727095516569201,0.6994818652849741,0.21621621621621623,0.21052631578947367,0.2222222222222222,0.7844827586206896,0.7222222222222222,0.6310679611650486,0.8441558441558441
364,0.9,linear,20.0,0.1,0.7150526943726387,0.6721574010523907,0.8133997785160576,0.5727095516569201,0.6994818652849741,0.21621621621621623,0.21052631578947367,0.2222222222222222,0.7844827586206896,0.7222222222222222,0.6310679611650486,0.8441558441558441
365,0.9,linear,20.0,1,0.7150526943726387,0.6721574010523907,0.8133997785160576,0.5727095516569201,0.6994818652849741,0.21621621621621623,0.21052631578947367,0.2222222222222222,0.7844827586206896,0.7222222222222222,0.6310679611650486,0.8441558441558441
366,0.9,linear,10.0,scale,0.7009345794392523,0.6685764654032613,0.7688798783578307,0.5914230019493177,0.6735751295336787,0.2222222222222222,0.2,0.25,0.75,0.6914893617021277,0.5855855855855856,0.8441558441558441
367,0.9,linear,10.0,auto,0.7009345794392523,0.6685764654032613,0.7688798783578307,0.5914230019493177,0.6735751295336787,0.2222222222222222,0.2,0.25,0.75,0.6914893617021277,0.5855855855855856,0.8441558441558441
368,0.9,linear,10.0,0.001,0.7009345794392523,0.6685764654032613,0.7688798783578307,0.5914230019493177,0.6735751295336787,0.2222222222222222,0.2,0.25,0.75,0.6914893617021277,0.5855855855855856,0.8441558441558441
369,0.9,linear,10.0,0.01,0.7009345794392523,0.6685764654032613,0.7688798783578307,0.5914230019493177,0.6735751295336787,0.2222222222222222,0.2,0.25,0.75,0.6914893617021277,0.5855855855855856,0.8441558441558441
370,0.9,linear,10.0,0.1,0.7009345794392523,0.6685764654032613,0.7688798783578307,0.5914230019493177,0.6735751295336787,0.2222222222222222,0.2,0.25,0.75,0.6914893617021277,0.5855855855855856,0.8441558441558441
371,0.9,linear,10.0,1,0.7009345794392523,0.6685764654032613,0.7688798783578307,0.5914230019493177,0.6735751295336787,0.2222222222222222,0.2,0.25,0.75,0.6914893617021277,0.5855855855855856,0.8441558441558441
372,0.9,linear,1.0,scale,0.7140584609266256,0.6740707162284678,0.8050893340552246,0.5797270955165692,0.6994818652849741,0.21621621621621623,0.21052631578947367,0.2222222222222222,0.7758620689655172,0.7142857142857143,0.6190476190476191,0.8441558441558441
373,0.9,linear,1.0,auto,0.7140584609266256,0.6740707162284678,0.8050893340552246,0.5797270955165692,0.6994818652849741,0.21621621621621623,0.21052631578947367,0.2222222222222222,0.7758620689655172,0.7142857142857143,0.6190476190476191,0.8441558441558441
374,0.9,linear,1.0,0.001,0.7140584609266256,0.6740707162284678,0.8050893340552246,0.5797270955165692,0.6994818652849741,0.21621621621621623,0.21052631578947367,0.2222222222222222,0.7758620689655172,0.7142857142857143,0.6190476190476191,0.8441558441558441
375,0.9,linear,1.0,0.01,0.7140584609266256,0.6740707162284678,0.8050893340552246,0.5797270955165692,0.6994818652849741,0.21621621621621623,0.21052631578947367,0.2222222222222222,0.7758620689655172,0.7142857142857143,0.6190476190476191,0.8441558441558441
376,0.9,linear,1.0,0.1,0.7140584609266256,0.6740707162284678,0.8050893340552246,0.5797270955165692,0.6994818652849741,0.21621621621621623,0.21052631578947367,0.2222222222222222,0.7758620689655172,0.7142857142857143,0.6190476190476191,0.8441558441558441
377,0.9,linear,1.0,1,0.7140584609266256,0.6740707162284678,0.8050893340552246,0.5797270955165692,0.6994818652849741,0.21621621621621623,0.21052631578947367,0.2222222222222222,0.7758620689655172,0.7142857142857143,0.6190476190476191,0.8441558441558441
378,0.9,linear,0.1,scale,0.7061045933585206,0.6709706144256455,0.7820446289569278,0.5875243664717349,0.689119170984456,0.21052631578947367,0.2,0.2222222222222222,0.7629310344827587,0.7027027027027027,0.6018518518518519,0.8441558441558441
379,0.9,linear,0.1,auto,0.7061045933585206,0.6709706144256455,0.7820446289569278,0.5875243664717349,0.689119170984456,0.21052631578947367,0.2,0.2222222222222222,0.7629310344827587,0.7027027027027027,0.6018518518518519,0.8441558441558441
380,0.9,linear,0.1,0.001,0.7061045933585206,0.6709706144256455,0.7820446289569278,0.5875243664717349,0.689119170984456,0.21052631578947367,0.2,0.2222222222222222,0.7629310344827587,0.7027027027027027,0.6018518518518519,0.8441558441558441
381,0.9,linear,0.1,0.01,0.7061045933585206,0.6709706144256455,0.7820446289569278,0.5875243664717349,0.689119170984456,0.21052631578947367,0.2,0.2222222222222222,0.7629310344827587,0.7027027027027027,0.6018518518518519,0.8441558441558441
382,0.9,linear,0.1,0.1,0.7061045933585206,0.6709706144256455,0.7820446289569278,0.5875243664717349,0.689119170984456,0.21052631578947367,0.2,0.2222222222222222,0.7629310344827587,0.7027027027027027,0.6018518518518519,0.8441558441558441
383,0.9,linear,0.1,1,0.7061045933585206,0.6709706144256455,0.7820446289569278,0.5875243664717349,0.689119170984456,0.21052631578947367,0.2,0.2222222222222222,0.7629310344827587,0.7027027027027027,0.6018518518518519,0.8441558441558441
384,0.9,linear,0.01,scale,0.6935772519387552,0.6636105653787383,0.753968253968254,0.5925925925925926,0.6632124352331606,0.21686746987951808,0.19148936170212766,0.25,0.7413793103448276,0.6842105263157895,0.5752212389380531,0.8441558441558441
385,0.9,linear,0.01,auto,0.6935772519387552,0.6636105653787383,0.753968253968254,0.5925925925925926,0.6632124352331606,0.21686746987951808,0.19148936170212766,0.25,0.7413793103448276,0.6842105263157895,0.5752212389380531,0.8441558441558441
386,0.9,linear,0.01,0.001,0.6935772519387552,0.6636105653787383,0.753968253968254,0.5925925925925926,0.6632124352331606,0.21686746987951808,0.19148936170212766,0.25,0.7413793103448276,0.6842105263157895,0.5752212389380531,0.8441558441558441
387,0.9,linear,0.01,0.01,0.6935772519387552,0.6636105653787383,0.753968253968254,0.5925925925925926,0.6632124352331606,0.21686746987951808,0.19148936170212766,0.25,0.7413793103448276,0.6842105263157895,0.5752212389380531,0.8441558441558441
388,0.9,linear,0.01,0.1,0.6935772519387552,0.6636105653787383,0.753968253968254,0.5925925925925926,0.6632124352331606,0.21686746987951808,0.19148936170212766,0.25,0.7413793103448276,0.6842105263157895,0.5752212389380531,0.8441558441558441
389,0.9,linear,0.01,1,0.6935772519387552,0.6636105653787383,0.753968253968254,0.5925925925925926,0.6632124352331606,0.21686746987951808,0.19148936170212766,0.25,0.7413793103448276,0.6842105263157895,0.5752212389380531,0.8441558441558441
390,0.9,linear,0.001,scale,0.666136408828793,0.5552317880794702,0.8661157024793389,0.40857699805068226,0.7668393782383419,0.21052631578947367,0.2857142857142857,0.16666666666666666,0.7586206896551724,0.582089552238806,0.6842105263157895,0.5064935064935064
391,0.9,linear,0.001,auto,0.666136408828793,0.5552317880794702,0.8661157024793389,0.40857699805068226,0.7668393782383419,0.21052631578947367,0.2857142857142857,0.16666666666666666,0.7586206896551724,0.582089552238806,0.6842105263157895,0.5064935064935064
392,0.9,linear,0.001,0.001,0.666136408828793,0.5552317880794702,0.8661157024793389,0.40857699805068226,0.7668393782383419,0.21052631578947367,0.2857142857142857,0.16666666666666666,0.7586206896551724,0.582089552238806,0.6842105263157895,0.5064935064935064
393,0.9,linear,0.001,0.01,0.666136408828793,0.5552317880794702,0.8661157024793389,0.40857699805068226,0.7668393782383419,0.21052631578947367,0.2857142857142857,0.16666666666666666,0.7586206896551724,0.582089552238806,0.6842105263157895,0.5064935064935064
394,0.9,linear,0.001,0.1,0.666136408828793,0.5552317880794702,0.8661157024793389,0.40857699805068226,0.7668393782383419,0.21052631578947367,0.2857142857142857,0.16666666666666666,0.7586206896551724,0.582089552238806,0.6842105263157895,0.5064935064935064
395,0.9,linear,0.001,1,0.666136408828793,0.5552317880794702,0.8661157024793389,0.40857699805068226,0.7668393782383419,0.21052631578947367,0.2857142857142857,0.16666666666666666,0.7586206896551724,0.582089552238806,0.6842105263157895,0.5064935064935064
396,0.9,sigmoid,20.0,scale,0.5621395903758203,0.5799313239221671,0.5677997758685095,0.5925925925925926,0.5025906735751295,0.26153846153846155,0.18085106382978725,0.4722222222222222,0.4870689655172414,0.23225806451612904,0.23076923076923078,0.23376623376623376
397,0.9,sigmoid,20.0,auto,0.5621395903758203,0.5799313239221671,0.5677997758685095,0.5925925925925926,0.5025906735751295,0.26153846153846155,0.18085106382978725,0.4722222222222222,0.4870689655172414,0.23225806451612904,0.23076923076923078,0.23376623376623376
398,0.9,sigmoid,20.0,0.001,0.5621395903758203,0.5799313239221671,0.5677997758685095,0.5925925925925926,0.5025906735751295,0.26153846153846155,0.18085106382978725,0.4722222222222222,0.4870689655172414,0.23225806451612904,0.23076923076923078,0.23376623376623376
399,0.9,sigmoid,20.0,0.01,0.5621395903758203,0.5799313239221671,0.5677997758685095,0.5925925925925926,0.5025906735751295,0.26153846153846155,0.18085106382978725,0.4722222222222222,0.4870689655172414,0.23225806451612904,0.23076923076923078,0.23376623376623376
400,0.9,sigmoid,20.0,0.1,0.5621395903758203,0.5799313239221671,0.5677997758685095,0.5925925925925926,0.5025906735751295,0.26153846153846155,0.18085106382978725,0.4722222222222222,0.4870689655172414,0.23225806451612904,0.23076923076923078,0.23376623376623376
401,0.9,sigmoid,20.0,1,0.5621395903758203,0.5799313239221671,0.5677997758685095,0.5925925925925926,0.5025906735751295,0.26153846153846155,0.18085106382978725,0.4722222222222222,0.4870689655172414,0.23225806451612904,0.23076923076923078,0.23376623376623376
402,0.9,sigmoid,10.0,scale,0.5613442036190097,0.5790076335877863,0.5671028037383178,0.5914230019493177,0.5025906735751295,0.26153846153846155,0.18085106382978725,0.4722222222222222,0.49137931034482757,0.23376623376623376,0.23376623376623376,0.23376623376623376
403,0.9,sigmoid,10.0,auto,0.5613442036190097,0.5790076335877863,0.5671028037383178,0.5914230019493177,0.5025906735751295,0.26153846153846155,0.18085106382978725,0.4722222222222222,0.49137931034482757,0.23376623376623376,0.23376623376623376,0.23376623376623376
404,0.9,sigmoid,10.0,0.001,0.5613442036190097,0.5790076335877863,0.5671028037383178,0.5914230019493177,0.5025906735751295,0.26153846153846155,0.18085106382978725,0.4722222222222222,0.49137931034482757,0.23376623376623376,0.23376623376623376,0.23376623376623376
405,0.9,sigmoid,10.0,0.01,0.5613442036190097,0.5790076335877863,0.5671028037383178,0.5914230019493177,0.5025906735751295,0.26153846153846155,0.18085106382978725,0.4722222222222222,0.49137931034482757,0.23376623376623376,0.23376623376623376,0.23376623376623376
406,0.9,sigmoid,10.0,0.1,0.5613442036190097,0.5790076335877863,0.5671028037383178,0.5914230019493177,0.5025906735751295,0.26153846153846155,0.18085106382978725,0.4722222222222222,0.49137931034482757,0.23376623376623376,0.23376623376623376,0.23376623376623376
407,0.9,sigmoid,10.0,1,0.5613442036190097,0.5790076335877863,0.5671028037383178,0.5914230019493177,0.5025906735751295,0.26153846153846155,0.18085106382978725,0.4722222222222222,0.49137931034482757,0.23376623376623376,0.23376623376623376,0.23376623376623376
408,0.9,sigmoid,1.0,scale,0.5609465102406045,0.5854299662035298,0.5646504889532779,0.6077972709551657,0.49222797927461137,0.25757575757575757,0.17708333333333334,0.4722222222222222,0.4698275862068966,0.22641509433962265,0.21951219512195122,0.23376623376623376
409,0.9,sigmoid,1.0,auto,0.5609465102406045,0.5854299662035298,0.5646504889532779,0.6077972709551657,0.49222797927461137,0.25757575757575757,0.17708333333333334,0.4722222222222222,0.4698275862068966,0.22641509433962265,0.21951219512195122,0.23376623376623376
410,0.9,sigmoid,1.0,0.001,0.5609465102406045,0.5854299662035298,0.5646504889532779,0.6077972709551657,0.49222797927461137,0.25757575757575757,0.17708333333333334,0.4722222222222222,0.4698275862068966,0.22641509433962265,0.21951219512195122,0.23376623376623376
411,0.9,sigmoid,1.0,0.01,0.5609465102406045,0.5854299662035298,0.5646504889532779,0.6077972709551657,0.49222797927461137,0.25757575757575757,0.17708333333333334,0.4722222222222222,0.4698275862068966,0.22641509433962265,0.21951219512195122,0.23376623376623376
412,0.9,sigmoid,1.0,0.1,0.5609465102406045,0.5854299662035298,0.5646504889532779,0.6077972709551657,0.49222797927461137,0.25757575757575757,0.17708333333333334,0.4722222222222222,0.4698275862068966,0.22641509433962265,0.21951219512195122,0.23376623376623376
413,0.9,sigmoid,1.0,1,0.5609465102406045,0.5854299662035298,0.5646504889532779,0.6077972709551657,0.49222797927461137,0.25757575757575757,0.17708333333333334,0.4722222222222222,0.4698275862068966,0.22641509433962265,0.21951219512195122,0.23376623376623376
414,0.9,sigmoid,0.1,scale,0.6207993636905945,0.592434280829237,0.6556291390728477,0.5403508771929825,0.6217616580310881,0.26262626262626265,0.20634920634920634,0.3611111111111111,0.5905172413793104,0.26356589147286824,0.3269230769230769,0.22077922077922077
415,0.9,sigmoid,0.1,auto,0.6207993636905945,0.592434280829237,0.6556291390728477,0.5403508771929825,0.6217616580310881,0.26262626262626265,0.20634920634920634,0.3611111111111111,0.5905172413793104,0.26356589147286824,0.3269230769230769,0.22077922077922077
416,0.9,sigmoid,0.1,0.001,0.6207993636905945,0.592434280829237,0.6556291390728477,0.5403508771929825,0.6217616580310881,0.26262626262626265,0.20634920634920634,0.3611111111111111,0.5905172413793104,0.26356589147286824,0.3269230769230769,0.22077922077922077
417,0.9,sigmoid,0.1,0.01,0.6207993636905945,0.592434280829237,0.6556291390728477,0.5403508771929825,0.6217616580310881,0.26262626262626265,0.20634920634920634,0.3611111111111111,0.5905172413793104,0.26356589147286824,0.3269230769230769,0.22077922077922077
418,0.9,sigmoid,0.1,0.1,0.6207993636905945,0.592434280829237,0.6556291390728477,0.5403508771929825,0.6217616580310881,0.26262626262626265,0.20634920634920634,0.3611111111111111,0.5905172413793104,0.26356589147286824,0.3269230769230769,0.22077922077922077
419,0.9,sigmoid,0.1,1,0.6207993636905945,0.592434280829237,0.6556291390728477,0.5403508771929825,0.6217616580310881,0.26262626262626265,0.20634920634920634,0.3611111111111111,0.5905172413793104,0.26356589147286824,0.3269230769230769,0.22077922077922077
420,0.9,sigmoid,0.01,scale,0.6486379001789621,0.6220320855614974,0.6890995260663507,0.5668615984405458,0.6217616580310881,0.21505376344086022,0.17543859649122806,0.2777777777777778,0.6681034482758621,0.5157232704402516,0.5,0.5324675324675324
421,0.9,sigmoid,0.01,auto,0.6486379001789621,0.6220320855614974,0.6890995260663507,0.5668615984405458,0.6217616580310881,0.21505376344086022,0.17543859649122806,0.2777777777777778,0.6681034482758621,0.5157232704402516,0.5,0.5324675324675324
422,0.9,sigmoid,0.01,0.001,0.6486379001789621,0.6220320855614974,0.6890995260663507,0.5668615984405458,0.6217616580310881,0.21505376344086022,0.17543859649122806,0.2777777777777778,0.6681034482758621,0.5157232704402516,0.5,0.5324675324675324
423,0.9,sigmoid,0.01,0.01,0.6486379001789621,0.6220320855614974,0.6890995260663507,0.5668615984405458,0.6217616580310881,0.21505376344086022,0.17543859649122806,0.2777777777777778,0.6681034482758621,0.5157232704402516,0.5,0.5324675324675324
424,0.9,sigmoid,0.01,0.1,0.6486379001789621,0.6220320855614974,0.6890995260663507,0.5668615984405458,0.6217616580310881,0.21505376344086022,0.17543859649122806,0.2777777777777778,0.6681034482758621,0.5157232704402516,0.5,0.5324675324675324
425,0.9,sigmoid,0.01,1,0.6486379001789621,0.6220320855614974,0.6890995260663507,0.5668615984405458,0.6217616580310881,0.21505376344086022,0.17543859649122806,0.2777777777777778,0.6681034482758621,0.5157232704402516,0.5,0.5324675324675324
426,0.9,sigmoid,0.001,scale,0.6118512626764764,0.6927919420837267,0.5808920559514383,0.8580896686159845,0.41450777202072536,0.33136094674556216,0.21052631578947367,0.7777777777777778,0.5474137931034483,0.5783132530120482,0.4186046511627907,0.935064935064935
427,0.9,sigmoid,0.001,auto,0.6118512626764764,0.6927919420837267,0.5808920559514383,0.8580896686159845,0.41450777202072536,0.33136094674556216,0.21052631578947367,0.7777777777777778,0.5474137931034483,0.5783132530120482,0.4186046511627907,0.935064935064935
428,0.9,sigmoid,0.001,0.001,0.6118512626764764,0.6927919420837267,0.5808920559514383,0.8580896686159845,0.41450777202072536,0.33136094674556216,0.21052631578947367,0.7777777777777778,0.5474137931034483,0.5783132530120482,0.4186046511627907,0.935064935064935
429,0.9,sigmoid,0.001,0.01,0.6118512626764764,0.6927919420837267,0.5808920559514383,0.8580896686159845,0.41450777202072536,0.33136094674556216,0.21052631578947367,0.7777777777777778,0.5474137931034483,0.5783132530120482,0.4186046511627907,0.935064935064935
430,0.9,sigmoid,0.001,0.1,0.6118512626764764,0.6927919420837267,0.5808920559514383,0.8580896686159845,0.41450777202072536,0.33136094674556216,0.21052631578947367,0.7777777777777778,0.5474137931034483,0.5783132530120482,0.4186046511627907,0.935064935064935
431,0.9,sigmoid,0.001,1,0.6118512626764764,0.6927919420837267,0.5808920559514383,0.8580896686159845,0.41450777202072536,0.33136094674556216,0.21052631578947367,0.7777777777777778,0.5474137931034483,0.5783132530120482,0.4186046511627907,0.935064935064935
432,0.8,rbf,20.0,scale,0.7812686418771128,0.7885428681276432,0.7777777777777778,0.7996101364522417,0.6580310880829016,0.2826086956521739,0.23214285714285715,0.3611111111111111,0.6594827586206896,0.5153374233128835,0.4883720930232558,0.5454545454545454
433,0.8,rbf,20.0,auto,0.7812686418771128,0.7885428681276432,0.7777777777777778,0.7996101364522417,0.6580310880829016,0.2826086956521739,0.23214285714285715,0.3611111111111111,0.6594827586206896,0.5153374233128835,0.4883720930232558,0.5454545454545454
434,0.8,rbf,20.0,0.001,0.7812686418771128,0.7885428681276432,0.7777777777777778,0.7996101364522417,0.6580310880829016,0.2826086956521739,0.23214285714285715,0.3611111111111111,0.6594827586206896,0.5153374233128835,0.4883720930232558,0.5454545454545454
435,0.8,rbf,20.0,0.01,0.7812686418771128,0.7885428681276432,0.7777777777777778,0.7996101364522417,0.6580310880829016,0.2826086956521739,0.23214285714285715,0.3611111111111111,0.6594827586206896,0.5153374233128835,0.4883720930232558,0.5454545454545454
436,0.8,rbf,20.0,0.1,0.7812686418771128,0.7885428681276432,0.7777777777777778,0.7996101364522417,0.6580310880829016,0.2826086956521739,0.23214285714285715,0.3611111111111111,0.6594827586206896,0.5153374233128835,0.4883720930232558,0.5454545454545454
437,0.8,rbf,20.0,1,0.7812686418771128,0.7885428681276432,0.7777777777777778,0.7996101364522417,0.6580310880829016,0.2826086956521739,0.23214285714285715,0.3611111111111111,0.6594827586206896,0.5153374233128835,0.4883720930232558,0.5454545454545454
438,0.8,rbf,10.0,scale,0.7790813282958838,0.7872869998085391,0.7735139202407826,0.8015594541910331,0.6580310880829016,0.2826086956521739,0.23214285714285715,0.3611111111111111,0.6594827586206896,0.5153374233128835,0.4883720930232558,0.5454545454545454
439,0.8,rbf,10.0,auto,0.7790813282958838,0.7872869998085391,0.7735139202407826,0.8015594541910331,0.6580310880829016,0.2826086956521739,0.23214285714285715,0.3611111111111111,0.6594827586206896,0.5153374233128835,0.4883720930232558,0.5454545454545454
440,0.8,rbf,10.0,0.001,0.7790813282958838,0.7872869998085391,0.7735139202407826,0.8015594541910331,0.6580310880829016,0.2826086956521739,0.23214285714285715,0.3611111111111111,0.6594827586206896,0.5153374233128835,0.4883720930232558,0.5454545454545454
441,0.8,rbf,10.0,0.01,0.7790813282958838,0.7872869998085391,0.7735139202407826,0.8015594541910331,0.6580310880829016,0.2826086956521739,0.23214285714285715,0.3611111111111111,0.6594827586206896,0.5153374233128835,0.4883720930232558,0.5454545454545454
442,0.8,rbf,10.0,0.1,0.7790813282958838,0.7872869998085391,0.7735139202407826,0.8015594541910331,0.6580310880829016,0.2826086956521739,0.23214285714285715,0.3611111111111111,0.6594827586206896,0.5153374233128835,0.4883720930232558,0.5454545454545454
443,0.8,rbf,10.0,1,0.7790813282958838,0.7872869998085391,0.7735139202407826,0.8015594541910331,0.6580310880829016,0.2826086956521739,0.23214285714285715,0.3611111111111111,0.6594827586206896,0.5153374233128835,0.4883720930232558,0.5454545454545454
444,0.8,rbf,1.0,scale,0.7528335653211374,0.7671848660797902,0.738284066330209,0.7984405458089668,0.6321243523316062,0.297029702970297,0.23076923076923078,0.4166666666666667,0.6379310344827587,0.5,0.46153846153846156,0.5454545454545454
445,0.8,rbf,1.0,auto,0.7528335653211374,0.7671848660797902,0.738284066330209,0.7984405458089668,0.6321243523316062,0.297029702970297,0.23076923076923078,0.4166666666666667,0.6379310344827587,0.5,0.46153846153846156,0.5454545454545454
446,0.8,rbf,1.0,0.001,0.7528335653211374,0.7671848660797902,0.738284066330209,0.7984405458089668,0.6321243523316062,0.297029702970297,0.23076923076923078,0.4166666666666667,0.6379310344827587,0.5,0.46153846153846156,0.5454545454545454
447,0.8,rbf,1.0,0.01,0.7528335653211374,0.7671848660797902,0.738284066330209,0.7984405458089668,0.6321243523316062,0.297029702970297,0.23076923076923078,0.4166666666666667,0.6379310344827587,0.5,0.46153846153846156,0.5454545454545454
448,0.8,rbf,1.0,0.1,0.7528335653211374,0.7671848660797902,0.738284066330209,0.7984405458089668,0.6321243523316062,0.297029702970297,0.23076923076923078,0.4166666666666667,0.6379310344827587,0.5,0.46153846153846156,0.5454545454545454
449,0.8,rbf,1.0,1,0.7528335653211374,0.7671848660797902,0.738284066330209,0.7984405458089668,0.6321243523316062,0.297029702970297,0.23076923076923078,0.4166666666666667,0.6379310344827587,0.5,0.46153846153846156,0.5454545454545454
450,0.8,rbf,0.1,scale,0.750447405050706,0.7422468679400287,0.7842881944444444,0.7044834307992203,0.6683937823834197,0.30434782608695654,0.25,0.3888888888888889,0.7672413793103449,0.7065217391304348,0.6074766355140186,0.8441558441558441
451,0.8,rbf,0.1,auto,0.750447405050706,0.7422468679400287,0.7842881944444444,0.7044834307992203,0.6683937823834197,0.30434782608695654,0.25,0.3888888888888889,0.7672413793103449,0.7065217391304348,0.6074766355140186,0.8441558441558441
452,0.8,rbf,0.1,0.001,0.750447405050706,0.7422468679400287,0.7842881944444444,0.7044834307992203,0.6683937823834197,0.30434782608695654,0.25,0.3888888888888889,0.7672413793103449,0.7065217391304348,0.6074766355140186,0.8441558441558441
453,0.8,rbf,0.1,0.01,0.750447405050706,0.7422468679400287,0.7842881944444444,0.7044834307992203,0.6683937823834197,0.30434782608695654,0.25,0.3888888888888889,0.7672413793103449,0.7065217391304348,0.6074766355140186,0.8441558441558441
454,0.8,rbf,0.1,0.1,0.750447405050706,0.7422468679400287,0.7842881944444444,0.7044834307992203,0.6683937823834197,0.30434782608695654,0.25,0.3888888888888889,0.7672413793103449,0.7065217391304348,0.6074766355140186,0.8441558441558441
455,0.8,rbf,0.1,1,0.750447405050706,0.7422468679400287,0.7842881944444444,0.7044834307992203,0.6683937823834197,0.30434782608695654,0.25,0.3888888888888889,0.7672413793103449,0.7065217391304348,0.6074766355140186,0.8441558441558441
456,0.8,rbf,0.01,scale,0.6975541857228077,0.6817325800376648,0.7357723577235772,0.6350877192982456,0.6217616580310881,0.21505376344086022,0.17543859649122806,0.2777777777777778,0.7629310344827587,0.7027027027027027,0.6018518518518519,0.8441558441558441
457,0.8,rbf,0.01,auto,0.6975541857228077,0.6817325800376648,0.7357723577235772,0.6350877192982456,0.6217616580310881,0.21505376344086022,0.17543859649122806,0.2777777777777778,0.7629310344827587,0.7027027027027027,0.6018518518518519,0.8441558441558441
458,0.8,rbf,0.01,0.001,0.6975541857228077,0.6817325800376648,0.7357723577235772,0.6350877192982456,0.6217616580310881,0.21505376344086022,0.17543859649122806,0.2777777777777778,0.7629310344827587,0.7027027027027027,0.6018518518518519,0.8441558441558441
459,0.8,rbf,0.01,0.01,0.6975541857228077,0.6817325800376648,0.7357723577235772,0.6350877192982456,0.6217616580310881,0.21505376344086022,0.17543859649122806,0.2777777777777778,0.7629310344827587,0.7027027027027027,0.6018518518518519,0.8441558441558441
460,0.8,rbf,0.01,0.1,0.6975541857228077,0.6817325800376648,0.7357723577235772,0.6350877192982456,0.6217616580310881,0.21505376344086022,0.17543859649122806,0.2777777777777778,0.7629310344827587,0.7027027027027027,0.6018518518518519,0.8441558441558441
461,0.8,rbf,0.01,1,0.6975541857228077,0.6817325800376648,0.7357723577235772,0.6350877192982456,0.6217616580310881,0.21505376344086022,0.17543859649122806,0.2777777777777778,0.7629310344827587,0.7027027027027027,0.6018518518518519,0.8441558441558441
462,0.8,rbf,0.001,scale,0.6828395307218135,0.6461060572442867,0.7497425334706488,0.5676413255360624,0.6683937823834197,0.23809523809523808,0.20833333333333334,0.2777777777777778,0.7198275862068966,0.5637583892617449,0.5833333333333334,0.5454545454545454
463,0.8,rbf,0.001,auto,0.6828395307218135,0.6461060572442867,0.7497425334706488,0.5676413255360624,0.6683937823834197,0.23809523809523808,0.20833333333333334,0.2777777777777778,0.7198275862068966,0.5637583892617449,0.5833333333333334,0.5454545454545454
464,0.8,rbf,0.001,0.001,0.6828395307218135,0.6461060572442867,0.7497425334706488,0.5676413255360624,0.6683937823834197,0.23809523809523808,0.20833333333333334,0.2777777777777778,0.7198275862068966,0.5637583892617449,0.5833333333333334,0.5454545454545454
465,0.8,rbf,0.001,0.01,0.6828395307218135,0.6461060572442867,0.7497425334706488,0.5676413255360624,0.6683937823834197,0.23809523809523808,0.20833333333333334,0.2777777777777778,0.7198275862068966,0.5637583892617449,0.5833333333333334,0.5454545454545454
466,0.8,rbf,0.001,0.1,0.6828395307218135,0.6461060572442867,0.7497425334706488,0.5676413255360624,0.6683937823834197,0.23809523809523808,0.20833333333333334,0.2777777777777778,0.7198275862068966,0.5637583892617449,0.5833333333333334,0.5454545454545454
467,0.8,rbf,0.001,1,0.6828395307218135,0.6461060572442867,0.7497425334706488,0.5676413255360624,0.6683937823834197,0.23809523809523808,0.20833333333333334,0.2777777777777778,0.7198275862068966,0.5637583892617449,0.5833333333333334,0.5454545454545454
468,0.8,poly,20.0,scale,0.7255915689003778,0.7095959595959596,0.7709190672153635,0.6573099415204678,0.694300518134715,0.25316455696202533,0.23255813953488372,0.2777777777777778,0.75,0.6881720430107527,0.5871559633027523,0.8311688311688312
469,0.8,poly,20.0,auto,0.7255915689003778,0.7095959595959596,0.7709190672153635,0.6573099415204678,0.694300518134715,0.25316455696202533,0.23255813953488372,0.2777777777777778,0.75,0.6881720430107527,0.5871559633027523,0.8311688311688312
470,0.8,poly,20.0,0.001,0.7255915689003778,0.7095959595959596,0.7709190672153635,0.6573099415204678,0.694300518134715,0.25316455696202533,0.23255813953488372,0.2777777777777778,0.75,0.6881720430107527,0.5871559633027523,0.8311688311688312
471,0.8,poly,20.0,0.01,0.7255915689003778,0.7095959595959596,0.7709190672153635,0.6573099415204678,0.694300518134715,0.25316455696202533,0.23255813953488372,0.2777777777777778,0.75,0.6881720430107527,0.5871559633027523,0.8311688311688312
472,0.8,poly,20.0,0.1,0.7255915689003778,0.7095959595959596,0.7709190672153635,0.6573099415204678,0.694300518134715,0.25316455696202533,0.23255813953488372,0.2777777777777778,0.75,0.6881720430107527,0.5871559633027523,0.8311688311688312
473,0.8,poly,20.0,1,0.7255915689003778,0.7095959595959596,0.7709190672153635,0.6573099415204678,0.694300518134715,0.25316455696202533,0.23255813953488372,0.2777777777777778,0.75,0.6881720430107527,0.5871559633027523,0.8311688311688312
474,0.8,poly,10.0,scale,0.7243984887651621,0.7072243346007605,0.7717842323651453,0.6526315789473685,0.694300518134715,0.25316455696202533,0.23255813953488372,0.2777777777777778,0.7543103448275862,0.6951871657754011,0.5909090909090909,0.8441558441558441
475,0.8,poly,10.0,auto,0.7243984887651621,0.7072243346007605,0.7717842323651453,0.6526315789473685,0.694300518134715,0.25316455696202533,0.23255813953488372,0.2777777777777778,0.7543103448275862,0.6951871657754011,0.5909090909090909,0.8441558441558441
476,0.8,poly,10.0,0.001,0.7243984887651621,0.7072243346007605,0.7717842323651453,0.6526315789473685,0.694300518134715,0.25316455696202533,0.23255813953488372,0.2777777777777778,0.7543103448275862,0.6951871657754011,0.5909090909090909,0.8441558441558441
477,0.8,poly,10.0,0.01,0.7243984887651621,0.7072243346007605,0.7717842323651453,0.6526315789473685,0.694300518134715,0.25316455696202533,0.23255813953488372,0.2777777777777778,0.7543103448275862,0.6951871657754011,0.5909090909090909,0.8441558441558441
478,0.8,poly,10.0,0.1,0.7243984887651621,0.7072243346007605,0.7717842323651453,0.6526315789473685,0.694300518134715,0.25316455696202533,0.23255813953488372,0.2777777777777778,0.7543103448275862,0.6951871657754011,0.5909090909090909,0.8441558441558441
479,0.8,poly,10.0,1,0.7243984887651621,0.7072243346007605,0.7717842323651453,0.6526315789473685,0.694300518134715,0.25316455696202533,0.23255813953488372,0.2777777777777778,0.7543103448275862,0.6951871657754011,0.5909090909090909,0.8441558441558441
480,0.8,poly,1.0,scale,0.7245973354543647,0.7053818336524144,0.7762172284644194,0.6463937621832359,0.694300518134715,0.23376623376623376,0.21951219512195122,0.25,0.7456896551724138,0.6844919786096256,0.5818181818181818,0.8311688311688312
481,0.8,poly,1.0,auto,0.7245973354543647,0.7053818336524144,0.7762172284644194,0.6463937621832359,0.694300518134715,0.23376623376623376,0.21951219512195122,0.25,0.7456896551724138,0.6844919786096256,0.5818181818181818,0.8311688311688312
482,0.8,poly,1.0,0.001,0.7245973354543647,0.7053818336524144,0.7762172284644194,0.6463937621832359,0.694300518134715,0.23376623376623376,0.21951219512195122,0.25,0.7456896551724138,0.6844919786096256,0.5818181818181818,0.8311688311688312
483,0.8,poly,1.0,0.01,0.7245973354543647,0.7053818336524144,0.7762172284644194,0.6463937621832359,0.694300518134715,0.23376623376623376,0.21951219512195122,0.25,0.7456896551724138,0.6844919786096256,0.5818181818181818,0.8311688311688312
484,0.8,poly,1.0,0.1,0.7245973354543647,0.7053818336524144,0.7762172284644194,0.6463937621832359,0.694300518134715,0.23376623376623376,0.21951219512195122,0.25,0.7456896551724138,0.6844919786096256,0.5818181818181818,0.8311688311688312
485,0.8,poly,1.0,1,0.7245973354543647,0.7053818336524144,0.7762172284644194,0.6463937621832359,0.694300518134715,0.23376623376623376,0.21951219512195122,0.25,0.7456896551724138,0.6844919786096256,0.5818181818181818,0.8311688311688312
486,0.8,poly,0.1,scale,0.7182342413998807,0.7002327057330231,0.7654949121184089,0.645224171539961,0.694300518134715,0.25316455696202533,0.23255813953488372,0.2777777777777778,0.728448275862069,0.6701570680628273,0.5614035087719298,0.8311688311688312
487,0.8,poly,0.1,auto,0.7182342413998807,0.7002327057330231,0.7654949121184089,0.645224171539961,0.694300518134715,0.25316455696202533,0.23255813953488372,0.2777777777777778,0.728448275862069,0.6701570680628273,0.5614035087719298,0.8311688311688312
488,0.8,poly,0.1,0.001,0.7182342413998807,0.7002327057330231,0.7654949121184089,0.645224171539961,0.694300518134715,0.25316455696202533,0.23255813953488372,0.2777777777777778,0.728448275862069,0.6701570680628273,0.5614035087719298,0.8311688311688312
489,0.8,poly,0.1,0.01,0.7182342413998807,0.7002327057330231,0.7654949121184089,0.645224171539961,0.694300518134715,0.25316455696202533,0.23255813953488372,0.2777777777777778,0.728448275862069,0.6701570680628273,0.5614035087719298,0.8311688311688312
490,0.8,poly,0.1,0.1,0.7182342413998807,0.7002327057330231,0.7654949121184089,0.645224171539961,0.694300518134715,0.25316455696202533,0.23255813953488372,0.2777777777777778,0.728448275862069,0.6701570680628273,0.5614035087719298,0.8311688311688312
491,0.8,poly,0.1,1,0.7182342413998807,0.7002327057330231,0.7654949121184089,0.645224171539961,0.694300518134715,0.25316455696202533,0.23255813953488372,0.2777777777777778,0.728448275862069,0.6701570680628273,0.5614035087719298,0.8311688311688312
492,0.8,poly,0.01,scale,0.6858222310598528,0.587467362924282,0.8893280632411067,0.43859649122807015,0.7512953367875648,0.1724137931034483,0.22727272727272727,0.1388888888888889,0.8017241379310345,0.7294117647058823,0.6666666666666666,0.8051948051948052
493,0.8,poly,0.01,auto,0.6858222310598528,0.587467362924282,0.8893280632411067,0.43859649122807015,0.7512953367875648,0.1724137931034483,0.22727272727272727,0.1388888888888889,0.8017241379310345,0.7294117647058823,0.6666666666666666,0.8051948051948052
494,0.8,poly,0.01,0.001,0.6858222310598528,0.587467362924282,0.8893280632411067,0.43859649122807015,0.7512953367875648,0.1724137931034483,0.22727272727272727,0.1388888888888889,0.8017241379310345,0.7294117647058823,0.6666666666666666,0.8051948051948052
495,0.8,poly,0.01,0.01,0.6858222310598528,0.587467362924282,0.8893280632411067,0.43859649122807015,0.7512953367875648,0.1724137931034483,0.22727272727272727,0.1388888888888889,0.8017241379310345,0.7294117647058823,0.6666666666666666,0.8051948051948052
496,0.8,poly,0.01,0.1,0.6858222310598528,0.587467362924282,0.8893280632411067,0.43859649122807015,0.7512953367875648,0.1724137931034483,0.22727272727272727,0.1388888888888889,0.8017241379310345,0.7294117647058823,0.6666666666666666,0.8051948051948052
497,0.8,poly,0.01,1,0.6858222310598528,0.587467362924282,0.8893280632411067,0.43859649122807015,0.7512953367875648,0.1724137931034483,0.22727272727272727,0.1388888888888889,0.8017241379310345,0.7294117647058823,0.6666666666666666,0.8051948051948052
498,0.8,poly,0.001,scale,0.5708888447007358,0.27388963660834453,1.0,0.15867446393762183,0.8238341968911918,0.10526315789473684,1.0,0.05555555555555555,0.6767241379310345,0.05063291139240506,1.0,0.025974025974025976
499,0.8,poly,0.001,auto,0.5708888447007358,0.27388963660834453,1.0,0.15867446393762183,0.8238341968911918,0.10526315789473684,1.0,0.05555555555555555,0.6767241379310345,0.05063291139240506,1.0,0.025974025974025976
500,0.8,poly,0.001,0.001,0.5708888447007358,0.27388963660834453,1.0,0.15867446393762183,0.8238341968911918,0.10526315789473684,1.0,0.05555555555555555,0.6767241379310345,0.05063291139240506,1.0,0.025974025974025976
501,0.8,poly,0.001,0.01,0.5708888447007358,0.27388963660834453,1.0,0.15867446393762183,0.8238341968911918,0.10526315789473684,1.0,0.05555555555555555,0.6767241379310345,0.05063291139240506,1.0,0.025974025974025976
502,0.8,poly,0.001,0.1,0.5708888447007358,0.27388963660834453,1.0,0.15867446393762183,0.8238341968911918,0.10526315789473684,1.0,0.05555555555555555,0.6767241379310345,0.05063291139240506,1.0,0.025974025974025976
503,0.8,poly,0.001,1,0.5708888447007358,0.27388963660834453,1.0,0.15867446393762183,0.8238341968911918,0.10526315789473684,1.0,0.05555555555555555,0.6767241379310345,0.05063291139240506,1.0,0.025974025974025976
504,0.8,linear,20.0,scale,0.7156492344402465,0.6772009029345373,0.8042895442359249,0.5847953216374269,0.7046632124352331,0.2191780821917808,0.21621621621621623,0.2222222222222222,0.7801724137931034,0.7182320441988951,0.625,0.8441558441558441
505,0.8,linear,20.0,auto,0.7156492344402465,0.6772009029345373,0.8042895442359249,0.5847953216374269,0.7046632124352331,0.2191780821917808,0.21621621621621623,0.2222222222222222,0.7801724137931034,0.7182320441988951,0.625,0.8441558441558441
506,0.8,linear,20.0,0.001,0.7156492344402465,0.6772009029345373,0.8042895442359249,0.5847953216374269,0.7046632124352331,0.2191780821917808,0.21621621621621623,0.2222222222222222,0.7801724137931034,0.7182320441988951,0.625,0.8441558441558441
507,0.8,linear,20.0,0.01,0.7156492344402465,0.6772009029345373,0.8042895442359249,0.5847953216374269,0.7046632124352331,0.2191780821917808,0.21621621621621623,0.2222222222222222,0.7801724137931034,0.7182320441988951,0.625,0.8441558441558441
508,0.8,linear,20.0,0.1,0.7156492344402465,0.6772009029345373,0.8042895442359249,0.5847953216374269,0.7046632124352331,0.2191780821917808,0.21621621621621623,0.2222222222222222,0.7801724137931034,0.7182320441988951,0.625,0.8441558441558441
509,0.8,linear,20.0,1,0.7156492344402465,0.6772009029345373,0.8042895442359249,0.5847953216374269,0.7046632124352331,0.2191780821917808,0.21621621621621623,0.2222222222222222,0.7801724137931034,0.7182320441988951,0.625,0.8441558441558441
510,0.8,linear,10.0,scale,0.7174388546430702,0.6743066697226678,0.818131256952169,0.5734892787524366,0.7046632124352331,0.2191780821917808,0.21621621621621623,0.2222222222222222,0.7844827586206896,0.7222222222222222,0.6310679611650486,0.8441558441558441
511,0.8,linear,10.0,auto,0.7174388546430702,0.6743066697226678,0.818131256952169,0.5734892787524366,0.7046632124352331,0.2191780821917808,0.21621621621621623,0.2222222222222222,0.7844827586206896,0.7222222222222222,0.6310679611650486,0.8441558441558441
512,0.8,linear,10.0,0.001,0.7174388546430702,0.6743066697226678,0.818131256952169,0.5734892787524366,0.7046632124352331,0.2191780821917808,0.21621621621621623,0.2222222222222222,0.7844827586206896,0.7222222222222222,0.6310679611650486,0.8441558441558441
513,0.8,linear,10.0,0.01,0.7174388546430702,0.6743066697226678,0.818131256952169,0.5734892787524366,0.7046632124352331,0.2191780821917808,0.21621621621621623,0.2222222222222222,0.7844827586206896,0.7222222222222222,0.6310679611650486,0.8441558441558441
514,0.8,linear,10.0,0.1,0.7174388546430702,0.6743066697226678,0.818131256952169,0.5734892787524366,0.7046632124352331,0.2191780821917808,0.21621621621621623,0.2222222222222222,0.7844827586206896,0.7222222222222222,0.6310679611650486,0.8441558441558441
515,0.8,linear,10.0,1,0.7174388546430702,0.6743066697226678,0.818131256952169,0.5734892787524366,0.7046632124352331,0.2191780821917808,0.21621621621621623,0.2222222222222222,0.7844827586206896,0.7222222222222222,0.6310679611650486,0.8441558441558441
516,0.8,linear,1.0,scale,0.7136607675482203,0.6637085474077534,0.8276062900407688,0.5539961013645224,0.7202072538860104,0.22857142857142856,0.23529411764705882,0.2222222222222222,0.7931034482758621,0.7303370786516854,0.6435643564356436,0.8441558441558441
517,0.8,linear,1.0,auto,0.7136607675482203,0.6637085474077534,0.8276062900407688,0.5539961013645224,0.7202072538860104,0.22857142857142856,0.23529411764705882,0.2222222222222222,0.7931034482758621,0.7303370786516854,0.6435643564356436,0.8441558441558441
518,0.8,linear,1.0,0.001,0.7136607675482203,0.6637085474077534,0.8276062900407688,0.5539961013645224,0.7202072538860104,0.22857142857142856,0.23529411764705882,0.2222222222222222,0.7931034482758621,0.7303370786516854,0.6435643564356436,0.8441558441558441
519,0.8,linear,1.0,0.01,0.7136607675482203,0.6637085474077534,0.8276062900407688,0.5539961013645224,0.7202072538860104,0.22857142857142856,0.23529411764705882,0.2222222222222222,0.7931034482758621,0.7303370786516854,0.6435643564356436,0.8441558441558441
520,0.8,linear,1.0,0.1,0.7136607675482203,0.6637085474077534,0.8276062900407688,0.5539961013645224,0.7202072538860104,0.22857142857142856,0.23529411764705882,0.2222222222222222,0.7931034482758621,0.7303370786516854,0.6435643564356436,0.8441558441558441
521,0.8,linear,1.0,1,0.7136607675482203,0.6637085474077534,0.8276062900407688,0.5539961013645224,0.7202072538860104,0.22857142857142856,0.23529411764705882,0.2222222222222222,0.7931034482758621,0.7303370786516854,0.6435643564356436,0.8441558441558441
522,0.8,linear,0.1,scale,0.7047126665341023,0.6465127350630803,0.8300733496332519,0.5294346978557505,0.7305699481865285,0.21212121212121213,0.23333333333333334,0.19444444444444445,0.7974137931034483,0.7344632768361582,0.65,0.8441558441558441
523,0.8,linear,0.1,auto,0.7047126665341023,0.6465127350630803,0.8300733496332519,0.5294346978557505,0.7305699481865285,0.21212121212121213,0.23333333333333334,0.19444444444444445,0.7974137931034483,0.7344632768361582,0.65,0.8441558441558441
524,0.8,linear,0.1,0.001,0.7047126665341023,0.6465127350630803,0.8300733496332519,0.5294346978557505,0.7305699481865285,0.21212121212121213,0.23333333333333334,0.19444444444444445,0.7974137931034483,0.7344632768361582,0.65,0.8441558441558441
525,0.8,linear,0.1,0.01,0.7047126665341023,0.6465127350630803,0.8300733496332519,0.5294346978557505,0.7305699481865285,0.21212121212121213,0.23333333333333334,0.19444444444444445,0.7974137931034483,0.7344632768361582,0.65,0.8441558441558441
526,0.8,linear,0.1,0.1,0.7047126665341023,0.6465127350630803,0.8300733496332519,0.5294346978557505,0.7305699481865285,0.21212121212121213,0.23333333333333334,0.19444444444444445,0.7974137931034483,0.7344632768361582,0.65,0.8441558441558441
527,0.8,linear,0.1,1,0.7047126665341023,0.6465127350630803,0.8300733496332519,0.5294346978557505,0.7305699481865285,0.21212121212121213,0.23333333333333334,0.19444444444444445,0.7974137931034483,0.7344632768361582,0.65,0.8441558441558441
528,0.8,linear,0.01,scale,0.7080930602505469,0.6435162700339971,0.8531873792659369,0.5165692007797271,0.7357512953367875,0.16393442622950818,0.2,0.1388888888888889,0.8017241379310345,0.7386363636363636,0.6565656565656566,0.8441558441558441
529,0.8,linear,0.01,auto,0.7080930602505469,0.6435162700339971,0.8531873792659369,0.5165692007797271,0.7357512953367875,0.16393442622950818,0.2,0.1388888888888889,0.8017241379310345,0.7386363636363636,0.6565656565656566,0.8441558441558441
530,0.8,linear,0.01,0.001,0.7080930602505469,0.6435162700339971,0.8531873792659369,0.5165692007797271,0.7357512953367875,0.16393442622950818,0.2,0.1388888888888889,0.8017241379310345,0.7386363636363636,0.6565656565656566,0.8441558441558441
531,0.8,linear,0.01,0.01,0.7080930602505469,0.6435162700339971,0.8531873792659369,0.5165692007797271,0.7357512953367875,0.16393442622950818,0.2,0.1388888888888889,0.8017241379310345,0.7386363636363636,0.6565656565656566,0.8441558441558441
532,0.8,linear,0.01,0.1,0.7080930602505469,0.6435162700339971,0.8531873792659369,0.5165692007797271,0.7357512953367875,0.16393442622950818,0.2,0.1388888888888889,0.8017241379310345,0.7386363636363636,0.6565656565656566,0.8441558441558441
533,0.8,linear,0.01,1,0.7080930602505469,0.6435162700339971,0.8531873792659369,0.5165692007797271,0.7357512953367875,0.16393442622950818,0.2,0.1388888888888889,0.8017241379310345,0.7386363636363636,0.6565656565656566,0.8441558441558441
534,0.8,linear,0.001,scale,0.6876118512626764,0.6121945198716366,0.8344549125168237,0.4834307992202729,0.7616580310880829,0.23333333333333334,0.2916666666666667,0.19444444444444445,0.7198275862068966,0.5637583892617449,0.5833333333333334,0.5454545454545454
535,0.8,linear,0.001,auto,0.6876118512626764,0.6121945198716366,0.8344549125168237,0.4834307992202729,0.7616580310880829,0.23333333333333334,0.2916666666666667,0.19444444444444445,0.7198275862068966,0.5637583892617449,0.5833333333333334,0.5454545454545454
536,0.8,linear,0.001,0.001,0.6876118512626764,0.6121945198716366,0.8344549125168237,0.4834307992202729,0.7616580310880829,0.23333333333333334,0.2916666666666667,0.19444444444444445,0.7198275862068966,0.5637583892617449,0.5833333333333334,0.5454545454545454
537,0.8,linear,0.001,0.01,0.6876118512626764,0.6121945198716366,0.8344549125168237,0.4834307992202729,0.7616580310880829,0.23333333333333334,0.2916666666666667,0.19444444444444445,0.7198275862068966,0.5637583892617449,0.5833333333333334,0.5454545454545454
538,0.8,linear,0.001,0.1,0.6876118512626764,0.6121945198716366,0.8344549125168237,0.4834307992202729,0.7616580310880829,0.23333333333333334,0.2916666666666667,0.19444444444444445,0.7198275862068966,0.5637583892617449,0.5833333333333334,0.5454545454545454
539,0.8,linear,0.001,1,0.6876118512626764,0.6121945198716366,0.8344549125168237,0.4834307992202729,0.7616580310880829,0.23333333333333334,0.2916666666666667,0.19444444444444445,0.7198275862068966,0.5637583892617449,0.5833333333333334,0.5454545454545454
540,0.8,sigmoid,20.0,scale,0.5742692384171804,0.579784102060844,0.583794466403162,0.5758284600389864,0.5544041450777202,0.328125,0.22826086956521738,0.5833333333333334,0.646551724137931,0.6132075471698113,0.48148148148148145,0.8441558441558441
541,0.8,sigmoid,20.0,auto,0.5742692384171804,0.579784102060844,0.583794466403162,0.5758284600389864,0.5544041450777202,0.328125,0.22826086956521738,0.5833333333333334,0.646551724137931,0.6132075471698113,0.48148148148148145,0.8441558441558441
542,0.8,sigmoid,20.0,0.001,0.5742692384171804,0.579784102060844,0.583794466403162,0.5758284600389864,0.5544041450777202,0.328125,0.22826086956521738,0.5833333333333334,0.646551724137931,0.6132075471698113,0.48148148148148145,0.8441558441558441
543,0.8,sigmoid,20.0,0.01,0.5742692384171804,0.579784102060844,0.583794466403162,0.5758284600389864,0.5544041450777202,0.328125,0.22826086956521738,0.5833333333333334,0.646551724137931,0.6132075471698113,0.48148148148148145,0.8441558441558441
544,0.8,sigmoid,20.0,0.1,0.5742692384171804,0.579784102060844,0.583794466403162,0.5758284600389864,0.5544041450777202,0.328125,0.22826086956521738,0.5833333333333334,0.646551724137931,0.6132075471698113,0.48148148148148145,0.8441558441558441
545,0.8,sigmoid,20.0,1,0.5742692384171804,0.579784102060844,0.583794466403162,0.5758284600389864,0.5544041450777202,0.328125,0.22826086956521738,0.5833333333333334,0.646551724137931,0.6132075471698113,0.48148148148148145,0.8441558441558441
546,0.8,sigmoid,10.0,scale,0.5462318552396103,0.5486550632911392,0.5568044961862706,0.5407407407407407,0.47150259067357514,0.2153846153846154,0.14893617021276595,0.3888888888888889,0.7112068965517241,0.6417112299465241,0.5454545454545454,0.7792207792207793
547,0.8,sigmoid,10.0,auto,0.5462318552396103,0.5486550632911392,0.5568044961862706,0.5407407407407407,0.47150259067357514,0.2153846153846154,0.14893617021276595,0.3888888888888889,0.7112068965517241,0.6417112299465241,0.5454545454545454,0.7792207792207793
548,0.8,sigmoid,10.0,0.001,0.5462318552396103,0.5486550632911392,0.5568044961862706,0.5407407407407407,0.47150259067357514,0.2153846153846154,0.14893617021276595,0.3888888888888889,0.7112068965517241,0.6417112299465241,0.5454545454545454,0.7792207792207793
549,0.8,sigmoid,10.0,0.01,0.5462318552396103,0.5486550632911392,0.5568044961862706,0.5407407407407407,0.47150259067357514,0.2153846153846154,0.14893617021276595,0.3888888888888889,0.7112068965517241,0.6417112299465241,0.5454545454545454,0.7792207792207793
550,0.8,sigmoid,10.0,0.1,0.5462318552396103,0.5486550632911392,0.5568044961862706,0.5407407407407407,0.47150259067357514,0.2153846153846154,0.14893617021276595,0.3888888888888889,0.7112068965517241,0.6417112299465241,0.5454545454545454,0.7792207792207793
551,0.8,sigmoid,10.0,1,0.5462318552396103,0.5486550632911392,0.5568044961862706,0.5407407407407407,0.47150259067357514,0.2153846153846154,0.14893617021276595,0.3888888888888889,0.7112068965517241,0.6417112299465241,0.5454545454545454,0.7792207792207793
552,0.8,sigmoid,1.0,scale,0.5867965798369457,0.588351822503962,0.5980668546113572,0.5789473684210527,0.5906735751295337,0.34710743801652894,0.24705882352941178,0.5833333333333334,0.6767241379310345,0.6411483253588517,0.5075757575757576,0.8701298701298701
553,0.8,sigmoid,1.0,auto,0.5867965798369457,0.588351822503962,0.5980668546113572,0.5789473684210527,0.5906735751295337,0.34710743801652894,0.24705882352941178,0.5833333333333334,0.6767241379310345,0.6411483253588517,0.5075757575757576,0.8701298701298701
554,0.8,sigmoid,1.0,0.001,0.5867965798369457,0.588351822503962,0.5980668546113572,0.5789473684210527,0.5906735751295337,0.34710743801652894,0.24705882352941178,0.5833333333333334,0.6767241379310345,0.6411483253588517,0.5075757575757576,0.8701298701298701
555,0.8,sigmoid,1.0,0.01,0.5867965798369457,0.588351822503962,0.5980668546113572,0.5789473684210527,0.5906735751295337,0.34710743801652894,0.24705882352941178,0.5833333333333334,0.6767241379310345,0.6411483253588517,0.5075757575757576,0.8701298701298701
556,0.8,sigmoid,1.0,0.1,0.5867965798369457,0.588351822503962,0.5980668546113572,0.5789473684210527,0.5906735751295337,0.34710743801652894,0.24705882352941178,0.5833333333333334,0.6767241379310345,0.6411483253588517,0.5075757575757576,0.8701298701298701
557,0.8,sigmoid,1.0,1,0.5867965798369457,0.588351822503962,0.5980668546113572,0.5789473684210527,0.5906735751295337,0.34710743801652894,0.24705882352941178,0.5833333333333334,0.6767241379310345,0.6411483253588517,0.5075757575757576,0.8701298701298701
558,0.8,sigmoid,0.1,scale,0.5738715450387751,0.5070163331032896,0.6184062850729517,0.42962962962962964,0.6632124352331606,0.3010752688172043,0.24561403508771928,0.3888888888888889,0.6853448275862069,0.5521472392638037,0.5232558139534884,0.5844155844155844
559,0.8,sigmoid,0.1,auto,0.5738715450387751,0.5070163331032896,0.6184062850729517,0.42962962962962964,0.6632124352331606,0.3010752688172043,0.24561403508771928,0.3888888888888889,0.6853448275862069,0.5521472392638037,0.5232558139534884,0.5844155844155844
560,0.8,sigmoid,0.1,0.001,0.5738715450387751,0.5070163331032896,0.6184062850729517,0.42962962962962964,0.6632124352331606,0.3010752688172043,0.24561403508771928,0.3888888888888889,0.6853448275862069,0.5521472392638037,0.5232558139534884,0.5844155844155844
561,0.8,sigmoid,0.1,0.01,0.5738715450387751,0.5070163331032896,0.6184062850729517,0.42962962962962964,0.6632124352331606,0.3010752688172043,0.24561403508771928,0.3888888888888889,0.6853448275862069,0.5521472392638037,0.5232558139534884,0.5844155844155844
562,0.8,sigmoid,0.1,0.1,0.5738715450387751,0.5070163331032896,0.6184062850729517,0.42962962962962964,0.6632124352331606,0.3010752688172043,0.24561403508771928,0.3888888888888889,0.6853448275862069,0.5521472392638037,0.5232558139534884,0.5844155844155844
563,0.8,sigmoid,0.1,1,0.5738715450387751,0.5070163331032896,0.6184062850729517,0.42962962962962964,0.6632124352331606,0.3010752688172043,0.24561403508771928,0.3888888888888889,0.6853448275862069,0.5521472392638037,0.5232558139534884,0.5844155844155844
564,0.8,sigmoid,0.01,scale,0.6679260290316166,0.634892872759073,0.7227476356396217,0.5660818713450292,0.6476683937823834,0.2608695652173913,0.21428571428571427,0.3333333333333333,0.6767241379310345,0.5398773006134969,0.5116279069767442,0.5714285714285714
565,0.8,sigmoid,0.01,auto,0.6679260290316166,0.634892872759073,0.7227476356396217,0.5660818713450292,0.6476683937823834,0.2608695652173913,0.21428571428571427,0.3333333333333333,0.6767241379310345,0.5398773006134969,0.5116279069767442,0.5714285714285714
566,0.8,sigmoid,0.01,0.001,0.6679260290316166,0.634892872759073,0.7227476356396217,0.5660818713450292,0.6476683937823834,0.2608695652173913,0.21428571428571427,0.3333333333333333,0.6767241379310345,0.5398773006134969,0.5116279069767442,0.5714285714285714
567,0.8,sigmoid,0.01,0.01,0.6679260290316166,0.634892872759073,0.7227476356396217,0.5660818713450292,0.6476683937823834,0.2608695652173913,0.21428571428571427,0.3333333333333333,0.6767241379310345,0.5398773006134969,0.5116279069767442,0.5714285714285714
568,0.8,sigmoid,0.01,0.1,0.6679260290316166,0.634892872759073,0.7227476356396217,0.5660818713450292,0.6476683937823834,0.2608695652173913,0.21428571428571427,0.3333333333333333,0.6767241379310345,0.5398773006134969,0.5116279069767442,0.5714285714285714
569,0.8,sigmoid,0.01,1,0.6679260290316166,0.634892872759073,0.7227476356396217,0.5660818713450292,0.6476683937823834,0.2608695652173913,0.21428571428571427,0.3333333333333333,0.6767241379310345,0.5398773006134969,0.5116279069767442,0.5714285714285714
570,0.8,sigmoid,0.001,scale,0.66136408828793,0.6787398604036974,0.6575292397660819,0.701364522417154,0.5492227979274611,0.18691588785046728,0.14084507042253522,0.2777777777777778,0.6206896551724138,0.5164835164835165,0.44761904761904764,0.6103896103896104
571,0.8,sigmoid,0.001,auto,0.66136408828793,0.6787398604036974,0.6575292397660819,0.701364522417154,0.5492227979274611,0.18691588785046728,0.14084507042253522,0.2777777777777778,0.6206896551724138,0.5164835164835165,0.44761904761904764,0.6103896103896104
572,0.8,sigmoid,0.001,0.001,0.66136408828793,0.6787398604036974,0.6575292397660819,0.701364522417154,0.5492227979274611,0.18691588785046728,0.14084507042253522,0.2777777777777778,0.6206896551724138,0.5164835164835165,0.44761904761904764,0.6103896103896104
573,0.8,sigmoid,0.001,0.01,0.66136408828793,0.6787398604036974,0.6575292397660819,0.701364522417154,0.5492227979274611,0.18691588785046728,0.14084507042253522,0.2777777777777778,0.6206896551724138,0.5164835164835165,0.44761904761904764,0.6103896103896104
574,0.8,sigmoid,0.001,0.1,0.66136408828793,0.6787398604036974,0.6575292397660819,0.701364522417154,0.5492227979274611,0.18691588785046728,0.14084507042253522,0.2777777777777778,0.6206896551724138,0.5164835164835165,0.44761904761904764,0.6103896103896104
575,0.8,sigmoid,0.001,1,0.66136408828793,0.6787398604036974,0.6575292397660819,0.701364522417154,0.5492227979274611,0.18691588785046728,0.14084507042253522,0.2777777777777778,0.6206896551724138,0.5164835164835165,0.44761904761904764,0.6103896103896104
