SIM,PCA_components,kernel,C,gamma,acc_train,f1_train,prec_train,rec_train,acc_val,f1_val,prec_val,rec_val,acc_test,f1_test,prec_test,rec_test
0,no_pca,rbf,20.0,scale,0.7552139037433155,0.764076794227548,0.6911421911421911,0.8542206856813599,0.5934782608695652,0.5816554809843401,0.43333333333333335,0.8843537414965986,0.5895196506550219,0.57847533632287,0.4201954397394137,0.9280575539568345
1,no_pca,rbf,20.0,auto,0.7552139037433155,0.764076794227548,0.6911421911421911,0.8542206856813599,0.5934782608695652,0.5816554809843401,0.43333333333333335,0.8843537414965986,0.5895196506550219,0.57847533632287,0.4201954397394137,0.9280575539568345
2,no_pca,rbf,20.0,0.001,0.7552139037433155,0.764076794227548,0.6911421911421911,0.8542206856813599,0.5934782608695652,0.5816554809843401,0.43333333333333335,0.8843537414965986,0.5895196506550219,0.57847533632287,0.4201954397394137,0.9280575539568345
3,no_pca,rbf,20.0,0.01,0.7552139037433155,0.764076794227548,0.6911421911421911,0.8542206856813599,0.5934782608695652,0.5816554809843401,0.43333333333333335,0.8843537414965986,0.5895196506550219,0.57847533632287,0.4201954397394137,0.9280575539568345
4,no_pca,rbf,20.0,0.1,0.7552139037433155,0.764076794227548,0.6911421911421911,0.8542206856813599,0.5934782608695652,0.5816554809843401,0.43333333333333335,0.8843537414965986,0.5895196506550219,0.57847533632287,0.4201954397394137,0.9280575539568345
5,no_pca,rbf,20.0,1,0.7552139037433155,0.764076794227548,0.6911421911421911,0.8542206856813599,0.5934782608695652,0.5816554809843401,0.43333333333333335,0.8843537414965986,0.5895196506550219,0.57847533632287,0.4201954397394137,0.9280575539568345
6,no_pca,rbf,10.0,scale,0.736096256684492,0.7521968365553603,0.6665183537263626,0.8631518294439643,0.5760869565217391,0.5714285714285714,0.42207792207792205,0.8843537414965986,0.5764192139737991,0.5745614035087719,0.41324921135646686,0.9424460431654677
7,no_pca,rbf,10.0,auto,0.736096256684492,0.7521968365553603,0.6665183537263626,0.8631518294439643,0.5760869565217391,0.5714285714285714,0.42207792207792205,0.8843537414965986,0.5764192139737991,0.5745614035087719,0.41324921135646686,0.9424460431654677
8,no_pca,rbf,10.0,0.001,0.736096256684492,0.7521968365553603,0.6665183537263626,0.8631518294439643,0.5760869565217391,0.5714285714285714,0.42207792207792205,0.8843537414965986,0.5764192139737991,0.5745614035087719,0.41324921135646686,0.9424460431654677
9,no_pca,rbf,10.0,0.01,0.736096256684492,0.7521968365553603,0.6665183537263626,0.8631518294439643,0.5760869565217391,0.5714285714285714,0.42207792207792205,0.8843537414965986,0.5764192139737991,0.5745614035087719,0.41324921135646686,0.9424460431654677
10,no_pca,rbf,10.0,0.1,0.736096256684492,0.7521968365553603,0.6665183537263626,0.8631518294439643,0.5760869565217391,0.5714285714285714,0.42207792207792205,0.8843537414965986,0.5764192139737991,0.5745614035087719,0.41324921135646686,0.9424460431654677
11,no_pca,rbf,10.0,1,0.736096256684492,0.7521968365553603,0.6665183537263626,0.8631518294439643,0.5760869565217391,0.5714285714285714,0.42207792207792205,0.8843537414965986,0.5764192139737991,0.5745614035087719,0.41324921135646686,0.9424460431654677
12,no_pca,rbf,1.0,scale,0.7164438502673797,0.7211045364891518,0.6632801161103048,0.7899740708729472,0.5891304347826087,0.5771812080536913,0.43,0.8775510204081632,0.5567685589519651,0.5375854214123007,0.3933333333333333,0.8489208633093526
13,no_pca,rbf,1.0,auto,0.7164438502673797,0.7211045364891518,0.6632801161103048,0.7899740708729472,0.5891304347826087,0.5771812080536913,0.43,0.8775510204081632,0.5567685589519651,0.5375854214123007,0.3933333333333333,0.8489208633093526
14,no_pca,rbf,1.0,0.001,0.7164438502673797,0.7211045364891518,0.6632801161103048,0.7899740708729472,0.5891304347826087,0.5771812080536913,0.43,0.8775510204081632,0.5567685589519651,0.5375854214123007,0.3933333333333333,0.8489208633093526
15,no_pca,rbf,1.0,0.01,0.7164438502673797,0.7211045364891518,0.6632801161103048,0.7899740708729472,0.5891304347826087,0.5771812080536913,0.43,0.8775510204081632,0.5567685589519651,0.5375854214123007,0.3933333333333333,0.8489208633093526
16,no_pca,rbf,1.0,0.1,0.7164438502673797,0.7211045364891518,0.6632801161103048,0.7899740708729472,0.5891304347826087,0.5771812080536913,0.43,0.8775510204081632,0.5567685589519651,0.5375854214123007,0.3933333333333333,0.8489208633093526
17,no_pca,rbf,1.0,1,0.7164438502673797,0.7211045364891518,0.6632801161103048,0.7899740708729472,0.5891304347826087,0.5771812080536913,0.43,0.8775510204081632,0.5567685589519651,0.5375854214123007,0.3933333333333333,0.8489208633093526
18,no_pca,rbf,0.1,scale,0.7046791443850268,0.7130050669091854,0.6493137718883104,0.7905502736963411,0.5717391304347826,0.567032967032967,0.41883116883116883,0.8775510204081632,0.5480349344978166,0.5327313769751693,0.3881578947368421,0.8489208633093526
19,no_pca,rbf,0.1,auto,0.7046791443850268,0.7130050669091854,0.6493137718883104,0.7905502736963411,0.5717391304347826,0.567032967032967,0.41883116883116883,0.8775510204081632,0.5480349344978166,0.5327313769751693,0.3881578947368421,0.8489208633093526
20,no_pca,rbf,0.1,0.001,0.7046791443850268,0.7130050669091854,0.6493137718883104,0.7905502736963411,0.5717391304347826,0.567032967032967,0.41883116883116883,0.8775510204081632,0.5480349344978166,0.5327313769751693,0.3881578947368421,0.8489208633093526
21,no_pca,rbf,0.1,0.01,0.7046791443850268,0.7130050669091854,0.6493137718883104,0.7905502736963411,0.5717391304347826,0.567032967032967,0.41883116883116883,0.8775510204081632,0.5480349344978166,0.5327313769751693,0.3881578947368421,0.8489208633093526
22,no_pca,rbf,0.1,0.1,0.7046791443850268,0.7130050669091854,0.6493137718883104,0.7905502736963411,0.5717391304347826,0.567032967032967,0.41883116883116883,0.8775510204081632,0.5480349344978166,0.5327313769751693,0.3881578947368421,0.8489208633093526
23,no_pca,rbf,0.1,1,0.7046791443850268,0.7130050669091854,0.6493137718883104,0.7905502736963411,0.5717391304347826,0.567032967032967,0.41883116883116883,0.8775510204081632,0.5480349344978166,0.5327313769751693,0.3881578947368421,0.8489208633093526
24,no_pca,rbf,0.01,scale,0.6969251336898395,0.7178593652769135,0.6319018404907976,0.8308844713339095,0.5717391304347826,0.5689277899343544,0.41935483870967744,0.8843537414965986,0.5545851528384279,0.5526315789473685,0.39747634069400634,0.9064748201438849
25,no_pca,rbf,0.01,auto,0.6969251336898395,0.7178593652769135,0.6319018404907976,0.8308844713339095,0.5717391304347826,0.5689277899343544,0.41935483870967744,0.8843537414965986,0.5545851528384279,0.5526315789473685,0.39747634069400634,0.9064748201438849
26,no_pca,rbf,0.01,0.001,0.6969251336898395,0.7178593652769135,0.6319018404907976,0.8308844713339095,0.5717391304347826,0.5689277899343544,0.41935483870967744,0.8843537414965986,0.5545851528384279,0.5526315789473685,0.39747634069400634,0.9064748201438849
27,no_pca,rbf,0.01,0.01,0.6969251336898395,0.7178593652769135,0.6319018404907976,0.8308844713339095,0.5717391304347826,0.5689277899343544,0.41935483870967744,0.8843537414965986,0.5545851528384279,0.5526315789473685,0.39747634069400634,0.9064748201438849
28,no_pca,rbf,0.01,0.1,0.6969251336898395,0.7178593652769135,0.6319018404907976,0.8308844713339095,0.5717391304347826,0.5689277899343544,0.41935483870967744,0.8843537414965986,0.5545851528384279,0.5526315789473685,0.39747634069400634,0.9064748201438849
29,no_pca,rbf,0.01,1,0.6969251336898395,0.7178593652769135,0.6319018404907976,0.8308844713339095,0.5717391304347826,0.5689277899343544,0.41935483870967744,0.8843537414965986,0.5545851528384279,0.5526315789473685,0.39747634069400634,0.9064748201438849
30,no_pca,rbf,0.001,scale,0.661096256684492,0.6586777972263363,0.6183013144590496,0.7046960530106597,0.5369565217391304,0.5339168490153173,0.3935483870967742,0.8299319727891157,0.5436681222707423,0.5150812064965197,0.3801369863013699,0.7985611510791367
31,no_pca,rbf,0.001,auto,0.661096256684492,0.6586777972263363,0.6183013144590496,0.7046960530106597,0.5369565217391304,0.5339168490153173,0.3935483870967742,0.8299319727891157,0.5436681222707423,0.5150812064965197,0.3801369863013699,0.7985611510791367
32,no_pca,rbf,0.001,0.001,0.661096256684492,0.6586777972263363,0.6183013144590496,0.7046960530106597,0.5369565217391304,0.5339168490153173,0.3935483870967742,0.8299319727891157,0.5436681222707423,0.5150812064965197,0.3801369863013699,0.7985611510791367
33,no_pca,rbf,0.001,0.01,0.661096256684492,0.6586777972263363,0.6183013144590496,0.7046960530106597,0.5369565217391304,0.5339168490153173,0.3935483870967742,0.8299319727891157,0.5436681222707423,0.5150812064965197,0.3801369863013699,0.7985611510791367
34,no_pca,rbf,0.001,0.1,0.661096256684492,0.6586777972263363,0.6183013144590496,0.7046960530106597,0.5369565217391304,0.5339168490153173,0.3935483870967742,0.8299319727891157,0.5436681222707423,0.5150812064965197,0.3801369863013699,0.7985611510791367
35,no_pca,rbf,0.001,1,0.661096256684492,0.6586777972263363,0.6183013144590496,0.7046960530106597,0.5369565217391304,0.5339168490153173,0.3935483870967742,0.8299319727891157,0.5436681222707423,0.5150812064965197,0.3801369863013699,0.7985611510791367
36,no_pca,poly,20.0,scale,0.7822192513368984,0.7638103523270987,0.7688266199649737,0.7588591184096802,0.65,0.5839793281653747,0.4708333333333333,0.7687074829931972,0.6615720524017468,0.5910290237467019,0.4666666666666667,0.8057553956834532
37,no_pca,poly,20.0,auto,0.7822192513368984,0.7638103523270987,0.7688266199649737,0.7588591184096802,0.65,0.5839793281653747,0.4708333333333333,0.7687074829931972,0.6615720524017468,0.5910290237467019,0.4666666666666667,0.8057553956834532
38,no_pca,poly,20.0,0.001,0.7822192513368984,0.7638103523270987,0.7688266199649737,0.7588591184096802,0.65,0.5839793281653747,0.4708333333333333,0.7687074829931972,0.6615720524017468,0.5910290237467019,0.4666666666666667,0.8057553956834532
39,no_pca,poly,20.0,0.01,0.7822192513368984,0.7638103523270987,0.7688266199649737,0.7588591184096802,0.65,0.5839793281653747,0.4708333333333333,0.7687074829931972,0.6615720524017468,0.5910290237467019,0.4666666666666667,0.8057553956834532
40,no_pca,poly,20.0,0.1,0.7822192513368984,0.7638103523270987,0.7688266199649737,0.7588591184096802,0.65,0.5839793281653747,0.4708333333333333,0.7687074829931972,0.6615720524017468,0.5910290237467019,0.4666666666666667,0.8057553956834532
41,no_pca,poly,20.0,1,0.7822192513368984,0.7638103523270987,0.7688266199649737,0.7588591184096802,0.65,0.5839793281653747,0.4708333333333333,0.7687074829931972,0.6615720524017468,0.5910290237467019,0.4666666666666667,0.8057553956834532
42,no_pca,poly,10.0,scale,0.7624331550802139,0.7332232397537907,0.7655172413793103,0.7035436473638721,0.658695652173913,0.5722070844686649,0.4772727272727273,0.7142857142857143,0.6572052401746725,0.5650969529085873,0.4594594594594595,0.7338129496402878
43,no_pca,poly,10.0,auto,0.7624331550802139,0.7332232397537907,0.7655172413793103,0.7035436473638721,0.658695652173913,0.5722070844686649,0.4772727272727273,0.7142857142857143,0.6572052401746725,0.5650969529085873,0.4594594594594595,0.7338129496402878
44,no_pca,poly,10.0,0.001,0.7624331550802139,0.7332232397537907,0.7655172413793103,0.7035436473638721,0.658695652173913,0.5722070844686649,0.4772727272727273,0.7142857142857143,0.6572052401746725,0.5650969529085873,0.4594594594594595,0.7338129496402878
45,no_pca,poly,10.0,0.01,0.7624331550802139,0.7332232397537907,0.7655172413793103,0.7035436473638721,0.658695652173913,0.5722070844686649,0.4772727272727273,0.7142857142857143,0.6572052401746725,0.5650969529085873,0.4594594594594595,0.7338129496402878
46,no_pca,poly,10.0,0.1,0.7624331550802139,0.7332232397537907,0.7655172413793103,0.7035436473638721,0.658695652173913,0.5722070844686649,0.4772727272727273,0.7142857142857143,0.6572052401746725,0.5650969529085873,0.4594594594594595,0.7338129496402878
47,no_pca,poly,10.0,1,0.7624331550802139,0.7332232397537907,0.7655172413793103,0.7035436473638721,0.658695652173913,0.5722070844686649,0.4772727272727273,0.7142857142857143,0.6572052401746725,0.5650969529085873,0.4594594594594595,0.7338129496402878
48,no_pca,poly,1.0,scale,0.7084224598930481,0.7070517125587643,0.6623049823855058,0.7582829155862864,0.591304347826087,0.5727272727272728,0.4300341296928328,0.8571428571428571,0.5698689956331878,0.5407925407925408,0.4,0.8345323741007195
49,no_pca,poly,1.0,auto,0.7084224598930481,0.7070517125587643,0.6623049823855058,0.7582829155862864,0.591304347826087,0.5727272727272728,0.4300341296928328,0.8571428571428571,0.5698689956331878,0.5407925407925408,0.4,0.8345323741007195
50,no_pca,poly,1.0,0.001,0.7084224598930481,0.7070517125587643,0.6623049823855058,0.7582829155862864,0.591304347826087,0.5727272727272728,0.4300341296928328,0.8571428571428571,0.5698689956331878,0.5407925407925408,0.4,0.8345323741007195
51,no_pca,poly,1.0,0.01,0.7084224598930481,0.7070517125587643,0.6623049823855058,0.7582829155862864,0.591304347826087,0.5727272727272728,0.4300341296928328,0.8571428571428571,0.5698689956331878,0.5407925407925408,0.4,0.8345323741007195
52,no_pca,poly,1.0,0.1,0.7084224598930481,0.7070517125587643,0.6623049823855058,0.7582829155862864,0.591304347826087,0.5727272727272728,0.4300341296928328,0.8571428571428571,0.5698689956331878,0.5407925407925408,0.4,0.8345323741007195
53,no_pca,poly,1.0,1,0.7084224598930481,0.7070517125587643,0.6623049823855058,0.7582829155862864,0.591304347826087,0.5727272727272728,0.4300341296928328,0.8571428571428571,0.5698689956331878,0.5407925407925408,0.4,0.8345323741007195
54,no_pca,poly,0.1,scale,0.6997326203208556,0.6955814583898076,0.6567699001791656,0.7392682224142898,0.5934782608695652,0.5740318906605922,0.4315068493150685,0.8571428571428571,0.5698689956331878,0.5386416861826698,0.3993055555555556,0.8273381294964028
55,no_pca,poly,0.1,auto,0.6997326203208556,0.6955814583898076,0.6567699001791656,0.7392682224142898,0.5934782608695652,0.5740318906605922,0.4315068493150685,0.8571428571428571,0.5698689956331878,0.5386416861826698,0.3993055555555556,0.8273381294964028
56,no_pca,poly,0.1,0.001,0.6997326203208556,0.6955814583898076,0.6567699001791656,0.7392682224142898,0.5934782608695652,0.5740318906605922,0.4315068493150685,0.8571428571428571,0.5698689956331878,0.5386416861826698,0.3993055555555556,0.8273381294964028
57,no_pca,poly,0.1,0.01,0.6997326203208556,0.6955814583898076,0.6567699001791656,0.7392682224142898,0.5934782608695652,0.5740318906605922,0.4315068493150685,0.8571428571428571,0.5698689956331878,0.5386416861826698,0.3993055555555556,0.8273381294964028
58,no_pca,poly,0.1,0.1,0.6997326203208556,0.6955814583898076,0.6567699001791656,0.7392682224142898,0.5934782608695652,0.5740318906605922,0.4315068493150685,0.8571428571428571,0.5698689956331878,0.5386416861826698,0.3993055555555556,0.8273381294964028
59,no_pca,poly,0.1,1,0.6997326203208556,0.6955814583898076,0.6567699001791656,0.7392682224142898,0.5934782608695652,0.5740318906605922,0.4315068493150685,0.8571428571428571,0.5698689956331878,0.5386416861826698,0.3993055555555556,0.8273381294964028
60,no_pca,poly,0.01,scale,0.7001336898395721,0.7012122019448515,0.6521308225966304,0.7582829155862864,0.5804347826086956,0.5662921348314607,0.4228187919463087,0.8571428571428571,0.5676855895196506,0.5395348837209303,0.39862542955326463,0.8345323741007195
61,no_pca,poly,0.01,auto,0.7001336898395721,0.7012122019448515,0.6521308225966304,0.7582829155862864,0.5804347826086956,0.5662921348314607,0.4228187919463087,0.8571428571428571,0.5676855895196506,0.5395348837209303,0.39862542955326463,0.8345323741007195
62,no_pca,poly,0.01,0.001,0.7001336898395721,0.7012122019448515,0.6521308225966304,0.7582829155862864,0.5804347826086956,0.5662921348314607,0.4228187919463087,0.8571428571428571,0.5676855895196506,0.5395348837209303,0.39862542955326463,0.8345323741007195
63,no_pca,poly,0.01,0.01,0.7001336898395721,0.7012122019448515,0.6521308225966304,0.7582829155862864,0.5804347826086956,0.5662921348314607,0.4228187919463087,0.8571428571428571,0.5676855895196506,0.5395348837209303,0.39862542955326463,0.8345323741007195
64,no_pca,poly,0.01,0.1,0.7001336898395721,0.7012122019448515,0.6521308225966304,0.7582829155862864,0.5804347826086956,0.5662921348314607,0.4228187919463087,0.8571428571428571,0.5676855895196506,0.5395348837209303,0.39862542955326463,0.8345323741007195
65,no_pca,poly,0.01,1,0.7001336898395721,0.7012122019448515,0.6521308225966304,0.7582829155862864,0.5804347826086956,0.5662921348314607,0.4228187919463087,0.8571428571428571,0.5676855895196506,0.5395348837209303,0.39862542955326463,0.8345323741007195
66,no_pca,poly,0.001,scale,0.6578877005347593,0.6464004421721707,0.6210833775889538,0.6738692019590896,0.5347826086956522,0.5244444444444445,0.38943894389438943,0.8027210884353742,0.5524017467248908,0.5176470588235295,0.38461538461538464,0.7913669064748201
67,no_pca,poly,0.001,auto,0.6578877005347593,0.6464004421721707,0.6210833775889538,0.6738692019590896,0.5347826086956522,0.5244444444444445,0.38943894389438943,0.8027210884353742,0.5524017467248908,0.5176470588235295,0.38461538461538464,0.7913669064748201
68,no_pca,poly,0.001,0.001,0.6578877005347593,0.6464004421721707,0.6210833775889538,0.6738692019590896,0.5347826086956522,0.5244444444444445,0.38943894389438943,0.8027210884353742,0.5524017467248908,0.5176470588235295,0.38461538461538464,0.7913669064748201
69,no_pca,poly,0.001,0.01,0.6578877005347593,0.6464004421721707,0.6210833775889538,0.6738692019590896,0.5347826086956522,0.5244444444444445,0.38943894389438943,0.8027210884353742,0.5524017467248908,0.5176470588235295,0.38461538461538464,0.7913669064748201
70,no_pca,poly,0.001,0.1,0.6578877005347593,0.6464004421721707,0.6210833775889538,0.6738692019590896,0.5347826086956522,0.5244444444444445,0.38943894389438943,0.8027210884353742,0.5524017467248908,0.5176470588235295,0.38461538461538464,0.7913669064748201
71,no_pca,poly,0.001,1,0.6578877005347593,0.6464004421721707,0.6210833775889538,0.6738692019590896,0.5347826086956522,0.5244444444444445,0.38943894389438943,0.8027210884353742,0.5524017467248908,0.5176470588235295,0.38461538461538464,0.7913669064748201
72,no_pca,linear,20.0,scale,0.7671122994652406,0.7672989580550361,0.7153175591531756,0.8274272543935465,0.6260869565217392,0.6,0.4558303886925795,0.8775510204081632,0.6157205240174672,0.5849056603773585,0.43508771929824563,0.8920863309352518
73,no_pca,linear,20.0,auto,0.7671122994652406,0.7672989580550361,0.7153175591531756,0.8274272543935465,0.6260869565217392,0.6,0.4558303886925795,0.8775510204081632,0.6157205240174672,0.5849056603773585,0.43508771929824563,0.8920863309352518
74,no_pca,linear,20.0,0.001,0.7671122994652406,0.7672989580550361,0.7153175591531756,0.8274272543935465,0.6260869565217392,0.6,0.4558303886925795,0.8775510204081632,0.6157205240174672,0.5849056603773585,0.43508771929824563,0.8920863309352518
75,no_pca,linear,20.0,0.01,0.7671122994652406,0.7672989580550361,0.7153175591531756,0.8274272543935465,0.6260869565217392,0.6,0.4558303886925795,0.8775510204081632,0.6157205240174672,0.5849056603773585,0.43508771929824563,0.8920863309352518
76,no_pca,linear,20.0,0.1,0.7671122994652406,0.7672989580550361,0.7153175591531756,0.8274272543935465,0.6260869565217392,0.6,0.4558303886925795,0.8775510204081632,0.6157205240174672,0.5849056603773585,0.43508771929824563,0.8920863309352518
77,no_pca,linear,20.0,1,0.7671122994652406,0.7672989580550361,0.7153175591531756,0.8274272543935465,0.6260869565217392,0.6,0.4558303886925795,0.8775510204081632,0.6157205240174672,0.5849056603773585,0.43508771929824563,0.8920863309352518
78,no_pca,linear,10.0,scale,0.7462566844919786,0.7445491251682369,0.6986612781005305,0.7968885047536733,0.6065217391304348,0.580046403712297,0.44014084507042256,0.8503401360544217,0.5873362445414847,0.5552941176470588,0.4125874125874126,0.8489208633093526
79,no_pca,linear,10.0,auto,0.7462566844919786,0.7445491251682369,0.6986612781005305,0.7968885047536733,0.6065217391304348,0.580046403712297,0.44014084507042256,0.8503401360544217,0.5873362445414847,0.5552941176470588,0.4125874125874126,0.8489208633093526
80,no_pca,linear,10.0,0.001,0.7462566844919786,0.7445491251682369,0.6986612781005305,0.7968885047536733,0.6065217391304348,0.580046403712297,0.44014084507042256,0.8503401360544217,0.5873362445414847,0.5552941176470588,0.4125874125874126,0.8489208633093526
81,no_pca,linear,10.0,0.01,0.7462566844919786,0.7445491251682369,0.6986612781005305,0.7968885047536733,0.6065217391304348,0.580046403712297,0.44014084507042256,0.8503401360544217,0.5873362445414847,0.5552941176470588,0.4125874125874126,0.8489208633093526
82,no_pca,linear,10.0,0.1,0.7462566844919786,0.7445491251682369,0.6986612781005305,0.7968885047536733,0.6065217391304348,0.580046403712297,0.44014084507042256,0.8503401360544217,0.5873362445414847,0.5552941176470588,0.4125874125874126,0.8489208633093526
83,no_pca,linear,10.0,1,0.7462566844919786,0.7445491251682369,0.6986612781005305,0.7968885047536733,0.6065217391304348,0.580046403712297,0.44014084507042256,0.8503401360544217,0.5873362445414847,0.5552941176470588,0.4125874125874126,0.8489208633093526
84,no_pca,linear,1.0,scale,0.7106951871657754,0.7170502092050209,0.656451999042375,0.7899740708729472,0.5891304347826087,0.5771812080536913,0.43,0.8775510204081632,0.5524017467248908,0.5351473922902494,0.39072847682119205,0.8489208633093526
85,no_pca,linear,1.0,auto,0.7106951871657754,0.7170502092050209,0.656451999042375,0.7899740708729472,0.5891304347826087,0.5771812080536913,0.43,0.8775510204081632,0.5524017467248908,0.5351473922902494,0.39072847682119205,0.8489208633093526
86,no_pca,linear,1.0,0.001,0.7106951871657754,0.7170502092050209,0.656451999042375,0.7899740708729472,0.5891304347826087,0.5771812080536913,0.43,0.8775510204081632,0.5524017467248908,0.5351473922902494,0.39072847682119205,0.8489208633093526
87,no_pca,linear,1.0,0.01,0.7106951871657754,0.7170502092050209,0.656451999042375,0.7899740708729472,0.5891304347826087,0.5771812080536913,0.43,0.8775510204081632,0.5524017467248908,0.5351473922902494,0.39072847682119205,0.8489208633093526
88,no_pca,linear,1.0,0.1,0.7106951871657754,0.7170502092050209,0.656451999042375,0.7899740708729472,0.5891304347826087,0.5771812080536913,0.43,0.8775510204081632,0.5524017467248908,0.5351473922902494,0.39072847682119205,0.8489208633093526
89,no_pca,linear,1.0,1,0.7106951871657754,0.7170502092050209,0.656451999042375,0.7899740708729472,0.5891304347826087,0.5771812080536913,0.43,0.8775510204081632,0.5524017467248908,0.5351473922902494,0.39072847682119205,0.8489208633093526
90,no_pca,linear,0.1,scale,0.7068181818181818,0.7143415396639312,0.651925820256776,0.7899740708729472,0.5847826086956521,0.5746102449888641,0.4271523178807947,0.8775510204081632,0.5502183406113537,0.5339366515837104,0.38943894389438943,0.8489208633093526
91,no_pca,linear,0.1,auto,0.7068181818181818,0.7143415396639312,0.651925820256776,0.7899740708729472,0.5847826086956521,0.5746102449888641,0.4271523178807947,0.8775510204081632,0.5502183406113537,0.5339366515837104,0.38943894389438943,0.8489208633093526
92,no_pca,linear,0.1,0.001,0.7068181818181818,0.7143415396639312,0.651925820256776,0.7899740708729472,0.5847826086956521,0.5746102449888641,0.4271523178807947,0.8775510204081632,0.5502183406113537,0.5339366515837104,0.38943894389438943,0.8489208633093526
93,no_pca,linear,0.1,0.01,0.7068181818181818,0.7143415396639312,0.651925820256776,0.7899740708729472,0.5847826086956521,0.5746102449888641,0.4271523178807947,0.8775510204081632,0.5502183406113537,0.5339366515837104,0.38943894389438943,0.8489208633093526
94,no_pca,linear,0.1,0.1,0.7068181818181818,0.7143415396639312,0.651925820256776,0.7899740708729472,0.5847826086956521,0.5746102449888641,0.4271523178807947,0.8775510204081632,0.5502183406113537,0.5339366515837104,0.38943894389438943,0.8489208633093526
95,no_pca,linear,0.1,1,0.7068181818181818,0.7143415396639312,0.651925820256776,0.7899740708729472,0.5847826086956521,0.5746102449888641,0.4271523178807947,0.8775510204081632,0.5502183406113537,0.5339366515837104,0.38943894389438943,0.8489208633093526
96,no_pca,linear,0.01,scale,0.7044117647058824,0.7126705653021442,0.6491477272727273,0.7899740708729472,0.5826086956521739,0.5733333333333334,0.42574257425742573,0.8775510204081632,0.5458515283842795,0.5315315315315315,0.38688524590163936,0.8489208633093526
97,no_pca,linear,0.01,auto,0.7044117647058824,0.7126705653021442,0.6491477272727273,0.7899740708729472,0.5826086956521739,0.5733333333333334,0.42574257425742573,0.8775510204081632,0.5458515283842795,0.5315315315315315,0.38688524590163936,0.8489208633093526
98,no_pca,linear,0.01,0.001,0.7044117647058824,0.7126705653021442,0.6491477272727273,0.7899740708729472,0.5826086956521739,0.5733333333333334,0.42574257425742573,0.8775510204081632,0.5458515283842795,0.5315315315315315,0.38688524590163936,0.8489208633093526
99,no_pca,linear,0.01,0.01,0.7044117647058824,0.7126705653021442,0.6491477272727273,0.7899740708729472,0.5826086956521739,0.5733333333333334,0.42574257425742573,0.8775510204081632,0.5458515283842795,0.5315315315315315,0.38688524590163936,0.8489208633093526
100,no_pca,linear,0.01,0.1,0.7044117647058824,0.7126705653021442,0.6491477272727273,0.7899740708729472,0.5826086956521739,0.5733333333333334,0.42574257425742573,0.8775510204081632,0.5458515283842795,0.5315315315315315,0.38688524590163936,0.8489208633093526
101,no_pca,linear,0.01,1,0.7044117647058824,0.7126705653021442,0.6491477272727273,0.7899740708729472,0.5826086956521739,0.5733333333333334,0.42574257425742573,0.8775510204081632,0.5458515283842795,0.5315315315315315,0.38688524590163936,0.8489208633093526
102,no_pca,linear,0.001,scale,0.6625668449197861,0.7048643592142189,0.5931903168667585,0.8683376548545088,0.5217391304347826,0.5491803278688525,0.39296187683284456,0.9115646258503401,0.5262008733624454,0.5431578947368421,0.38392857142857145,0.9280575539568345
103,no_pca,linear,0.001,auto,0.6625668449197861,0.7048643592142189,0.5931903168667585,0.8683376548545088,0.5217391304347826,0.5491803278688525,0.39296187683284456,0.9115646258503401,0.5262008733624454,0.5431578947368421,0.38392857142857145,0.9280575539568345
104,no_pca,linear,0.001,0.001,0.6625668449197861,0.7048643592142189,0.5931903168667585,0.8683376548545088,0.5217391304347826,0.5491803278688525,0.39296187683284456,0.9115646258503401,0.5262008733624454,0.5431578947368421,0.38392857142857145,0.9280575539568345
105,no_pca,linear,0.001,0.01,0.6625668449197861,0.7048643592142189,0.5931903168667585,0.8683376548545088,0.5217391304347826,0.5491803278688525,0.39296187683284456,0.9115646258503401,0.5262008733624454,0.5431578947368421,0.38392857142857145,0.9280575539568345
106,no_pca,linear,0.001,0.1,0.6625668449197861,0.7048643592142189,0.5931903168667585,0.8683376548545088,0.5217391304347826,0.5491803278688525,0.39296187683284456,0.9115646258503401,0.5262008733624454,0.5431578947368421,0.38392857142857145,0.9280575539568345
107,no_pca,linear,0.001,1,0.6625668449197861,0.7048643592142189,0.5931903168667585,0.8683376548545088,0.5217391304347826,0.5491803278688525,0.39296187683284456,0.9115646258503401,0.5262008733624454,0.5431578947368421,0.38392857142857145,0.9280575539568345
108,no_pca,sigmoid,20.0,scale,0.6649732620320855,0.7055229142185664,0.5957531256201627,0.8648804379141458,0.49782608695652175,0.5407554671968191,0.38202247191011235,0.9251700680272109,0.5109170305676856,0.5274261603375527,0.373134328358209,0.8992805755395683
109,no_pca,sigmoid,20.0,auto,0.6649732620320855,0.7055229142185664,0.5957531256201627,0.8648804379141458,0.49782608695652175,0.5407554671968191,0.38202247191011235,0.9251700680272109,0.5109170305676856,0.5274261603375527,0.373134328358209,0.8992805755395683
110,no_pca,sigmoid,20.0,0.001,0.6649732620320855,0.7055229142185664,0.5957531256201627,0.8648804379141458,0.49782608695652175,0.5407554671968191,0.38202247191011235,0.9251700680272109,0.5109170305676856,0.5274261603375527,0.373134328358209,0.8992805755395683
111,no_pca,sigmoid,20.0,0.01,0.6649732620320855,0.7055229142185664,0.5957531256201627,0.8648804379141458,0.49782608695652175,0.5407554671968191,0.38202247191011235,0.9251700680272109,0.5109170305676856,0.5274261603375527,0.373134328358209,0.8992805755395683
112,no_pca,sigmoid,20.0,0.1,0.6649732620320855,0.7055229142185664,0.5957531256201627,0.8648804379141458,0.49782608695652175,0.5407554671968191,0.38202247191011235,0.9251700680272109,0.5109170305676856,0.5274261603375527,0.373134328358209,0.8992805755395683
113,no_pca,sigmoid,20.0,1,0.6649732620320855,0.7055229142185664,0.5957531256201627,0.8648804379141458,0.49782608695652175,0.5407554671968191,0.38202247191011235,0.9251700680272109,0.5109170305676856,0.5274261603375527,0.373134328358209,0.8992805755395683
114,no_pca,sigmoid,10.0,scale,0.6469251336898396,0.6946467799745636,0.5801467748165314,0.8654566407375396,0.48695652173913045,0.5372549019607843,0.3774104683195592,0.9319727891156463,0.49563318777292575,0.5237113402061856,0.3670520231213873,0.9136690647482014
115,no_pca,sigmoid,10.0,auto,0.6469251336898396,0.6946467799745636,0.5801467748165314,0.8654566407375396,0.48695652173913045,0.5372549019607843,0.3774104683195592,0.9319727891156463,0.49563318777292575,0.5237113402061856,0.3670520231213873,0.9136690647482014
116,no_pca,sigmoid,10.0,0.001,0.6469251336898396,0.6946467799745636,0.5801467748165314,0.8654566407375396,0.48695652173913045,0.5372549019607843,0.3774104683195592,0.9319727891156463,0.49563318777292575,0.5237113402061856,0.3670520231213873,0.9136690647482014
117,no_pca,sigmoid,10.0,0.01,0.6469251336898396,0.6946467799745636,0.5801467748165314,0.8654566407375396,0.48695652173913045,0.5372549019607843,0.3774104683195592,0.9319727891156463,0.49563318777292575,0.5237113402061856,0.3670520231213873,0.9136690647482014
118,no_pca,sigmoid,10.0,0.1,0.6469251336898396,0.6946467799745636,0.5801467748165314,0.8654566407375396,0.48695652173913045,0.5372549019607843,0.3774104683195592,0.9319727891156463,0.49563318777292575,0.5237113402061856,0.3670520231213873,0.9136690647482014
119,no_pca,sigmoid,10.0,1,0.6469251336898396,0.6946467799745636,0.5801467748165314,0.8654566407375396,0.48695652173913045,0.5372549019607843,0.3774104683195592,0.9319727891156463,0.49563318777292575,0.5237113402061856,0.3670520231213873,0.9136690647482014
120,no_pca,sigmoid,1.0,scale,0.6326203208556149,0.6885766092475069,0.5675322249206053,0.8752520887352349,0.48043478260869565,0.5341130604288499,0.3743169398907104,0.9319727891156463,0.4868995633187773,0.5252525252525253,0.3651685393258427,0.935251798561151
121,no_pca,sigmoid,1.0,auto,0.6326203208556149,0.6885766092475069,0.5675322249206053,0.8752520887352349,0.48043478260869565,0.5341130604288499,0.3743169398907104,0.9319727891156463,0.4868995633187773,0.5252525252525253,0.3651685393258427,0.935251798561151
122,no_pca,sigmoid,1.0,0.001,0.6326203208556149,0.6885766092475069,0.5675322249206053,0.8752520887352349,0.48043478260869565,0.5341130604288499,0.3743169398907104,0.9319727891156463,0.4868995633187773,0.5252525252525253,0.3651685393258427,0.935251798561151
123,no_pca,sigmoid,1.0,0.01,0.6326203208556149,0.6885766092475069,0.5675322249206053,0.8752520887352349,0.48043478260869565,0.5341130604288499,0.3743169398907104,0.9319727891156463,0.4868995633187773,0.5252525252525253,0.3651685393258427,0.935251798561151
124,no_pca,sigmoid,1.0,0.1,0.6326203208556149,0.6885766092475069,0.5675322249206053,0.8752520887352349,0.48043478260869565,0.5341130604288499,0.3743169398907104,0.9319727891156463,0.4868995633187773,0.5252525252525253,0.3651685393258427,0.935251798561151
125,no_pca,sigmoid,1.0,1,0.6326203208556149,0.6885766092475069,0.5675322249206053,0.8752520887352349,0.48043478260869565,0.5341130604288499,0.3743169398907104,0.9319727891156463,0.4868995633187773,0.5252525252525253,0.3651685393258427,0.935251798561151
126,no_pca,sigmoid,0.1,scale,0.6540106951871658,0.6948832822447536,0.5881061664338455,0.8490348602708153,0.5130434782608696,0.5465587044534413,0.38904899135446686,0.9183673469387755,0.5152838427947598,0.5336134453781513,0.3768545994065282,0.9136690647482014
127,no_pca,sigmoid,0.1,auto,0.6540106951871658,0.6948832822447536,0.5881061664338455,0.8490348602708153,0.5130434782608696,0.5465587044534413,0.38904899135446686,0.9183673469387755,0.5152838427947598,0.5336134453781513,0.3768545994065282,0.9136690647482014
128,no_pca,sigmoid,0.1,0.001,0.6540106951871658,0.6948832822447536,0.5881061664338455,0.8490348602708153,0.5130434782608696,0.5465587044534413,0.38904899135446686,0.9183673469387755,0.5152838427947598,0.5336134453781513,0.3768545994065282,0.9136690647482014
129,no_pca,sigmoid,0.1,0.01,0.6540106951871658,0.6948832822447536,0.5881061664338455,0.8490348602708153,0.5130434782608696,0.5465587044534413,0.38904899135446686,0.9183673469387755,0.5152838427947598,0.5336134453781513,0.3768545994065282,0.9136690647482014
130,no_pca,sigmoid,0.1,0.1,0.6540106951871658,0.6948832822447536,0.5881061664338455,0.8490348602708153,0.5130434782608696,0.5465587044534413,0.38904899135446686,0.9183673469387755,0.5152838427947598,0.5336134453781513,0.3768545994065282,0.9136690647482014
131,no_pca,sigmoid,0.1,1,0.6540106951871658,0.6948832822447536,0.5881061664338455,0.8490348602708153,0.5130434782608696,0.5465587044534413,0.38904899135446686,0.9183673469387755,0.5152838427947598,0.5336134453781513,0.3768545994065282,0.9136690647482014
132,no_pca,sigmoid,0.01,scale,0.6474598930481283,0.6977650429799427,0.5793681004948611,0.8769806972054163,0.5108695652173914,0.5436105476673428,0.3872832369942196,0.9115646258503401,0.5109170305676856,0.5352697095435685,0.3760932944606414,0.9280575539568345
133,no_pca,sigmoid,0.01,auto,0.6474598930481283,0.6977650429799427,0.5793681004948611,0.8769806972054163,0.5108695652173914,0.5436105476673428,0.3872832369942196,0.9115646258503401,0.5109170305676856,0.5352697095435685,0.3760932944606414,0.9280575539568345
134,no_pca,sigmoid,0.01,0.001,0.6474598930481283,0.6977650429799427,0.5793681004948611,0.8769806972054163,0.5108695652173914,0.5436105476673428,0.3872832369942196,0.9115646258503401,0.5109170305676856,0.5352697095435685,0.3760932944606414,0.9280575539568345
135,no_pca,sigmoid,0.01,0.01,0.6474598930481283,0.6977650429799427,0.5793681004948611,0.8769806972054163,0.5108695652173914,0.5436105476673428,0.3872832369942196,0.9115646258503401,0.5109170305676856,0.5352697095435685,0.3760932944606414,0.9280575539568345
136,no_pca,sigmoid,0.01,0.1,0.6474598930481283,0.6977650429799427,0.5793681004948611,0.8769806972054163,0.5108695652173914,0.5436105476673428,0.3872832369942196,0.9115646258503401,0.5109170305676856,0.5352697095435685,0.3760932944606414,0.9280575539568345
137,no_pca,sigmoid,0.01,1,0.6474598930481283,0.6977650429799427,0.5793681004948611,0.8769806972054163,0.5108695652173914,0.5436105476673428,0.3872832369942196,0.9115646258503401,0.5109170305676856,0.5352697095435685,0.3760932944606414,0.9280575539568345
138,no_pca,sigmoid,0.001,scale,0.5516042780748663,0.6374054054054054,0.5101228586260599,0.8493229616825122,0.41739130434782606,0.5109489051094891,0.3491271820448878,0.9523809523809523,0.4104803493449782,0.47674418604651164,0.32625994694960214,0.8848920863309353
139,no_pca,sigmoid,0.001,auto,0.5516042780748663,0.6374054054054054,0.5101228586260599,0.8493229616825122,0.41739130434782606,0.5109489051094891,0.3491271820448878,0.9523809523809523,0.4104803493449782,0.47674418604651164,0.32625994694960214,0.8848920863309353
140,no_pca,sigmoid,0.001,0.001,0.5516042780748663,0.6374054054054054,0.5101228586260599,0.8493229616825122,0.41739130434782606,0.5109489051094891,0.3491271820448878,0.9523809523809523,0.4104803493449782,0.47674418604651164,0.32625994694960214,0.8848920863309353
141,no_pca,sigmoid,0.001,0.01,0.5516042780748663,0.6374054054054054,0.5101228586260599,0.8493229616825122,0.41739130434782606,0.5109489051094891,0.3491271820448878,0.9523809523809523,0.4104803493449782,0.47674418604651164,0.32625994694960214,0.8848920863309353
142,no_pca,sigmoid,0.001,0.1,0.5516042780748663,0.6374054054054054,0.5101228586260599,0.8493229616825122,0.41739130434782606,0.5109489051094891,0.3491271820448878,0.9523809523809523,0.4104803493449782,0.47674418604651164,0.32625994694960214,0.8848920863309353
143,no_pca,sigmoid,0.001,1,0.5516042780748663,0.6374054054054054,0.5101228586260599,0.8493229616825122,0.41739130434782606,0.5109489051094891,0.3491271820448878,0.9523809523809523,0.4104803493449782,0.47674418604651164,0.32625994694960214,0.8848920863309353
144,0.95,rbf,20.0,scale,0.7131016042780749,0.7187418086500655,0.659293099302717,0.7899740708729472,0.5869565217391305,0.5758928571428571,0.42857142857142855,0.8775510204081632,0.5567685589519651,0.5375854214123007,0.3933333333333333,0.8489208633093526
145,0.95,rbf,20.0,auto,0.7155080213903743,0.7202944269190326,0.6623156876963984,0.7893978680495535,0.5869565217391305,0.5739910313901345,0.4280936454849498,0.8707482993197279,0.5567685589519651,0.5375854214123007,0.3933333333333333,0.8489208633093526
146,0.95,rbf,20.0,0.001,0.6794117647058824,0.6946778711484594,0.622404745608031,0.7859406511091904,0.5760869565217391,0.5695364238410596,0.4215686274509804,0.8775510204081632,0.5698689956331878,0.5592841163310962,0.40584415584415584,0.8992805755395683
147,0.95,rbf,20.0,0.01,0.6794117647058824,0.6946778711484594,0.622404745608031,0.7859406511091904,0.5760869565217391,0.5695364238410596,0.4215686274509804,0.8775510204081632,0.5698689956331878,0.5592841163310962,0.40584415584415584,0.8992805755395683
148,0.95,rbf,20.0,0.1,0.6794117647058824,0.6946778711484594,0.622404745608031,0.7859406511091904,0.5760869565217391,0.5695364238410596,0.4215686274509804,0.8775510204081632,0.5698689956331878,0.5592841163310962,0.40584415584415584,0.8992805755395683
149,0.95,rbf,20.0,1,0.6794117647058824,0.6946778711484594,0.622404745608031,0.7859406511091904,0.5760869565217391,0.5695364238410596,0.4215686274509804,0.8775510204081632,0.5698689956331878,0.5592841163310962,0.40584415584415584,0.8992805755395683
150,0.95,rbf,10.0,scale,0.6871657754010695,0.6968911917098446,0.6330901388562015,0.7749927974647076,0.5717391304347826,0.565121412803532,0.41830065359477125,0.8707482993197279,0.5633187772925764,0.5391705069124424,0.39661016949152544,0.841726618705036
151,0.95,rbf,10.0,auto,0.6871657754010695,0.6968911917098446,0.6330901388562015,0.7749927974647076,0.5717391304347826,0.565121412803532,0.41830065359477125,0.8707482993197279,0.5633187772925764,0.5391705069124424,0.39661016949152544,0.841726618705036
152,0.95,rbf,10.0,0.001,0.6871657754010695,0.6968911917098446,0.6330901388562015,0.7749927974647076,0.5717391304347826,0.565121412803532,0.41830065359477125,0.8707482993197279,0.5633187772925764,0.5391705069124424,0.39661016949152544,0.841726618705036
153,0.95,rbf,10.0,0.01,0.6871657754010695,0.6968911917098446,0.6330901388562015,0.7749927974647076,0.5717391304347826,0.565121412803532,0.41830065359477125,0.8707482993197279,0.5633187772925764,0.5391705069124424,0.39661016949152544,0.841726618705036
154,0.95,rbf,10.0,0.1,0.6871657754010695,0.6968911917098446,0.6330901388562015,0.7749927974647076,0.5717391304347826,0.565121412803532,0.41830065359477125,0.8707482993197279,0.5633187772925764,0.5391705069124424,0.39661016949152544,0.841726618705036
155,0.95,rbf,10.0,1,0.6871657754010695,0.6968911917098446,0.6330901388562015,0.7749927974647076,0.5717391304347826,0.565121412803532,0.41830065359477125,0.8707482993197279,0.5633187772925764,0.5391705069124424,0.39661016949152544,0.841726618705036
156,0.95,rbf,1.0,scale,0.6688502673796791,0.6763360773552856,0.6188426590148255,0.745606453471622,0.5630434782608695,0.5562913907284768,0.4117647058823529,0.8571428571428571,0.5502183406113537,0.5296803652968036,0.3879598662207358,0.8345323741007195
157,0.95,rbf,1.0,auto,0.6688502673796791,0.6763360773552856,0.6188426590148255,0.745606453471622,0.5630434782608695,0.5562913907284768,0.4117647058823529,0.8571428571428571,0.5502183406113537,0.5296803652968036,0.3879598662207358,0.8345323741007195
158,0.95,rbf,1.0,0.001,0.6688502673796791,0.6763360773552856,0.6188426590148255,0.745606453471622,0.5630434782608695,0.5562913907284768,0.4117647058823529,0.8571428571428571,0.5502183406113537,0.5296803652968036,0.3879598662207358,0.8345323741007195
159,0.95,rbf,1.0,0.01,0.6688502673796791,0.6763360773552856,0.6188426590148255,0.745606453471622,0.5630434782608695,0.5562913907284768,0.4117647058823529,0.8571428571428571,0.5502183406113537,0.5296803652968036,0.3879598662207358,0.8345323741007195
160,0.95,rbf,1.0,0.1,0.6688502673796791,0.6763360773552856,0.6188426590148255,0.745606453471622,0.5630434782608695,0.5562913907284768,0.4117647058823529,0.8571428571428571,0.5502183406113537,0.5296803652968036,0.3879598662207358,0.8345323741007195
161,0.95,rbf,1.0,1,0.6688502673796791,0.6763360773552856,0.6188426590148255,0.745606453471622,0.5630434782608695,0.5562913907284768,0.4117647058823529,0.8571428571428571,0.5502183406113537,0.5296803652968036,0.3879598662207358,0.8345323741007195
162,0.95,rbf,0.1,scale,0.6482620320855615,0.6154071042245286,0.6246290801186943,0.6064534716220109,0.5543478260869565,0.5265588914549654,0.3986013986013986,0.7755102040816326,0.5633187772925764,0.5192307692307693,0.3898916967509025,0.7769784172661871
163,0.95,rbf,0.1,auto,0.6482620320855615,0.6154071042245286,0.6246290801186943,0.6064534716220109,0.5543478260869565,0.5265588914549654,0.3986013986013986,0.7755102040816326,0.5633187772925764,0.5192307692307693,0.3898916967509025,0.7769784172661871
164,0.95,rbf,0.1,0.001,0.6482620320855615,0.6154071042245286,0.6246290801186943,0.6064534716220109,0.5543478260869565,0.5265588914549654,0.3986013986013986,0.7755102040816326,0.5633187772925764,0.5192307692307693,0.3898916967509025,0.7769784172661871
165,0.95,rbf,0.1,0.01,0.6482620320855615,0.6154071042245286,0.6246290801186943,0.6064534716220109,0.5543478260869565,0.5265588914549654,0.3986013986013986,0.7755102040816326,0.5633187772925764,0.5192307692307693,0.3898916967509025,0.7769784172661871
166,0.95,rbf,0.1,0.1,0.6482620320855615,0.6154071042245286,0.6246290801186943,0.6064534716220109,0.5543478260869565,0.5265588914549654,0.3986013986013986,0.7755102040816326,0.5633187772925764,0.5192307692307693,0.3898916967509025,0.7769784172661871
167,0.95,rbf,0.1,1,0.6482620320855615,0.6154071042245286,0.6246290801186943,0.6064534716220109,0.5543478260869565,0.5265588914549654,0.3986013986013986,0.7755102040816326,0.5633187772925764,0.5192307692307693,0.3898916967509025,0.7769784172661871
168,0.95,rbf,0.01,scale,0.6482620320855615,0.6154071042245286,0.6246290801186943,0.6064534716220109,0.5543478260869565,0.5265588914549654,0.3986013986013986,0.7755102040816326,0.5633187772925764,0.5192307692307693,0.3898916967509025,0.7769784172661871
169,0.95,rbf,0.01,auto,0.6482620320855615,0.6154071042245286,0.6246290801186943,0.6064534716220109,0.5543478260869565,0.5265588914549654,0.3986013986013986,0.7755102040816326,0.5633187772925764,0.5192307692307693,0.3898916967509025,0.7769784172661871
170,0.95,rbf,0.01,0.001,0.6482620320855615,0.6154071042245286,0.6246290801186943,0.6064534716220109,0.5543478260869565,0.5265588914549654,0.3986013986013986,0.7755102040816326,0.5633187772925764,0.5192307692307693,0.3898916967509025,0.7769784172661871
171,0.95,rbf,0.01,0.01,0.6482620320855615,0.6154071042245286,0.6246290801186943,0.6064534716220109,0.5543478260869565,0.5265588914549654,0.3986013986013986,0.7755102040816326,0.5633187772925764,0.5192307692307693,0.3898916967509025,0.7769784172661871
172,0.95,rbf,0.01,0.1,0.6482620320855615,0.6154071042245286,0.6246290801186943,0.6064534716220109,0.5543478260869565,0.5265588914549654,0.3986013986013986,0.7755102040816326,0.5633187772925764,0.5192307692307693,0.3898916967509025,0.7769784172661871
173,0.95,rbf,0.01,1,0.6482620320855615,0.6154071042245286,0.6246290801186943,0.6064534716220109,0.5543478260869565,0.5265588914549654,0.3986013986013986,0.7755102040816326,0.5633187772925764,0.5192307692307693,0.3898916967509025,0.7769784172661871
174,0.95,rbf,0.001,scale,0.6482620320855615,0.6154071042245286,0.6246290801186943,0.6064534716220109,0.5543478260869565,0.5265588914549654,0.3986013986013986,0.7755102040816326,0.5633187772925764,0.5192307692307693,0.3898916967509025,0.7769784172661871
175,0.95,rbf,0.001,auto,0.6482620320855615,0.6154071042245286,0.6246290801186943,0.6064534716220109,0.5543478260869565,0.5265588914549654,0.3986013986013986,0.7755102040816326,0.5633187772925764,0.5192307692307693,0.3898916967509025,0.7769784172661871
176,0.95,rbf,0.001,0.001,0.6482620320855615,0.6154071042245286,0.6246290801186943,0.6064534716220109,0.5543478260869565,0.5265588914549654,0.3986013986013986,0.7755102040816326,0.5633187772925764,0.5192307692307693,0.3898916967509025,0.7769784172661871
177,0.95,rbf,0.001,0.01,0.6482620320855615,0.6154071042245286,0.6246290801186943,0.6064534716220109,0.5543478260869565,0.5265588914549654,0.3986013986013986,0.7755102040816326,0.5633187772925764,0.5192307692307693,0.3898916967509025,0.7769784172661871
178,0.95,rbf,0.001,0.1,0.6482620320855615,0.6154071042245286,0.6246290801186943,0.6064534716220109,0.5543478260869565,0.5265588914549654,0.3986013986013986,0.7755102040816326,0.5633187772925764,0.5192307692307693,0.3898916967509025,0.7769784172661871
179,0.95,rbf,0.001,1,0.6482620320855615,0.6154071042245286,0.6246290801186943,0.6064534716220109,0.5543478260869565,0.5265588914549654,0.3986013986013986,0.7755102040816326,0.5633187772925764,0.5192307692307693,0.3898916967509025,0.7769784172661871
180,0.95,poly,20.0,scale,0.6584224598930482,0.6529004211384323,0.6177377892030849,0.6923076923076923,0.5304347826086957,0.5221238938053098,0.38688524590163936,0.8027210884353742,0.5458515283842795,0.5162790697674419,0.38144329896907214,0.7985611510791367
181,0.95,poly,20.0,auto,0.6584224598930482,0.6529004211384323,0.6177377892030849,0.6923076923076923,0.5304347826086957,0.5221238938053098,0.38688524590163936,0.8027210884353742,0.5458515283842795,0.5162790697674419,0.38144329896907214,0.7985611510791367
182,0.95,poly,20.0,0.001,0.6584224598930482,0.6529004211384323,0.6177377892030849,0.6923076923076923,0.5304347826086957,0.5221238938053098,0.38688524590163936,0.8027210884353742,0.5458515283842795,0.5162790697674419,0.38144329896907214,0.7985611510791367
183,0.95,poly,20.0,0.01,0.6584224598930482,0.6529004211384323,0.6177377892030849,0.6923076923076923,0.5304347826086957,0.5221238938053098,0.38688524590163936,0.8027210884353742,0.5458515283842795,0.5162790697674419,0.38144329896907214,0.7985611510791367
184,0.95,poly,20.0,0.1,0.6584224598930482,0.6529004211384323,0.6177377892030849,0.6923076923076923,0.5304347826086957,0.5221238938053098,0.38688524590163936,0.8027210884353742,0.5458515283842795,0.5162790697674419,0.38144329896907214,0.7985611510791367
185,0.95,poly,20.0,1,0.6584224598930482,0.6529004211384323,0.6177377892030849,0.6923076923076923,0.5304347826086957,0.5221238938053098,0.38688524590163936,0.8027210884353742,0.5458515283842795,0.5162790697674419,0.38144329896907214,0.7985611510791367
186,0.95,poly,10.0,scale,0.6585561497326203,0.6529891304347826,0.6178966315248136,0.6923076923076923,0.5304347826086957,0.5221238938053098,0.38688524590163936,0.8027210884353742,0.5458515283842795,0.5162790697674419,0.38144329896907214,0.7985611510791367
187,0.95,poly,10.0,auto,0.6585561497326203,0.6529891304347826,0.6178966315248136,0.6923076923076923,0.5304347826086957,0.5221238938053098,0.38688524590163936,0.8027210884353742,0.5458515283842795,0.5162790697674419,0.38144329896907214,0.7985611510791367
188,0.95,poly,10.0,0.001,0.6585561497326203,0.6529891304347826,0.6178966315248136,0.6923076923076923,0.5304347826086957,0.5221238938053098,0.38688524590163936,0.8027210884353742,0.5458515283842795,0.5162790697674419,0.38144329896907214,0.7985611510791367
189,0.95,poly,10.0,0.01,0.6585561497326203,0.6529891304347826,0.6178966315248136,0.6923076923076923,0.5304347826086957,0.5221238938053098,0.38688524590163936,0.8027210884353742,0.5458515283842795,0.5162790697674419,0.38144329896907214,0.7985611510791367
190,0.95,poly,10.0,0.1,0.6585561497326203,0.6529891304347826,0.6178966315248136,0.6923076923076923,0.5304347826086957,0.5221238938053098,0.38688524590163936,0.8027210884353742,0.5458515283842795,0.5162790697674419,0.38144329896907214,0.7985611510791367
191,0.95,poly,10.0,1,0.6585561497326203,0.6529891304347826,0.6178966315248136,0.6923076923076923,0.5304347826086957,0.5221238938053098,0.38688524590163936,0.8027210884353742,0.5458515283842795,0.5162790697674419,0.38144329896907214,0.7985611510791367
192,0.95,poly,1.0,scale,0.6459893048128342,0.624503686897334,0.6149120357442055,0.634399308556612,0.5413043478260869,0.5279642058165548,0.3933333333333333,0.8027210884353742,0.5589519650655022,0.5213270142180095,0.38869257950530034,0.7913669064748201
193,0.95,poly,1.0,auto,0.6459893048128342,0.624503686897334,0.6149120357442055,0.634399308556612,0.5413043478260869,0.5279642058165548,0.3933333333333333,0.8027210884353742,0.5589519650655022,0.5213270142180095,0.38869257950530034,0.7913669064748201
194,0.95,poly,1.0,0.001,0.6459893048128342,0.624503686897334,0.6149120357442055,0.634399308556612,0.5413043478260869,0.5279642058165548,0.3933333333333333,0.8027210884353742,0.5589519650655022,0.5213270142180095,0.38869257950530034,0.7913669064748201
195,0.95,poly,1.0,0.01,0.6459893048128342,0.624503686897334,0.6149120357442055,0.634399308556612,0.5413043478260869,0.5279642058165548,0.3933333333333333,0.8027210884353742,0.5589519650655022,0.5213270142180095,0.38869257950530034,0.7913669064748201
196,0.95,poly,1.0,0.1,0.6459893048128342,0.624503686897334,0.6149120357442055,0.634399308556612,0.5413043478260869,0.5279642058165548,0.3933333333333333,0.8027210884353742,0.5589519650655022,0.5213270142180095,0.38869257950530034,0.7913669064748201
197,0.95,poly,1.0,1,0.6459893048128342,0.624503686897334,0.6149120357442055,0.634399308556612,0.5413043478260869,0.5279642058165548,0.3933333333333333,0.8027210884353742,0.5589519650655022,0.5213270142180095,0.38869257950530034,0.7913669064748201
198,0.95,poly,0.1,scale,0.633288770053476,0.6330434782608696,0.5909090909090909,0.6816479400749064,0.5173913043478261,0.5152838427947598,0.37942122186495175,0.8027210884353742,0.5240174672489083,0.5045454545454545,0.3687707641196013,0.7985611510791367
199,0.95,poly,0.1,auto,0.633288770053476,0.6330434782608696,0.5909090909090909,0.6816479400749064,0.5173913043478261,0.5152838427947598,0.37942122186495175,0.8027210884353742,0.5240174672489083,0.5045454545454545,0.3687707641196013,0.7985611510791367
200,0.95,poly,0.1,0.001,0.633288770053476,0.6330434782608696,0.5909090909090909,0.6816479400749064,0.5173913043478261,0.5152838427947598,0.37942122186495175,0.8027210884353742,0.5240174672489083,0.5045454545454545,0.3687707641196013,0.7985611510791367
201,0.95,poly,0.1,0.01,0.633288770053476,0.6330434782608696,0.5909090909090909,0.6816479400749064,0.5173913043478261,0.5152838427947598,0.37942122186495175,0.8027210884353742,0.5240174672489083,0.5045454545454545,0.3687707641196013,0.7985611510791367
202,0.95,poly,0.1,0.1,0.633288770053476,0.6330434782608696,0.5909090909090909,0.6816479400749064,0.5173913043478261,0.5152838427947598,0.37942122186495175,0.8027210884353742,0.5240174672489083,0.5045454545454545,0.3687707641196013,0.7985611510791367
203,0.95,poly,0.1,1,0.633288770053476,0.6330434782608696,0.5909090909090909,0.6816479400749064,0.5173913043478261,0.5152838427947598,0.37942122186495175,0.8027210884353742,0.5240174672489083,0.5045454545454545,0.3687707641196013,0.7985611510791367
204,0.95,poly,0.01,scale,0.6248663101604278,0.6461538461538462,0.5745682888540031,0.7381158167675022,0.4956521739130435,0.5084745762711864,0.36923076923076925,0.8163265306122449,0.49344978165938863,0.49344978165938863,0.3542319749216301,0.8129496402877698
205,0.95,poly,0.01,auto,0.6248663101604278,0.6461538461538462,0.5745682888540031,0.7381158167675022,0.4956521739130435,0.5084745762711864,0.36923076923076925,0.8163265306122449,0.49344978165938863,0.49344978165938863,0.3542319749216301,0.8129496402877698
206,0.95,poly,0.01,0.001,0.6248663101604278,0.6461538461538462,0.5745682888540031,0.7381158167675022,0.4956521739130435,0.5084745762711864,0.36923076923076925,0.8163265306122449,0.49344978165938863,0.49344978165938863,0.3542319749216301,0.8129496402877698
207,0.95,poly,0.01,0.01,0.6248663101604278,0.6461538461538462,0.5745682888540031,0.7381158167675022,0.4956521739130435,0.5084745762711864,0.36923076923076925,0.8163265306122449,0.49344978165938863,0.49344978165938863,0.3542319749216301,0.8129496402877698
208,0.95,poly,0.01,0.1,0.6248663101604278,0.6461538461538462,0.5745682888540031,0.7381158167675022,0.4956521739130435,0.5084745762711864,0.36923076923076925,0.8163265306122449,0.49344978165938863,0.49344978165938863,0.3542319749216301,0.8129496402877698
209,0.95,poly,0.01,1,0.6248663101604278,0.6461538461538462,0.5745682888540031,0.7381158167675022,0.4956521739130435,0.5084745762711864,0.36923076923076925,0.8163265306122449,0.49344978165938863,0.49344978165938863,0.3542319749216301,0.8129496402877698
210,0.95,poly,0.001,scale,0.645855614973262,0.6577961503681695,0.5962529274004684,0.7335061941803515,0.508695652173913,0.5129310344827587,0.3753943217665615,0.8095238095238095,0.5152838427947598,0.5022421524663677,0.36482084690553745,0.8057553956834532
211,0.95,poly,0.001,auto,0.645855614973262,0.6577961503681695,0.5962529274004684,0.7335061941803515,0.508695652173913,0.5129310344827587,0.3753943217665615,0.8095238095238095,0.5152838427947598,0.5022421524663677,0.36482084690553745,0.8057553956834532
212,0.95,poly,0.001,0.001,0.645855614973262,0.6577961503681695,0.5962529274004684,0.7335061941803515,0.508695652173913,0.5129310344827587,0.3753943217665615,0.8095238095238095,0.5152838427947598,0.5022421524663677,0.36482084690553745,0.8057553956834532
213,0.95,poly,0.001,0.01,0.645855614973262,0.6577961503681695,0.5962529274004684,0.7335061941803515,0.508695652173913,0.5129310344827587,0.3753943217665615,0.8095238095238095,0.5152838427947598,0.5022421524663677,0.36482084690553745,0.8057553956834532
214,0.95,poly,0.001,0.1,0.645855614973262,0.6577961503681695,0.5962529274004684,0.7335061941803515,0.508695652173913,0.5129310344827587,0.3753943217665615,0.8095238095238095,0.5152838427947598,0.5022421524663677,0.36482084690553745,0.8057553956834532
215,0.95,poly,0.001,1,0.645855614973262,0.6577961503681695,0.5962529274004684,0.7335061941803515,0.508695652173913,0.5129310344827587,0.3753943217665615,0.8095238095238095,0.5152838427947598,0.5022421524663677,0.36482084690553745,0.8057553956834532
216,0.95,linear,20.0,scale,0.6442513368983958,0.6234611574925711,0.6126251390433816,0.6346874099683089,0.5391304347826087,0.5267857142857143,0.3920265780730897,0.8027210884353742,0.5545851528384279,0.5188679245283019,0.38596491228070173,0.7913669064748201
217,0.95,linear,20.0,auto,0.6442513368983958,0.6234611574925711,0.6126251390433816,0.6346874099683089,0.5391304347826087,0.5267857142857143,0.3920265780730897,0.8027210884353742,0.5545851528384279,0.5188679245283019,0.38596491228070173,0.7913669064748201
218,0.95,linear,20.0,0.001,0.6442513368983958,0.6234611574925711,0.6126251390433816,0.6346874099683089,0.5391304347826087,0.5267857142857143,0.3920265780730897,0.8027210884353742,0.5545851528384279,0.5188679245283019,0.38596491228070173,0.7913669064748201
219,0.95,linear,20.0,0.01,0.6442513368983958,0.6234611574925711,0.6126251390433816,0.6346874099683089,0.5391304347826087,0.5267857142857143,0.3920265780730897,0.8027210884353742,0.5545851528384279,0.5188679245283019,0.38596491228070173,0.7913669064748201
220,0.95,linear,20.0,0.1,0.6442513368983958,0.6234611574925711,0.6126251390433816,0.6346874099683089,0.5391304347826087,0.5267857142857143,0.3920265780730897,0.8027210884353742,0.5545851528384279,0.5188679245283019,0.38596491228070173,0.7913669064748201
221,0.95,linear,20.0,1,0.6442513368983958,0.6234611574925711,0.6126251390433816,0.6346874099683089,0.5391304347826087,0.5267857142857143,0.3920265780730897,0.8027210884353742,0.5545851528384279,0.5188679245283019,0.38596491228070173,0.7913669064748201
222,0.95,linear,10.0,scale,0.6405080213903743,0.6214275658172603,0.6076541850220264,0.6358398156150965,0.5347826086956522,0.5244444444444445,0.38943894389438943,0.8027210884353742,0.5524017467248908,0.5176470588235295,0.38461538461538464,0.7913669064748201
223,0.95,linear,10.0,auto,0.6405080213903743,0.6214275658172603,0.6076541850220264,0.6358398156150965,0.5347826086956522,0.5244444444444445,0.38943894389438943,0.8027210884353742,0.5524017467248908,0.5176470588235295,0.38461538461538464,0.7913669064748201
224,0.95,linear,10.0,0.001,0.6405080213903743,0.6214275658172603,0.6076541850220264,0.6358398156150965,0.5347826086956522,0.5244444444444445,0.38943894389438943,0.8027210884353742,0.5524017467248908,0.5176470588235295,0.38461538461538464,0.7913669064748201
225,0.95,linear,10.0,0.01,0.6405080213903743,0.6214275658172603,0.6076541850220264,0.6358398156150965,0.5347826086956522,0.5244444444444445,0.38943894389438943,0.8027210884353742,0.5524017467248908,0.5176470588235295,0.38461538461538464,0.7913669064748201
226,0.95,linear,10.0,0.1,0.6405080213903743,0.6214275658172603,0.6076541850220264,0.6358398156150965,0.5347826086956522,0.5244444444444445,0.38943894389438943,0.8027210884353742,0.5524017467248908,0.5176470588235295,0.38461538461538464,0.7913669064748201
227,0.95,linear,10.0,1,0.6405080213903743,0.6214275658172603,0.6076541850220264,0.6358398156150965,0.5347826086956522,0.5244444444444445,0.38943894389438943,0.8027210884353742,0.5524017467248908,0.5176470588235295,0.38461538461538464,0.7913669064748201
228,0.95,linear,1.0,scale,0.6482620320855615,0.6154071042245286,0.6246290801186943,0.6064534716220109,0.5543478260869565,0.5265588914549654,0.3986013986013986,0.7755102040816326,0.5633187772925764,0.5192307692307693,0.3898916967509025,0.7769784172661871
229,0.95,linear,1.0,auto,0.6482620320855615,0.6154071042245286,0.6246290801186943,0.6064534716220109,0.5543478260869565,0.5265588914549654,0.3986013986013986,0.7755102040816326,0.5633187772925764,0.5192307692307693,0.3898916967509025,0.7769784172661871
230,0.95,linear,1.0,0.001,0.6482620320855615,0.6154071042245286,0.6246290801186943,0.6064534716220109,0.5543478260869565,0.5265588914549654,0.3986013986013986,0.7755102040816326,0.5633187772925764,0.5192307692307693,0.3898916967509025,0.7769784172661871
231,0.95,linear,1.0,0.01,0.6482620320855615,0.6154071042245286,0.6246290801186943,0.6064534716220109,0.5543478260869565,0.5265588914549654,0.3986013986013986,0.7755102040816326,0.5633187772925764,0.5192307692307693,0.3898916967509025,0.7769784172661871
232,0.95,linear,1.0,0.1,0.6482620320855615,0.6154071042245286,0.6246290801186943,0.6064534716220109,0.5543478260869565,0.5265588914549654,0.3986013986013986,0.7755102040816326,0.5633187772925764,0.5192307692307693,0.3898916967509025,0.7769784172661871
233,0.95,linear,1.0,1,0.6482620320855615,0.6154071042245286,0.6246290801186943,0.6064534716220109,0.5543478260869565,0.5265588914549654,0.3986013986013986,0.7755102040816326,0.5633187772925764,0.5192307692307693,0.3898916967509025,0.7769784172661871
234,0.95,linear,0.1,scale,0.6336898395721925,0.6169974839250769,0.5992397502036383,0.6358398156150965,0.5282608695652173,0.5209713024282561,0.38562091503267976,0.8027210884353742,0.5436681222707423,0.5128205128205128,0.3793103448275862,0.7913669064748201
235,0.95,linear,0.1,auto,0.6336898395721925,0.6169974839250769,0.5992397502036383,0.6358398156150965,0.5282608695652173,0.5209713024282561,0.38562091503267976,0.8027210884353742,0.5436681222707423,0.5128205128205128,0.3793103448275862,0.7913669064748201
236,0.95,linear,0.1,0.001,0.6336898395721925,0.6169974839250769,0.5992397502036383,0.6358398156150965,0.5282608695652173,0.5209713024282561,0.38562091503267976,0.8027210884353742,0.5436681222707423,0.5128205128205128,0.3793103448275862,0.7913669064748201
237,0.95,linear,0.1,0.01,0.6336898395721925,0.6169974839250769,0.5992397502036383,0.6358398156150965,0.5282608695652173,0.5209713024282561,0.38562091503267976,0.8027210884353742,0.5436681222707423,0.5128205128205128,0.3793103448275862,0.7913669064748201
238,0.95,linear,0.1,0.1,0.6336898395721925,0.6169974839250769,0.5992397502036383,0.6358398156150965,0.5282608695652173,0.5209713024282561,0.38562091503267976,0.8027210884353742,0.5436681222707423,0.5128205128205128,0.3793103448275862,0.7913669064748201
239,0.95,linear,0.1,1,0.6336898395721925,0.6169974839250769,0.5992397502036383,0.6358398156150965,0.5282608695652173,0.5209713024282561,0.38562091503267976,0.8027210884353742,0.5436681222707423,0.5128205128205128,0.3793103448275862,0.7913669064748201
240,0.95,linear,0.01,scale,0.6327540106951872,0.6163943583298422,0.5981029810298103,0.6358398156150965,0.5282608695652173,0.5209713024282561,0.38562091503267976,0.8027210884353742,0.5414847161572053,0.5116279069767442,0.37800687285223367,0.7913669064748201
241,0.95,linear,0.01,auto,0.6327540106951872,0.6163943583298422,0.5981029810298103,0.6358398156150965,0.5282608695652173,0.5209713024282561,0.38562091503267976,0.8027210884353742,0.5414847161572053,0.5116279069767442,0.37800687285223367,0.7913669064748201
242,0.95,linear,0.01,0.001,0.6327540106951872,0.6163943583298422,0.5981029810298103,0.6358398156150965,0.5282608695652173,0.5209713024282561,0.38562091503267976,0.8027210884353742,0.5414847161572053,0.5116279069767442,0.37800687285223367,0.7913669064748201
243,0.95,linear,0.01,0.01,0.6327540106951872,0.6163943583298422,0.5981029810298103,0.6358398156150965,0.5282608695652173,0.5209713024282561,0.38562091503267976,0.8027210884353742,0.5414847161572053,0.5116279069767442,0.37800687285223367,0.7913669064748201
244,0.95,linear,0.01,0.1,0.6327540106951872,0.6163943583298422,0.5981029810298103,0.6358398156150965,0.5282608695652173,0.5209713024282561,0.38562091503267976,0.8027210884353742,0.5414847161572053,0.5116279069767442,0.37800687285223367,0.7913669064748201
245,0.95,linear,0.01,1,0.6327540106951872,0.6163943583298422,0.5981029810298103,0.6358398156150965,0.5282608695652173,0.5209713024282561,0.38562091503267976,0.8027210884353742,0.5414847161572053,0.5116279069767442,0.37800687285223367,0.7913669064748201
246,0.95,linear,0.001,scale,0.6381016042780748,0.6265691819561319,0.6011116993118052,0.6542783059636992,0.5282608695652173,0.5209713024282561,0.38562091503267976,0.8027210884353742,0.5436681222707423,0.5150812064965197,0.3801369863013699,0.7985611510791367
247,0.95,linear,0.001,auto,0.6381016042780748,0.6265691819561319,0.6011116993118052,0.6542783059636992,0.5282608695652173,0.5209713024282561,0.38562091503267976,0.8027210884353742,0.5436681222707423,0.5150812064965197,0.3801369863013699,0.7985611510791367
248,0.95,linear,0.001,0.001,0.6381016042780748,0.6265691819561319,0.6011116993118052,0.6542783059636992,0.5282608695652173,0.5209713024282561,0.38562091503267976,0.8027210884353742,0.5436681222707423,0.5150812064965197,0.3801369863013699,0.7985611510791367
249,0.95,linear,0.001,0.01,0.6381016042780748,0.6265691819561319,0.6011116993118052,0.6542783059636992,0.5282608695652173,0.5209713024282561,0.38562091503267976,0.8027210884353742,0.5436681222707423,0.5150812064965197,0.3801369863013699,0.7985611510791367
250,0.95,linear,0.001,0.1,0.6381016042780748,0.6265691819561319,0.6011116993118052,0.6542783059636992,0.5282608695652173,0.5209713024282561,0.38562091503267976,0.8027210884353742,0.5436681222707423,0.5150812064965197,0.3801369863013699,0.7985611510791367
251,0.95,linear,0.001,1,0.6381016042780748,0.6265691819561319,0.6011116993118052,0.6542783059636992,0.5282608695652173,0.5209713024282561,0.38562091503267976,0.8027210884353742,0.5436681222707423,0.5150812064965197,0.3801369863013699,0.7985611510791367
252,0.95,sigmoid,20.0,scale,0.5894385026737968,0.6356625934274528,0.5403388463089955,0.7718236819360415,0.45652173913043476,0.491869918699187,0.3507246376811594,0.8231292517006803,0.4388646288209607,0.46790890269151136,0.32848837209302323,0.8129496402877698
253,0.95,sigmoid,20.0,auto,0.5894385026737968,0.6356625934274528,0.5403388463089955,0.7718236819360415,0.45652173913043476,0.491869918699187,0.3507246376811594,0.8231292517006803,0.4388646288209607,0.46790890269151136,0.32848837209302323,0.8129496402877698
254,0.95,sigmoid,20.0,0.001,0.5894385026737968,0.6356625934274528,0.5403388463089955,0.7718236819360415,0.45652173913043476,0.491869918699187,0.3507246376811594,0.8231292517006803,0.4388646288209607,0.46790890269151136,0.32848837209302323,0.8129496402877698
255,0.95,sigmoid,20.0,0.01,0.5894385026737968,0.6356625934274528,0.5403388463089955,0.7718236819360415,0.45652173913043476,0.491869918699187,0.3507246376811594,0.8231292517006803,0.4388646288209607,0.46790890269151136,0.32848837209302323,0.8129496402877698
256,0.95,sigmoid,20.0,0.1,0.5894385026737968,0.6356625934274528,0.5403388463089955,0.7718236819360415,0.45652173913043476,0.491869918699187,0.3507246376811594,0.8231292517006803,0.4388646288209607,0.46790890269151136,0.32848837209302323,0.8129496402877698
257,0.95,sigmoid,20.0,1,0.5894385026737968,0.6356625934274528,0.5403388463089955,0.7718236819360415,0.45652173913043476,0.491869918699187,0.3507246376811594,0.8231292517006803,0.4388646288209607,0.46790890269151136,0.32848837209302323,0.8129496402877698
258,0.95,sigmoid,10.0,scale,0.5995989304812834,0.641446186998683,0.548750512085211,0.7718236819360415,0.4673913043478261,0.49691991786447637,0.3558823529411765,0.8231292517006803,0.4519650655021834,0.47379454926624737,0.3343195266272189,0.8129496402877698
259,0.95,sigmoid,10.0,auto,0.5995989304812834,0.641446186998683,0.548750512085211,0.7718236819360415,0.4673913043478261,0.49691991786447637,0.3558823529411765,0.8231292517006803,0.4519650655021834,0.47379454926624737,0.3343195266272189,0.8129496402877698
260,0.95,sigmoid,10.0,0.001,0.5995989304812834,0.641446186998683,0.548750512085211,0.7718236819360415,0.4673913043478261,0.49691991786447637,0.3558823529411765,0.8231292517006803,0.4519650655021834,0.47379454926624737,0.3343195266272189,0.8129496402877698
261,0.95,sigmoid,10.0,0.01,0.5995989304812834,0.641446186998683,0.548750512085211,0.7718236819360415,0.4673913043478261,0.49691991786447637,0.3558823529411765,0.8231292517006803,0.4519650655021834,0.47379454926624737,0.3343195266272189,0.8129496402877698
262,0.95,sigmoid,10.0,0.1,0.5995989304812834,0.641446186998683,0.548750512085211,0.7718236819360415,0.4673913043478261,0.49691991786447637,0.3558823529411765,0.8231292517006803,0.4519650655021834,0.47379454926624737,0.3343195266272189,0.8129496402877698
263,0.95,sigmoid,10.0,1,0.5995989304812834,0.641446186998683,0.548750512085211,0.7718236819360415,0.4673913043478261,0.49691991786447637,0.3558823529411765,0.8231292517006803,0.4519650655021834,0.47379454926624737,0.3343195266272189,0.8129496402877698
264,0.95,sigmoid,1.0,scale,0.596524064171123,0.639167862266858,0.5462906192519926,0.77009507346586,0.4652173913043478,0.4959016393442623,0.3548387096774194,0.8231292517006803,0.4432314410480349,0.46764091858037576,0.32941176470588235,0.8057553956834532
265,0.95,sigmoid,1.0,auto,0.596524064171123,0.639167862266858,0.5462906192519926,0.77009507346586,0.4652173913043478,0.4959016393442623,0.3548387096774194,0.8231292517006803,0.4432314410480349,0.46764091858037576,0.32941176470588235,0.8057553956834532
266,0.95,sigmoid,1.0,0.001,0.596524064171123,0.639167862266858,0.5462906192519926,0.77009507346586,0.4652173913043478,0.4959016393442623,0.3548387096774194,0.8231292517006803,0.4432314410480349,0.46764091858037576,0.32941176470588235,0.8057553956834532
267,0.95,sigmoid,1.0,0.01,0.596524064171123,0.639167862266858,0.5462906192519926,0.77009507346586,0.4652173913043478,0.4959016393442623,0.3548387096774194,0.8231292517006803,0.4432314410480349,0.46764091858037576,0.32941176470588235,0.8057553956834532
268,0.95,sigmoid,1.0,0.1,0.596524064171123,0.639167862266858,0.5462906192519926,0.77009507346586,0.4652173913043478,0.4959016393442623,0.3548387096774194,0.8231292517006803,0.4432314410480349,0.46764091858037576,0.32941176470588235,0.8057553956834532
269,0.95,sigmoid,1.0,1,0.596524064171123,0.639167862266858,0.5462906192519926,0.77009507346586,0.4652173913043478,0.4959016393442623,0.3548387096774194,0.8231292517006803,0.4432314410480349,0.46764091858037576,0.32941176470588235,0.8057553956834532
270,0.95,sigmoid,0.1,scale,0.6160427807486631,0.6351626016260162,0.5680527152919791,0.7202535292422932,0.4891304347826087,0.5031712473572939,0.36503067484662577,0.8095238095238095,0.49563318777292575,0.4878048780487805,0.3525641025641026,0.7913669064748201
271,0.95,sigmoid,0.1,auto,0.6160427807486631,0.6351626016260162,0.5680527152919791,0.7202535292422932,0.4891304347826087,0.5031712473572939,0.36503067484662577,0.8095238095238095,0.49563318777292575,0.4878048780487805,0.3525641025641026,0.7913669064748201
272,0.95,sigmoid,0.1,0.001,0.6160427807486631,0.6351626016260162,0.5680527152919791,0.7202535292422932,0.4891304347826087,0.5031712473572939,0.36503067484662577,0.8095238095238095,0.49563318777292575,0.4878048780487805,0.3525641025641026,0.7913669064748201
273,0.95,sigmoid,0.1,0.01,0.6160427807486631,0.6351626016260162,0.5680527152919791,0.7202535292422932,0.4891304347826087,0.5031712473572939,0.36503067484662577,0.8095238095238095,0.49563318777292575,0.4878048780487805,0.3525641025641026,0.7913669064748201
274,0.95,sigmoid,0.1,0.1,0.6160427807486631,0.6351626016260162,0.5680527152919791,0.7202535292422932,0.4891304347826087,0.5031712473572939,0.36503067484662577,0.8095238095238095,0.49563318777292575,0.4878048780487805,0.3525641025641026,0.7913669064748201
275,0.95,sigmoid,0.1,1,0.6160427807486631,0.6351626016260162,0.5680527152919791,0.7202535292422932,0.4891304347826087,0.5031712473572939,0.36503067484662577,0.8095238095238095,0.49563318777292575,0.4878048780487805,0.3525641025641026,0.7913669064748201
276,0.95,sigmoid,0.01,scale,0.6149732620320856,0.6525934861278649,0.5613197758871135,0.7793143186401613,0.46956521739130436,0.49586776859504134,0.3560830860534125,0.8163265306122449,0.46943231441048033,0.4796573875802998,0.34146341463414637,0.8057553956834532
277,0.95,sigmoid,0.01,auto,0.6149732620320856,0.6525934861278649,0.5613197758871135,0.7793143186401613,0.46956521739130436,0.49586776859504134,0.3560830860534125,0.8163265306122449,0.46943231441048033,0.4796573875802998,0.34146341463414637,0.8057553956834532
278,0.95,sigmoid,0.01,0.001,0.6149732620320856,0.6525934861278649,0.5613197758871135,0.7793143186401613,0.46956521739130436,0.49586776859504134,0.3560830860534125,0.8163265306122449,0.46943231441048033,0.4796573875802998,0.34146341463414637,0.8057553956834532
279,0.95,sigmoid,0.01,0.01,0.6149732620320856,0.6525934861278649,0.5613197758871135,0.7793143186401613,0.46956521739130436,0.49586776859504134,0.3560830860534125,0.8163265306122449,0.46943231441048033,0.4796573875802998,0.34146341463414637,0.8057553956834532
280,0.95,sigmoid,0.01,0.1,0.6149732620320856,0.6525934861278649,0.5613197758871135,0.7793143186401613,0.46956521739130436,0.49586776859504134,0.3560830860534125,0.8163265306122449,0.46943231441048033,0.4796573875802998,0.34146341463414637,0.8057553956834532
281,0.95,sigmoid,0.01,1,0.6149732620320856,0.6525934861278649,0.5613197758871135,0.7793143186401613,0.46956521739130436,0.49586776859504134,0.3560830860534125,0.8163265306122449,0.46943231441048033,0.4796573875802998,0.34146341463414637,0.8057553956834532
282,0.95,sigmoid,0.001,scale,0.625,0.6462353386303443,0.5746971736204576,0.7381158167675022,0.49782608695652175,0.5074626865671642,0.3695652173913043,0.8095238095238095,0.4912663755458515,0.49015317286652077,0.3522012578616352,0.8057553956834532
283,0.95,sigmoid,0.001,auto,0.625,0.6462353386303443,0.5746971736204576,0.7381158167675022,0.49782608695652175,0.5074626865671642,0.3695652173913043,0.8095238095238095,0.4912663755458515,0.49015317286652077,0.3522012578616352,0.8057553956834532
284,0.95,sigmoid,0.001,0.001,0.625,0.6462353386303443,0.5746971736204576,0.7381158167675022,0.49782608695652175,0.5074626865671642,0.3695652173913043,0.8095238095238095,0.4912663755458515,0.49015317286652077,0.3522012578616352,0.8057553956834532
285,0.95,sigmoid,0.001,0.01,0.625,0.6462353386303443,0.5746971736204576,0.7381158167675022,0.49782608695652175,0.5074626865671642,0.3695652173913043,0.8095238095238095,0.4912663755458515,0.49015317286652077,0.3522012578616352,0.8057553956834532
286,0.95,sigmoid,0.001,0.1,0.625,0.6462353386303443,0.5746971736204576,0.7381158167675022,0.49782608695652175,0.5074626865671642,0.3695652173913043,0.8095238095238095,0.4912663755458515,0.49015317286652077,0.3522012578616352,0.8057553956834532
287,0.95,sigmoid,0.001,1,0.625,0.6462353386303443,0.5746971736204576,0.7381158167675022,0.49782608695652175,0.5074626865671642,0.3695652173913043,0.8095238095238095,0.4912663755458515,0.49015317286652077,0.3522012578616352,0.8057553956834532
288,0.9,rbf,20.0,scale,0.6482620320855615,0.6154071042245286,0.6246290801186943,0.6064534716220109,0.5543478260869565,0.5265588914549654,0.3986013986013986,0.7755102040816326,0.5633187772925764,0.5192307692307693,0.3898916967509025,0.7769784172661871
289,0.9,rbf,20.0,auto,0.6482620320855615,0.6154071042245286,0.6246290801186943,0.6064534716220109,0.5543478260869565,0.5265588914549654,0.3986013986013986,0.7755102040816326,0.5633187772925764,0.5192307692307693,0.3898916967509025,0.7769784172661871
290,0.9,rbf,20.0,0.001,0.6482620320855615,0.6154071042245286,0.6246290801186943,0.6064534716220109,0.5543478260869565,0.5265588914549654,0.3986013986013986,0.7755102040816326,0.5633187772925764,0.5192307692307693,0.3898916967509025,0.7769784172661871
291,0.9,rbf,20.0,0.01,0.6482620320855615,0.6154071042245286,0.6246290801186943,0.6064534716220109,0.5543478260869565,0.5265588914549654,0.3986013986013986,0.7755102040816326,0.5633187772925764,0.5192307692307693,0.3898916967509025,0.7769784172661871
292,0.9,rbf,20.0,0.1,0.6482620320855615,0.6154071042245286,0.6246290801186943,0.6064534716220109,0.5543478260869565,0.5265588914549654,0.3986013986013986,0.7755102040816326,0.5633187772925764,0.5192307692307693,0.3898916967509025,0.7769784172661871
293,0.9,rbf,20.0,1,0.6482620320855615,0.6154071042245286,0.6246290801186943,0.6064534716220109,0.5543478260869565,0.5265588914549654,0.3986013986013986,0.7755102040816326,0.5633187772925764,0.5192307692307693,0.3898916967509025,0.7769784172661871
294,0.9,rbf,10.0,scale,0.6482620320855615,0.6154071042245286,0.6246290801186943,0.6064534716220109,0.5543478260869565,0.5265588914549654,0.3986013986013986,0.7755102040816326,0.5633187772925764,0.5192307692307693,0.3898916967509025,0.7769784172661871
295,0.9,rbf,10.0,auto,0.6482620320855615,0.6154071042245286,0.6246290801186943,0.6064534716220109,0.5543478260869565,0.5265588914549654,0.3986013986013986,0.7755102040816326,0.5633187772925764,0.5192307692307693,0.3898916967509025,0.7769784172661871
296,0.9,rbf,10.0,0.001,0.6482620320855615,0.6154071042245286,0.6246290801186943,0.6064534716220109,0.5543478260869565,0.5265588914549654,0.3986013986013986,0.7755102040816326,0.5633187772925764,0.5192307692307693,0.3898916967509025,0.7769784172661871
297,0.9,rbf,10.0,0.01,0.6482620320855615,0.6154071042245286,0.6246290801186943,0.6064534716220109,0.5543478260869565,0.5265588914549654,0.3986013986013986,0.7755102040816326,0.5633187772925764,0.5192307692307693,0.3898916967509025,0.7769784172661871
298,0.9,rbf,10.0,0.1,0.6482620320855615,0.6154071042245286,0.6246290801186943,0.6064534716220109,0.5543478260869565,0.5265588914549654,0.3986013986013986,0.7755102040816326,0.5633187772925764,0.5192307692307693,0.3898916967509025,0.7769784172661871
299,0.9,rbf,10.0,1,0.6482620320855615,0.6154071042245286,0.6246290801186943,0.6064534716220109,0.5543478260869565,0.5265588914549654,0.3986013986013986,0.7755102040816326,0.5633187772925764,0.5192307692307693,0.3898916967509025,0.7769784172661871
300,0.9,rbf,1.0,scale,0.6482620320855615,0.6154071042245286,0.6246290801186943,0.6064534716220109,0.5543478260869565,0.5265588914549654,0.3986013986013986,0.7755102040816326,0.5633187772925764,0.5192307692307693,0.3898916967509025,0.7769784172661871
301,0.9,rbf,1.0,auto,0.6482620320855615,0.6154071042245286,0.6246290801186943,0.6064534716220109,0.5543478260869565,0.5265588914549654,0.3986013986013986,0.7755102040816326,0.5633187772925764,0.5192307692307693,0.3898916967509025,0.7769784172661871
302,0.9,rbf,1.0,0.001,0.6482620320855615,0.6154071042245286,0.6246290801186943,0.6064534716220109,0.5543478260869565,0.5265588914549654,0.3986013986013986,0.7755102040816326,0.5633187772925764,0.5192307692307693,0.3898916967509025,0.7769784172661871
303,0.9,rbf,1.0,0.01,0.6482620320855615,0.6154071042245286,0.6246290801186943,0.6064534716220109,0.5543478260869565,0.5265588914549654,0.3986013986013986,0.7755102040816326,0.5633187772925764,0.5192307692307693,0.3898916967509025,0.7769784172661871
304,0.9,rbf,1.0,0.1,0.6482620320855615,0.6154071042245286,0.6246290801186943,0.6064534716220109,0.5543478260869565,0.5265588914549654,0.3986013986013986,0.7755102040816326,0.5633187772925764,0.5192307692307693,0.3898916967509025,0.7769784172661871
305,0.9,rbf,1.0,1,0.6482620320855615,0.6154071042245286,0.6246290801186943,0.6064534716220109,0.5543478260869565,0.5265588914549654,0.3986013986013986,0.7755102040816326,0.5633187772925764,0.5192307692307693,0.3898916967509025,0.7769784172661871
306,0.9,rbf,0.1,scale,0.6482620320855615,0.6154071042245286,0.6246290801186943,0.6064534716220109,0.5543478260869565,0.5265588914549654,0.3986013986013986,0.7755102040816326,0.5633187772925764,0.5192307692307693,0.3898916967509025,0.7769784172661871
307,0.9,rbf,0.1,auto,0.6482620320855615,0.6154071042245286,0.6246290801186943,0.6064534716220109,0.5543478260869565,0.5265588914549654,0.3986013986013986,0.7755102040816326,0.5633187772925764,0.5192307692307693,0.3898916967509025,0.7769784172661871
308,0.9,rbf,0.1,0.001,0.6482620320855615,0.6154071042245286,0.6246290801186943,0.6064534716220109,0.5543478260869565,0.5265588914549654,0.3986013986013986,0.7755102040816326,0.5633187772925764,0.5192307692307693,0.3898916967509025,0.7769784172661871
309,0.9,rbf,0.1,0.01,0.6482620320855615,0.6154071042245286,0.6246290801186943,0.6064534716220109,0.5543478260869565,0.5265588914549654,0.3986013986013986,0.7755102040816326,0.5633187772925764,0.5192307692307693,0.3898916967509025,0.7769784172661871
310,0.9,rbf,0.1,0.1,0.6482620320855615,0.6154071042245286,0.6246290801186943,0.6064534716220109,0.5543478260869565,0.5265588914549654,0.3986013986013986,0.7755102040816326,0.5633187772925764,0.5192307692307693,0.3898916967509025,0.7769784172661871
311,0.9,rbf,0.1,1,0.6482620320855615,0.6154071042245286,0.6246290801186943,0.6064534716220109,0.5543478260869565,0.5265588914549654,0.3986013986013986,0.7755102040816326,0.5633187772925764,0.5192307692307693,0.3898916967509025,0.7769784172661871
312,0.9,rbf,0.01,scale,0.6482620320855615,0.6154071042245286,0.6246290801186943,0.6064534716220109,0.5543478260869565,0.5265588914549654,0.3986013986013986,0.7755102040816326,0.5633187772925764,0.5192307692307693,0.3898916967509025,0.7769784172661871
313,0.9,rbf,0.01,auto,0.6482620320855615,0.6154071042245286,0.6246290801186943,0.6064534716220109,0.5543478260869565,0.5265588914549654,0.3986013986013986,0.7755102040816326,0.5633187772925764,0.5192307692307693,0.3898916967509025,0.7769784172661871
314,0.9,rbf,0.01,0.001,0.6482620320855615,0.6154071042245286,0.6246290801186943,0.6064534716220109,0.5543478260869565,0.5265588914549654,0.3986013986013986,0.7755102040816326,0.5633187772925764,0.5192307692307693,0.3898916967509025,0.7769784172661871
315,0.9,rbf,0.01,0.01,0.6482620320855615,0.6154071042245286,0.6246290801186943,0.6064534716220109,0.5543478260869565,0.5265588914549654,0.3986013986013986,0.7755102040816326,0.5633187772925764,0.5192307692307693,0.3898916967509025,0.7769784172661871
316,0.9,rbf,0.01,0.1,0.6482620320855615,0.6154071042245286,0.6246290801186943,0.6064534716220109,0.5543478260869565,0.5265588914549654,0.3986013986013986,0.7755102040816326,0.5633187772925764,0.5192307692307693,0.3898916967509025,0.7769784172661871
317,0.9,rbf,0.01,1,0.6482620320855615,0.6154071042245286,0.6246290801186943,0.6064534716220109,0.5543478260869565,0.5265588914549654,0.3986013986013986,0.7755102040816326,0.5633187772925764,0.5192307692307693,0.3898916967509025,0.7769784172661871
318,0.9,rbf,0.001,scale,0.6482620320855615,0.6154071042245286,0.6246290801186943,0.6064534716220109,0.5543478260869565,0.5265588914549654,0.3986013986013986,0.7755102040816326,0.5633187772925764,0.5192307692307693,0.3898916967509025,0.7769784172661871
319,0.9,rbf,0.001,auto,0.6482620320855615,0.6154071042245286,0.6246290801186943,0.6064534716220109,0.5543478260869565,0.5265588914549654,0.3986013986013986,0.7755102040816326,0.5633187772925764,0.5192307692307693,0.3898916967509025,0.7769784172661871
320,0.9,rbf,0.001,0.001,0.6482620320855615,0.6154071042245286,0.6246290801186943,0.6064534716220109,0.5543478260869565,0.5265588914549654,0.3986013986013986,0.7755102040816326,0.5633187772925764,0.5192307692307693,0.3898916967509025,0.7769784172661871
321,0.9,rbf,0.001,0.01,0.6482620320855615,0.6154071042245286,0.6246290801186943,0.6064534716220109,0.5543478260869565,0.5265588914549654,0.3986013986013986,0.7755102040816326,0.5633187772925764,0.5192307692307693,0.3898916967509025,0.7769784172661871
322,0.9,rbf,0.001,0.1,0.6482620320855615,0.6154071042245286,0.6246290801186943,0.6064534716220109,0.5543478260869565,0.5265588914549654,0.3986013986013986,0.7755102040816326,0.5633187772925764,0.5192307692307693,0.3898916967509025,0.7769784172661871
323,0.9,rbf,0.001,1,0.6482620320855615,0.6154071042245286,0.6246290801186943,0.6064534716220109,0.5543478260869565,0.5265588914549654,0.3986013986013986,0.7755102040816326,0.5633187772925764,0.5192307692307693,0.3898916967509025,0.7769784172661871
324,0.9,poly,20.0,scale,0.6482620320855615,0.6154071042245286,0.6246290801186943,0.6064534716220109,0.5543478260869565,0.5265588914549654,0.3986013986013986,0.7755102040816326,0.5633187772925764,0.5192307692307693,0.3898916967509025,0.7769784172661871
325,0.9,poly,20.0,auto,0.6482620320855615,0.6154071042245286,0.6246290801186943,0.6064534716220109,0.5543478260869565,0.5265588914549654,0.3986013986013986,0.7755102040816326,0.5633187772925764,0.5192307692307693,0.3898916967509025,0.7769784172661871
326,0.9,poly,20.0,0.001,0.6482620320855615,0.6154071042245286,0.6246290801186943,0.6064534716220109,0.5543478260869565,0.5265588914549654,0.3986013986013986,0.7755102040816326,0.5633187772925764,0.5192307692307693,0.3898916967509025,0.7769784172661871
327,0.9,poly,20.0,0.01,0.6482620320855615,0.6154071042245286,0.6246290801186943,0.6064534716220109,0.5543478260869565,0.5265588914549654,0.3986013986013986,0.7755102040816326,0.5633187772925764,0.5192307692307693,0.3898916967509025,0.7769784172661871
328,0.9,poly,20.0,0.1,0.6482620320855615,0.6154071042245286,0.6246290801186943,0.6064534716220109,0.5543478260869565,0.5265588914549654,0.3986013986013986,0.7755102040816326,0.5633187772925764,0.5192307692307693,0.3898916967509025,0.7769784172661871
329,0.9,poly,20.0,1,0.6482620320855615,0.6154071042245286,0.6246290801186943,0.6064534716220109,0.5543478260869565,0.5265588914549654,0.3986013986013986,0.7755102040816326,0.5633187772925764,0.5192307692307693,0.3898916967509025,0.7769784172661871
330,0.9,poly,10.0,scale,0.6442513368983958,0.6234611574925711,0.6126251390433816,0.6346874099683089,0.5391304347826087,0.5267857142857143,0.3920265780730897,0.8027210884353742,0.5545851528384279,0.5188679245283019,0.38596491228070173,0.7913669064748201
331,0.9,poly,10.0,auto,0.6442513368983958,0.6234611574925711,0.6126251390433816,0.6346874099683089,0.5391304347826087,0.5267857142857143,0.3920265780730897,0.8027210884353742,0.5545851528384279,0.5188679245283019,0.38596491228070173,0.7913669064748201
332,0.9,poly,10.0,0.001,0.6442513368983958,0.6234611574925711,0.6126251390433816,0.6346874099683089,0.5391304347826087,0.5267857142857143,0.3920265780730897,0.8027210884353742,0.5545851528384279,0.5188679245283019,0.38596491228070173,0.7913669064748201
333,0.9,poly,10.0,0.01,0.6442513368983958,0.6234611574925711,0.6126251390433816,0.6346874099683089,0.5391304347826087,0.5267857142857143,0.3920265780730897,0.8027210884353742,0.5545851528384279,0.5188679245283019,0.38596491228070173,0.7913669064748201
334,0.9,poly,10.0,0.1,0.6442513368983958,0.6234611574925711,0.6126251390433816,0.6346874099683089,0.5391304347826087,0.5267857142857143,0.3920265780730897,0.8027210884353742,0.5545851528384279,0.5188679245283019,0.38596491228070173,0.7913669064748201
335,0.9,poly,10.0,1,0.6442513368983958,0.6234611574925711,0.6126251390433816,0.6346874099683089,0.5391304347826087,0.5267857142857143,0.3920265780730897,0.8027210884353742,0.5545851528384279,0.5188679245283019,0.38596491228070173,0.7913669064748201
336,0.9,poly,1.0,scale,0.6482620320855615,0.6154071042245286,0.6246290801186943,0.6064534716220109,0.5543478260869565,0.5265588914549654,0.3986013986013986,0.7755102040816326,0.5633187772925764,0.5192307692307693,0.3898916967509025,0.7769784172661871
337,0.9,poly,1.0,auto,0.6482620320855615,0.6154071042245286,0.6246290801186943,0.6064534716220109,0.5543478260869565,0.5265588914549654,0.3986013986013986,0.7755102040816326,0.5633187772925764,0.5192307692307693,0.3898916967509025,0.7769784172661871
338,0.9,poly,1.0,0.001,0.6482620320855615,0.6154071042245286,0.6246290801186943,0.6064534716220109,0.5543478260869565,0.5265588914549654,0.3986013986013986,0.7755102040816326,0.5633187772925764,0.5192307692307693,0.3898916967509025,0.7769784172661871
339,0.9,poly,1.0,0.01,0.6482620320855615,0.6154071042245286,0.6246290801186943,0.6064534716220109,0.5543478260869565,0.5265588914549654,0.3986013986013986,0.7755102040816326,0.5633187772925764,0.5192307692307693,0.3898916967509025,0.7769784172661871
340,0.9,poly,1.0,0.1,0.6482620320855615,0.6154071042245286,0.6246290801186943,0.6064534716220109,0.5543478260869565,0.5265588914549654,0.3986013986013986,0.7755102040816326,0.5633187772925764,0.5192307692307693,0.3898916967509025,0.7769784172661871
341,0.9,poly,1.0,1,0.6482620320855615,0.6154071042245286,0.6246290801186943,0.6064534716220109,0.5543478260869565,0.5265588914549654,0.3986013986013986,0.7755102040816326,0.5633187772925764,0.5192307692307693,0.3898916967509025,0.7769784172661871
342,0.9,poly,0.1,scale,0.5449197860962567,0.5968735196589294,0.5067363764327367,0.7260155574762316,0.41739130434782606,0.4846153846153846,0.3378016085790885,0.8571428571428571,0.42358078602620086,0.46774193548387094,0.32492997198879553,0.8345323741007195
343,0.9,poly,0.1,auto,0.5449197860962567,0.5968735196589294,0.5067363764327367,0.7260155574762316,0.41739130434782606,0.4846153846153846,0.3378016085790885,0.8571428571428571,0.42358078602620086,0.46774193548387094,0.32492997198879553,0.8345323741007195
344,0.9,poly,0.1,0.001,0.5449197860962567,0.5968735196589294,0.5067363764327367,0.7260155574762316,0.41739130434782606,0.4846153846153846,0.3378016085790885,0.8571428571428571,0.42358078602620086,0.46774193548387094,0.32492997198879553,0.8345323741007195
345,0.9,poly,0.1,0.01,0.5449197860962567,0.5968735196589294,0.5067363764327367,0.7260155574762316,0.41739130434782606,0.4846153846153846,0.3378016085790885,0.8571428571428571,0.42358078602620086,0.46774193548387094,0.32492997198879553,0.8345323741007195
346,0.9,poly,0.1,0.1,0.5449197860962567,0.5968735196589294,0.5067363764327367,0.7260155574762316,0.41739130434782606,0.4846153846153846,0.3378016085790885,0.8571428571428571,0.42358078602620086,0.46774193548387094,0.32492997198879553,0.8345323741007195
347,0.9,poly,0.1,1,0.5449197860962567,0.5968735196589294,0.5067363764327367,0.7260155574762316,0.41739130434782606,0.4846153846153846,0.3378016085790885,0.8571428571428571,0.42358078602620086,0.46774193548387094,0.32492997198879553,0.8345323741007195
348,0.9,poly,0.01,scale,0.6482620320855615,0.6154071042245286,0.6246290801186943,0.6064534716220109,0.5543478260869565,0.5265588914549654,0.3986013986013986,0.7755102040816326,0.5633187772925764,0.5192307692307693,0.3898916967509025,0.7769784172661871
349,0.9,poly,0.01,auto,0.6482620320855615,0.6154071042245286,0.6246290801186943,0.6064534716220109,0.5543478260869565,0.5265588914549654,0.3986013986013986,0.7755102040816326,0.5633187772925764,0.5192307692307693,0.3898916967509025,0.7769784172661871
350,0.9,poly,0.01,0.001,0.6482620320855615,0.6154071042245286,0.6246290801186943,0.6064534716220109,0.5543478260869565,0.5265588914549654,0.3986013986013986,0.7755102040816326,0.5633187772925764,0.5192307692307693,0.3898916967509025,0.7769784172661871
351,0.9,poly,0.01,0.01,0.6482620320855615,0.6154071042245286,0.6246290801186943,0.6064534716220109,0.5543478260869565,0.5265588914549654,0.3986013986013986,0.7755102040816326,0.5633187772925764,0.5192307692307693,0.3898916967509025,0.7769784172661871
352,0.9,poly,0.01,0.1,0.6482620320855615,0.6154071042245286,0.6246290801186943,0.6064534716220109,0.5543478260869565,0.5265588914549654,0.3986013986013986,0.7755102040816326,0.5633187772925764,0.5192307692307693,0.3898916967509025,0.7769784172661871
353,0.9,poly,0.01,1,0.6482620320855615,0.6154071042245286,0.6246290801186943,0.6064534716220109,0.5543478260869565,0.5265588914549654,0.3986013986013986,0.7755102040816326,0.5633187772925764,0.5192307692307693,0.3898916967509025,0.7769784172661871
354,0.9,poly,0.001,scale,0.5094919786096257,0.6317374284853959,0.48475046210720885,0.9066551426101987,0.3739130434782609,0.5,0.3356643356643357,0.9795918367346939,0.3777292576419214,0.484629294755877,0.32367149758454106,0.9640287769784173
355,0.9,poly,0.001,auto,0.5094919786096257,0.6317374284853959,0.48475046210720885,0.9066551426101987,0.3739130434782609,0.5,0.3356643356643357,0.9795918367346939,0.3777292576419214,0.484629294755877,0.32367149758454106,0.9640287769784173
356,0.9,poly,0.001,0.001,0.5094919786096257,0.6317374284853959,0.48475046210720885,0.9066551426101987,0.3739130434782609,0.5,0.3356643356643357,0.9795918367346939,0.3777292576419214,0.484629294755877,0.32367149758454106,0.9640287769784173
357,0.9,poly,0.001,0.01,0.5094919786096257,0.6317374284853959,0.48475046210720885,0.9066551426101987,0.3739130434782609,0.5,0.3356643356643357,0.9795918367346939,0.3777292576419214,0.484629294755877,0.32367149758454106,0.9640287769784173
358,0.9,poly,0.001,0.1,0.5094919786096257,0.6317374284853959,0.48475046210720885,0.9066551426101987,0.3739130434782609,0.5,0.3356643356643357,0.9795918367346939,0.3777292576419214,0.484629294755877,0.32367149758454106,0.9640287769784173
359,0.9,poly,0.001,1,0.5094919786096257,0.6317374284853959,0.48475046210720885,0.9066551426101987,0.3739130434782609,0.5,0.3356643356643357,0.9795918367346939,0.3777292576419214,0.484629294755877,0.32367149758454106,0.9640287769784173
360,0.9,linear,20.0,scale,0.6439839572192514,0.6232847644645636,0.6122846025569761,0.6346874099683089,0.5391304347826087,0.5267857142857143,0.3920265780730897,0.8027210884353742,0.5545851528384279,0.5188679245283019,0.38596491228070173,0.7913669064748201
361,0.9,linear,20.0,auto,0.6439839572192514,0.6232847644645636,0.6122846025569761,0.6346874099683089,0.5391304347826087,0.5267857142857143,0.3920265780730897,0.8027210884353742,0.5545851528384279,0.5188679245283019,0.38596491228070173,0.7913669064748201
362,0.9,linear,20.0,0.001,0.6439839572192514,0.6232847644645636,0.6122846025569761,0.6346874099683089,0.5391304347826087,0.5267857142857143,0.3920265780730897,0.8027210884353742,0.5545851528384279,0.5188679245283019,0.38596491228070173,0.7913669064748201
363,0.9,linear,20.0,0.01,0.6439839572192514,0.6232847644645636,0.6122846025569761,0.6346874099683089,0.5391304347826087,0.5267857142857143,0.3920265780730897,0.8027210884353742,0.5545851528384279,0.5188679245283019,0.38596491228070173,0.7913669064748201
364,0.9,linear,20.0,0.1,0.6439839572192514,0.6232847644645636,0.6122846025569761,0.6346874099683089,0.5391304347826087,0.5267857142857143,0.3920265780730897,0.8027210884353742,0.5545851528384279,0.5188679245283019,0.38596491228070173,0.7913669064748201
365,0.9,linear,20.0,1,0.6439839572192514,0.6232847644645636,0.6122846025569761,0.6346874099683089,0.5391304347826087,0.5267857142857143,0.3920265780730897,0.8027210884353742,0.5545851528384279,0.5188679245283019,0.38596491228070173,0.7913669064748201
366,0.9,linear,10.0,scale,0.6461229946524064,0.6245922564175295,0.6150837988826816,0.634399308556612,0.5413043478260869,0.5279642058165548,0.3933333333333333,0.8027210884353742,0.5589519650655022,0.5213270142180095,0.38869257950530034,0.7913669064748201
367,0.9,linear,10.0,auto,0.6461229946524064,0.6245922564175295,0.6150837988826816,0.634399308556612,0.5413043478260869,0.5279642058165548,0.3933333333333333,0.8027210884353742,0.5589519650655022,0.5213270142180095,0.38869257950530034,0.7913669064748201
368,0.9,linear,10.0,0.001,0.6461229946524064,0.6245922564175295,0.6150837988826816,0.634399308556612,0.5413043478260869,0.5279642058165548,0.3933333333333333,0.8027210884353742,0.5589519650655022,0.5213270142180095,0.38869257950530034,0.7913669064748201
369,0.9,linear,10.0,0.01,0.6461229946524064,0.6245922564175295,0.6150837988826816,0.634399308556612,0.5413043478260869,0.5279642058165548,0.3933333333333333,0.8027210884353742,0.5589519650655022,0.5213270142180095,0.38869257950530034,0.7913669064748201
370,0.9,linear,10.0,0.1,0.6461229946524064,0.6245922564175295,0.6150837988826816,0.634399308556612,0.5413043478260869,0.5279642058165548,0.3933333333333333,0.8027210884353742,0.5589519650655022,0.5213270142180095,0.38869257950530034,0.7913669064748201
371,0.9,linear,10.0,1,0.6461229946524064,0.6245922564175295,0.6150837988826816,0.634399308556612,0.5413043478260869,0.5279642058165548,0.3933333333333333,0.8027210884353742,0.5589519650655022,0.5213270142180095,0.38869257950530034,0.7913669064748201
372,0.9,linear,1.0,scale,0.6431818181818182,0.6227561837455831,0.6112652608213096,0.6346874099683089,0.5391304347826087,0.5267857142857143,0.3920265780730897,0.8027210884353742,0.5545851528384279,0.5188679245283019,0.38596491228070173,0.7913669064748201
373,0.9,linear,1.0,auto,0.6431818181818182,0.6227561837455831,0.6112652608213096,0.6346874099683089,0.5391304347826087,0.5267857142857143,0.3920265780730897,0.8027210884353742,0.5545851528384279,0.5188679245283019,0.38596491228070173,0.7913669064748201
374,0.9,linear,1.0,0.001,0.6431818181818182,0.6227561837455831,0.6112652608213096,0.6346874099683089,0.5391304347826087,0.5267857142857143,0.3920265780730897,0.8027210884353742,0.5545851528384279,0.5188679245283019,0.38596491228070173,0.7913669064748201
375,0.9,linear,1.0,0.01,0.6431818181818182,0.6227561837455831,0.6112652608213096,0.6346874099683089,0.5391304347826087,0.5267857142857143,0.3920265780730897,0.8027210884353742,0.5545851528384279,0.5188679245283019,0.38596491228070173,0.7913669064748201
376,0.9,linear,1.0,0.1,0.6431818181818182,0.6227561837455831,0.6112652608213096,0.6346874099683089,0.5391304347826087,0.5267857142857143,0.3920265780730897,0.8027210884353742,0.5545851528384279,0.5188679245283019,0.38596491228070173,0.7913669064748201
377,0.9,linear,1.0,1,0.6431818181818182,0.6227561837455831,0.6112652608213096,0.6346874099683089,0.5391304347826087,0.5267857142857143,0.3920265780730897,0.8027210884353742,0.5545851528384279,0.5188679245283019,0.38596491228070173,0.7913669064748201
378,0.9,linear,0.1,scale,0.6330213903743316,0.6165665595753597,0.5984273318872018,0.6358398156150965,0.5282608695652173,0.5209713024282561,0.38562091503267976,0.8027210884353742,0.5414847161572053,0.5116279069767442,0.37800687285223367,0.7913669064748201
379,0.9,linear,0.1,auto,0.6330213903743316,0.6165665595753597,0.5984273318872018,0.6358398156150965,0.5282608695652173,0.5209713024282561,0.38562091503267976,0.8027210884353742,0.5414847161572053,0.5116279069767442,0.37800687285223367,0.7913669064748201
380,0.9,linear,0.1,0.001,0.6330213903743316,0.6165665595753597,0.5984273318872018,0.6358398156150965,0.5282608695652173,0.5209713024282561,0.38562091503267976,0.8027210884353742,0.5414847161572053,0.5116279069767442,0.37800687285223367,0.7913669064748201
381,0.9,linear,0.1,0.01,0.6330213903743316,0.6165665595753597,0.5984273318872018,0.6358398156150965,0.5282608695652173,0.5209713024282561,0.38562091503267976,0.8027210884353742,0.5414847161572053,0.5116279069767442,0.37800687285223367,0.7913669064748201
382,0.9,linear,0.1,0.1,0.6330213903743316,0.6165665595753597,0.5984273318872018,0.6358398156150965,0.5282608695652173,0.5209713024282561,0.38562091503267976,0.8027210884353742,0.5414847161572053,0.5116279069767442,0.37800687285223367,0.7913669064748201
383,0.9,linear,0.1,1,0.6330213903743316,0.6165665595753597,0.5984273318872018,0.6358398156150965,0.5282608695652173,0.5209713024282561,0.38562091503267976,0.8027210884353742,0.5414847161572053,0.5116279069767442,0.37800687285223367,0.7913669064748201
384,0.9,linear,0.01,scale,0.6324866310160427,0.6162222532458467,0.5977789815817984,0.6358398156150965,0.5282608695652173,0.5209713024282561,0.38562091503267976,0.8027210884353742,0.5436681222707423,0.5150812064965197,0.3801369863013699,0.7985611510791367
385,0.9,linear,0.01,auto,0.6324866310160427,0.6162222532458467,0.5977789815817984,0.6358398156150965,0.5282608695652173,0.5209713024282561,0.38562091503267976,0.8027210884353742,0.5436681222707423,0.5150812064965197,0.3801369863013699,0.7985611510791367
386,0.9,linear,0.01,0.001,0.6324866310160427,0.6162222532458467,0.5977789815817984,0.6358398156150965,0.5282608695652173,0.5209713024282561,0.38562091503267976,0.8027210884353742,0.5436681222707423,0.5150812064965197,0.3801369863013699,0.7985611510791367
387,0.9,linear,0.01,0.01,0.6324866310160427,0.6162222532458467,0.5977789815817984,0.6358398156150965,0.5282608695652173,0.5209713024282561,0.38562091503267976,0.8027210884353742,0.5436681222707423,0.5150812064965197,0.3801369863013699,0.7985611510791367
388,0.9,linear,0.01,0.1,0.6324866310160427,0.6162222532458467,0.5977789815817984,0.6358398156150965,0.5282608695652173,0.5209713024282561,0.38562091503267976,0.8027210884353742,0.5436681222707423,0.5150812064965197,0.3801369863013699,0.7985611510791367
389,0.9,linear,0.01,1,0.6324866310160427,0.6162222532458467,0.5977789815817984,0.6358398156150965,0.5282608695652173,0.5209713024282561,0.38562091503267976,0.8027210884353742,0.5436681222707423,0.5150812064965197,0.3801369863013699,0.7985611510791367
390,0.9,linear,0.001,scale,0.6064171122994653,0.62477695641091,0.5602285714285714,0.7061365600691444,0.4891304347826087,0.5093945720250522,0.3674698795180723,0.8299319727891157,0.49563318777292575,0.49230769230769234,0.35443037974683544,0.8057553956834532
391,0.9,linear,0.001,auto,0.6064171122994653,0.62477695641091,0.5602285714285714,0.7061365600691444,0.4891304347826087,0.5093945720250522,0.3674698795180723,0.8299319727891157,0.49563318777292575,0.49230769230769234,0.35443037974683544,0.8057553956834532
392,0.9,linear,0.001,0.001,0.6064171122994653,0.62477695641091,0.5602285714285714,0.7061365600691444,0.4891304347826087,0.5093945720250522,0.3674698795180723,0.8299319727891157,0.49563318777292575,0.49230769230769234,0.35443037974683544,0.8057553956834532
393,0.9,linear,0.001,0.01,0.6064171122994653,0.62477695641091,0.5602285714285714,0.7061365600691444,0.4891304347826087,0.5093945720250522,0.3674698795180723,0.8299319727891157,0.49563318777292575,0.49230769230769234,0.35443037974683544,0.8057553956834532
394,0.9,linear,0.001,0.1,0.6064171122994653,0.62477695641091,0.5602285714285714,0.7061365600691444,0.4891304347826087,0.5093945720250522,0.3674698795180723,0.8299319727891157,0.49563318777292575,0.49230769230769234,0.35443037974683544,0.8057553956834532
395,0.9,linear,0.001,1,0.6064171122994653,0.62477695641091,0.5602285714285714,0.7061365600691444,0.4891304347826087,0.5093945720250522,0.3674698795180723,0.8299319727891157,0.49563318777292575,0.49230769230769234,0.35443037974683544,0.8057553956834532
396,0.9,sigmoid,20.0,scale,0.5748663101604278,0.6208869814020028,0.5295912141549726,0.7502160760587727,0.46956521739130436,0.5040650406504065,0.35942028985507246,0.8435374149659864,0.4737991266375546,0.5030927835051546,0.35260115606936415,0.8776978417266187
397,0.9,sigmoid,20.0,auto,0.5748663101604278,0.6208869814020028,0.5295912141549726,0.7502160760587727,0.46956521739130436,0.5040650406504065,0.35942028985507246,0.8435374149659864,0.4737991266375546,0.5030927835051546,0.35260115606936415,0.8776978417266187
398,0.9,sigmoid,20.0,0.001,0.5748663101604278,0.6208869814020028,0.5295912141549726,0.7502160760587727,0.46956521739130436,0.5040650406504065,0.35942028985507246,0.8435374149659864,0.4737991266375546,0.5030927835051546,0.35260115606936415,0.8776978417266187
399,0.9,sigmoid,20.0,0.01,0.5748663101604278,0.6208869814020028,0.5295912141549726,0.7502160760587727,0.46956521739130436,0.5040650406504065,0.35942028985507246,0.8435374149659864,0.4737991266375546,0.5030927835051546,0.35260115606936415,0.8776978417266187
400,0.9,sigmoid,20.0,0.1,0.5748663101604278,0.6208869814020028,0.5295912141549726,0.7502160760587727,0.46956521739130436,0.5040650406504065,0.35942028985507246,0.8435374149659864,0.4737991266375546,0.5030927835051546,0.35260115606936415,0.8776978417266187
401,0.9,sigmoid,20.0,1,0.5748663101604278,0.6208869814020028,0.5295912141549726,0.7502160760587727,0.46956521739130436,0.5040650406504065,0.35942028985507246,0.8435374149659864,0.4737991266375546,0.5030927835051546,0.35260115606936415,0.8776978417266187
402,0.9,sigmoid,10.0,scale,0.5748663101604278,0.6208869814020028,0.5295912141549726,0.7502160760587727,0.46956521739130436,0.5040650406504065,0.35942028985507246,0.8435374149659864,0.4737991266375546,0.5030927835051546,0.35260115606936415,0.8776978417266187
403,0.9,sigmoid,10.0,auto,0.5748663101604278,0.6208869814020028,0.5295912141549726,0.7502160760587727,0.46956521739130436,0.5040650406504065,0.35942028985507246,0.8435374149659864,0.4737991266375546,0.5030927835051546,0.35260115606936415,0.8776978417266187
404,0.9,sigmoid,10.0,0.001,0.5748663101604278,0.6208869814020028,0.5295912141549726,0.7502160760587727,0.46956521739130436,0.5040650406504065,0.35942028985507246,0.8435374149659864,0.4737991266375546,0.5030927835051546,0.35260115606936415,0.8776978417266187
405,0.9,sigmoid,10.0,0.01,0.5748663101604278,0.6208869814020028,0.5295912141549726,0.7502160760587727,0.46956521739130436,0.5040650406504065,0.35942028985507246,0.8435374149659864,0.4737991266375546,0.5030927835051546,0.35260115606936415,0.8776978417266187
406,0.9,sigmoid,10.0,0.1,0.5748663101604278,0.6208869814020028,0.5295912141549726,0.7502160760587727,0.46956521739130436,0.5040650406504065,0.35942028985507246,0.8435374149659864,0.4737991266375546,0.5030927835051546,0.35260115606936415,0.8776978417266187
407,0.9,sigmoid,10.0,1,0.5748663101604278,0.6208869814020028,0.5295912141549726,0.7502160760587727,0.46956521739130436,0.5040650406504065,0.35942028985507246,0.8435374149659864,0.4737991266375546,0.5030927835051546,0.35260115606936415,0.8776978417266187
408,0.9,sigmoid,1.0,scale,0.5752673796791444,0.622818473228066,0.5296849757673667,0.7556900028810141,0.46956521739130436,0.5040650406504065,0.35942028985507246,0.8435374149659864,0.4781659388646288,0.5092402464065708,0.3563218390804598,0.8920863309352518
409,0.9,sigmoid,1.0,auto,0.5752673796791444,0.622818473228066,0.5296849757673667,0.7556900028810141,0.46956521739130436,0.5040650406504065,0.35942028985507246,0.8435374149659864,0.4781659388646288,0.5092402464065708,0.3563218390804598,0.8920863309352518
410,0.9,sigmoid,1.0,0.001,0.5752673796791444,0.622818473228066,0.5296849757673667,0.7556900028810141,0.46956521739130436,0.5040650406504065,0.35942028985507246,0.8435374149659864,0.4781659388646288,0.5092402464065708,0.3563218390804598,0.8920863309352518
411,0.9,sigmoid,1.0,0.01,0.5752673796791444,0.622818473228066,0.5296849757673667,0.7556900028810141,0.46956521739130436,0.5040650406504065,0.35942028985507246,0.8435374149659864,0.4781659388646288,0.5092402464065708,0.3563218390804598,0.8920863309352518
412,0.9,sigmoid,1.0,0.1,0.5752673796791444,0.622818473228066,0.5296849757673667,0.7556900028810141,0.46956521739130436,0.5040650406504065,0.35942028985507246,0.8435374149659864,0.4781659388646288,0.5092402464065708,0.3563218390804598,0.8920863309352518
413,0.9,sigmoid,1.0,1,0.5752673796791444,0.622818473228066,0.5296849757673667,0.7556900028810141,0.46956521739130436,0.5040650406504065,0.35942028985507246,0.8435374149659864,0.4781659388646288,0.5092402464065708,0.3563218390804598,0.8920863309352518
414,0.9,sigmoid,0.1,scale,0.575668449197861,0.6161103047895501,0.5309568480300187,0.7337942955920485,0.4717391304347826,0.505091649694501,0.36046511627906974,0.8435374149659864,0.4606986899563319,0.48434237995824636,0.3411764705882353,0.8345323741007195
415,0.9,sigmoid,0.1,auto,0.575668449197861,0.6161103047895501,0.5309568480300187,0.7337942955920485,0.4717391304347826,0.505091649694501,0.36046511627906974,0.8435374149659864,0.4606986899563319,0.48434237995824636,0.3411764705882353,0.8345323741007195
416,0.9,sigmoid,0.1,0.001,0.575668449197861,0.6161103047895501,0.5309568480300187,0.7337942955920485,0.4717391304347826,0.505091649694501,0.36046511627906974,0.8435374149659864,0.4606986899563319,0.48434237995824636,0.3411764705882353,0.8345323741007195
417,0.9,sigmoid,0.1,0.01,0.575668449197861,0.6161103047895501,0.5309568480300187,0.7337942955920485,0.4717391304347826,0.505091649694501,0.36046511627906974,0.8435374149659864,0.4606986899563319,0.48434237995824636,0.3411764705882353,0.8345323741007195
418,0.9,sigmoid,0.1,0.1,0.575668449197861,0.6161103047895501,0.5309568480300187,0.7337942955920485,0.4717391304347826,0.505091649694501,0.36046511627906974,0.8435374149659864,0.4606986899563319,0.48434237995824636,0.3411764705882353,0.8345323741007195
419,0.9,sigmoid,0.1,1,0.575668449197861,0.6161103047895501,0.5309568480300187,0.7337942955920485,0.4717391304347826,0.505091649694501,0.36046511627906974,0.8435374149659864,0.4606986899563319,0.48434237995824636,0.3411764705882353,0.8345323741007195
420,0.9,sigmoid,0.01,scale,0.6328877005347594,0.6168015629360871,0.5981055480378891,0.6367041198501873,0.5282608695652173,0.5209713024282561,0.38562091503267976,0.8027210884353742,0.5414847161572053,0.5116279069767442,0.37800687285223367,0.7913669064748201
421,0.9,sigmoid,0.01,auto,0.6328877005347594,0.6168015629360871,0.5981055480378891,0.6367041198501873,0.5282608695652173,0.5209713024282561,0.38562091503267976,0.8027210884353742,0.5414847161572053,0.5116279069767442,0.37800687285223367,0.7913669064748201
422,0.9,sigmoid,0.01,0.001,0.6328877005347594,0.6168015629360871,0.5981055480378891,0.6367041198501873,0.5282608695652173,0.5209713024282561,0.38562091503267976,0.8027210884353742,0.5414847161572053,0.5116279069767442,0.37800687285223367,0.7913669064748201
423,0.9,sigmoid,0.01,0.01,0.6328877005347594,0.6168015629360871,0.5981055480378891,0.6367041198501873,0.5282608695652173,0.5209713024282561,0.38562091503267976,0.8027210884353742,0.5414847161572053,0.5116279069767442,0.37800687285223367,0.7913669064748201
424,0.9,sigmoid,0.01,0.1,0.6328877005347594,0.6168015629360871,0.5981055480378891,0.6367041198501873,0.5282608695652173,0.5209713024282561,0.38562091503267976,0.8027210884353742,0.5414847161572053,0.5116279069767442,0.37800687285223367,0.7913669064748201
425,0.9,sigmoid,0.01,1,0.6328877005347594,0.6168015629360871,0.5981055480378891,0.6367041198501873,0.5282608695652173,0.5209713024282561,0.38562091503267976,0.8027210884353742,0.5414847161572053,0.5116279069767442,0.37800687285223367,0.7913669064748201
426,0.9,sigmoid,0.001,scale,0.631951871657754,0.6158783312404075,0.5971320346320347,0.6358398156150965,0.5282608695652173,0.5209713024282561,0.38562091503267976,0.8027210884353742,0.5436681222707423,0.5150812064965197,0.3801369863013699,0.7985611510791367
427,0.9,sigmoid,0.001,auto,0.631951871657754,0.6158783312404075,0.5971320346320347,0.6358398156150965,0.5282608695652173,0.5209713024282561,0.38562091503267976,0.8027210884353742,0.5436681222707423,0.5150812064965197,0.3801369863013699,0.7985611510791367
428,0.9,sigmoid,0.001,0.001,0.631951871657754,0.6158783312404075,0.5971320346320347,0.6358398156150965,0.5282608695652173,0.5209713024282561,0.38562091503267976,0.8027210884353742,0.5436681222707423,0.5150812064965197,0.3801369863013699,0.7985611510791367
429,0.9,sigmoid,0.001,0.01,0.631951871657754,0.6158783312404075,0.5971320346320347,0.6358398156150965,0.5282608695652173,0.5209713024282561,0.38562091503267976,0.8027210884353742,0.5436681222707423,0.5150812064965197,0.3801369863013699,0.7985611510791367
430,0.9,sigmoid,0.001,0.1,0.631951871657754,0.6158783312404075,0.5971320346320347,0.6358398156150965,0.5282608695652173,0.5209713024282561,0.38562091503267976,0.8027210884353742,0.5436681222707423,0.5150812064965197,0.3801369863013699,0.7985611510791367
431,0.9,sigmoid,0.001,1,0.631951871657754,0.6158783312404075,0.5971320346320347,0.6358398156150965,0.5282608695652173,0.5209713024282561,0.38562091503267976,0.8027210884353742,0.5436681222707423,0.5150812064965197,0.3801369863013699,0.7985611510791367
432,0.8,rbf,20.0,scale,0.6482620320855615,0.6154071042245286,0.6246290801186943,0.6064534716220109,0.5543478260869565,0.5265588914549654,0.3986013986013986,0.7755102040816326,0.5633187772925764,0.5192307692307693,0.3898916967509025,0.7769784172661871
433,0.8,rbf,20.0,auto,0.6482620320855615,0.6154071042245286,0.6246290801186943,0.6064534716220109,0.5543478260869565,0.5265588914549654,0.3986013986013986,0.7755102040816326,0.5633187772925764,0.5192307692307693,0.3898916967509025,0.7769784172661871
434,0.8,rbf,20.0,0.001,0.6482620320855615,0.6154071042245286,0.6246290801186943,0.6064534716220109,0.5543478260869565,0.5265588914549654,0.3986013986013986,0.7755102040816326,0.5633187772925764,0.5192307692307693,0.3898916967509025,0.7769784172661871
435,0.8,rbf,20.0,0.01,0.6482620320855615,0.6154071042245286,0.6246290801186943,0.6064534716220109,0.5543478260869565,0.5265588914549654,0.3986013986013986,0.7755102040816326,0.5633187772925764,0.5192307692307693,0.3898916967509025,0.7769784172661871
436,0.8,rbf,20.0,0.1,0.6482620320855615,0.6154071042245286,0.6246290801186943,0.6064534716220109,0.5543478260869565,0.5265588914549654,0.3986013986013986,0.7755102040816326,0.5633187772925764,0.5192307692307693,0.3898916967509025,0.7769784172661871
437,0.8,rbf,20.0,1,0.6482620320855615,0.6154071042245286,0.6246290801186943,0.6064534716220109,0.5543478260869565,0.5265588914549654,0.3986013986013986,0.7755102040816326,0.5633187772925764,0.5192307692307693,0.3898916967509025,0.7769784172661871
438,0.8,rbf,10.0,scale,0.6482620320855615,0.6154071042245286,0.6246290801186943,0.6064534716220109,0.5543478260869565,0.5265588914549654,0.3986013986013986,0.7755102040816326,0.5633187772925764,0.5192307692307693,0.3898916967509025,0.7769784172661871
439,0.8,rbf,10.0,auto,0.6482620320855615,0.6154071042245286,0.6246290801186943,0.6064534716220109,0.5543478260869565,0.5265588914549654,0.3986013986013986,0.7755102040816326,0.5633187772925764,0.5192307692307693,0.3898916967509025,0.7769784172661871
440,0.8,rbf,10.0,0.001,0.6482620320855615,0.6154071042245286,0.6246290801186943,0.6064534716220109,0.5543478260869565,0.5265588914549654,0.3986013986013986,0.7755102040816326,0.5633187772925764,0.5192307692307693,0.3898916967509025,0.7769784172661871
441,0.8,rbf,10.0,0.01,0.6482620320855615,0.6154071042245286,0.6246290801186943,0.6064534716220109,0.5543478260869565,0.5265588914549654,0.3986013986013986,0.7755102040816326,0.5633187772925764,0.5192307692307693,0.3898916967509025,0.7769784172661871
442,0.8,rbf,10.0,0.1,0.6482620320855615,0.6154071042245286,0.6246290801186943,0.6064534716220109,0.5543478260869565,0.5265588914549654,0.3986013986013986,0.7755102040816326,0.5633187772925764,0.5192307692307693,0.3898916967509025,0.7769784172661871
443,0.8,rbf,10.0,1,0.6482620320855615,0.6154071042245286,0.6246290801186943,0.6064534716220109,0.5543478260869565,0.5265588914549654,0.3986013986013986,0.7755102040816326,0.5633187772925764,0.5192307692307693,0.3898916967509025,0.7769784172661871
444,0.8,rbf,1.0,scale,0.6482620320855615,0.6154071042245286,0.6246290801186943,0.6064534716220109,0.5543478260869565,0.5265588914549654,0.3986013986013986,0.7755102040816326,0.5633187772925764,0.5192307692307693,0.3898916967509025,0.7769784172661871
445,0.8,rbf,1.0,auto,0.6482620320855615,0.6154071042245286,0.6246290801186943,0.6064534716220109,0.5543478260869565,0.5265588914549654,0.3986013986013986,0.7755102040816326,0.5633187772925764,0.5192307692307693,0.3898916967509025,0.7769784172661871
446,0.8,rbf,1.0,0.001,0.6482620320855615,0.6154071042245286,0.6246290801186943,0.6064534716220109,0.5543478260869565,0.5265588914549654,0.3986013986013986,0.7755102040816326,0.5633187772925764,0.5192307692307693,0.3898916967509025,0.7769784172661871
447,0.8,rbf,1.0,0.01,0.6482620320855615,0.6154071042245286,0.6246290801186943,0.6064534716220109,0.5543478260869565,0.5265588914549654,0.3986013986013986,0.7755102040816326,0.5633187772925764,0.5192307692307693,0.3898916967509025,0.7769784172661871
448,0.8,rbf,1.0,0.1,0.6482620320855615,0.6154071042245286,0.6246290801186943,0.6064534716220109,0.5543478260869565,0.5265588914549654,0.3986013986013986,0.7755102040816326,0.5633187772925764,0.5192307692307693,0.3898916967509025,0.7769784172661871
449,0.8,rbf,1.0,1,0.6482620320855615,0.6154071042245286,0.6246290801186943,0.6064534716220109,0.5543478260869565,0.5265588914549654,0.3986013986013986,0.7755102040816326,0.5633187772925764,0.5192307692307693,0.3898916967509025,0.7769784172661871
450,0.8,rbf,0.1,scale,0.6482620320855615,0.6154071042245286,0.6246290801186943,0.6064534716220109,0.5543478260869565,0.5265588914549654,0.3986013986013986,0.7755102040816326,0.5633187772925764,0.5192307692307693,0.3898916967509025,0.7769784172661871
451,0.8,rbf,0.1,auto,0.6482620320855615,0.6154071042245286,0.6246290801186943,0.6064534716220109,0.5543478260869565,0.5265588914549654,0.3986013986013986,0.7755102040816326,0.5633187772925764,0.5192307692307693,0.3898916967509025,0.7769784172661871
452,0.8,rbf,0.1,0.001,0.6482620320855615,0.6154071042245286,0.6246290801186943,0.6064534716220109,0.5543478260869565,0.5265588914549654,0.3986013986013986,0.7755102040816326,0.5633187772925764,0.5192307692307693,0.3898916967509025,0.7769784172661871
453,0.8,rbf,0.1,0.01,0.6482620320855615,0.6154071042245286,0.6246290801186943,0.6064534716220109,0.5543478260869565,0.5265588914549654,0.3986013986013986,0.7755102040816326,0.5633187772925764,0.5192307692307693,0.3898916967509025,0.7769784172661871
454,0.8,rbf,0.1,0.1,0.6482620320855615,0.6154071042245286,0.6246290801186943,0.6064534716220109,0.5543478260869565,0.5265588914549654,0.3986013986013986,0.7755102040816326,0.5633187772925764,0.5192307692307693,0.3898916967509025,0.7769784172661871
455,0.8,rbf,0.1,1,0.6482620320855615,0.6154071042245286,0.6246290801186943,0.6064534716220109,0.5543478260869565,0.5265588914549654,0.3986013986013986,0.7755102040816326,0.5633187772925764,0.5192307692307693,0.3898916967509025,0.7769784172661871
456,0.8,rbf,0.01,scale,0.6482620320855615,0.6154071042245286,0.6246290801186943,0.6064534716220109,0.5543478260869565,0.5265588914549654,0.3986013986013986,0.7755102040816326,0.5633187772925764,0.5192307692307693,0.3898916967509025,0.7769784172661871
457,0.8,rbf,0.01,auto,0.6482620320855615,0.6154071042245286,0.6246290801186943,0.6064534716220109,0.5543478260869565,0.5265588914549654,0.3986013986013986,0.7755102040816326,0.5633187772925764,0.5192307692307693,0.3898916967509025,0.7769784172661871
458,0.8,rbf,0.01,0.001,0.6482620320855615,0.6154071042245286,0.6246290801186943,0.6064534716220109,0.5543478260869565,0.5265588914549654,0.3986013986013986,0.7755102040816326,0.5633187772925764,0.5192307692307693,0.3898916967509025,0.7769784172661871
459,0.8,rbf,0.01,0.01,0.6482620320855615,0.6154071042245286,0.6246290801186943,0.6064534716220109,0.5543478260869565,0.5265588914549654,0.3986013986013986,0.7755102040816326,0.5633187772925764,0.5192307692307693,0.3898916967509025,0.7769784172661871
460,0.8,rbf,0.01,0.1,0.6482620320855615,0.6154071042245286,0.6246290801186943,0.6064534716220109,0.5543478260869565,0.5265588914549654,0.3986013986013986,0.7755102040816326,0.5633187772925764,0.5192307692307693,0.3898916967509025,0.7769784172661871
461,0.8,rbf,0.01,1,0.6482620320855615,0.6154071042245286,0.6246290801186943,0.6064534716220109,0.5543478260869565,0.5265588914549654,0.3986013986013986,0.7755102040816326,0.5633187772925764,0.5192307692307693,0.3898916967509025,0.7769784172661871
462,0.8,rbf,0.001,scale,0.6482620320855615,0.6154071042245286,0.6246290801186943,0.6064534716220109,0.5543478260869565,0.5265588914549654,0.3986013986013986,0.7755102040816326,0.5633187772925764,0.5192307692307693,0.3898916967509025,0.7769784172661871
463,0.8,rbf,0.001,auto,0.6482620320855615,0.6154071042245286,0.6246290801186943,0.6064534716220109,0.5543478260869565,0.5265588914549654,0.3986013986013986,0.7755102040816326,0.5633187772925764,0.5192307692307693,0.3898916967509025,0.7769784172661871
464,0.8,rbf,0.001,0.001,0.6482620320855615,0.6154071042245286,0.6246290801186943,0.6064534716220109,0.5543478260869565,0.5265588914549654,0.3986013986013986,0.7755102040816326,0.5633187772925764,0.5192307692307693,0.3898916967509025,0.7769784172661871
465,0.8,rbf,0.001,0.01,0.6482620320855615,0.6154071042245286,0.6246290801186943,0.6064534716220109,0.5543478260869565,0.5265588914549654,0.3986013986013986,0.7755102040816326,0.5633187772925764,0.5192307692307693,0.3898916967509025,0.7769784172661871
466,0.8,rbf,0.001,0.1,0.6482620320855615,0.6154071042245286,0.6246290801186943,0.6064534716220109,0.5543478260869565,0.5265588914549654,0.3986013986013986,0.7755102040816326,0.5633187772925764,0.5192307692307693,0.3898916967509025,0.7769784172661871
467,0.8,rbf,0.001,1,0.6482620320855615,0.6154071042245286,0.6246290801186943,0.6064534716220109,0.5543478260869565,0.5265588914549654,0.3986013986013986,0.7755102040816326,0.5633187772925764,0.5192307692307693,0.3898916967509025,0.7769784172661871
468,0.8,poly,20.0,scale,0.6482620320855615,0.6154071042245286,0.6246290801186943,0.6064534716220109,0.5543478260869565,0.5265588914549654,0.3986013986013986,0.7755102040816326,0.5633187772925764,0.5192307692307693,0.3898916967509025,0.7769784172661871
469,0.8,poly,20.0,auto,0.6482620320855615,0.6154071042245286,0.6246290801186943,0.6064534716220109,0.5543478260869565,0.5265588914549654,0.3986013986013986,0.7755102040816326,0.5633187772925764,0.5192307692307693,0.3898916967509025,0.7769784172661871
470,0.8,poly,20.0,0.001,0.6482620320855615,0.6154071042245286,0.6246290801186943,0.6064534716220109,0.5543478260869565,0.5265588914549654,0.3986013986013986,0.7755102040816326,0.5633187772925764,0.5192307692307693,0.3898916967509025,0.7769784172661871
471,0.8,poly,20.0,0.01,0.6482620320855615,0.6154071042245286,0.6246290801186943,0.6064534716220109,0.5543478260869565,0.5265588914549654,0.3986013986013986,0.7755102040816326,0.5633187772925764,0.5192307692307693,0.3898916967509025,0.7769784172661871
472,0.8,poly,20.0,0.1,0.6482620320855615,0.6154071042245286,0.6246290801186943,0.6064534716220109,0.5543478260869565,0.5265588914549654,0.3986013986013986,0.7755102040816326,0.5633187772925764,0.5192307692307693,0.3898916967509025,0.7769784172661871
473,0.8,poly,20.0,1,0.6482620320855615,0.6154071042245286,0.6246290801186943,0.6064534716220109,0.5543478260869565,0.5265588914549654,0.3986013986013986,0.7755102040816326,0.5633187772925764,0.5192307692307693,0.3898916967509025,0.7769784172661871
474,0.8,poly,10.0,scale,0.6442513368983958,0.6234611574925711,0.6126251390433816,0.6346874099683089,0.5391304347826087,0.5267857142857143,0.3920265780730897,0.8027210884353742,0.5545851528384279,0.5188679245283019,0.38596491228070173,0.7913669064748201
475,0.8,poly,10.0,auto,0.6442513368983958,0.6234611574925711,0.6126251390433816,0.6346874099683089,0.5391304347826087,0.5267857142857143,0.3920265780730897,0.8027210884353742,0.5545851528384279,0.5188679245283019,0.38596491228070173,0.7913669064748201
476,0.8,poly,10.0,0.001,0.6442513368983958,0.6234611574925711,0.6126251390433816,0.6346874099683089,0.5391304347826087,0.5267857142857143,0.3920265780730897,0.8027210884353742,0.5545851528384279,0.5188679245283019,0.38596491228070173,0.7913669064748201
477,0.8,poly,10.0,0.01,0.6442513368983958,0.6234611574925711,0.6126251390433816,0.6346874099683089,0.5391304347826087,0.5267857142857143,0.3920265780730897,0.8027210884353742,0.5545851528384279,0.5188679245283019,0.38596491228070173,0.7913669064748201
478,0.8,poly,10.0,0.1,0.6442513368983958,0.6234611574925711,0.6126251390433816,0.6346874099683089,0.5391304347826087,0.5267857142857143,0.3920265780730897,0.8027210884353742,0.5545851528384279,0.5188679245283019,0.38596491228070173,0.7913669064748201
479,0.8,poly,10.0,1,0.6442513368983958,0.6234611574925711,0.6126251390433816,0.6346874099683089,0.5391304347826087,0.5267857142857143,0.3920265780730897,0.8027210884353742,0.5545851528384279,0.5188679245283019,0.38596491228070173,0.7913669064748201
480,0.8,poly,1.0,scale,0.6482620320855615,0.6154071042245286,0.6246290801186943,0.6064534716220109,0.5543478260869565,0.5265588914549654,0.3986013986013986,0.7755102040816326,0.5633187772925764,0.5192307692307693,0.3898916967509025,0.7769784172661871
481,0.8,poly,1.0,auto,0.6482620320855615,0.6154071042245286,0.6246290801186943,0.6064534716220109,0.5543478260869565,0.5265588914549654,0.3986013986013986,0.7755102040816326,0.5633187772925764,0.5192307692307693,0.3898916967509025,0.7769784172661871
482,0.8,poly,1.0,0.001,0.6482620320855615,0.6154071042245286,0.6246290801186943,0.6064534716220109,0.5543478260869565,0.5265588914549654,0.3986013986013986,0.7755102040816326,0.5633187772925764,0.5192307692307693,0.3898916967509025,0.7769784172661871
483,0.8,poly,1.0,0.01,0.6482620320855615,0.6154071042245286,0.6246290801186943,0.6064534716220109,0.5543478260869565,0.5265588914549654,0.3986013986013986,0.7755102040816326,0.5633187772925764,0.5192307692307693,0.3898916967509025,0.7769784172661871
484,0.8,poly,1.0,0.1,0.6482620320855615,0.6154071042245286,0.6246290801186943,0.6064534716220109,0.5543478260869565,0.5265588914549654,0.3986013986013986,0.7755102040816326,0.5633187772925764,0.5192307692307693,0.3898916967509025,0.7769784172661871
485,0.8,poly,1.0,1,0.6482620320855615,0.6154071042245286,0.6246290801186943,0.6064534716220109,0.5543478260869565,0.5265588914549654,0.3986013986013986,0.7755102040816326,0.5633187772925764,0.5192307692307693,0.3898916967509025,0.7769784172661871
486,0.8,poly,0.1,scale,0.5449197860962567,0.5968735196589294,0.5067363764327367,0.7260155574762316,0.41739130434782606,0.4846153846153846,0.3378016085790885,0.8571428571428571,0.42358078602620086,0.46774193548387094,0.32492997198879553,0.8345323741007195
487,0.8,poly,0.1,auto,0.5449197860962567,0.5968735196589294,0.5067363764327367,0.7260155574762316,0.41739130434782606,0.4846153846153846,0.3378016085790885,0.8571428571428571,0.42358078602620086,0.46774193548387094,0.32492997198879553,0.8345323741007195
488,0.8,poly,0.1,0.001,0.5449197860962567,0.5968735196589294,0.5067363764327367,0.7260155574762316,0.41739130434782606,0.4846153846153846,0.3378016085790885,0.8571428571428571,0.42358078602620086,0.46774193548387094,0.32492997198879553,0.8345323741007195
489,0.8,poly,0.1,0.01,0.5449197860962567,0.5968735196589294,0.5067363764327367,0.7260155574762316,0.41739130434782606,0.4846153846153846,0.3378016085790885,0.8571428571428571,0.42358078602620086,0.46774193548387094,0.32492997198879553,0.8345323741007195
490,0.8,poly,0.1,0.1,0.5449197860962567,0.5968735196589294,0.5067363764327367,0.7260155574762316,0.41739130434782606,0.4846153846153846,0.3378016085790885,0.8571428571428571,0.42358078602620086,0.46774193548387094,0.32492997198879553,0.8345323741007195
491,0.8,poly,0.1,1,0.5449197860962567,0.5968735196589294,0.5067363764327367,0.7260155574762316,0.41739130434782606,0.4846153846153846,0.3378016085790885,0.8571428571428571,0.42358078602620086,0.46774193548387094,0.32492997198879553,0.8345323741007195
492,0.8,poly,0.01,scale,0.6482620320855615,0.6154071042245286,0.6246290801186943,0.6064534716220109,0.5543478260869565,0.5265588914549654,0.3986013986013986,0.7755102040816326,0.5633187772925764,0.5192307692307693,0.3898916967509025,0.7769784172661871
493,0.8,poly,0.01,auto,0.6482620320855615,0.6154071042245286,0.6246290801186943,0.6064534716220109,0.5543478260869565,0.5265588914549654,0.3986013986013986,0.7755102040816326,0.5633187772925764,0.5192307692307693,0.3898916967509025,0.7769784172661871
494,0.8,poly,0.01,0.001,0.6482620320855615,0.6154071042245286,0.6246290801186943,0.6064534716220109,0.5543478260869565,0.5265588914549654,0.3986013986013986,0.7755102040816326,0.5633187772925764,0.5192307692307693,0.3898916967509025,0.7769784172661871
495,0.8,poly,0.01,0.01,0.6482620320855615,0.6154071042245286,0.6246290801186943,0.6064534716220109,0.5543478260869565,0.5265588914549654,0.3986013986013986,0.7755102040816326,0.5633187772925764,0.5192307692307693,0.3898916967509025,0.7769784172661871
496,0.8,poly,0.01,0.1,0.6482620320855615,0.6154071042245286,0.6246290801186943,0.6064534716220109,0.5543478260869565,0.5265588914549654,0.3986013986013986,0.7755102040816326,0.5633187772925764,0.5192307692307693,0.3898916967509025,0.7769784172661871
497,0.8,poly,0.01,1,0.6482620320855615,0.6154071042245286,0.6246290801186943,0.6064534716220109,0.5543478260869565,0.5265588914549654,0.3986013986013986,0.7755102040816326,0.5633187772925764,0.5192307692307693,0.3898916967509025,0.7769784172661871
498,0.8,poly,0.001,scale,0.5094919786096257,0.6317374284853959,0.48475046210720885,0.9066551426101987,0.3739130434782609,0.5,0.3356643356643357,0.9795918367346939,0.3777292576419214,0.484629294755877,0.32367149758454106,0.9640287769784173
499,0.8,poly,0.001,auto,0.5094919786096257,0.6317374284853959,0.48475046210720885,0.9066551426101987,0.3739130434782609,0.5,0.3356643356643357,0.9795918367346939,0.3777292576419214,0.484629294755877,0.32367149758454106,0.9640287769784173
500,0.8,poly,0.001,0.001,0.5094919786096257,0.6317374284853959,0.48475046210720885,0.9066551426101987,0.3739130434782609,0.5,0.3356643356643357,0.9795918367346939,0.3777292576419214,0.484629294755877,0.32367149758454106,0.9640287769784173
501,0.8,poly,0.001,0.01,0.5094919786096257,0.6317374284853959,0.48475046210720885,0.9066551426101987,0.3739130434782609,0.5,0.3356643356643357,0.9795918367346939,0.3777292576419214,0.484629294755877,0.32367149758454106,0.9640287769784173
502,0.8,poly,0.001,0.1,0.5094919786096257,0.6317374284853959,0.48475046210720885,0.9066551426101987,0.3739130434782609,0.5,0.3356643356643357,0.9795918367346939,0.3777292576419214,0.484629294755877,0.32367149758454106,0.9640287769784173
503,0.8,poly,0.001,1,0.5094919786096257,0.6317374284853959,0.48475046210720885,0.9066551426101987,0.3739130434782609,0.5,0.3356643356643357,0.9795918367346939,0.3777292576419214,0.484629294755877,0.32367149758454106,0.9640287769784173
504,0.8,linear,20.0,scale,0.6439839572192514,0.6232847644645636,0.6122846025569761,0.6346874099683089,0.5391304347826087,0.5267857142857143,0.3920265780730897,0.8027210884353742,0.5545851528384279,0.5188679245283019,0.38596491228070173,0.7913669064748201
505,0.8,linear,20.0,auto,0.6439839572192514,0.6232847644645636,0.6122846025569761,0.6346874099683089,0.5391304347826087,0.5267857142857143,0.3920265780730897,0.8027210884353742,0.5545851528384279,0.5188679245283019,0.38596491228070173,0.7913669064748201
506,0.8,linear,20.0,0.001,0.6439839572192514,0.6232847644645636,0.6122846025569761,0.6346874099683089,0.5391304347826087,0.5267857142857143,0.3920265780730897,0.8027210884353742,0.5545851528384279,0.5188679245283019,0.38596491228070173,0.7913669064748201
507,0.8,linear,20.0,0.01,0.6439839572192514,0.6232847644645636,0.6122846025569761,0.6346874099683089,0.5391304347826087,0.5267857142857143,0.3920265780730897,0.8027210884353742,0.5545851528384279,0.5188679245283019,0.38596491228070173,0.7913669064748201
508,0.8,linear,20.0,0.1,0.6439839572192514,0.6232847644645636,0.6122846025569761,0.6346874099683089,0.5391304347826087,0.5267857142857143,0.3920265780730897,0.8027210884353742,0.5545851528384279,0.5188679245283019,0.38596491228070173,0.7913669064748201
509,0.8,linear,20.0,1,0.6439839572192514,0.6232847644645636,0.6122846025569761,0.6346874099683089,0.5391304347826087,0.5267857142857143,0.3920265780730897,0.8027210884353742,0.5545851528384279,0.5188679245283019,0.38596491228070173,0.7913669064748201
510,0.8,linear,10.0,scale,0.6461229946524064,0.6245922564175295,0.6150837988826816,0.634399308556612,0.5413043478260869,0.5279642058165548,0.3933333333333333,0.8027210884353742,0.5589519650655022,0.5213270142180095,0.38869257950530034,0.7913669064748201
511,0.8,linear,10.0,auto,0.6461229946524064,0.6245922564175295,0.6150837988826816,0.634399308556612,0.5413043478260869,0.5279642058165548,0.3933333333333333,0.8027210884353742,0.5589519650655022,0.5213270142180095,0.38869257950530034,0.7913669064748201
512,0.8,linear,10.0,0.001,0.6461229946524064,0.6245922564175295,0.6150837988826816,0.634399308556612,0.5413043478260869,0.5279642058165548,0.3933333333333333,0.8027210884353742,0.5589519650655022,0.5213270142180095,0.38869257950530034,0.7913669064748201
513,0.8,linear,10.0,0.01,0.6461229946524064,0.6245922564175295,0.6150837988826816,0.634399308556612,0.5413043478260869,0.5279642058165548,0.3933333333333333,0.8027210884353742,0.5589519650655022,0.5213270142180095,0.38869257950530034,0.7913669064748201
514,0.8,linear,10.0,0.1,0.6461229946524064,0.6245922564175295,0.6150837988826816,0.634399308556612,0.5413043478260869,0.5279642058165548,0.3933333333333333,0.8027210884353742,0.5589519650655022,0.5213270142180095,0.38869257950530034,0.7913669064748201
515,0.8,linear,10.0,1,0.6461229946524064,0.6245922564175295,0.6150837988826816,0.634399308556612,0.5413043478260869,0.5279642058165548,0.3933333333333333,0.8027210884353742,0.5589519650655022,0.5213270142180095,0.38869257950530034,0.7913669064748201
516,0.8,linear,1.0,scale,0.6431818181818182,0.6227561837455831,0.6112652608213096,0.6346874099683089,0.5391304347826087,0.5267857142857143,0.3920265780730897,0.8027210884353742,0.5545851528384279,0.5188679245283019,0.38596491228070173,0.7913669064748201
517,0.8,linear,1.0,auto,0.6431818181818182,0.6227561837455831,0.6112652608213096,0.6346874099683089,0.5391304347826087,0.5267857142857143,0.3920265780730897,0.8027210884353742,0.5545851528384279,0.5188679245283019,0.38596491228070173,0.7913669064748201
518,0.8,linear,1.0,0.001,0.6431818181818182,0.6227561837455831,0.6112652608213096,0.6346874099683089,0.5391304347826087,0.5267857142857143,0.3920265780730897,0.8027210884353742,0.5545851528384279,0.5188679245283019,0.38596491228070173,0.7913669064748201
519,0.8,linear,1.0,0.01,0.6431818181818182,0.6227561837455831,0.6112652608213096,0.6346874099683089,0.5391304347826087,0.5267857142857143,0.3920265780730897,0.8027210884353742,0.5545851528384279,0.5188679245283019,0.38596491228070173,0.7913669064748201
520,0.8,linear,1.0,0.1,0.6431818181818182,0.6227561837455831,0.6112652608213096,0.6346874099683089,0.5391304347826087,0.5267857142857143,0.3920265780730897,0.8027210884353742,0.5545851528384279,0.5188679245283019,0.38596491228070173,0.7913669064748201
521,0.8,linear,1.0,1,0.6431818181818182,0.6227561837455831,0.6112652608213096,0.6346874099683089,0.5391304347826087,0.5267857142857143,0.3920265780730897,0.8027210884353742,0.5545851528384279,0.5188679245283019,0.38596491228070173,0.7913669064748201
522,0.8,linear,0.1,scale,0.6330213903743316,0.6165665595753597,0.5984273318872018,0.6358398156150965,0.5282608695652173,0.5209713024282561,0.38562091503267976,0.8027210884353742,0.5414847161572053,0.5116279069767442,0.37800687285223367,0.7913669064748201
523,0.8,linear,0.1,auto,0.6330213903743316,0.6165665595753597,0.5984273318872018,0.6358398156150965,0.5282608695652173,0.5209713024282561,0.38562091503267976,0.8027210884353742,0.5414847161572053,0.5116279069767442,0.37800687285223367,0.7913669064748201
524,0.8,linear,0.1,0.001,0.6330213903743316,0.6165665595753597,0.5984273318872018,0.6358398156150965,0.5282608695652173,0.5209713024282561,0.38562091503267976,0.8027210884353742,0.5414847161572053,0.5116279069767442,0.37800687285223367,0.7913669064748201
525,0.8,linear,0.1,0.01,0.6330213903743316,0.6165665595753597,0.5984273318872018,0.6358398156150965,0.5282608695652173,0.5209713024282561,0.38562091503267976,0.8027210884353742,0.5414847161572053,0.5116279069767442,0.37800687285223367,0.7913669064748201
526,0.8,linear,0.1,0.1,0.6330213903743316,0.6165665595753597,0.5984273318872018,0.6358398156150965,0.5282608695652173,0.5209713024282561,0.38562091503267976,0.8027210884353742,0.5414847161572053,0.5116279069767442,0.37800687285223367,0.7913669064748201
527,0.8,linear,0.1,1,0.6330213903743316,0.6165665595753597,0.5984273318872018,0.6358398156150965,0.5282608695652173,0.5209713024282561,0.38562091503267976,0.8027210884353742,0.5414847161572053,0.5116279069767442,0.37800687285223367,0.7913669064748201
528,0.8,linear,0.01,scale,0.6324866310160427,0.6162222532458467,0.5977789815817984,0.6358398156150965,0.5282608695652173,0.5209713024282561,0.38562091503267976,0.8027210884353742,0.5436681222707423,0.5150812064965197,0.3801369863013699,0.7985611510791367
529,0.8,linear,0.01,auto,0.6324866310160427,0.6162222532458467,0.5977789815817984,0.6358398156150965,0.5282608695652173,0.5209713024282561,0.38562091503267976,0.8027210884353742,0.5436681222707423,0.5150812064965197,0.3801369863013699,0.7985611510791367
530,0.8,linear,0.01,0.001,0.6324866310160427,0.6162222532458467,0.5977789815817984,0.6358398156150965,0.5282608695652173,0.5209713024282561,0.38562091503267976,0.8027210884353742,0.5436681222707423,0.5150812064965197,0.3801369863013699,0.7985611510791367
531,0.8,linear,0.01,0.01,0.6324866310160427,0.6162222532458467,0.5977789815817984,0.6358398156150965,0.5282608695652173,0.5209713024282561,0.38562091503267976,0.8027210884353742,0.5436681222707423,0.5150812064965197,0.3801369863013699,0.7985611510791367
532,0.8,linear,0.01,0.1,0.6324866310160427,0.6162222532458467,0.5977789815817984,0.6358398156150965,0.5282608695652173,0.5209713024282561,0.38562091503267976,0.8027210884353742,0.5436681222707423,0.5150812064965197,0.3801369863013699,0.7985611510791367
533,0.8,linear,0.01,1,0.6324866310160427,0.6162222532458467,0.5977789815817984,0.6358398156150965,0.5282608695652173,0.5209713024282561,0.38562091503267976,0.8027210884353742,0.5436681222707423,0.5150812064965197,0.3801369863013699,0.7985611510791367
534,0.8,linear,0.001,scale,0.6064171122994653,0.62477695641091,0.5602285714285714,0.7061365600691444,0.4891304347826087,0.5093945720250522,0.3674698795180723,0.8299319727891157,0.49563318777292575,0.49230769230769234,0.35443037974683544,0.8057553956834532
535,0.8,linear,0.001,auto,0.6064171122994653,0.62477695641091,0.5602285714285714,0.7061365600691444,0.4891304347826087,0.5093945720250522,0.3674698795180723,0.8299319727891157,0.49563318777292575,0.49230769230769234,0.35443037974683544,0.8057553956834532
536,0.8,linear,0.001,0.001,0.6064171122994653,0.62477695641091,0.5602285714285714,0.7061365600691444,0.4891304347826087,0.5093945720250522,0.3674698795180723,0.8299319727891157,0.49563318777292575,0.49230769230769234,0.35443037974683544,0.8057553956834532
537,0.8,linear,0.001,0.01,0.6064171122994653,0.62477695641091,0.5602285714285714,0.7061365600691444,0.4891304347826087,0.5093945720250522,0.3674698795180723,0.8299319727891157,0.49563318777292575,0.49230769230769234,0.35443037974683544,0.8057553956834532
538,0.8,linear,0.001,0.1,0.6064171122994653,0.62477695641091,0.5602285714285714,0.7061365600691444,0.4891304347826087,0.5093945720250522,0.3674698795180723,0.8299319727891157,0.49563318777292575,0.49230769230769234,0.35443037974683544,0.8057553956834532
539,0.8,linear,0.001,1,0.6064171122994653,0.62477695641091,0.5602285714285714,0.7061365600691444,0.4891304347826087,0.5093945720250522,0.3674698795180723,0.8299319727891157,0.49563318777292575,0.49230769230769234,0.35443037974683544,0.8057553956834532
540,0.8,sigmoid,20.0,scale,0.5748663101604278,0.6208869814020028,0.5295912141549726,0.7502160760587727,0.46956521739130436,0.5040650406504065,0.35942028985507246,0.8435374149659864,0.4737991266375546,0.5030927835051546,0.35260115606936415,0.8776978417266187
541,0.8,sigmoid,20.0,auto,0.5748663101604278,0.6208869814020028,0.5295912141549726,0.7502160760587727,0.46956521739130436,0.5040650406504065,0.35942028985507246,0.8435374149659864,0.4737991266375546,0.5030927835051546,0.35260115606936415,0.8776978417266187
542,0.8,sigmoid,20.0,0.001,0.5748663101604278,0.6208869814020028,0.5295912141549726,0.7502160760587727,0.46956521739130436,0.5040650406504065,0.35942028985507246,0.8435374149659864,0.4737991266375546,0.5030927835051546,0.35260115606936415,0.8776978417266187
543,0.8,sigmoid,20.0,0.01,0.5748663101604278,0.6208869814020028,0.5295912141549726,0.7502160760587727,0.46956521739130436,0.5040650406504065,0.35942028985507246,0.8435374149659864,0.4737991266375546,0.5030927835051546,0.35260115606936415,0.8776978417266187
544,0.8,sigmoid,20.0,0.1,0.5748663101604278,0.6208869814020028,0.5295912141549726,0.7502160760587727,0.46956521739130436,0.5040650406504065,0.35942028985507246,0.8435374149659864,0.4737991266375546,0.5030927835051546,0.35260115606936415,0.8776978417266187
545,0.8,sigmoid,20.0,1,0.5748663101604278,0.6208869814020028,0.5295912141549726,0.7502160760587727,0.46956521739130436,0.5040650406504065,0.35942028985507246,0.8435374149659864,0.4737991266375546,0.5030927835051546,0.35260115606936415,0.8776978417266187
546,0.8,sigmoid,10.0,scale,0.5748663101604278,0.6208869814020028,0.5295912141549726,0.7502160760587727,0.46956521739130436,0.5040650406504065,0.35942028985507246,0.8435374149659864,0.4737991266375546,0.5030927835051546,0.35260115606936415,0.8776978417266187
547,0.8,sigmoid,10.0,auto,0.5748663101604278,0.6208869814020028,0.5295912141549726,0.7502160760587727,0.46956521739130436,0.5040650406504065,0.35942028985507246,0.8435374149659864,0.4737991266375546,0.5030927835051546,0.35260115606936415,0.8776978417266187
548,0.8,sigmoid,10.0,0.001,0.5748663101604278,0.6208869814020028,0.5295912141549726,0.7502160760587727,0.46956521739130436,0.5040650406504065,0.35942028985507246,0.8435374149659864,0.4737991266375546,0.5030927835051546,0.35260115606936415,0.8776978417266187
549,0.8,sigmoid,10.0,0.01,0.5748663101604278,0.6208869814020028,0.5295912141549726,0.7502160760587727,0.46956521739130436,0.5040650406504065,0.35942028985507246,0.8435374149659864,0.4737991266375546,0.5030927835051546,0.35260115606936415,0.8776978417266187
550,0.8,sigmoid,10.0,0.1,0.5748663101604278,0.6208869814020028,0.5295912141549726,0.7502160760587727,0.46956521739130436,0.5040650406504065,0.35942028985507246,0.8435374149659864,0.4737991266375546,0.5030927835051546,0.35260115606936415,0.8776978417266187
551,0.8,sigmoid,10.0,1,0.5748663101604278,0.6208869814020028,0.5295912141549726,0.7502160760587727,0.46956521739130436,0.5040650406504065,0.35942028985507246,0.8435374149659864,0.4737991266375546,0.5030927835051546,0.35260115606936415,0.8776978417266187
552,0.8,sigmoid,1.0,scale,0.5752673796791444,0.622818473228066,0.5296849757673667,0.7556900028810141,0.46956521739130436,0.5040650406504065,0.35942028985507246,0.8435374149659864,0.4781659388646288,0.5092402464065708,0.3563218390804598,0.8920863309352518
553,0.8,sigmoid,1.0,auto,0.5752673796791444,0.622818473228066,0.5296849757673667,0.7556900028810141,0.46956521739130436,0.5040650406504065,0.35942028985507246,0.8435374149659864,0.4781659388646288,0.5092402464065708,0.3563218390804598,0.8920863309352518
554,0.8,sigmoid,1.0,0.001,0.5752673796791444,0.622818473228066,0.5296849757673667,0.7556900028810141,0.46956521739130436,0.5040650406504065,0.35942028985507246,0.8435374149659864,0.4781659388646288,0.5092402464065708,0.3563218390804598,0.8920863309352518
555,0.8,sigmoid,1.0,0.01,0.5752673796791444,0.622818473228066,0.5296849757673667,0.7556900028810141,0.46956521739130436,0.5040650406504065,0.35942028985507246,0.8435374149659864,0.4781659388646288,0.5092402464065708,0.3563218390804598,0.8920863309352518
556,0.8,sigmoid,1.0,0.1,0.5752673796791444,0.622818473228066,0.5296849757673667,0.7556900028810141,0.46956521739130436,0.5040650406504065,0.35942028985507246,0.8435374149659864,0.4781659388646288,0.5092402464065708,0.3563218390804598,0.8920863309352518
557,0.8,sigmoid,1.0,1,0.5752673796791444,0.622818473228066,0.5296849757673667,0.7556900028810141,0.46956521739130436,0.5040650406504065,0.35942028985507246,0.8435374149659864,0.4781659388646288,0.5092402464065708,0.3563218390804598,0.8920863309352518
558,0.8,sigmoid,0.1,scale,0.575668449197861,0.6161103047895501,0.5309568480300187,0.7337942955920485,0.4717391304347826,0.505091649694501,0.36046511627906974,0.8435374149659864,0.4606986899563319,0.48434237995824636,0.3411764705882353,0.8345323741007195
559,0.8,sigmoid,0.1,auto,0.575668449197861,0.6161103047895501,0.5309568480300187,0.7337942955920485,0.4717391304347826,0.505091649694501,0.36046511627906974,0.8435374149659864,0.4606986899563319,0.48434237995824636,0.3411764705882353,0.8345323741007195
560,0.8,sigmoid,0.1,0.001,0.575668449197861,0.6161103047895501,0.5309568480300187,0.7337942955920485,0.4717391304347826,0.505091649694501,0.36046511627906974,0.8435374149659864,0.4606986899563319,0.48434237995824636,0.3411764705882353,0.8345323741007195
561,0.8,sigmoid,0.1,0.01,0.575668449197861,0.6161103047895501,0.5309568480300187,0.7337942955920485,0.4717391304347826,0.505091649694501,0.36046511627906974,0.8435374149659864,0.4606986899563319,0.48434237995824636,0.3411764705882353,0.8345323741007195
562,0.8,sigmoid,0.1,0.1,0.575668449197861,0.6161103047895501,0.5309568480300187,0.7337942955920485,0.4717391304347826,0.505091649694501,0.36046511627906974,0.8435374149659864,0.4606986899563319,0.48434237995824636,0.3411764705882353,0.8345323741007195
563,0.8,sigmoid,0.1,1,0.575668449197861,0.6161103047895501,0.5309568480300187,0.7337942955920485,0.4717391304347826,0.505091649694501,0.36046511627906974,0.8435374149659864,0.4606986899563319,0.48434237995824636,0.3411764705882353,0.8345323741007195
564,0.8,sigmoid,0.01,scale,0.6328877005347594,0.6168015629360871,0.5981055480378891,0.6367041198501873,0.5282608695652173,0.5209713024282561,0.38562091503267976,0.8027210884353742,0.5414847161572053,0.5116279069767442,0.37800687285223367,0.7913669064748201
565,0.8,sigmoid,0.01,auto,0.6328877005347594,0.6168015629360871,0.5981055480378891,0.6367041198501873,0.5282608695652173,0.5209713024282561,0.38562091503267976,0.8027210884353742,0.5414847161572053,0.5116279069767442,0.37800687285223367,0.7913669064748201
566,0.8,sigmoid,0.01,0.001,0.6328877005347594,0.6168015629360871,0.5981055480378891,0.6367041198501873,0.5282608695652173,0.5209713024282561,0.38562091503267976,0.8027210884353742,0.5414847161572053,0.5116279069767442,0.37800687285223367,0.7913669064748201
567,0.8,sigmoid,0.01,0.01,0.6328877005347594,0.6168015629360871,0.5981055480378891,0.6367041198501873,0.5282608695652173,0.5209713024282561,0.38562091503267976,0.8027210884353742,0.5414847161572053,0.5116279069767442,0.37800687285223367,0.7913669064748201
568,0.8,sigmoid,0.01,0.1,0.6328877005347594,0.6168015629360871,0.5981055480378891,0.6367041198501873,0.5282608695652173,0.5209713024282561,0.38562091503267976,0.8027210884353742,0.5414847161572053,0.5116279069767442,0.37800687285223367,0.7913669064748201
569,0.8,sigmoid,0.01,1,0.6328877005347594,0.6168015629360871,0.5981055480378891,0.6367041198501873,0.5282608695652173,0.5209713024282561,0.38562091503267976,0.8027210884353742,0.5414847161572053,0.5116279069767442,0.37800687285223367,0.7913669064748201
570,0.8,sigmoid,0.001,scale,0.631951871657754,0.6158783312404075,0.5971320346320347,0.6358398156150965,0.5282608695652173,0.5209713024282561,0.38562091503267976,0.8027210884353742,0.5436681222707423,0.5150812064965197,0.3801369863013699,0.7985611510791367
571,0.8,sigmoid,0.001,auto,0.631951871657754,0.6158783312404075,0.5971320346320347,0.6358398156150965,0.5282608695652173,0.5209713024282561,0.38562091503267976,0.8027210884353742,0.5436681222707423,0.5150812064965197,0.3801369863013699,0.7985611510791367
572,0.8,sigmoid,0.001,0.001,0.631951871657754,0.6158783312404075,0.5971320346320347,0.6358398156150965,0.5282608695652173,0.5209713024282561,0.38562091503267976,0.8027210884353742,0.5436681222707423,0.5150812064965197,0.3801369863013699,0.7985611510791367
573,0.8,sigmoid,0.001,0.01,0.631951871657754,0.6158783312404075,0.5971320346320347,0.6358398156150965,0.5282608695652173,0.5209713024282561,0.38562091503267976,0.8027210884353742,0.5436681222707423,0.5150812064965197,0.3801369863013699,0.7985611510791367
574,0.8,sigmoid,0.001,0.1,0.631951871657754,0.6158783312404075,0.5971320346320347,0.6358398156150965,0.5282608695652173,0.5209713024282561,0.38562091503267976,0.8027210884353742,0.5436681222707423,0.5150812064965197,0.3801369863013699,0.7985611510791367
575,0.8,sigmoid,0.001,1,0.631951871657754,0.6158783312404075,0.5971320346320347,0.6358398156150965,0.5282608695652173,0.5209713024282561,0.38562091503267976,0.8027210884353742,0.5436681222707423,0.5150812064965197,0.3801369863013699,0.7985611510791367
