SIM,PCA_components,kernel,C,gamma,acc_train,f1_train,prec_train,rec_train,acc_val,f1_val,prec_val,rec_val,acc_test,f1_test,prec_test,rec_test
0,no_pca,rbf,20.0,scale,0.8364565587734242,0.8365493757094211,0.8660399529964747,0.8090010976948409,0.7664233576642335,0.42857142857142855,0.34285714285714286,0.5714285714285714,0.7635135135135135,0.5333333333333333,0.4,0.8
1,no_pca,rbf,20.0,auto,0.8364565587734242,0.8365493757094211,0.8660399529964747,0.8090010976948409,0.7664233576642335,0.42857142857142855,0.34285714285714286,0.5714285714285714,0.7635135135135135,0.5333333333333333,0.4,0.8
2,no_pca,rbf,20.0,0.001,0.8364565587734242,0.8365493757094211,0.8660399529964747,0.8090010976948409,0.7664233576642335,0.42857142857142855,0.34285714285714286,0.5714285714285714,0.7635135135135135,0.5333333333333333,0.4,0.8
3,no_pca,rbf,20.0,0.01,0.8364565587734242,0.8365493757094211,0.8660399529964747,0.8090010976948409,0.7664233576642335,0.42857142857142855,0.34285714285714286,0.5714285714285714,0.7635135135135135,0.5333333333333333,0.4,0.8
4,no_pca,rbf,20.0,0.1,0.8364565587734242,0.8365493757094211,0.8660399529964747,0.8090010976948409,0.7664233576642335,0.42857142857142855,0.34285714285714286,0.5714285714285714,0.7635135135135135,0.5333333333333333,0.4,0.8
5,no_pca,rbf,20.0,1,0.8364565587734242,0.8365493757094211,0.8660399529964747,0.8090010976948409,0.7664233576642335,0.42857142857142855,0.34285714285714286,0.5714285714285714,0.7635135135135135,0.5333333333333333,0.4,0.8
6,no_pca,rbf,10.0,scale,0.8259511641113004,0.8273725711067305,0.849624060150376,0.8062568605927553,0.7299270072992701,0.39344262295081966,0.3,0.5714285714285714,0.7635135135135135,0.5454545454545454,0.40384615384615385,0.84
7,no_pca,rbf,10.0,auto,0.8259511641113004,0.8273725711067305,0.849624060150376,0.8062568605927553,0.7299270072992701,0.39344262295081966,0.3,0.5714285714285714,0.7635135135135135,0.5454545454545454,0.40384615384615385,0.84
8,no_pca,rbf,10.0,0.001,0.8259511641113004,0.8273725711067305,0.849624060150376,0.8062568605927553,0.7299270072992701,0.39344262295081966,0.3,0.5714285714285714,0.7635135135135135,0.5454545454545454,0.40384615384615385,0.84
9,no_pca,rbf,10.0,0.01,0.8259511641113004,0.8273725711067305,0.849624060150376,0.8062568605927553,0.7299270072992701,0.39344262295081966,0.3,0.5714285714285714,0.7635135135135135,0.5454545454545454,0.40384615384615385,0.84
10,no_pca,rbf,10.0,0.1,0.8259511641113004,0.8273725711067305,0.849624060150376,0.8062568605927553,0.7299270072992701,0.39344262295081966,0.3,0.5714285714285714,0.7635135135135135,0.5454545454545454,0.40384615384615385,0.84
11,no_pca,rbf,10.0,1,0.8259511641113004,0.8273725711067305,0.849624060150376,0.8062568605927553,0.7299270072992701,0.39344262295081966,0.3,0.5714285714285714,0.7635135135135135,0.5454545454545454,0.40384615384615385,0.84
12,no_pca,rbf,1.0,scale,0.7674616695059625,0.7554493878769782,0.8284217419777341,0.6942919868276619,0.7591240875912408,0.4,0.3235294117647059,0.5238095238095238,0.7635135135135135,0.47761194029850745,0.38095238095238093,0.64
13,no_pca,rbf,1.0,auto,0.7674616695059625,0.7554493878769782,0.8284217419777341,0.6942919868276619,0.7591240875912408,0.4,0.3235294117647059,0.5238095238095238,0.7635135135135135,0.47761194029850745,0.38095238095238093,0.64
14,no_pca,rbf,1.0,0.001,0.7674616695059625,0.7554493878769782,0.8284217419777341,0.6942919868276619,0.7591240875912408,0.4,0.3235294117647059,0.5238095238095238,0.7635135135135135,0.47761194029850745,0.38095238095238093,0.64
15,no_pca,rbf,1.0,0.01,0.7674616695059625,0.7554493878769782,0.8284217419777341,0.6942919868276619,0.7591240875912408,0.4,0.3235294117647059,0.5238095238095238,0.7635135135135135,0.47761194029850745,0.38095238095238093,0.64
16,no_pca,rbf,1.0,0.1,0.7674616695059625,0.7554493878769782,0.8284217419777341,0.6942919868276619,0.7591240875912408,0.4,0.3235294117647059,0.5238095238095238,0.7635135135135135,0.47761194029850745,0.38095238095238093,0.64
17,no_pca,rbf,1.0,1,0.7674616695059625,0.7554493878769782,0.8284217419777341,0.6942919868276619,0.7591240875912408,0.4,0.3235294117647059,0.5238095238095238,0.7635135135135135,0.47761194029850745,0.38095238095238093,0.64
18,no_pca,rbf,0.1,scale,0.6737649063032368,0.6231551328304362,0.7742461287693562,0.5214050493962679,0.7737226277372263,0.39215686274509803,0.3333333333333333,0.47619047619047616,0.8040540540540541,0.4727272727272727,0.43333333333333335,0.52
19,no_pca,rbf,0.1,auto,0.6737649063032368,0.6231551328304362,0.7742461287693562,0.5214050493962679,0.7737226277372263,0.39215686274509803,0.3333333333333333,0.47619047619047616,0.8040540540540541,0.4727272727272727,0.43333333333333335,0.52
20,no_pca,rbf,0.1,0.001,0.6737649063032368,0.6231551328304362,0.7742461287693562,0.5214050493962679,0.7737226277372263,0.39215686274509803,0.3333333333333333,0.47619047619047616,0.8040540540540541,0.4727272727272727,0.43333333333333335,0.52
21,no_pca,rbf,0.1,0.01,0.6737649063032368,0.6231551328304362,0.7742461287693562,0.5214050493962679,0.7737226277372263,0.39215686274509803,0.3333333333333333,0.47619047619047616,0.8040540540540541,0.4727272727272727,0.43333333333333335,0.52
22,no_pca,rbf,0.1,0.1,0.6737649063032368,0.6231551328304362,0.7742461287693562,0.5214050493962679,0.7737226277372263,0.39215686274509803,0.3333333333333333,0.47619047619047616,0.8040540540540541,0.4727272727272727,0.43333333333333335,0.52
23,no_pca,rbf,0.1,1,0.6737649063032368,0.6231551328304362,0.7742461287693562,0.5214050493962679,0.7737226277372263,0.39215686274509803,0.3333333333333333,0.47619047619047616,0.8040540540540541,0.4727272727272727,0.43333333333333335,0.52
24,no_pca,rbf,0.01,scale,0.6669505962521295,0.620019436345967,0.7565217391304347,0.5252469813391877,0.7372262773722628,0.35714285714285715,0.2857142857142857,0.47619047619047616,0.7094594594594594,0.39436619718309857,0.30434782608695654,0.56
25,no_pca,rbf,0.01,auto,0.6669505962521295,0.620019436345967,0.7565217391304347,0.5252469813391877,0.7372262773722628,0.35714285714285715,0.2857142857142857,0.47619047619047616,0.7094594594594594,0.39436619718309857,0.30434782608695654,0.56
26,no_pca,rbf,0.01,0.001,0.6669505962521295,0.620019436345967,0.7565217391304347,0.5252469813391877,0.7372262773722628,0.35714285714285715,0.2857142857142857,0.47619047619047616,0.7094594594594594,0.39436619718309857,0.30434782608695654,0.56
27,no_pca,rbf,0.01,0.01,0.6669505962521295,0.620019436345967,0.7565217391304347,0.5252469813391877,0.7372262773722628,0.35714285714285715,0.2857142857142857,0.47619047619047616,0.7094594594594594,0.39436619718309857,0.30434782608695654,0.56
28,no_pca,rbf,0.01,0.1,0.6669505962521295,0.620019436345967,0.7565217391304347,0.5252469813391877,0.7372262773722628,0.35714285714285715,0.2857142857142857,0.47619047619047616,0.7094594594594594,0.39436619718309857,0.30434782608695654,0.56
29,no_pca,rbf,0.01,1,0.6669505962521295,0.620019436345967,0.7565217391304347,0.5252469813391877,0.7372262773722628,0.35714285714285715,0.2857142857142857,0.47619047619047616,0.7094594594594594,0.39436619718309857,0.30434782608695654,0.56
30,no_pca,rbf,0.001,scale,0.5173197047132311,0.6818862275449101,0.5173197047132311,1.0,0.15328467153284672,0.26582278481012656,0.15328467153284672,1.0,0.16891891891891891,0.28901734104046245,0.16891891891891891,1.0
31,no_pca,rbf,0.001,auto,0.5173197047132311,0.6818862275449101,0.5173197047132311,1.0,0.15328467153284672,0.26582278481012656,0.15328467153284672,1.0,0.16891891891891891,0.28901734104046245,0.16891891891891891,1.0
32,no_pca,rbf,0.001,0.001,0.5173197047132311,0.6818862275449101,0.5173197047132311,1.0,0.15328467153284672,0.26582278481012656,0.15328467153284672,1.0,0.16891891891891891,0.28901734104046245,0.16891891891891891,1.0
33,no_pca,rbf,0.001,0.01,0.5173197047132311,0.6818862275449101,0.5173197047132311,1.0,0.15328467153284672,0.26582278481012656,0.15328467153284672,1.0,0.16891891891891891,0.28901734104046245,0.16891891891891891,1.0
34,no_pca,rbf,0.001,0.1,0.5173197047132311,0.6818862275449101,0.5173197047132311,1.0,0.15328467153284672,0.26582278481012656,0.15328467153284672,1.0,0.16891891891891891,0.28901734104046245,0.16891891891891891,1.0
35,no_pca,rbf,0.001,1,0.5173197047132311,0.6818862275449101,0.5173197047132311,1.0,0.15328467153284672,0.26582278481012656,0.15328467153284672,1.0,0.16891891891891891,0.28901734104046245,0.16891891891891891,1.0
36,no_pca,poly,20.0,scale,0.7342419080068143,0.6888297872340425,0.8735244519392917,0.5686059275521405,0.8248175182481752,0.4,0.42105263157894735,0.38095238095238093,0.7972972972972973,0.4,0.4,0.4
37,no_pca,poly,20.0,auto,0.7342419080068143,0.6888297872340425,0.8735244519392917,0.5686059275521405,0.8248175182481752,0.4,0.42105263157894735,0.38095238095238093,0.7972972972972973,0.4,0.4,0.4
38,no_pca,poly,20.0,0.001,0.7342419080068143,0.6888297872340425,0.8735244519392917,0.5686059275521405,0.8248175182481752,0.4,0.42105263157894735,0.38095238095238093,0.7972972972972973,0.4,0.4,0.4
39,no_pca,poly,20.0,0.01,0.7342419080068143,0.6888297872340425,0.8735244519392917,0.5686059275521405,0.8248175182481752,0.4,0.42105263157894735,0.38095238095238093,0.7972972972972973,0.4,0.4,0.4
40,no_pca,poly,20.0,0.1,0.7342419080068143,0.6888297872340425,0.8735244519392917,0.5686059275521405,0.8248175182481752,0.4,0.42105263157894735,0.38095238095238093,0.7972972972972973,0.4,0.4,0.4
41,no_pca,poly,20.0,1,0.7342419080068143,0.6888297872340425,0.8735244519392917,0.5686059275521405,0.8248175182481752,0.4,0.42105263157894735,0.38095238095238093,0.7972972972972973,0.4,0.4,0.4
42,no_pca,poly,10.0,scale,0.7325383304940375,0.6884920634920635,0.8660565723793677,0.5713501646542262,0.7956204379562044,0.36363636363636365,0.34782608695652173,0.38095238095238093,0.7972972972972973,0.4,0.4,0.4
43,no_pca,poly,10.0,auto,0.7325383304940375,0.6884920634920635,0.8660565723793677,0.5713501646542262,0.7956204379562044,0.36363636363636365,0.34782608695652173,0.38095238095238093,0.7972972972972973,0.4,0.4,0.4
44,no_pca,poly,10.0,0.001,0.7325383304940375,0.6884920634920635,0.8660565723793677,0.5713501646542262,0.7956204379562044,0.36363636363636365,0.34782608695652173,0.38095238095238093,0.7972972972972973,0.4,0.4,0.4
45,no_pca,poly,10.0,0.01,0.7325383304940375,0.6884920634920635,0.8660565723793677,0.5713501646542262,0.7956204379562044,0.36363636363636365,0.34782608695652173,0.38095238095238093,0.7972972972972973,0.4,0.4,0.4
46,no_pca,poly,10.0,0.1,0.7325383304940375,0.6884920634920635,0.8660565723793677,0.5713501646542262,0.7956204379562044,0.36363636363636365,0.34782608695652173,0.38095238095238093,0.7972972972972973,0.4,0.4,0.4
47,no_pca,poly,10.0,1,0.7325383304940375,0.6884920634920635,0.8660565723793677,0.5713501646542262,0.7956204379562044,0.36363636363636365,0.34782608695652173,0.38095238095238093,0.7972972972972973,0.4,0.4,0.4
48,no_pca,poly,1.0,scale,0.7166382737081204,0.6742819843342036,0.8317230273752013,0.5669593852908892,0.7737226277372263,0.3673469387755102,0.32142857142857145,0.42857142857142855,0.8040540540540541,0.4528301886792453,0.42857142857142855,0.48
49,no_pca,poly,1.0,auto,0.7166382737081204,0.6742819843342036,0.8317230273752013,0.5669593852908892,0.7737226277372263,0.3673469387755102,0.32142857142857145,0.42857142857142855,0.8040540540540541,0.4528301886792453,0.42857142857142855,0.48
50,no_pca,poly,1.0,0.001,0.7166382737081204,0.6742819843342036,0.8317230273752013,0.5669593852908892,0.7737226277372263,0.3673469387755102,0.32142857142857145,0.42857142857142855,0.8040540540540541,0.4528301886792453,0.42857142857142855,0.48
51,no_pca,poly,1.0,0.01,0.7166382737081204,0.6742819843342036,0.8317230273752013,0.5669593852908892,0.7737226277372263,0.3673469387755102,0.32142857142857145,0.42857142857142855,0.8040540540540541,0.4528301886792453,0.42857142857142855,0.48
52,no_pca,poly,1.0,0.1,0.7166382737081204,0.6742819843342036,0.8317230273752013,0.5669593852908892,0.7737226277372263,0.3673469387755102,0.32142857142857145,0.42857142857142855,0.8040540540540541,0.4528301886792453,0.42857142857142855,0.48
53,no_pca,poly,1.0,1,0.7166382737081204,0.6742819843342036,0.8317230273752013,0.5669593852908892,0.7737226277372263,0.3673469387755102,0.32142857142857145,0.42857142857142855,0.8040540540540541,0.4528301886792453,0.42857142857142855,0.48
54,no_pca,poly,0.1,scale,0.6876774559909142,0.6268656716417911,0.8206039076376554,0.5071350164654226,0.781021897810219,0.375,0.3333333333333333,0.42857142857142855,0.7364864864864865,0.36065573770491804,0.3055555555555556,0.44
55,no_pca,poly,0.1,auto,0.6876774559909142,0.6268656716417911,0.8206039076376554,0.5071350164654226,0.781021897810219,0.375,0.3333333333333333,0.42857142857142855,0.7364864864864865,0.36065573770491804,0.3055555555555556,0.44
56,no_pca,poly,0.1,0.001,0.6876774559909142,0.6268656716417911,0.8206039076376554,0.5071350164654226,0.781021897810219,0.375,0.3333333333333333,0.42857142857142855,0.7364864864864865,0.36065573770491804,0.3055555555555556,0.44
57,no_pca,poly,0.1,0.01,0.6876774559909142,0.6268656716417911,0.8206039076376554,0.5071350164654226,0.781021897810219,0.375,0.3333333333333333,0.42857142857142855,0.7364864864864865,0.36065573770491804,0.3055555555555556,0.44
58,no_pca,poly,0.1,0.1,0.6876774559909142,0.6268656716417911,0.8206039076376554,0.5071350164654226,0.781021897810219,0.375,0.3333333333333333,0.42857142857142855,0.7364864864864865,0.36065573770491804,0.3055555555555556,0.44
59,no_pca,poly,0.1,1,0.6876774559909142,0.6268656716417911,0.8206039076376554,0.5071350164654226,0.781021897810219,0.375,0.3333333333333333,0.42857142857142855,0.7364864864864865,0.36065573770491804,0.3055555555555556,0.44
60,no_pca,poly,0.01,scale,0.6433844406587166,0.5351591413767579,0.821590909090909,0.3968166849615807,0.8175182481751825,0.3902439024390244,0.4,0.38095238095238093,0.7567567567567568,0.3076923076923077,0.2962962962962963,0.32
61,no_pca,poly,0.01,auto,0.6433844406587166,0.5351591413767579,0.821590909090909,0.3968166849615807,0.8175182481751825,0.3902439024390244,0.4,0.38095238095238093,0.7567567567567568,0.3076923076923077,0.2962962962962963,0.32
62,no_pca,poly,0.01,0.001,0.6433844406587166,0.5351591413767579,0.821590909090909,0.3968166849615807,0.8175182481751825,0.3902439024390244,0.4,0.38095238095238093,0.7567567567567568,0.3076923076923077,0.2962962962962963,0.32
63,no_pca,poly,0.01,0.01,0.6433844406587166,0.5351591413767579,0.821590909090909,0.3968166849615807,0.8175182481751825,0.3902439024390244,0.4,0.38095238095238093,0.7567567567567568,0.3076923076923077,0.2962962962962963,0.32
64,no_pca,poly,0.01,0.1,0.6433844406587166,0.5351591413767579,0.821590909090909,0.3968166849615807,0.8175182481751825,0.3902439024390244,0.4,0.38095238095238093,0.7567567567567568,0.3076923076923077,0.2962962962962963,0.32
65,no_pca,poly,0.01,1,0.6433844406587166,0.5351591413767579,0.821590909090909,0.3968166849615807,0.8175182481751825,0.3902439024390244,0.4,0.38095238095238093,0.7567567567567568,0.3076923076923077,0.2962962962962963,0.32
66,no_pca,poly,0.001,scale,0.5954003407155025,0.40151196976060477,0.855098389982111,0.2623490669593853,0.8102189781021898,0.1875,0.2727272727272727,0.14285714285714285,0.7027027027027027,0.08333333333333333,0.08695652173913043,0.08
67,no_pca,poly,0.001,auto,0.5954003407155025,0.40151196976060477,0.855098389982111,0.2623490669593853,0.8102189781021898,0.1875,0.2727272727272727,0.14285714285714285,0.7027027027027027,0.08333333333333333,0.08695652173913043,0.08
68,no_pca,poly,0.001,0.001,0.5954003407155025,0.40151196976060477,0.855098389982111,0.2623490669593853,0.8102189781021898,0.1875,0.2727272727272727,0.14285714285714285,0.7027027027027027,0.08333333333333333,0.08695652173913043,0.08
69,no_pca,poly,0.001,0.01,0.5954003407155025,0.40151196976060477,0.855098389982111,0.2623490669593853,0.8102189781021898,0.1875,0.2727272727272727,0.14285714285714285,0.7027027027027027,0.08333333333333333,0.08695652173913043,0.08
70,no_pca,poly,0.001,0.1,0.5954003407155025,0.40151196976060477,0.855098389982111,0.2623490669593853,0.8102189781021898,0.1875,0.2727272727272727,0.14285714285714285,0.7027027027027027,0.08333333333333333,0.08695652173913043,0.08
71,no_pca,poly,0.001,1,0.5954003407155025,0.40151196976060477,0.855098389982111,0.2623490669593853,0.8102189781021898,0.1875,0.2727272727272727,0.14285714285714285,0.7027027027027027,0.08333333333333333,0.08695652173913043,0.08
72,no_pca,linear,20.0,scale,0.7180579216354344,0.6888122845502977,0.8027757487216947,0.6031833150384193,0.7591240875912408,0.4,0.3235294117647059,0.5238095238095238,0.7297297297297297,0.375,0.3076923076923077,0.48
73,no_pca,linear,20.0,auto,0.7180579216354344,0.6888122845502977,0.8027757487216947,0.6031833150384193,0.7591240875912408,0.4,0.3235294117647059,0.5238095238095238,0.7297297297297297,0.375,0.3076923076923077,0.48
74,no_pca,linear,20.0,0.001,0.7180579216354344,0.6888122845502977,0.8027757487216947,0.6031833150384193,0.7591240875912408,0.4,0.3235294117647059,0.5238095238095238,0.7297297297297297,0.375,0.3076923076923077,0.48
75,no_pca,linear,20.0,0.01,0.7180579216354344,0.6888122845502977,0.8027757487216947,0.6031833150384193,0.7591240875912408,0.4,0.3235294117647059,0.5238095238095238,0.7297297297297297,0.375,0.3076923076923077,0.48
76,no_pca,linear,20.0,0.1,0.7180579216354344,0.6888122845502977,0.8027757487216947,0.6031833150384193,0.7591240875912408,0.4,0.3235294117647059,0.5238095238095238,0.7297297297297297,0.375,0.3076923076923077,0.48
77,no_pca,linear,20.0,1,0.7180579216354344,0.6888122845502977,0.8027757487216947,0.6031833150384193,0.7591240875912408,0.4,0.3235294117647059,0.5238095238095238,0.7297297297297297,0.375,0.3076923076923077,0.48
78,no_pca,linear,10.0,scale,0.7101078932424759,0.6830176963675877,0.7862759113652609,0.6037321624588364,0.7591240875912408,0.4,0.3235294117647059,0.5238095238095238,0.722972972972973,0.36923076923076925,0.3,0.48
79,no_pca,linear,10.0,auto,0.7101078932424759,0.6830176963675877,0.7862759113652609,0.6037321624588364,0.7591240875912408,0.4,0.3235294117647059,0.5238095238095238,0.722972972972973,0.36923076923076925,0.3,0.48
80,no_pca,linear,10.0,0.001,0.7101078932424759,0.6830176963675877,0.7862759113652609,0.6037321624588364,0.7591240875912408,0.4,0.3235294117647059,0.5238095238095238,0.722972972972973,0.36923076923076925,0.3,0.48
81,no_pca,linear,10.0,0.01,0.7101078932424759,0.6830176963675877,0.7862759113652609,0.6037321624588364,0.7591240875912408,0.4,0.3235294117647059,0.5238095238095238,0.722972972972973,0.36923076923076925,0.3,0.48
82,no_pca,linear,10.0,0.1,0.7101078932424759,0.6830176963675877,0.7862759113652609,0.6037321624588364,0.7591240875912408,0.4,0.3235294117647059,0.5238095238095238,0.722972972972973,0.36923076923076925,0.3,0.48
83,no_pca,linear,10.0,1,0.7101078932424759,0.6830176963675877,0.7862759113652609,0.6037321624588364,0.7591240875912408,0.4,0.3235294117647059,0.5238095238095238,0.722972972972973,0.36923076923076925,0.3,0.48
84,no_pca,linear,1.0,scale,0.6737649063032368,0.6214168039538714,0.7774113767518549,0.5175631174533479,0.7664233576642335,0.38461538461538464,0.3225806451612903,0.47619047619047616,0.7432432432432432,0.3870967741935484,0.32432432432432434,0.48
85,no_pca,linear,1.0,auto,0.6737649063032368,0.6214168039538714,0.7774113767518549,0.5175631174533479,0.7664233576642335,0.38461538461538464,0.3225806451612903,0.47619047619047616,0.7432432432432432,0.3870967741935484,0.32432432432432434,0.48
86,no_pca,linear,1.0,0.001,0.6737649063032368,0.6214168039538714,0.7774113767518549,0.5175631174533479,0.7664233576642335,0.38461538461538464,0.3225806451612903,0.47619047619047616,0.7432432432432432,0.3870967741935484,0.32432432432432434,0.48
87,no_pca,linear,1.0,0.01,0.6737649063032368,0.6214168039538714,0.7774113767518549,0.5175631174533479,0.7664233576642335,0.38461538461538464,0.3225806451612903,0.47619047619047616,0.7432432432432432,0.3870967741935484,0.32432432432432434,0.48
88,no_pca,linear,1.0,0.1,0.6737649063032368,0.6214168039538714,0.7774113767518549,0.5175631174533479,0.7664233576642335,0.38461538461538464,0.3225806451612903,0.47619047619047616,0.7432432432432432,0.3870967741935484,0.32432432432432434,0.48
89,no_pca,linear,1.0,1,0.6737649063032368,0.6214168039538714,0.7774113767518549,0.5175631174533479,0.7664233576642335,0.38461538461538464,0.3225806451612903,0.47619047619047616,0.7432432432432432,0.3870967741935484,0.32432432432432434,0.48
90,no_pca,linear,0.1,scale,0.6570130607609312,0.5957161981258366,0.7632933104631218,0.4884742041712404,0.7518248175182481,0.34615384615384615,0.2903225806451613,0.42857142857142855,0.7162162162162162,0.34375,0.28205128205128205,0.44
91,no_pca,linear,0.1,auto,0.6570130607609312,0.5957161981258366,0.7632933104631218,0.4884742041712404,0.7518248175182481,0.34615384615384615,0.2903225806451613,0.42857142857142855,0.7162162162162162,0.34375,0.28205128205128205,0.44
92,no_pca,linear,0.1,0.001,0.6570130607609312,0.5957161981258366,0.7632933104631218,0.4884742041712404,0.7518248175182481,0.34615384615384615,0.2903225806451613,0.42857142857142855,0.7162162162162162,0.34375,0.28205128205128205,0.44
93,no_pca,linear,0.1,0.01,0.6570130607609312,0.5957161981258366,0.7632933104631218,0.4884742041712404,0.7518248175182481,0.34615384615384615,0.2903225806451613,0.42857142857142855,0.7162162162162162,0.34375,0.28205128205128205,0.44
94,no_pca,linear,0.1,0.1,0.6570130607609312,0.5957161981258366,0.7632933104631218,0.4884742041712404,0.7518248175182481,0.34615384615384615,0.2903225806451613,0.42857142857142855,0.7162162162162162,0.34375,0.28205128205128205,0.44
95,no_pca,linear,0.1,1,0.6570130607609312,0.5957161981258366,0.7632933104631218,0.4884742041712404,0.7518248175182481,0.34615384615384615,0.2903225806451613,0.42857142857142855,0.7162162162162162,0.34375,0.28205128205128205,0.44
96,no_pca,linear,0.01,scale,0.6669505962521295,0.6145251396648045,0.7657657657657657,0.513172338090011,0.7445255474452555,0.33962264150943394,0.28125,0.42857142857142855,0.7027027027027027,0.35294117647058826,0.27906976744186046,0.48
97,no_pca,linear,0.01,auto,0.6669505962521295,0.6145251396648045,0.7657657657657657,0.513172338090011,0.7445255474452555,0.33962264150943394,0.28125,0.42857142857142855,0.7027027027027027,0.35294117647058826,0.27906976744186046,0.48
98,no_pca,linear,0.01,0.001,0.6669505962521295,0.6145251396648045,0.7657657657657657,0.513172338090011,0.7445255474452555,0.33962264150943394,0.28125,0.42857142857142855,0.7027027027027027,0.35294117647058826,0.27906976744186046,0.48
99,no_pca,linear,0.01,0.01,0.6669505962521295,0.6145251396648045,0.7657657657657657,0.513172338090011,0.7445255474452555,0.33962264150943394,0.28125,0.42857142857142855,0.7027027027027027,0.35294117647058826,0.27906976744186046,0.48
100,no_pca,linear,0.01,0.1,0.6669505962521295,0.6145251396648045,0.7657657657657657,0.513172338090011,0.7445255474452555,0.33962264150943394,0.28125,0.42857142857142855,0.7027027027027027,0.35294117647058826,0.27906976744186046,0.48
101,no_pca,linear,0.01,1,0.6669505962521295,0.6145251396648045,0.7657657657657657,0.513172338090011,0.7445255474452555,0.33962264150943394,0.28125,0.42857142857142855,0.7027027027027027,0.35294117647058826,0.27906976744186046,0.48
102,no_pca,linear,0.001,scale,0.6655309483248154,0.61628664495114,0.7580128205128205,0.5192096597145993,0.7372262773722628,0.3333333333333333,0.2727272727272727,0.42857142857142855,0.6959459459459459,0.34782608695652173,0.2727272727272727,0.48
103,no_pca,linear,0.001,auto,0.6655309483248154,0.61628664495114,0.7580128205128205,0.5192096597145993,0.7372262773722628,0.3333333333333333,0.2727272727272727,0.42857142857142855,0.6959459459459459,0.34782608695652173,0.2727272727272727,0.48
104,no_pca,linear,0.001,0.001,0.6655309483248154,0.61628664495114,0.7580128205128205,0.5192096597145993,0.7372262773722628,0.3333333333333333,0.2727272727272727,0.42857142857142855,0.6959459459459459,0.34782608695652173,0.2727272727272727,0.48
105,no_pca,linear,0.001,0.01,0.6655309483248154,0.61628664495114,0.7580128205128205,0.5192096597145993,0.7372262773722628,0.3333333333333333,0.2727272727272727,0.42857142857142855,0.6959459459459459,0.34782608695652173,0.2727272727272727,0.48
106,no_pca,linear,0.001,0.1,0.6655309483248154,0.61628664495114,0.7580128205128205,0.5192096597145993,0.7372262773722628,0.3333333333333333,0.2727272727272727,0.42857142857142855,0.6959459459459459,0.34782608695652173,0.2727272727272727,0.48
107,no_pca,linear,0.001,1,0.6655309483248154,0.61628664495114,0.7580128205128205,0.5192096597145993,0.7372262773722628,0.3333333333333333,0.2727272727272727,0.42857142857142855,0.6959459459459459,0.34782608695652173,0.2727272727272727,0.48
108,no_pca,sigmoid,20.0,scale,0.644236229415105,0.6512663512385194,0.6606437041219649,0.6421514818880352,0.6058394160583942,0.3076923076923077,0.21052631578947367,0.5714285714285714,0.6824324324324325,0.4835164835164835,0.3333333333333333,0.88
109,no_pca,sigmoid,20.0,auto,0.644236229415105,0.6512663512385194,0.6606437041219649,0.6421514818880352,0.6058394160583942,0.3076923076923077,0.21052631578947367,0.5714285714285714,0.6824324324324325,0.4835164835164835,0.3333333333333333,0.88
110,no_pca,sigmoid,20.0,0.001,0.644236229415105,0.6512663512385194,0.6606437041219649,0.6421514818880352,0.6058394160583942,0.3076923076923077,0.21052631578947367,0.5714285714285714,0.6824324324324325,0.4835164835164835,0.3333333333333333,0.88
111,no_pca,sigmoid,20.0,0.01,0.644236229415105,0.6512663512385194,0.6606437041219649,0.6421514818880352,0.6058394160583942,0.3076923076923077,0.21052631578947367,0.5714285714285714,0.6824324324324325,0.4835164835164835,0.3333333333333333,0.88
112,no_pca,sigmoid,20.0,0.1,0.644236229415105,0.6512663512385194,0.6606437041219649,0.6421514818880352,0.6058394160583942,0.3076923076923077,0.21052631578947367,0.5714285714285714,0.6824324324324325,0.4835164835164835,0.3333333333333333,0.88
113,no_pca,sigmoid,20.0,1,0.644236229415105,0.6512663512385194,0.6606437041219649,0.6421514818880352,0.6058394160583942,0.3076923076923077,0.21052631578947367,0.5714285714285714,0.6824324324324325,0.4835164835164835,0.3333333333333333,0.88
114,no_pca,sigmoid,10.0,scale,0.6448040885860307,0.6516290726817042,0.6613906161673262,0.6421514818880352,0.6058394160583942,0.3076923076923077,0.21052631578947367,0.5714285714285714,0.6824324324324325,0.4835164835164835,0.3333333333333333,0.88
115,no_pca,sigmoid,10.0,auto,0.6448040885860307,0.6516290726817042,0.6613906161673262,0.6421514818880352,0.6058394160583942,0.3076923076923077,0.21052631578947367,0.5714285714285714,0.6824324324324325,0.4835164835164835,0.3333333333333333,0.88
116,no_pca,sigmoid,10.0,0.001,0.6448040885860307,0.6516290726817042,0.6613906161673262,0.6421514818880352,0.6058394160583942,0.3076923076923077,0.21052631578947367,0.5714285714285714,0.6824324324324325,0.4835164835164835,0.3333333333333333,0.88
117,no_pca,sigmoid,10.0,0.01,0.6448040885860307,0.6516290726817042,0.6613906161673262,0.6421514818880352,0.6058394160583942,0.3076923076923077,0.21052631578947367,0.5714285714285714,0.6824324324324325,0.4835164835164835,0.3333333333333333,0.88
118,no_pca,sigmoid,10.0,0.1,0.6448040885860307,0.6516290726817042,0.6613906161673262,0.6421514818880352,0.6058394160583942,0.3076923076923077,0.21052631578947367,0.5714285714285714,0.6824324324324325,0.4835164835164835,0.3333333333333333,0.88
119,no_pca,sigmoid,10.0,1,0.6448040885860307,0.6516290726817042,0.6613906161673262,0.6421514818880352,0.6058394160583942,0.3076923076923077,0.21052631578947367,0.5714285714285714,0.6824324324324325,0.4835164835164835,0.3333333333333333,0.88
120,no_pca,sigmoid,1.0,scale,0.6448040885860307,0.6516290726817042,0.6613906161673262,0.6421514818880352,0.6058394160583942,0.3076923076923077,0.21052631578947367,0.5714285714285714,0.6824324324324325,0.4835164835164835,0.3333333333333333,0.88
121,no_pca,sigmoid,1.0,auto,0.6448040885860307,0.6516290726817042,0.6613906161673262,0.6421514818880352,0.6058394160583942,0.3076923076923077,0.21052631578947367,0.5714285714285714,0.6824324324324325,0.4835164835164835,0.3333333333333333,0.88
122,no_pca,sigmoid,1.0,0.001,0.6448040885860307,0.6516290726817042,0.6613906161673262,0.6421514818880352,0.6058394160583942,0.3076923076923077,0.21052631578947367,0.5714285714285714,0.6824324324324325,0.4835164835164835,0.3333333333333333,0.88
123,no_pca,sigmoid,1.0,0.01,0.6448040885860307,0.6516290726817042,0.6613906161673262,0.6421514818880352,0.6058394160583942,0.3076923076923077,0.21052631578947367,0.5714285714285714,0.6824324324324325,0.4835164835164835,0.3333333333333333,0.88
124,no_pca,sigmoid,1.0,0.1,0.6448040885860307,0.6516290726817042,0.6613906161673262,0.6421514818880352,0.6058394160583942,0.3076923076923077,0.21052631578947367,0.5714285714285714,0.6824324324324325,0.4835164835164835,0.3333333333333333,0.88
125,no_pca,sigmoid,1.0,1,0.6448040885860307,0.6516290726817042,0.6613906161673262,0.6421514818880352,0.6058394160583942,0.3076923076923077,0.21052631578947367,0.5714285714285714,0.6824324324324325,0.4835164835164835,0.3333333333333333,0.88
126,no_pca,sigmoid,0.1,scale,0.606473594548552,0.6298076923076923,0.613423517169615,0.6470911086717892,0.5693430656934306,0.33707865168539325,0.22058823529411764,0.7142857142857143,0.6216216216216216,0.45098039215686275,0.2987012987012987,0.92
127,no_pca,sigmoid,0.1,auto,0.606473594548552,0.6298076923076923,0.613423517169615,0.6470911086717892,0.5693430656934306,0.33707865168539325,0.22058823529411764,0.7142857142857143,0.6216216216216216,0.45098039215686275,0.2987012987012987,0.92
128,no_pca,sigmoid,0.1,0.001,0.606473594548552,0.6298076923076923,0.613423517169615,0.6470911086717892,0.5693430656934306,0.33707865168539325,0.22058823529411764,0.7142857142857143,0.6216216216216216,0.45098039215686275,0.2987012987012987,0.92
129,no_pca,sigmoid,0.1,0.01,0.606473594548552,0.6298076923076923,0.613423517169615,0.6470911086717892,0.5693430656934306,0.33707865168539325,0.22058823529411764,0.7142857142857143,0.6216216216216216,0.45098039215686275,0.2987012987012987,0.92
130,no_pca,sigmoid,0.1,0.1,0.606473594548552,0.6298076923076923,0.613423517169615,0.6470911086717892,0.5693430656934306,0.33707865168539325,0.22058823529411764,0.7142857142857143,0.6216216216216216,0.45098039215686275,0.2987012987012987,0.92
131,no_pca,sigmoid,0.1,1,0.606473594548552,0.6298076923076923,0.613423517169615,0.6470911086717892,0.5693430656934306,0.33707865168539325,0.22058823529411764,0.7142857142857143,0.6216216216216216,0.45098039215686275,0.2987012987012987,0.92
132,no_pca,sigmoid,0.01,scale,0.6274843838727996,0.650319829424307,0.6321243523316062,0.6695938529088913,0.5474452554744526,0.29545454545454547,0.19402985074626866,0.6190476190476191,0.5540540540540541,0.35294117647058826,0.23376623376623376,0.72
133,no_pca,sigmoid,0.01,auto,0.6274843838727996,0.650319829424307,0.6321243523316062,0.6695938529088913,0.5474452554744526,0.29545454545454547,0.19402985074626866,0.6190476190476191,0.5540540540540541,0.35294117647058826,0.23376623376623376,0.72
134,no_pca,sigmoid,0.01,0.001,0.6274843838727996,0.650319829424307,0.6321243523316062,0.6695938529088913,0.5474452554744526,0.29545454545454547,0.19402985074626866,0.6190476190476191,0.5540540540540541,0.35294117647058826,0.23376623376623376,0.72
135,no_pca,sigmoid,0.01,0.01,0.6274843838727996,0.650319829424307,0.6321243523316062,0.6695938529088913,0.5474452554744526,0.29545454545454547,0.19402985074626866,0.6190476190476191,0.5540540540540541,0.35294117647058826,0.23376623376623376,0.72
136,no_pca,sigmoid,0.01,0.1,0.6274843838727996,0.650319829424307,0.6321243523316062,0.6695938529088913,0.5474452554744526,0.29545454545454547,0.19402985074626866,0.6190476190476191,0.5540540540540541,0.35294117647058826,0.23376623376623376,0.72
137,no_pca,sigmoid,0.01,1,0.6274843838727996,0.650319829424307,0.6321243523316062,0.6695938529088913,0.5474452554744526,0.29545454545454547,0.19402985074626866,0.6190476190476191,0.5540540540540541,0.35294117647058826,0.23376623376623376,0.72
138,no_pca,sigmoid,0.001,scale,0.5173197047132311,0.6818862275449101,0.5173197047132311,1.0,0.15328467153284672,0.26582278481012656,0.15328467153284672,1.0,0.16891891891891891,0.28901734104046245,0.16891891891891891,1.0
139,no_pca,sigmoid,0.001,auto,0.5173197047132311,0.6818862275449101,0.5173197047132311,1.0,0.15328467153284672,0.26582278481012656,0.15328467153284672,1.0,0.16891891891891891,0.28901734104046245,0.16891891891891891,1.0
140,no_pca,sigmoid,0.001,0.001,0.5173197047132311,0.6818862275449101,0.5173197047132311,1.0,0.15328467153284672,0.26582278481012656,0.15328467153284672,1.0,0.16891891891891891,0.28901734104046245,0.16891891891891891,1.0
141,no_pca,sigmoid,0.001,0.01,0.5173197047132311,0.6818862275449101,0.5173197047132311,1.0,0.15328467153284672,0.26582278481012656,0.15328467153284672,1.0,0.16891891891891891,0.28901734104046245,0.16891891891891891,1.0
142,no_pca,sigmoid,0.001,0.1,0.5173197047132311,0.6818862275449101,0.5173197047132311,1.0,0.15328467153284672,0.26582278481012656,0.15328467153284672,1.0,0.16891891891891891,0.28901734104046245,0.16891891891891891,1.0
143,no_pca,sigmoid,0.001,1,0.5173197047132311,0.6818862275449101,0.5173197047132311,1.0,0.15328467153284672,0.26582278481012656,0.15328467153284672,1.0,0.16891891891891891,0.28901734104046245,0.16891891891891891,1.0
144,0.95,rbf,20.0,scale,0.8097671777399205,0.804208065458796,0.86,0.7552140504939627,0.781021897810219,0.4230769230769231,0.3548387096774194,0.5238095238095238,0.777027027027027,0.547945205479452,0.4166666666666667,0.8
145,0.95,rbf,20.0,auto,0.8029528676888131,0.7964809384164223,0.8551637279596978,0.7453347969264544,0.781021897810219,0.4,0.3448275862068966,0.47619047619047616,0.7702702702702703,0.5405405405405406,0.40816326530612246,0.8
146,0.95,rbf,20.0,0.001,0.8029528676888131,0.7964809384164223,0.8551637279596978,0.7453347969264544,0.781021897810219,0.4,0.3448275862068966,0.47619047619047616,0.7702702702702703,0.5405405405405406,0.40816326530612246,0.8
147,0.95,rbf,20.0,0.01,0.8029528676888131,0.7964809384164223,0.8551637279596978,0.7453347969264544,0.781021897810219,0.4,0.3448275862068966,0.47619047619047616,0.7702702702702703,0.5405405405405406,0.40816326530612246,0.8
148,0.95,rbf,20.0,0.1,0.8029528676888131,0.7964809384164223,0.8551637279596978,0.7453347969264544,0.781021897810219,0.4,0.3448275862068966,0.47619047619047616,0.7702702702702703,0.5405405405405406,0.40816326530612246,0.8
149,0.95,rbf,20.0,1,0.8029528676888131,0.7964809384164223,0.8551637279596978,0.7453347969264544,0.781021897810219,0.4,0.3448275862068966,0.47619047619047616,0.7702702702702703,0.5405405405405406,0.40816326530612246,0.8
150,0.95,rbf,10.0,scale,0.793015332197615,0.7837436962325719,0.8528082633957392,0.7250274423710209,0.7664233576642335,0.38461538461538464,0.3225806451612903,0.47619047619047616,0.777027027027027,0.5352112676056338,0.41304347826086957,0.76
151,0.95,rbf,10.0,auto,0.793015332197615,0.7837436962325719,0.8528082633957392,0.7250274423710209,0.7664233576642335,0.38461538461538464,0.3225806451612903,0.47619047619047616,0.777027027027027,0.5352112676056338,0.41304347826086957,0.76
152,0.95,rbf,10.0,0.001,0.793015332197615,0.7837436962325719,0.8528082633957392,0.7250274423710209,0.7664233576642335,0.38461538461538464,0.3225806451612903,0.47619047619047616,0.777027027027027,0.5352112676056338,0.41304347826086957,0.76
153,0.95,rbf,10.0,0.01,0.793015332197615,0.7837436962325719,0.8528082633957392,0.7250274423710209,0.7664233576642335,0.38461538461538464,0.3225806451612903,0.47619047619047616,0.777027027027027,0.5352112676056338,0.41304347826086957,0.76
154,0.95,rbf,10.0,0.1,0.793015332197615,0.7837436962325719,0.8528082633957392,0.7250274423710209,0.7664233576642335,0.38461538461538464,0.3225806451612903,0.47619047619047616,0.777027027027027,0.5352112676056338,0.41304347826086957,0.76
155,0.95,rbf,10.0,1,0.793015332197615,0.7837436962325719,0.8528082633957392,0.7250274423710209,0.7664233576642335,0.38461538461538464,0.3225806451612903,0.47619047619047616,0.777027027027027,0.5352112676056338,0.41304347826086957,0.76
156,0.95,rbf,1.0,scale,0.7538330494037478,0.7418874665078893,0.8106701366297983,0.6838638858397366,0.7591240875912408,0.4,0.3235294117647059,0.5238095238095238,0.7364864864864865,0.43478260869565216,0.3409090909090909,0.6
157,0.95,rbf,1.0,auto,0.7538330494037478,0.7418874665078893,0.8106701366297983,0.6838638858397366,0.7591240875912408,0.4,0.3235294117647059,0.5238095238095238,0.7364864864864865,0.43478260869565216,0.3409090909090909,0.6
158,0.95,rbf,1.0,0.001,0.7538330494037478,0.7418874665078893,0.8106701366297983,0.6838638858397366,0.7591240875912408,0.4,0.3235294117647059,0.5238095238095238,0.7364864864864865,0.43478260869565216,0.3409090909090909,0.6
159,0.95,rbf,1.0,0.01,0.7538330494037478,0.7418874665078893,0.8106701366297983,0.6838638858397366,0.7591240875912408,0.4,0.3235294117647059,0.5238095238095238,0.7364864864864865,0.43478260869565216,0.3409090909090909,0.6
160,0.95,rbf,1.0,0.1,0.7538330494037478,0.7418874665078893,0.8106701366297983,0.6838638858397366,0.7591240875912408,0.4,0.3235294117647059,0.5238095238095238,0.7364864864864865,0.43478260869565216,0.3409090909090909,0.6
161,0.95,rbf,1.0,1,0.7538330494037478,0.7418874665078893,0.8106701366297983,0.6838638858397366,0.7591240875912408,0.4,0.3235294117647059,0.5238095238095238,0.7364864864864865,0.43478260869565216,0.3409090909090909,0.6
162,0.95,rbf,0.1,scale,0.6683702441794435,0.6222509702457956,0.75748031496063,0.5279912184412733,0.7445255474452555,0.38596491228070173,0.3055555555555556,0.5238095238095238,0.777027027027027,0.45901639344262296,0.3888888888888889,0.56
163,0.95,rbf,0.1,auto,0.6683702441794435,0.6222509702457956,0.75748031496063,0.5279912184412733,0.7445255474452555,0.38596491228070173,0.3055555555555556,0.5238095238095238,0.777027027027027,0.45901639344262296,0.3888888888888889,0.56
164,0.95,rbf,0.1,0.001,0.6683702441794435,0.6222509702457956,0.75748031496063,0.5279912184412733,0.7445255474452555,0.38596491228070173,0.3055555555555556,0.5238095238095238,0.777027027027027,0.45901639344262296,0.3888888888888889,0.56
165,0.95,rbf,0.1,0.01,0.6683702441794435,0.6222509702457956,0.75748031496063,0.5279912184412733,0.7445255474452555,0.38596491228070173,0.3055555555555556,0.5238095238095238,0.777027027027027,0.45901639344262296,0.3888888888888889,0.56
166,0.95,rbf,0.1,0.1,0.6683702441794435,0.6222509702457956,0.75748031496063,0.5279912184412733,0.7445255474452555,0.38596491228070173,0.3055555555555556,0.5238095238095238,0.777027027027027,0.45901639344262296,0.3888888888888889,0.56
167,0.95,rbf,0.1,1,0.6683702441794435,0.6222509702457956,0.75748031496063,0.5279912184412733,0.7445255474452555,0.38596491228070173,0.3055555555555556,0.5238095238095238,0.777027027027027,0.45901639344262296,0.3888888888888889,0.56
168,0.95,rbf,0.01,scale,0.6672345258375922,0.6149802890932983,0.7659574468085106,0.5137211855104281,0.7445255474452555,0.33962264150943394,0.28125,0.42857142857142855,0.6959459459459459,0.34782608695652173,0.2727272727272727,0.48
169,0.95,rbf,0.01,auto,0.6672345258375922,0.6149802890932983,0.7659574468085106,0.5137211855104281,0.7445255474452555,0.33962264150943394,0.28125,0.42857142857142855,0.6959459459459459,0.34782608695652173,0.2727272727272727,0.48
170,0.95,rbf,0.01,0.001,0.6672345258375922,0.6149802890932983,0.7659574468085106,0.5137211855104281,0.7445255474452555,0.33962264150943394,0.28125,0.42857142857142855,0.6959459459459459,0.34782608695652173,0.2727272727272727,0.48
171,0.95,rbf,0.01,0.01,0.6672345258375922,0.6149802890932983,0.7659574468085106,0.5137211855104281,0.7445255474452555,0.33962264150943394,0.28125,0.42857142857142855,0.6959459459459459,0.34782608695652173,0.2727272727272727,0.48
172,0.95,rbf,0.01,0.1,0.6672345258375922,0.6149802890932983,0.7659574468085106,0.5137211855104281,0.7445255474452555,0.33962264150943394,0.28125,0.42857142857142855,0.6959459459459459,0.34782608695652173,0.2727272727272727,0.48
173,0.95,rbf,0.01,1,0.6672345258375922,0.6149802890932983,0.7659574468085106,0.5137211855104281,0.7445255474452555,0.33962264150943394,0.28125,0.42857142857142855,0.6959459459459459,0.34782608695652173,0.2727272727272727,0.48
174,0.95,rbf,0.001,scale,0.5173197047132311,0.6818862275449101,0.5173197047132311,1.0,0.15328467153284672,0.26582278481012656,0.15328467153284672,1.0,0.16891891891891891,0.28901734104046245,0.16891891891891891,1.0
175,0.95,rbf,0.001,auto,0.5173197047132311,0.6818862275449101,0.5173197047132311,1.0,0.15328467153284672,0.26582278481012656,0.15328467153284672,1.0,0.16891891891891891,0.28901734104046245,0.16891891891891891,1.0
176,0.95,rbf,0.001,0.001,0.5173197047132311,0.6818862275449101,0.5173197047132311,1.0,0.15328467153284672,0.26582278481012656,0.15328467153284672,1.0,0.16891891891891891,0.28901734104046245,0.16891891891891891,1.0
177,0.95,rbf,0.001,0.01,0.5173197047132311,0.6818862275449101,0.5173197047132311,1.0,0.15328467153284672,0.26582278481012656,0.15328467153284672,1.0,0.16891891891891891,0.28901734104046245,0.16891891891891891,1.0
178,0.95,rbf,0.001,0.1,0.5173197047132311,0.6818862275449101,0.5173197047132311,1.0,0.15328467153284672,0.26582278481012656,0.15328467153284672,1.0,0.16891891891891891,0.28901734104046245,0.16891891891891891,1.0
179,0.95,rbf,0.001,1,0.5173197047132311,0.6818862275449101,0.5173197047132311,1.0,0.15328467153284672,0.26582278481012656,0.15328467153284672,1.0,0.16891891891891891,0.28901734104046245,0.16891891891891891,1.0
180,0.95,poly,20.0,scale,0.6768881317433276,0.6219269102990034,0.7878787878787878,0.5137211855104281,0.7445255474452555,0.3137254901960784,0.26666666666666666,0.38095238095238093,0.7972972972972973,0.4827586206896552,0.42424242424242425,0.56
181,0.95,poly,20.0,auto,0.6768881317433276,0.6219269102990034,0.7878787878787878,0.5137211855104281,0.7445255474452555,0.3137254901960784,0.26666666666666666,0.38095238095238093,0.7972972972972973,0.4827586206896552,0.42424242424242425,0.56
182,0.95,poly,20.0,0.001,0.6768881317433276,0.6219269102990034,0.7878787878787878,0.5137211855104281,0.7445255474452555,0.3137254901960784,0.26666666666666666,0.38095238095238093,0.7972972972972973,0.4827586206896552,0.42424242424242425,0.56
183,0.95,poly,20.0,0.01,0.6768881317433276,0.6219269102990034,0.7878787878787878,0.5137211855104281,0.7445255474452555,0.3137254901960784,0.26666666666666666,0.38095238095238093,0.7972972972972973,0.4827586206896552,0.42424242424242425,0.56
184,0.95,poly,20.0,0.1,0.6768881317433276,0.6219269102990034,0.7878787878787878,0.5137211855104281,0.7445255474452555,0.3137254901960784,0.26666666666666666,0.38095238095238093,0.7972972972972973,0.4827586206896552,0.42424242424242425,0.56
185,0.95,poly,20.0,1,0.6768881317433276,0.6219269102990034,0.7878787878787878,0.5137211855104281,0.7445255474452555,0.3137254901960784,0.26666666666666666,0.38095238095238093,0.7972972972972973,0.4827586206896552,0.42424242424242425,0.56
186,0.95,poly,10.0,scale,0.6686541737649063,0.6217179902755268,0.7593032462391133,0.526344676180022,0.7007299270072993,0.2807017543859649,0.2222222222222222,0.38095238095238093,0.7905405405405406,0.4745762711864407,0.4117647058823529,0.56
187,0.95,poly,10.0,auto,0.6686541737649063,0.6217179902755268,0.7593032462391133,0.526344676180022,0.7007299270072993,0.2807017543859649,0.2222222222222222,0.38095238095238093,0.7905405405405406,0.4745762711864407,0.4117647058823529,0.56
188,0.95,poly,10.0,0.001,0.6686541737649063,0.6217179902755268,0.7593032462391133,0.526344676180022,0.7007299270072993,0.2807017543859649,0.2222222222222222,0.38095238095238093,0.7905405405405406,0.4745762711864407,0.4117647058823529,0.56
189,0.95,poly,10.0,0.01,0.6771720613287905,0.6228855721393035,0.7870913663034367,0.5153677277716795,0.7445255474452555,0.3137254901960784,0.26666666666666666,0.38095238095238093,0.7972972972972973,0.4827586206896552,0.42424242424242425,0.56
190,0.95,poly,10.0,0.1,0.6771720613287905,0.6228855721393035,0.7870913663034367,0.5153677277716795,0.7445255474452555,0.3137254901960784,0.26666666666666666,0.38095238095238093,0.7972972972972973,0.4827586206896552,0.42424242424242425,0.56
191,0.95,poly,10.0,1,0.6686541737649063,0.6217179902755268,0.7593032462391133,0.526344676180022,0.7007299270072993,0.2807017543859649,0.2222222222222222,0.38095238095238093,0.7905405405405406,0.4745762711864407,0.4117647058823529,0.56
192,0.95,poly,1.0,scale,0.6908006814310051,0.64283371597245,0.7986960065199674,0.5378704720087816,0.7445255474452555,0.3137254901960784,0.26666666666666666,0.38095238095238093,0.8040540540540541,0.5084745762711864,0.4411764705882353,0.6
193,0.95,poly,1.0,auto,0.6908006814310051,0.64283371597245,0.7986960065199674,0.5378704720087816,0.7445255474452555,0.3137254901960784,0.26666666666666666,0.38095238095238093,0.8040540540540541,0.5084745762711864,0.4411764705882353,0.6
194,0.95,poly,1.0,0.001,0.6908006814310051,0.64283371597245,0.7986960065199674,0.5378704720087816,0.7445255474452555,0.3137254901960784,0.26666666666666666,0.38095238095238093,0.8040540540540541,0.5084745762711864,0.4411764705882353,0.6
195,0.95,poly,1.0,0.01,0.6908006814310051,0.64283371597245,0.7986960065199674,0.5378704720087816,0.7445255474452555,0.3137254901960784,0.26666666666666666,0.38095238095238093,0.8040540540540541,0.5084745762711864,0.4411764705882353,0.6
196,0.95,poly,1.0,0.1,0.6908006814310051,0.64283371597245,0.7986960065199674,0.5378704720087816,0.7445255474452555,0.3137254901960784,0.26666666666666666,0.38095238095238093,0.8040540540540541,0.5084745762711864,0.4411764705882353,0.6
197,0.95,poly,1.0,1,0.6908006814310051,0.64283371597245,0.7986960065199674,0.5378704720087816,0.7445255474452555,0.3137254901960784,0.26666666666666666,0.38095238095238093,0.8040540540540541,0.5084745762711864,0.4411764705882353,0.6
198,0.95,poly,0.1,scale,0.674900624645088,0.6164154103852596,0.7910576096302665,0.5049396267837541,0.7445255474452555,0.3137254901960784,0.26666666666666666,0.38095238095238093,0.7162162162162162,0.36363636363636365,0.2926829268292683,0.48
199,0.95,poly,0.1,auto,0.674900624645088,0.6164154103852596,0.7910576096302665,0.5049396267837541,0.7445255474452555,0.3137254901960784,0.26666666666666666,0.38095238095238093,0.7162162162162162,0.36363636363636365,0.2926829268292683,0.48
200,0.95,poly,0.1,0.001,0.674900624645088,0.6164154103852596,0.7910576096302665,0.5049396267837541,0.7445255474452555,0.3137254901960784,0.26666666666666666,0.38095238095238093,0.7162162162162162,0.36363636363636365,0.2926829268292683,0.48
201,0.95,poly,0.1,0.01,0.674900624645088,0.6164154103852596,0.7910576096302665,0.5049396267837541,0.7445255474452555,0.3137254901960784,0.26666666666666666,0.38095238095238093,0.7162162162162162,0.36363636363636365,0.2926829268292683,0.48
202,0.95,poly,0.1,0.1,0.674900624645088,0.6164154103852596,0.7910576096302665,0.5049396267837541,0.7445255474452555,0.3137254901960784,0.26666666666666666,0.38095238095238093,0.7162162162162162,0.36363636363636365,0.2926829268292683,0.48
203,0.95,poly,0.1,1,0.674900624645088,0.6164154103852596,0.7910576096302665,0.5049396267837541,0.7445255474452555,0.3137254901960784,0.26666666666666666,0.38095238095238093,0.7162162162162162,0.36363636363636365,0.2926829268292683,0.48
204,0.95,poly,0.01,scale,0.6203861442362294,0.48077669902912623,0.8220451527224436,0.3397365532381998,0.7883211678832117,0.2564102564102564,0.2777777777777778,0.23809523809523808,0.7162162162162162,0.16,0.16,0.16
205,0.95,poly,0.01,auto,0.6203861442362294,0.48077669902912623,0.8220451527224436,0.3397365532381998,0.7883211678832117,0.2564102564102564,0.2777777777777778,0.23809523809523808,0.7162162162162162,0.16,0.16,0.16
206,0.95,poly,0.01,0.001,0.6203861442362294,0.48077669902912623,0.8220451527224436,0.3397365532381998,0.7883211678832117,0.2564102564102564,0.2777777777777778,0.23809523809523808,0.7162162162162162,0.16,0.16,0.16
207,0.95,poly,0.01,0.01,0.6203861442362294,0.48077669902912623,0.8220451527224436,0.3397365532381998,0.7883211678832117,0.2564102564102564,0.2777777777777778,0.23809523809523808,0.7162162162162162,0.16,0.16,0.16
208,0.95,poly,0.01,0.1,0.6203861442362294,0.48077669902912623,0.8220451527224436,0.3397365532381998,0.7883211678832117,0.2564102564102564,0.2777777777777778,0.23809523809523808,0.7162162162162162,0.16,0.16,0.16
209,0.95,poly,0.01,1,0.6203861442362294,0.48077669902912623,0.8220451527224436,0.3397365532381998,0.7883211678832117,0.2564102564102564,0.2777777777777778,0.23809523809523808,0.7162162162162162,0.16,0.16,0.16
210,0.95,poly,0.001,scale,0.5891538898353208,0.37223427331887204,0.8881987577639752,0.23545554335894622,0.8321167883211679,0.20689655172413793,0.375,0.14285714285714285,0.7905405405405406,0.11428571428571428,0.2,0.08
211,0.95,poly,0.001,auto,0.5891538898353208,0.37223427331887204,0.8881987577639752,0.23545554335894622,0.8321167883211679,0.20689655172413793,0.375,0.14285714285714285,0.7905405405405406,0.11428571428571428,0.2,0.08
212,0.95,poly,0.001,0.001,0.5891538898353208,0.37223427331887204,0.8881987577639752,0.23545554335894622,0.8321167883211679,0.20689655172413793,0.375,0.14285714285714285,0.7905405405405406,0.11428571428571428,0.2,0.08
213,0.95,poly,0.001,0.01,0.5891538898353208,0.37223427331887204,0.8881987577639752,0.23545554335894622,0.8321167883211679,0.20689655172413793,0.375,0.14285714285714285,0.7905405405405406,0.11428571428571428,0.2,0.08
214,0.95,poly,0.001,0.1,0.5891538898353208,0.37223427331887204,0.8881987577639752,0.23545554335894622,0.8321167883211679,0.20689655172413793,0.375,0.14285714285714285,0.7905405405405406,0.11428571428571428,0.2,0.08
215,0.95,poly,0.001,1,0.5891538898353208,0.37223427331887204,0.8881987577639752,0.23545554335894622,0.8321167883211679,0.20689655172413793,0.375,0.14285714285714285,0.7905405405405406,0.11428571428571428,0.2,0.08
216,0.95,linear,20.0,scale,0.6686541737649063,0.617251557887832,0.7669111654441728,0.5164654226125137,0.7445255474452555,0.33962264150943394,0.28125,0.42857142857142855,0.6959459459459459,0.34782608695652173,0.2727272727272727,0.48
217,0.95,linear,20.0,auto,0.6686541737649063,0.617251557887832,0.7669111654441728,0.5164654226125137,0.7445255474452555,0.33962264150943394,0.28125,0.42857142857142855,0.6959459459459459,0.34782608695652173,0.2727272727272727,0.48
218,0.95,linear,20.0,0.001,0.6686541737649063,0.617251557887832,0.7669111654441728,0.5164654226125137,0.7445255474452555,0.33962264150943394,0.28125,0.42857142857142855,0.6959459459459459,0.34782608695652173,0.2727272727272727,0.48
219,0.95,linear,20.0,0.01,0.6686541737649063,0.617251557887832,0.7669111654441728,0.5164654226125137,0.7445255474452555,0.33962264150943394,0.28125,0.42857142857142855,0.6959459459459459,0.34782608695652173,0.2727272727272727,0.48
220,0.95,linear,20.0,0.1,0.6686541737649063,0.617251557887832,0.7669111654441728,0.5164654226125137,0.7445255474452555,0.33962264150943394,0.28125,0.42857142857142855,0.6959459459459459,0.34782608695652173,0.2727272727272727,0.48
221,0.95,linear,20.0,1,0.6686541737649063,0.617251557887832,0.7669111654441728,0.5164654226125137,0.7445255474452555,0.33962264150943394,0.28125,0.42857142857142855,0.6959459459459459,0.34782608695652173,0.2727272727272727,0.48
222,0.95,linear,10.0,scale,0.6805792163543442,0.6278531260337413,0.7901748542880933,0.5208562019758507,0.7518248175182481,0.37037037037037035,0.30303030303030304,0.47619047619047616,0.7027027027027027,0.35294117647058826,0.27906976744186046,0.48
223,0.95,linear,10.0,auto,0.6805792163543442,0.6278531260337413,0.7901748542880933,0.5208562019758507,0.7518248175182481,0.37037037037037035,0.30303030303030304,0.47619047619047616,0.7027027027027027,0.35294117647058826,0.27906976744186046,0.48
224,0.95,linear,10.0,0.001,0.6805792163543442,0.6278531260337413,0.7901748542880933,0.5208562019758507,0.7518248175182481,0.37037037037037035,0.30303030303030304,0.47619047619047616,0.7027027027027027,0.35294117647058826,0.27906976744186046,0.48
225,0.95,linear,10.0,0.01,0.6805792163543442,0.6278531260337413,0.7901748542880933,0.5208562019758507,0.7518248175182481,0.37037037037037035,0.30303030303030304,0.47619047619047616,0.7027027027027027,0.35294117647058826,0.27906976744186046,0.48
226,0.95,linear,10.0,0.1,0.6805792163543442,0.6278531260337413,0.7901748542880933,0.5208562019758507,0.7518248175182481,0.37037037037037035,0.30303030303030304,0.47619047619047616,0.7027027027027027,0.35294117647058826,0.27906976744186046,0.48
227,0.95,linear,10.0,1,0.6805792163543442,0.6278531260337413,0.7901748542880933,0.5208562019758507,0.7518248175182481,0.37037037037037035,0.30303030303030304,0.47619047619047616,0.7027027027027027,0.35294117647058826,0.27906976744186046,0.48
228,0.95,linear,1.0,scale,0.6669505962521295,0.6172920065252855,0.7610619469026548,0.5192096597145993,0.7518248175182481,0.37037037037037035,0.30303030303030304,0.47619047619047616,0.6959459459459459,0.34782608695652173,0.2727272727272727,0.48
229,0.95,linear,1.0,auto,0.6669505962521295,0.6172920065252855,0.7610619469026548,0.5192096597145993,0.7518248175182481,0.37037037037037035,0.30303030303030304,0.47619047619047616,0.6959459459459459,0.34782608695652173,0.2727272727272727,0.48
230,0.95,linear,1.0,0.001,0.6669505962521295,0.6172920065252855,0.7610619469026548,0.5192096597145993,0.7518248175182481,0.37037037037037035,0.30303030303030304,0.47619047619047616,0.6959459459459459,0.34782608695652173,0.2727272727272727,0.48
231,0.95,linear,1.0,0.01,0.6669505962521295,0.6172920065252855,0.7610619469026548,0.5192096597145993,0.7518248175182481,0.37037037037037035,0.30303030303030304,0.47619047619047616,0.6959459459459459,0.34782608695652173,0.2727272727272727,0.48
232,0.95,linear,1.0,0.1,0.6669505962521295,0.6172920065252855,0.7610619469026548,0.5192096597145993,0.7518248175182481,0.37037037037037035,0.30303030303030304,0.47619047619047616,0.6959459459459459,0.34782608695652173,0.2727272727272727,0.48
233,0.95,linear,1.0,1,0.6669505962521295,0.6172920065252855,0.7610619469026548,0.5192096597145993,0.7518248175182481,0.37037037037037035,0.30303030303030304,0.47619047619047616,0.6959459459459459,0.34782608695652173,0.2727272727272727,0.48
234,0.95,linear,0.1,scale,0.6700738216922203,0.6162483487450462,0.7736318407960199,0.5120746432491767,0.7445255474452555,0.33962264150943394,0.28125,0.42857142857142855,0.6959459459459459,0.34782608695652173,0.2727272727272727,0.48
235,0.95,linear,0.1,auto,0.6700738216922203,0.6162483487450462,0.7736318407960199,0.5120746432491767,0.7445255474452555,0.33962264150943394,0.28125,0.42857142857142855,0.6959459459459459,0.34782608695652173,0.2727272727272727,0.48
236,0.95,linear,0.1,0.001,0.6700738216922203,0.6162483487450462,0.7736318407960199,0.5120746432491767,0.7445255474452555,0.33962264150943394,0.28125,0.42857142857142855,0.6959459459459459,0.34782608695652173,0.2727272727272727,0.48
237,0.95,linear,0.1,0.01,0.6700738216922203,0.6162483487450462,0.7736318407960199,0.5120746432491767,0.7445255474452555,0.33962264150943394,0.28125,0.42857142857142855,0.6959459459459459,0.34782608695652173,0.2727272727272727,0.48
238,0.95,linear,0.1,0.1,0.6700738216922203,0.6162483487450462,0.7736318407960199,0.5120746432491767,0.7445255474452555,0.33962264150943394,0.28125,0.42857142857142855,0.6959459459459459,0.34782608695652173,0.2727272727272727,0.48
239,0.95,linear,0.1,1,0.6700738216922203,0.6162483487450462,0.7736318407960199,0.5120746432491767,0.7445255474452555,0.33962264150943394,0.28125,0.42857142857142855,0.6959459459459459,0.34782608695652173,0.2727272727272727,0.48
240,0.95,linear,0.01,scale,0.6802952867688813,0.6293614219881501,0.7861842105263158,0.5246981339187706,0.7518248175182481,0.37037037037037035,0.30303030303030304,0.47619047619047616,0.7162162162162162,0.4,0.3111111111111111,0.56
241,0.95,linear,0.01,auto,0.6802952867688813,0.6293614219881501,0.7861842105263158,0.5246981339187706,0.7518248175182481,0.37037037037037035,0.30303030303030304,0.47619047619047616,0.7162162162162162,0.4,0.3111111111111111,0.56
242,0.95,linear,0.01,0.001,0.6802952867688813,0.6293614219881501,0.7861842105263158,0.5246981339187706,0.7518248175182481,0.37037037037037035,0.30303030303030304,0.47619047619047616,0.7162162162162162,0.4,0.3111111111111111,0.56
243,0.95,linear,0.01,0.01,0.6802952867688813,0.6293614219881501,0.7861842105263158,0.5246981339187706,0.7518248175182481,0.37037037037037035,0.30303030303030304,0.47619047619047616,0.7162162162162162,0.4,0.3111111111111111,0.56
244,0.95,linear,0.01,0.1,0.6802952867688813,0.6293614219881501,0.7861842105263158,0.5246981339187706,0.7518248175182481,0.37037037037037035,0.30303030303030304,0.47619047619047616,0.7162162162162162,0.4,0.3111111111111111,0.56
245,0.95,linear,0.01,1,0.6802952867688813,0.6293614219881501,0.7861842105263158,0.5246981339187706,0.7518248175182481,0.37037037037037035,0.30303030303030304,0.47619047619047616,0.7162162162162162,0.4,0.3111111111111111,0.56
246,0.95,linear,0.001,scale,0.578648495173197,0.3882934872217642,0.7798013245033113,0.25850713501646544,0.8029197080291971,0.22857142857142856,0.2857142857142857,0.19047619047619047,0.7027027027027027,0.15384615384615385,0.14814814814814814,0.16
247,0.95,linear,0.001,auto,0.578648495173197,0.3882934872217642,0.7798013245033113,0.25850713501646544,0.8029197080291971,0.22857142857142856,0.2857142857142857,0.19047619047619047,0.7027027027027027,0.15384615384615385,0.14814814814814814,0.16
248,0.95,linear,0.001,0.001,0.578648495173197,0.3882934872217642,0.7798013245033113,0.25850713501646544,0.8029197080291971,0.22857142857142856,0.2857142857142857,0.19047619047619047,0.7027027027027027,0.15384615384615385,0.14814814814814814,0.16
249,0.95,linear,0.001,0.01,0.578648495173197,0.3882934872217642,0.7798013245033113,0.25850713501646544,0.8029197080291971,0.22857142857142856,0.2857142857142857,0.19047619047619047,0.7027027027027027,0.15384615384615385,0.14814814814814814,0.16
250,0.95,linear,0.001,0.1,0.578648495173197,0.3882934872217642,0.7798013245033113,0.25850713501646544,0.8029197080291971,0.22857142857142856,0.2857142857142857,0.19047619047619047,0.7027027027027027,0.15384615384615385,0.14814814814814814,0.16
251,0.95,linear,0.001,1,0.578648495173197,0.3882934872217642,0.7798013245033113,0.25850713501646544,0.8029197080291971,0.22857142857142856,0.2857142857142857,0.19047619047619047,0.7027027027027027,0.15384615384615385,0.14814814814814814,0.16
252,0.95,sigmoid,20.0,scale,0.5508233957978421,0.5625,0.5668896321070234,0.5581778265642151,0.5474452554744526,0.27906976744186046,0.18461538461538463,0.5714285714285714,0.5135135135135135,0.32075471698113206,0.20987654320987653,0.68
253,0.95,sigmoid,20.0,auto,0.5508233957978421,0.5625,0.5668896321070234,0.5581778265642151,0.5474452554744526,0.27906976744186046,0.18461538461538463,0.5714285714285714,0.5135135135135135,0.32075471698113206,0.20987654320987653,0.68
254,0.95,sigmoid,20.0,0.001,0.5508233957978421,0.5625,0.5668896321070234,0.5581778265642151,0.5474452554744526,0.27906976744186046,0.18461538461538463,0.5714285714285714,0.5135135135135135,0.32075471698113206,0.20987654320987653,0.68
255,0.95,sigmoid,20.0,0.01,0.5508233957978421,0.5625,0.5668896321070234,0.5581778265642151,0.5474452554744526,0.27906976744186046,0.18461538461538463,0.5714285714285714,0.5135135135135135,0.32075471698113206,0.20987654320987653,0.68
256,0.95,sigmoid,20.0,0.1,0.5508233957978421,0.5625,0.5668896321070234,0.5581778265642151,0.5474452554744526,0.27906976744186046,0.18461538461538463,0.5714285714285714,0.5135135135135135,0.32075471698113206,0.20987654320987653,0.68
257,0.95,sigmoid,20.0,1,0.5508233957978421,0.5625,0.5668896321070234,0.5581778265642151,0.5474452554744526,0.27906976744186046,0.18461538461538463,0.5714285714285714,0.5135135135135135,0.32075471698113206,0.20987654320987653,0.68
258,0.95,sigmoid,10.0,scale,0.48268029528676887,0.48501978518937255,0.5,0.47091108671789245,0.49635036496350365,0.2247191011235955,0.14705882352941177,0.47619047619047616,0.4527027027027027,0.2702702702702703,0.1744186046511628,0.6
259,0.95,sigmoid,10.0,auto,0.48268029528676887,0.48501978518937255,0.5,0.47091108671789245,0.49635036496350365,0.2247191011235955,0.14705882352941177,0.47619047619047616,0.4527027027027027,0.2702702702702703,0.1744186046511628,0.6
260,0.95,sigmoid,10.0,0.001,0.48268029528676887,0.48501978518937255,0.5,0.47091108671789245,0.49635036496350365,0.2247191011235955,0.14705882352941177,0.47619047619047616,0.4527027027027027,0.2702702702702703,0.1744186046511628,0.6
261,0.95,sigmoid,10.0,0.01,0.48268029528676887,0.48501978518937255,0.5,0.47091108671789245,0.49635036496350365,0.2247191011235955,0.14705882352941177,0.47619047619047616,0.4527027027027027,0.2702702702702703,0.1744186046511628,0.6
262,0.95,sigmoid,10.0,0.1,0.48268029528676887,0.48501978518937255,0.5,0.47091108671789245,0.49635036496350365,0.2247191011235955,0.14705882352941177,0.47619047619047616,0.4527027027027027,0.2702702702702703,0.1744186046511628,0.6
263,0.95,sigmoid,10.0,1,0.48268029528676887,0.48501978518937255,0.5,0.47091108671789245,0.49635036496350365,0.2247191011235955,0.14705882352941177,0.47619047619047616,0.4527027027027027,0.2702702702702703,0.1744186046511628,0.6
264,0.95,sigmoid,1.0,scale,0.5746734809767178,0.5873278236914601,0.5896017699115044,0.5850713501646543,0.5620437956204379,0.3023255813953488,0.2,0.6190476190476191,0.5608108108108109,0.32989690721649484,0.2222222222222222,0.64
265,0.95,sigmoid,1.0,auto,0.5746734809767178,0.5873278236914601,0.5896017699115044,0.5850713501646543,0.5620437956204379,0.3023255813953488,0.2,0.6190476190476191,0.5608108108108109,0.32989690721649484,0.2222222222222222,0.64
266,0.95,sigmoid,1.0,0.001,0.5746734809767178,0.5873278236914601,0.5896017699115044,0.5850713501646543,0.5620437956204379,0.3023255813953488,0.2,0.6190476190476191,0.5608108108108109,0.32989690721649484,0.2222222222222222,0.64
267,0.95,sigmoid,1.0,0.01,0.5746734809767178,0.5873278236914601,0.5896017699115044,0.5850713501646543,0.5620437956204379,0.3023255813953488,0.2,0.6190476190476191,0.5608108108108109,0.32989690721649484,0.2222222222222222,0.64
268,0.95,sigmoid,1.0,0.1,0.5746734809767178,0.5873278236914601,0.5896017699115044,0.5850713501646543,0.5620437956204379,0.3023255813953488,0.2,0.6190476190476191,0.5608108108108109,0.32989690721649484,0.2222222222222222,0.64
269,0.95,sigmoid,1.0,1,0.5746734809767178,0.5873278236914601,0.5896017699115044,0.5850713501646543,0.5620437956204379,0.3023255813953488,0.2,0.6190476190476191,0.5608108108108109,0.32989690721649484,0.2222222222222222,0.64
270,0.95,sigmoid,0.1,scale,0.5971039182282794,0.5252592840414855,0.6726649528706083,0.4308452250274424,0.7007299270072993,0.2807017543859649,0.2222222222222222,0.38095238095238093,0.6418918918918919,0.3291139240506329,0.24074074074074073,0.52
271,0.95,sigmoid,0.1,auto,0.5971039182282794,0.5252592840414855,0.6726649528706083,0.4308452250274424,0.7007299270072993,0.2807017543859649,0.2222222222222222,0.38095238095238093,0.6418918918918919,0.3291139240506329,0.24074074074074073,0.52
272,0.95,sigmoid,0.1,0.001,0.5971039182282794,0.5252592840414855,0.6726649528706083,0.4308452250274424,0.7007299270072993,0.2807017543859649,0.2222222222222222,0.38095238095238093,0.6418918918918919,0.3291139240506329,0.24074074074074073,0.52
273,0.95,sigmoid,0.1,0.01,0.5971039182282794,0.5252592840414855,0.6726649528706083,0.4308452250274424,0.7007299270072993,0.2807017543859649,0.2222222222222222,0.38095238095238093,0.6418918918918919,0.3291139240506329,0.24074074074074073,0.52
274,0.95,sigmoid,0.1,0.1,0.5971039182282794,0.5252592840414855,0.6726649528706083,0.4308452250274424,0.7007299270072993,0.2807017543859649,0.2222222222222222,0.38095238095238093,0.6418918918918919,0.3291139240506329,0.24074074074074073,0.52
275,0.95,sigmoid,0.1,1,0.5971039182282794,0.5252592840414855,0.6726649528706083,0.4308452250274424,0.7007299270072993,0.2807017543859649,0.2222222222222222,0.38095238095238093,0.6418918918918919,0.3291139240506329,0.24074074074074073,0.52
276,0.95,sigmoid,0.01,scale,0.6533219761499148,0.6187948798001873,0.717595944967415,0.5439077936333699,0.6861313868613139,0.3384615384615385,0.25,0.5238095238095238,0.6756756756756757,0.4,0.2909090909090909,0.64
277,0.95,sigmoid,0.01,auto,0.6533219761499148,0.6187948798001873,0.717595944967415,0.5439077936333699,0.6861313868613139,0.3384615384615385,0.25,0.5238095238095238,0.6756756756756757,0.4,0.2909090909090909,0.64
278,0.95,sigmoid,0.01,0.001,0.6533219761499148,0.6187948798001873,0.717595944967415,0.5439077936333699,0.6861313868613139,0.3384615384615385,0.25,0.5238095238095238,0.6756756756756757,0.4,0.2909090909090909,0.64
279,0.95,sigmoid,0.01,0.01,0.6533219761499148,0.6187948798001873,0.717595944967415,0.5439077936333699,0.6861313868613139,0.3384615384615385,0.25,0.5238095238095238,0.6756756756756757,0.4,0.2909090909090909,0.64
280,0.95,sigmoid,0.01,0.1,0.6533219761499148,0.6187948798001873,0.717595944967415,0.5439077936333699,0.6861313868613139,0.3384615384615385,0.25,0.5238095238095238,0.6756756756756757,0.4,0.2909090909090909,0.64
281,0.95,sigmoid,0.01,1,0.6533219761499148,0.6187948798001873,0.717595944967415,0.5439077936333699,0.6861313868613139,0.3384615384615385,0.25,0.5238095238095238,0.6756756756756757,0.4,0.2909090909090909,0.64
282,0.95,sigmoid,0.001,scale,0.5698466780238501,0.6744036105738234,0.5542211232779937,0.8611416026344676,0.34306569343065696,0.27419354838709675,0.1650485436893204,0.8095238095238095,0.3310810810810811,0.32653061224489793,0.19672131147540983,0.96
283,0.95,sigmoid,0.001,auto,0.5698466780238501,0.6744036105738234,0.5542211232779937,0.8611416026344676,0.34306569343065696,0.27419354838709675,0.1650485436893204,0.8095238095238095,0.3310810810810811,0.32653061224489793,0.19672131147540983,0.96
284,0.95,sigmoid,0.001,0.001,0.5698466780238501,0.6744036105738234,0.5542211232779937,0.8611416026344676,0.34306569343065696,0.27419354838709675,0.1650485436893204,0.8095238095238095,0.3310810810810811,0.32653061224489793,0.19672131147540983,0.96
285,0.95,sigmoid,0.001,0.01,0.5698466780238501,0.6744036105738234,0.5542211232779937,0.8611416026344676,0.34306569343065696,0.27419354838709675,0.1650485436893204,0.8095238095238095,0.3310810810810811,0.32653061224489793,0.19672131147540983,0.96
286,0.95,sigmoid,0.001,0.1,0.5698466780238501,0.6744036105738234,0.5542211232779937,0.8611416026344676,0.34306569343065696,0.27419354838709675,0.1650485436893204,0.8095238095238095,0.3310810810810811,0.32653061224489793,0.19672131147540983,0.96
287,0.95,sigmoid,0.001,1,0.5698466780238501,0.6744036105738234,0.5542211232779937,0.8611416026344676,0.34306569343065696,0.27419354838709675,0.1650485436893204,0.8095238095238095,0.3310810810810811,0.32653061224489793,0.19672131147540983,0.96
288,0.9,rbf,20.0,scale,0.7177739920499716,0.7158376214979989,0.747016706443914,0.6871569703622393,0.7737226277372263,0.4745762711864407,0.3684210526315789,0.6666666666666666,0.7027027027027027,0.45,0.32727272727272727,0.72
289,0.9,rbf,20.0,auto,0.7177739920499716,0.7158376214979989,0.747016706443914,0.6871569703622393,0.7737226277372263,0.4745762711864407,0.3684210526315789,0.6666666666666666,0.7027027027027027,0.45,0.32727272727272727,0.72
290,0.9,rbf,20.0,0.001,0.7177739920499716,0.7158376214979989,0.747016706443914,0.6871569703622393,0.7737226277372263,0.4745762711864407,0.3684210526315789,0.6666666666666666,0.7027027027027027,0.45,0.32727272727272727,0.72
291,0.9,rbf,20.0,0.01,0.7177739920499716,0.7158376214979989,0.747016706443914,0.6871569703622393,0.7737226277372263,0.4745762711864407,0.3684210526315789,0.6666666666666666,0.7027027027027027,0.45,0.32727272727272727,0.72
292,0.9,rbf,20.0,0.1,0.7177739920499716,0.7158376214979989,0.747016706443914,0.6871569703622393,0.7737226277372263,0.4745762711864407,0.3684210526315789,0.6666666666666666,0.7027027027027027,0.45,0.32727272727272727,0.72
293,0.9,rbf,20.0,1,0.7177739920499716,0.7158376214979989,0.747016706443914,0.6871569703622393,0.7737226277372263,0.4745762711864407,0.3684210526315789,0.6666666666666666,0.7027027027027027,0.45,0.32727272727272727,0.72
294,0.9,rbf,10.0,scale,0.7183418512208972,0.7180216031836271,0.7446933962264151,0.6931942919868277,0.7226277372262774,0.40625,0.3023255813953488,0.6190476190476191,0.7094594594594594,0.45569620253164556,0.3333333333333333,0.72
295,0.9,rbf,10.0,auto,0.7183418512208972,0.7180216031836271,0.7446933962264151,0.6931942919868277,0.7226277372262774,0.40625,0.3023255813953488,0.6190476190476191,0.7094594594594594,0.45569620253164556,0.3333333333333333,0.72
296,0.9,rbf,10.0,0.001,0.7183418512208972,0.7180216031836271,0.7446933962264151,0.6931942919868277,0.7226277372262774,0.40625,0.3023255813953488,0.6190476190476191,0.7094594594594594,0.45569620253164556,0.3333333333333333,0.72
297,0.9,rbf,10.0,0.01,0.7183418512208972,0.7180216031836271,0.7446933962264151,0.6931942919868277,0.7226277372262774,0.40625,0.3023255813953488,0.6190476190476191,0.7094594594594594,0.45569620253164556,0.3333333333333333,0.72
298,0.9,rbf,10.0,0.1,0.7183418512208972,0.7180216031836271,0.7446933962264151,0.6931942919868277,0.7226277372262774,0.40625,0.3023255813953488,0.6190476190476191,0.7094594594594594,0.45569620253164556,0.3333333333333333,0.72
299,0.9,rbf,10.0,1,0.7183418512208972,0.7180216031836271,0.7446933962264151,0.6931942919868277,0.7226277372262774,0.40625,0.3023255813953488,0.6190476190476191,0.7094594594594594,0.45569620253164556,0.3333333333333333,0.72
300,0.9,rbf,1.0,scale,0.6754684838160137,0.6163141993957704,0.7934312878133103,0.5038419319429198,0.7664233576642335,0.36,0.3103448275862069,0.42857142857142855,0.777027027027027,0.42105263157894735,0.375,0.48
301,0.9,rbf,1.0,auto,0.6754684838160137,0.6163141993957704,0.7934312878133103,0.5038419319429198,0.7664233576642335,0.36,0.3103448275862069,0.42857142857142855,0.777027027027027,0.42105263157894735,0.375,0.48
302,0.9,rbf,1.0,0.001,0.6754684838160137,0.6163141993957704,0.7934312878133103,0.5038419319429198,0.7664233576642335,0.36,0.3103448275862069,0.42857142857142855,0.777027027027027,0.42105263157894735,0.375,0.48
303,0.9,rbf,1.0,0.01,0.6754684838160137,0.6163141993957704,0.7934312878133103,0.5038419319429198,0.7664233576642335,0.36,0.3103448275862069,0.42857142857142855,0.777027027027027,0.42105263157894735,0.375,0.48
304,0.9,rbf,1.0,0.1,0.6754684838160137,0.6163141993957704,0.7934312878133103,0.5038419319429198,0.7664233576642335,0.36,0.3103448275862069,0.42857142857142855,0.777027027027027,0.42105263157894735,0.375,0.48
305,0.9,rbf,1.0,1,0.6754684838160137,0.6163141993957704,0.7934312878133103,0.5038419319429198,0.7664233576642335,0.36,0.3103448275862069,0.42857142857142855,0.777027027027027,0.42105263157894735,0.375,0.48
306,0.9,rbf,0.1,scale,0.6669505962521295,0.6190321532965248,0.7581543357199682,0.5230515916575192,0.7372262773722628,0.35714285714285715,0.2857142857142857,0.47619047619047616,0.7094594594594594,0.39436619718309857,0.30434782608695654,0.56
307,0.9,rbf,0.1,auto,0.6669505962521295,0.6190321532965248,0.7581543357199682,0.5230515916575192,0.7372262773722628,0.35714285714285715,0.2857142857142857,0.47619047619047616,0.7094594594594594,0.39436619718309857,0.30434782608695654,0.56
308,0.9,rbf,0.1,0.001,0.6669505962521295,0.6190321532965248,0.7581543357199682,0.5230515916575192,0.7372262773722628,0.35714285714285715,0.2857142857142857,0.47619047619047616,0.7094594594594594,0.39436619718309857,0.30434782608695654,0.56
309,0.9,rbf,0.1,0.01,0.6669505962521295,0.6190321532965248,0.7581543357199682,0.5230515916575192,0.7372262773722628,0.35714285714285715,0.2857142857142857,0.47619047619047616,0.7094594594594594,0.39436619718309857,0.30434782608695654,0.56
310,0.9,rbf,0.1,0.1,0.6669505962521295,0.6190321532965248,0.7581543357199682,0.5230515916575192,0.7372262773722628,0.35714285714285715,0.2857142857142857,0.47619047619047616,0.7094594594594594,0.39436619718309857,0.30434782608695654,0.56
311,0.9,rbf,0.1,1,0.6669505962521295,0.6190321532965248,0.7581543357199682,0.5230515916575192,0.7372262773722628,0.35714285714285715,0.2857142857142857,0.47619047619047616,0.7094594594594594,0.39436619718309857,0.30434782608695654,0.56
312,0.9,rbf,0.01,scale,0.6760363429869393,0.645321728318309,0.7440860215053764,0.5697036223929748,0.708029197080292,0.3548387096774194,0.2682926829268293,0.5238095238095238,0.6756756756756757,0.4,0.2909090909090909,0.64
313,0.9,rbf,0.01,auto,0.6760363429869393,0.645321728318309,0.7440860215053764,0.5697036223929748,0.708029197080292,0.3548387096774194,0.2682926829268293,0.5238095238095238,0.6756756756756757,0.4,0.2909090909090909,0.64
314,0.9,rbf,0.01,0.001,0.6760363429869393,0.645321728318309,0.7440860215053764,0.5697036223929748,0.708029197080292,0.3548387096774194,0.2682926829268293,0.5238095238095238,0.6756756756756757,0.4,0.2909090909090909,0.64
315,0.9,rbf,0.01,0.01,0.6760363429869393,0.645321728318309,0.7440860215053764,0.5697036223929748,0.708029197080292,0.3548387096774194,0.2682926829268293,0.5238095238095238,0.6756756756756757,0.4,0.2909090909090909,0.64
316,0.9,rbf,0.01,0.1,0.6760363429869393,0.645321728318309,0.7440860215053764,0.5697036223929748,0.708029197080292,0.3548387096774194,0.2682926829268293,0.5238095238095238,0.6756756756756757,0.4,0.2909090909090909,0.64
317,0.9,rbf,0.01,1,0.6760363429869393,0.645321728318309,0.7440860215053764,0.5697036223929748,0.708029197080292,0.3548387096774194,0.2682926829268293,0.5238095238095238,0.6756756756756757,0.4,0.2909090909090909,0.64
318,0.9,rbf,0.001,scale,0.5173197047132311,0.6818862275449101,0.5173197047132311,1.0,0.15328467153284672,0.26582278481012656,0.15328467153284672,1.0,0.16891891891891891,0.28901734104046245,0.16891891891891891,1.0
319,0.9,rbf,0.001,auto,0.5173197047132311,0.6818862275449101,0.5173197047132311,1.0,0.15328467153284672,0.26582278481012656,0.15328467153284672,1.0,0.16891891891891891,0.28901734104046245,0.16891891891891891,1.0
320,0.9,rbf,0.001,0.001,0.5173197047132311,0.6818862275449101,0.5173197047132311,1.0,0.15328467153284672,0.26582278481012656,0.15328467153284672,1.0,0.16891891891891891,0.28901734104046245,0.16891891891891891,1.0
321,0.9,rbf,0.001,0.01,0.5173197047132311,0.6818862275449101,0.5173197047132311,1.0,0.15328467153284672,0.26582278481012656,0.15328467153284672,1.0,0.16891891891891891,0.28901734104046245,0.16891891891891891,1.0
322,0.9,rbf,0.001,0.1,0.5173197047132311,0.6818862275449101,0.5173197047132311,1.0,0.15328467153284672,0.26582278481012656,0.15328467153284672,1.0,0.16891891891891891,0.28901734104046245,0.16891891891891891,1.0
323,0.9,rbf,0.001,1,0.5173197047132311,0.6818862275449101,0.5173197047132311,1.0,0.15328467153284672,0.26582278481012656,0.15328467153284672,1.0,0.16891891891891891,0.28901734104046245,0.16891891891891891,1.0
324,0.9,poly,20.0,scale,0.6450880181714934,0.6008939974457216,0.7183206106870229,0.5164654226125137,0.7226277372262774,0.32142857142857145,0.2571428571428571,0.42857142857142855,0.6216216216216216,0.3,0.21818181818181817,0.48
325,0.9,poly,20.0,auto,0.6450880181714934,0.6008939974457216,0.7183206106870229,0.5164654226125137,0.7226277372262774,0.32142857142857145,0.2571428571428571,0.42857142857142855,0.6216216216216216,0.3,0.21818181818181817,0.48
326,0.9,poly,20.0,0.001,0.6450880181714934,0.6008939974457216,0.7183206106870229,0.5164654226125137,0.7226277372262774,0.32142857142857145,0.2571428571428571,0.42857142857142855,0.6216216216216216,0.3,0.21818181818181817,0.48
327,0.9,poly,20.0,0.01,0.6450880181714934,0.6008939974457216,0.7183206106870229,0.5164654226125137,0.7226277372262774,0.32142857142857145,0.2571428571428571,0.42857142857142855,0.6216216216216216,0.3,0.21818181818181817,0.48
328,0.9,poly,20.0,0.1,0.6450880181714934,0.6008939974457216,0.7183206106870229,0.5164654226125137,0.7226277372262774,0.32142857142857145,0.2571428571428571,0.42857142857142855,0.6216216216216216,0.3,0.21818181818181817,0.48
329,0.9,poly,20.0,1,0.6450880181714934,0.6008939974457216,0.7183206106870229,0.5164654226125137,0.7226277372262774,0.32142857142857145,0.2571428571428571,0.42857142857142855,0.6216216216216216,0.3,0.21818181818181817,0.48
330,0.9,poly,10.0,scale,0.654457694491766,0.6057661159701976,0.7391304347826086,0.513172338090011,0.7372262773722628,0.3333333333333333,0.2727272727272727,0.42857142857142855,0.6418918918918919,0.29333333333333333,0.22,0.44
331,0.9,poly,10.0,auto,0.654457694491766,0.6057661159701976,0.7391304347826086,0.513172338090011,0.7372262773722628,0.3333333333333333,0.2727272727272727,0.42857142857142855,0.6418918918918919,0.29333333333333333,0.22,0.44
332,0.9,poly,10.0,0.001,0.654457694491766,0.6057661159701976,0.7391304347826086,0.513172338090011,0.7372262773722628,0.3333333333333333,0.2727272727272727,0.42857142857142855,0.6418918918918919,0.29333333333333333,0.22,0.44
333,0.9,poly,10.0,0.01,0.654457694491766,0.6057661159701976,0.7391304347826086,0.513172338090011,0.7372262773722628,0.3333333333333333,0.2727272727272727,0.42857142857142855,0.6418918918918919,0.29333333333333333,0.22,0.44
334,0.9,poly,10.0,0.1,0.654457694491766,0.6057661159701976,0.7391304347826086,0.513172338090011,0.7372262773722628,0.3333333333333333,0.2727272727272727,0.42857142857142855,0.6418918918918919,0.29333333333333333,0.22,0.44
335,0.9,poly,10.0,1,0.654457694491766,0.6057661159701976,0.7391304347826086,0.513172338090011,0.7372262773722628,0.3333333333333333,0.2727272727272727,0.42857142857142855,0.6418918918918919,0.29333333333333333,0.22,0.44
336,0.9,poly,1.0,scale,0.6538898353208404,0.5789291882556131,0.7809878844361603,0.45993413830954993,0.7591240875912408,0.2978723404255319,0.2692307692307692,0.3333333333333333,0.668918918918919,0.2222222222222222,0.18421052631578946,0.28
337,0.9,poly,1.0,auto,0.6538898353208404,0.5789291882556131,0.7809878844361603,0.45993413830954993,0.7591240875912408,0.2978723404255319,0.2692307692307692,0.3333333333333333,0.668918918918919,0.2222222222222222,0.18421052631578946,0.28
338,0.9,poly,1.0,0.001,0.6538898353208404,0.5789291882556131,0.7809878844361603,0.45993413830954993,0.7591240875912408,0.2978723404255319,0.2692307692307692,0.3333333333333333,0.668918918918919,0.2222222222222222,0.18421052631578946,0.28
339,0.9,poly,1.0,0.01,0.6538898353208404,0.5789291882556131,0.7809878844361603,0.45993413830954993,0.7591240875912408,0.2978723404255319,0.2692307692307692,0.3333333333333333,0.668918918918919,0.2222222222222222,0.18421052631578946,0.28
340,0.9,poly,1.0,0.1,0.6538898353208404,0.5789291882556131,0.7809878844361603,0.45993413830954993,0.7591240875912408,0.2978723404255319,0.2692307692307692,0.3333333333333333,0.668918918918919,0.2222222222222222,0.18421052631578946,0.28
341,0.9,poly,1.0,1,0.6538898353208404,0.5789291882556131,0.7809878844361603,0.45993413830954993,0.7591240875912408,0.2978723404255319,0.2692307692307692,0.3333333333333333,0.668918918918919,0.2222222222222222,0.18421052631578946,0.28
342,0.9,poly,0.1,scale,0.6678023850085179,0.5987654320987654,0.7979890310786106,0.4791437980241493,0.7518248175182481,0.2916666666666667,0.25925925925925924,0.3333333333333333,0.6824324324324325,0.22950819672131148,0.19444444444444445,0.28
343,0.9,poly,0.1,auto,0.6678023850085179,0.5987654320987654,0.7979890310786106,0.4791437980241493,0.7518248175182481,0.2916666666666667,0.25925925925925924,0.3333333333333333,0.6824324324324325,0.22950819672131148,0.19444444444444445,0.28
344,0.9,poly,0.1,0.001,0.6678023850085179,0.5987654320987654,0.7979890310786106,0.4791437980241493,0.7518248175182481,0.2916666666666667,0.25925925925925924,0.3333333333333333,0.6824324324324325,0.22950819672131148,0.19444444444444445,0.28
345,0.9,poly,0.1,0.01,0.6678023850085179,0.5987654320987654,0.7979890310786106,0.4791437980241493,0.7518248175182481,0.2916666666666667,0.25925925925925924,0.3333333333333333,0.6824324324324325,0.22950819672131148,0.19444444444444445,0.28
346,0.9,poly,0.1,0.1,0.6678023850085179,0.5987654320987654,0.7979890310786106,0.4791437980241493,0.7518248175182481,0.2916666666666667,0.25925925925925924,0.3333333333333333,0.6824324324324325,0.22950819672131148,0.19444444444444445,0.28
347,0.9,poly,0.1,1,0.6678023850085179,0.5987654320987654,0.7979890310786106,0.4791437980241493,0.7518248175182481,0.2916666666666667,0.25925925925925924,0.3333333333333333,0.6824324324324325,0.22950819672131148,0.19444444444444445,0.28
348,0.9,poly,0.01,scale,0.6291879613855764,0.501906941266209,0.8225,0.3611416026344676,0.8029197080291971,0.34146341463414637,0.35,0.3333333333333333,0.7162162162162162,0.16,0.16,0.16
349,0.9,poly,0.01,auto,0.6291879613855764,0.501906941266209,0.8225,0.3611416026344676,0.8029197080291971,0.34146341463414637,0.35,0.3333333333333333,0.7162162162162162,0.16,0.16,0.16
350,0.9,poly,0.01,0.001,0.6291879613855764,0.501906941266209,0.8225,0.3611416026344676,0.8029197080291971,0.34146341463414637,0.35,0.3333333333333333,0.7162162162162162,0.16,0.16,0.16
351,0.9,poly,0.01,0.01,0.6291879613855764,0.501906941266209,0.8225,0.3611416026344676,0.8029197080291971,0.34146341463414637,0.35,0.3333333333333333,0.7162162162162162,0.16,0.16,0.16
352,0.9,poly,0.01,0.1,0.6291879613855764,0.501906941266209,0.8225,0.3611416026344676,0.8029197080291971,0.34146341463414637,0.35,0.3333333333333333,0.7162162162162162,0.16,0.16,0.16
353,0.9,poly,0.01,1,0.6291879613855764,0.501906941266209,0.8225,0.3611416026344676,0.8029197080291971,0.34146341463414637,0.35,0.3333333333333333,0.7162162162162162,0.16,0.16,0.16
354,0.9,poly,0.001,scale,0.5877342419080068,0.37251512532411407,0.8760162601626016,0.23655323819978047,0.8175182481751825,0.1935483870967742,0.3,0.14285714285714285,0.7905405405405406,0.11428571428571428,0.2,0.08
355,0.9,poly,0.001,auto,0.5877342419080068,0.37251512532411407,0.8760162601626016,0.23655323819978047,0.8175182481751825,0.1935483870967742,0.3,0.14285714285714285,0.7905405405405406,0.11428571428571428,0.2,0.08
356,0.9,poly,0.001,0.001,0.5877342419080068,0.37251512532411407,0.8760162601626016,0.23655323819978047,0.8175182481751825,0.1935483870967742,0.3,0.14285714285714285,0.7905405405405406,0.11428571428571428,0.2,0.08
357,0.9,poly,0.001,0.01,0.5877342419080068,0.37251512532411407,0.8760162601626016,0.23655323819978047,0.8175182481751825,0.1935483870967742,0.3,0.14285714285714285,0.7905405405405406,0.11428571428571428,0.2,0.08
358,0.9,poly,0.001,0.1,0.5877342419080068,0.37251512532411407,0.8760162601626016,0.23655323819978047,0.8175182481751825,0.1935483870967742,0.3,0.14285714285714285,0.7905405405405406,0.11428571428571428,0.2,0.08
359,0.9,poly,0.001,1,0.5877342419080068,0.37251512532411407,0.8760162601626016,0.23655323819978047,0.8175182481751825,0.1935483870967742,0.3,0.14285714285714285,0.7905405405405406,0.11428571428571428,0.2,0.08
360,0.9,linear,20.0,scale,0.6802952867688813,0.6278916060806345,0.7890365448504983,0.5214050493962679,0.7518248175182481,0.37037037037037035,0.30303030303030304,0.47619047619047616,0.7162162162162162,0.4,0.3111111111111111,0.56
361,0.9,linear,20.0,auto,0.6802952867688813,0.6278916060806345,0.7890365448504983,0.5214050493962679,0.7518248175182481,0.37037037037037035,0.30303030303030304,0.47619047619047616,0.7162162162162162,0.4,0.3111111111111111,0.56
362,0.9,linear,20.0,0.001,0.6802952867688813,0.6278916060806345,0.7890365448504983,0.5214050493962679,0.7518248175182481,0.37037037037037035,0.30303030303030304,0.47619047619047616,0.7162162162162162,0.4,0.3111111111111111,0.56
363,0.9,linear,20.0,0.01,0.6802952867688813,0.6278916060806345,0.7890365448504983,0.5214050493962679,0.7518248175182481,0.37037037037037035,0.30303030303030304,0.47619047619047616,0.7162162162162162,0.4,0.3111111111111111,0.56
364,0.9,linear,20.0,0.1,0.6802952867688813,0.6278916060806345,0.7890365448504983,0.5214050493962679,0.7518248175182481,0.37037037037037035,0.30303030303030304,0.47619047619047616,0.7162162162162162,0.4,0.3111111111111111,0.56
365,0.9,linear,20.0,1,0.6802952867688813,0.6278916060806345,0.7890365448504983,0.5214050493962679,0.7518248175182481,0.37037037037037035,0.30303030303030304,0.47619047619047616,0.7162162162162162,0.4,0.3111111111111111,0.56
366,0.9,linear,10.0,scale,0.6817149346961954,0.6296663363065742,0.7908713692946058,0.5230515916575192,0.7518248175182481,0.37037037037037035,0.30303030303030304,0.47619047619047616,0.7094594594594594,0.3582089552238806,0.2857142857142857,0.48
367,0.9,linear,10.0,auto,0.6817149346961954,0.6296663363065742,0.7908713692946058,0.5230515916575192,0.7518248175182481,0.37037037037037035,0.30303030303030304,0.47619047619047616,0.7094594594594594,0.3582089552238806,0.2857142857142857,0.48
368,0.9,linear,10.0,0.001,0.6817149346961954,0.6296663363065742,0.7908713692946058,0.5230515916575192,0.7518248175182481,0.37037037037037035,0.30303030303030304,0.47619047619047616,0.7094594594594594,0.3582089552238806,0.2857142857142857,0.48
369,0.9,linear,10.0,0.01,0.6817149346961954,0.6296663363065742,0.7908713692946058,0.5230515916575192,0.7518248175182481,0.37037037037037035,0.30303030303030304,0.47619047619047616,0.7094594594594594,0.3582089552238806,0.2857142857142857,0.48
370,0.9,linear,10.0,0.1,0.6817149346961954,0.6296663363065742,0.7908713692946058,0.5230515916575192,0.7518248175182481,0.37037037037037035,0.30303030303030304,0.47619047619047616,0.7094594594594594,0.3582089552238806,0.2857142857142857,0.48
371,0.9,linear,10.0,1,0.6817149346961954,0.6296663363065742,0.7908713692946058,0.5230515916575192,0.7518248175182481,0.37037037037037035,0.30303030303030304,0.47619047619047616,0.7094594594594594,0.3582089552238806,0.2857142857142857,0.48
372,0.9,linear,1.0,scale,0.6453719477569563,0.5691617799241118,0.766016713091922,0.45279912184412735,0.7518248175182481,0.37037037037037035,0.30303030303030304,0.47619047619047616,0.6891891891891891,0.28125,0.23076923076923078,0.36
373,0.9,linear,1.0,auto,0.6453719477569563,0.5691617799241118,0.766016713091922,0.45279912184412735,0.7518248175182481,0.37037037037037035,0.30303030303030304,0.47619047619047616,0.6891891891891891,0.28125,0.23076923076923078,0.36
374,0.9,linear,1.0,0.001,0.6453719477569563,0.5691617799241118,0.766016713091922,0.45279912184412735,0.7518248175182481,0.37037037037037035,0.30303030303030304,0.47619047619047616,0.6891891891891891,0.28125,0.23076923076923078,0.36
375,0.9,linear,1.0,0.01,0.6453719477569563,0.5691617799241118,0.766016713091922,0.45279912184412735,0.7518248175182481,0.37037037037037035,0.30303030303030304,0.47619047619047616,0.6891891891891891,0.28125,0.23076923076923078,0.36
376,0.9,linear,1.0,0.1,0.6453719477569563,0.5691617799241118,0.766016713091922,0.45279912184412735,0.7518248175182481,0.37037037037037035,0.30303030303030304,0.47619047619047616,0.6891891891891891,0.28125,0.23076923076923078,0.36
377,0.9,linear,1.0,1,0.6453719477569563,0.5691617799241118,0.766016713091922,0.45279912184412735,0.7518248175182481,0.37037037037037035,0.30303030303030304,0.47619047619047616,0.6891891891891891,0.28125,0.23076923076923078,0.36
378,0.9,linear,0.1,scale,0.6766042021578649,0.6295934959349594,0.7725458898643256,0.531284302963776,0.7372262773722628,0.35714285714285715,0.2857142857142857,0.47619047619047616,0.7094594594594594,0.39436619718309857,0.30434782608695654,0.56
379,0.9,linear,0.1,auto,0.6766042021578649,0.6295934959349594,0.7725458898643256,0.531284302963776,0.7372262773722628,0.35714285714285715,0.2857142857142857,0.47619047619047616,0.7094594594594594,0.39436619718309857,0.30434782608695654,0.56
380,0.9,linear,0.1,0.001,0.6766042021578649,0.6295934959349594,0.7725458898643256,0.531284302963776,0.7372262773722628,0.35714285714285715,0.2857142857142857,0.47619047619047616,0.7094594594594594,0.39436619718309857,0.30434782608695654,0.56
381,0.9,linear,0.1,0.01,0.6766042021578649,0.6295934959349594,0.7725458898643256,0.531284302963776,0.7372262773722628,0.35714285714285715,0.2857142857142857,0.47619047619047616,0.7094594594594594,0.39436619718309857,0.30434782608695654,0.56
382,0.9,linear,0.1,0.1,0.6766042021578649,0.6295934959349594,0.7725458898643256,0.531284302963776,0.7372262773722628,0.35714285714285715,0.2857142857142857,0.47619047619047616,0.7094594594594594,0.39436619718309857,0.30434782608695654,0.56
383,0.9,linear,0.1,1,0.6766042021578649,0.6295934959349594,0.7725458898643256,0.531284302963776,0.7372262773722628,0.35714285714285715,0.2857142857142857,0.47619047619047616,0.7094594594594594,0.39436619718309857,0.30434782608695654,0.56
384,0.9,linear,0.01,scale,0.6780238500851788,0.631578947368421,0.7738853503184714,0.5334796926454446,0.7372262773722628,0.35714285714285715,0.2857142857142857,0.47619047619047616,0.7162162162162162,0.4,0.3111111111111111,0.56
385,0.9,linear,0.01,auto,0.6780238500851788,0.631578947368421,0.7738853503184714,0.5334796926454446,0.7372262773722628,0.35714285714285715,0.2857142857142857,0.47619047619047616,0.7162162162162162,0.4,0.3111111111111111,0.56
386,0.9,linear,0.01,0.001,0.6780238500851788,0.631578947368421,0.7738853503184714,0.5334796926454446,0.7372262773722628,0.35714285714285715,0.2857142857142857,0.47619047619047616,0.7162162162162162,0.4,0.3111111111111111,0.56
387,0.9,linear,0.01,0.01,0.6780238500851788,0.631578947368421,0.7738853503184714,0.5334796926454446,0.7372262773722628,0.35714285714285715,0.2857142857142857,0.47619047619047616,0.7162162162162162,0.4,0.3111111111111111,0.56
388,0.9,linear,0.01,0.1,0.6780238500851788,0.631578947368421,0.7738853503184714,0.5334796926454446,0.7372262773722628,0.35714285714285715,0.2857142857142857,0.47619047619047616,0.7162162162162162,0.4,0.3111111111111111,0.56
389,0.9,linear,0.01,1,0.6780238500851788,0.631578947368421,0.7738853503184714,0.5334796926454446,0.7372262773722628,0.35714285714285715,0.2857142857142857,0.47619047619047616,0.7162162162162162,0.4,0.3111111111111111,0.56
390,0.9,linear,0.001,scale,0.5741056218057922,0.3392070484581498,0.859375,0.21130625686059276,0.8175182481751825,0.13793103448275862,0.25,0.09523809523809523,0.7094594594594594,0.0,0.0,0.0
391,0.9,linear,0.001,auto,0.5741056218057922,0.3392070484581498,0.859375,0.21130625686059276,0.8175182481751825,0.13793103448275862,0.25,0.09523809523809523,0.7094594594594594,0.0,0.0,0.0
392,0.9,linear,0.001,0.001,0.5741056218057922,0.3392070484581498,0.859375,0.21130625686059276,0.8175182481751825,0.13793103448275862,0.25,0.09523809523809523,0.7094594594594594,0.0,0.0,0.0
393,0.9,linear,0.001,0.01,0.5741056218057922,0.3392070484581498,0.859375,0.21130625686059276,0.8175182481751825,0.13793103448275862,0.25,0.09523809523809523,0.7094594594594594,0.0,0.0,0.0
394,0.9,linear,0.001,0.1,0.5741056218057922,0.3392070484581498,0.859375,0.21130625686059276,0.8175182481751825,0.13793103448275862,0.25,0.09523809523809523,0.7094594594594594,0.0,0.0,0.0
395,0.9,linear,0.001,1,0.5741056218057922,0.3392070484581498,0.859375,0.21130625686059276,0.8175182481751825,0.13793103448275862,0.25,0.09523809523809523,0.7094594594594594,0.0,0.0,0.0
396,0.9,sigmoid,20.0,scale,0.5212947189097104,0.5357929515418502,0.5375690607734807,0.5340285400658616,0.49635036496350365,0.25806451612903225,0.16666666666666666,0.5714285714285714,0.4864864864864865,0.2830188679245283,0.18518518518518517,0.6
397,0.9,sigmoid,20.0,auto,0.5212947189097104,0.5357929515418502,0.5375690607734807,0.5340285400658616,0.49635036496350365,0.25806451612903225,0.16666666666666666,0.5714285714285714,0.4864864864864865,0.2830188679245283,0.18518518518518517,0.6
398,0.9,sigmoid,20.0,0.001,0.5212947189097104,0.5357929515418502,0.5375690607734807,0.5340285400658616,0.49635036496350365,0.25806451612903225,0.16666666666666666,0.5714285714285714,0.4864864864864865,0.2830188679245283,0.18518518518518517,0.6
399,0.9,sigmoid,20.0,0.01,0.5212947189097104,0.5357929515418502,0.5375690607734807,0.5340285400658616,0.49635036496350365,0.25806451612903225,0.16666666666666666,0.5714285714285714,0.4864864864864865,0.2830188679245283,0.18518518518518517,0.6
400,0.9,sigmoid,20.0,0.1,0.5212947189097104,0.5357929515418502,0.5375690607734807,0.5340285400658616,0.49635036496350365,0.25806451612903225,0.16666666666666666,0.5714285714285714,0.4864864864864865,0.2830188679245283,0.18518518518518517,0.6
401,0.9,sigmoid,20.0,1,0.5212947189097104,0.5357929515418502,0.5375690607734807,0.5340285400658616,0.49635036496350365,0.25806451612903225,0.16666666666666666,0.5714285714285714,0.4864864864864865,0.2830188679245283,0.18518518518518517,0.6
402,0.9,sigmoid,10.0,scale,0.5073821692220329,0.5146853146853146,0.5248146035367941,0.5049396267837541,0.5109489051094891,0.24719101123595505,0.16176470588235295,0.5238095238095238,0.4864864864864865,0.2830188679245283,0.18518518518518517,0.6
403,0.9,sigmoid,10.0,auto,0.5073821692220329,0.5146853146853146,0.5248146035367941,0.5049396267837541,0.5109489051094891,0.24719101123595505,0.16176470588235295,0.5238095238095238,0.4864864864864865,0.2830188679245283,0.18518518518518517,0.6
404,0.9,sigmoid,10.0,0.001,0.5073821692220329,0.5146853146853146,0.5248146035367941,0.5049396267837541,0.5109489051094891,0.24719101123595505,0.16176470588235295,0.5238095238095238,0.4864864864864865,0.2830188679245283,0.18518518518518517,0.6
405,0.9,sigmoid,10.0,0.01,0.5073821692220329,0.5146853146853146,0.5248146035367941,0.5049396267837541,0.5109489051094891,0.24719101123595505,0.16176470588235295,0.5238095238095238,0.4864864864864865,0.2830188679245283,0.18518518518518517,0.6
406,0.9,sigmoid,10.0,0.1,0.5073821692220329,0.5146853146853146,0.5248146035367941,0.5049396267837541,0.5109489051094891,0.24719101123595505,0.16176470588235295,0.5238095238095238,0.4864864864864865,0.2830188679245283,0.18518518518518517,0.6
407,0.9,sigmoid,10.0,1,0.5073821692220329,0.5146853146853146,0.5248146035367941,0.5049396267837541,0.5109489051094891,0.24719101123595505,0.16176470588235295,0.5238095238095238,0.4864864864864865,0.2830188679245283,0.18518518518518517,0.6
408,0.9,sigmoid,1.0,scale,0.5434412265758092,0.528169014084507,0.5674653215636822,0.49396267837541163,0.5912408759124088,0.2631578947368421,0.18181818181818182,0.47619047619047616,0.5405405405405406,0.30612244897959184,0.2054794520547945,0.6
409,0.9,sigmoid,1.0,auto,0.5434412265758092,0.528169014084507,0.5674653215636822,0.49396267837541163,0.5912408759124088,0.2631578947368421,0.18181818181818182,0.47619047619047616,0.5405405405405406,0.30612244897959184,0.2054794520547945,0.6
410,0.9,sigmoid,1.0,0.001,0.5434412265758092,0.528169014084507,0.5674653215636822,0.49396267837541163,0.5912408759124088,0.2631578947368421,0.18181818181818182,0.47619047619047616,0.5405405405405406,0.30612244897959184,0.2054794520547945,0.6
411,0.9,sigmoid,1.0,0.01,0.5434412265758092,0.528169014084507,0.5674653215636822,0.49396267837541163,0.5912408759124088,0.2631578947368421,0.18181818181818182,0.47619047619047616,0.5405405405405406,0.30612244897959184,0.2054794520547945,0.6
412,0.9,sigmoid,1.0,0.1,0.5434412265758092,0.528169014084507,0.5674653215636822,0.49396267837541163,0.5912408759124088,0.2631578947368421,0.18181818181818182,0.47619047619047616,0.5405405405405406,0.30612244897959184,0.2054794520547945,0.6
413,0.9,sigmoid,1.0,1,0.5434412265758092,0.528169014084507,0.5674653215636822,0.49396267837541163,0.5912408759124088,0.2631578947368421,0.18181818181818182,0.47619047619047616,0.5405405405405406,0.30612244897959184,0.2054794520547945,0.6
414,0.9,sigmoid,0.1,scale,0.5704145371947758,0.5167678058128393,0.6180290297937356,0.44401756311745333,0.6423357664233577,0.24615384615384617,0.18181818181818182,0.38095238095238093,0.6013513513513513,0.2716049382716049,0.19642857142857142,0.44
415,0.9,sigmoid,0.1,auto,0.5704145371947758,0.5167678058128393,0.6180290297937356,0.44401756311745333,0.6423357664233577,0.24615384615384617,0.18181818181818182,0.38095238095238093,0.6013513513513513,0.2716049382716049,0.19642857142857142,0.44
416,0.9,sigmoid,0.1,0.001,0.5704145371947758,0.5167678058128393,0.6180290297937356,0.44401756311745333,0.6423357664233577,0.24615384615384617,0.18181818181818182,0.38095238095238093,0.6013513513513513,0.2716049382716049,0.19642857142857142,0.44
417,0.9,sigmoid,0.1,0.01,0.5704145371947758,0.5167678058128393,0.6180290297937356,0.44401756311745333,0.6423357664233577,0.24615384615384617,0.18181818181818182,0.38095238095238093,0.6013513513513513,0.2716049382716049,0.19642857142857142,0.44
418,0.9,sigmoid,0.1,0.1,0.5704145371947758,0.5167678058128393,0.6180290297937356,0.44401756311745333,0.6423357664233577,0.24615384615384617,0.18181818181818182,0.38095238095238093,0.6013513513513513,0.2716049382716049,0.19642857142857142,0.44
419,0.9,sigmoid,0.1,1,0.5704145371947758,0.5167678058128393,0.6180290297937356,0.44401756311745333,0.6423357664233577,0.24615384615384617,0.18181818181818182,0.38095238095238093,0.6013513513513513,0.2716049382716049,0.19642857142857142,0.44
420,0.9,sigmoid,0.01,scale,0.6382737081203862,0.5975994946304485,0.7038690476190477,0.5192096597145993,0.6934306569343066,0.34375,0.2558139534883721,0.5238095238095238,0.6756756756756757,0.38461538461538464,0.2830188679245283,0.6
421,0.9,sigmoid,0.01,auto,0.6382737081203862,0.5975994946304485,0.7038690476190477,0.5192096597145993,0.6934306569343066,0.34375,0.2558139534883721,0.5238095238095238,0.6756756756756757,0.38461538461538464,0.2830188679245283,0.6
422,0.9,sigmoid,0.01,0.001,0.6382737081203862,0.5975994946304485,0.7038690476190477,0.5192096597145993,0.6934306569343066,0.34375,0.2558139534883721,0.5238095238095238,0.6756756756756757,0.38461538461538464,0.2830188679245283,0.6
423,0.9,sigmoid,0.01,0.01,0.6382737081203862,0.5975994946304485,0.7038690476190477,0.5192096597145993,0.6934306569343066,0.34375,0.2558139534883721,0.5238095238095238,0.6756756756756757,0.38461538461538464,0.2830188679245283,0.6
424,0.9,sigmoid,0.01,0.1,0.6382737081203862,0.5975994946304485,0.7038690476190477,0.5192096597145993,0.6934306569343066,0.34375,0.2558139534883721,0.5238095238095238,0.6756756756756757,0.38461538461538464,0.2830188679245283,0.6
425,0.9,sigmoid,0.01,1,0.6382737081203862,0.5975994946304485,0.7038690476190477,0.5192096597145993,0.6934306569343066,0.34375,0.2558139534883721,0.5238095238095238,0.6756756756756757,0.38461538461538464,0.2830188679245283,0.6
426,0.9,sigmoid,0.001,scale,0.6695059625212947,0.663972286374134,0.7003654080389768,0.6311745334796927,0.6423357664233577,0.30985915492957744,0.22,0.5238095238095238,0.6486486486486487,0.3953488372093023,0.2786885245901639,0.68
427,0.9,sigmoid,0.001,auto,0.6695059625212947,0.663972286374134,0.7003654080389768,0.6311745334796927,0.6423357664233577,0.30985915492957744,0.22,0.5238095238095238,0.6486486486486487,0.3953488372093023,0.2786885245901639,0.68
428,0.9,sigmoid,0.001,0.001,0.6695059625212947,0.663972286374134,0.7003654080389768,0.6311745334796927,0.6423357664233577,0.30985915492957744,0.22,0.5238095238095238,0.6486486486486487,0.3953488372093023,0.2786885245901639,0.68
429,0.9,sigmoid,0.001,0.01,0.6695059625212947,0.663972286374134,0.7003654080389768,0.6311745334796927,0.6423357664233577,0.30985915492957744,0.22,0.5238095238095238,0.6486486486486487,0.3953488372093023,0.2786885245901639,0.68
430,0.9,sigmoid,0.001,0.1,0.6695059625212947,0.663972286374134,0.7003654080389768,0.6311745334796927,0.6423357664233577,0.30985915492957744,0.22,0.5238095238095238,0.6486486486486487,0.3953488372093023,0.2786885245901639,0.68
431,0.9,sigmoid,0.001,1,0.6695059625212947,0.663972286374134,0.7003654080389768,0.6311745334796927,0.6423357664233577,0.30985915492957744,0.22,0.5238095238095238,0.6486486486486487,0.3953488372093023,0.2786885245901639,0.68
432,0.8,rbf,20.0,scale,0.7177739920499716,0.7158376214979989,0.747016706443914,0.6871569703622393,0.7737226277372263,0.4745762711864407,0.3684210526315789,0.6666666666666666,0.7027027027027027,0.45,0.32727272727272727,0.72
433,0.8,rbf,20.0,auto,0.7177739920499716,0.7158376214979989,0.747016706443914,0.6871569703622393,0.7737226277372263,0.4745762711864407,0.3684210526315789,0.6666666666666666,0.7027027027027027,0.45,0.32727272727272727,0.72
434,0.8,rbf,20.0,0.001,0.7177739920499716,0.7158376214979989,0.747016706443914,0.6871569703622393,0.7737226277372263,0.4745762711864407,0.3684210526315789,0.6666666666666666,0.7027027027027027,0.45,0.32727272727272727,0.72
435,0.8,rbf,20.0,0.01,0.7177739920499716,0.7158376214979989,0.747016706443914,0.6871569703622393,0.7737226277372263,0.4745762711864407,0.3684210526315789,0.6666666666666666,0.7027027027027027,0.45,0.32727272727272727,0.72
436,0.8,rbf,20.0,0.1,0.7177739920499716,0.7158376214979989,0.747016706443914,0.6871569703622393,0.7737226277372263,0.4745762711864407,0.3684210526315789,0.6666666666666666,0.7027027027027027,0.45,0.32727272727272727,0.72
437,0.8,rbf,20.0,1,0.7177739920499716,0.7158376214979989,0.747016706443914,0.6871569703622393,0.7737226277372263,0.4745762711864407,0.3684210526315789,0.6666666666666666,0.7027027027027027,0.45,0.32727272727272727,0.72
438,0.8,rbf,10.0,scale,0.7183418512208972,0.7180216031836271,0.7446933962264151,0.6931942919868277,0.7226277372262774,0.40625,0.3023255813953488,0.6190476190476191,0.7094594594594594,0.45569620253164556,0.3333333333333333,0.72
439,0.8,rbf,10.0,auto,0.7183418512208972,0.7180216031836271,0.7446933962264151,0.6931942919868277,0.7226277372262774,0.40625,0.3023255813953488,0.6190476190476191,0.7094594594594594,0.45569620253164556,0.3333333333333333,0.72
440,0.8,rbf,10.0,0.001,0.7183418512208972,0.7180216031836271,0.7446933962264151,0.6931942919868277,0.7226277372262774,0.40625,0.3023255813953488,0.6190476190476191,0.7094594594594594,0.45569620253164556,0.3333333333333333,0.72
441,0.8,rbf,10.0,0.01,0.7183418512208972,0.7180216031836271,0.7446933962264151,0.6931942919868277,0.7226277372262774,0.40625,0.3023255813953488,0.6190476190476191,0.7094594594594594,0.45569620253164556,0.3333333333333333,0.72
442,0.8,rbf,10.0,0.1,0.7183418512208972,0.7180216031836271,0.7446933962264151,0.6931942919868277,0.7226277372262774,0.40625,0.3023255813953488,0.6190476190476191,0.7094594594594594,0.45569620253164556,0.3333333333333333,0.72
443,0.8,rbf,10.0,1,0.7183418512208972,0.7180216031836271,0.7446933962264151,0.6931942919868277,0.7226277372262774,0.40625,0.3023255813953488,0.6190476190476191,0.7094594594594594,0.45569620253164556,0.3333333333333333,0.72
444,0.8,rbf,1.0,scale,0.6754684838160137,0.6163141993957704,0.7934312878133103,0.5038419319429198,0.7664233576642335,0.36,0.3103448275862069,0.42857142857142855,0.777027027027027,0.42105263157894735,0.375,0.48
445,0.8,rbf,1.0,auto,0.6754684838160137,0.6163141993957704,0.7934312878133103,0.5038419319429198,0.7664233576642335,0.36,0.3103448275862069,0.42857142857142855,0.777027027027027,0.42105263157894735,0.375,0.48
446,0.8,rbf,1.0,0.001,0.6754684838160137,0.6163141993957704,0.7934312878133103,0.5038419319429198,0.7664233576642335,0.36,0.3103448275862069,0.42857142857142855,0.777027027027027,0.42105263157894735,0.375,0.48
447,0.8,rbf,1.0,0.01,0.6754684838160137,0.6163141993957704,0.7934312878133103,0.5038419319429198,0.7664233576642335,0.36,0.3103448275862069,0.42857142857142855,0.777027027027027,0.42105263157894735,0.375,0.48
448,0.8,rbf,1.0,0.1,0.6754684838160137,0.6163141993957704,0.7934312878133103,0.5038419319429198,0.7664233576642335,0.36,0.3103448275862069,0.42857142857142855,0.777027027027027,0.42105263157894735,0.375,0.48
449,0.8,rbf,1.0,1,0.6754684838160137,0.6163141993957704,0.7934312878133103,0.5038419319429198,0.7664233576642335,0.36,0.3103448275862069,0.42857142857142855,0.777027027027027,0.42105263157894735,0.375,0.48
450,0.8,rbf,0.1,scale,0.6669505962521295,0.6190321532965248,0.7581543357199682,0.5230515916575192,0.7372262773722628,0.35714285714285715,0.2857142857142857,0.47619047619047616,0.7094594594594594,0.39436619718309857,0.30434782608695654,0.56
451,0.8,rbf,0.1,auto,0.6669505962521295,0.6190321532965248,0.7581543357199682,0.5230515916575192,0.7372262773722628,0.35714285714285715,0.2857142857142857,0.47619047619047616,0.7094594594594594,0.39436619718309857,0.30434782608695654,0.56
452,0.8,rbf,0.1,0.001,0.6669505962521295,0.6190321532965248,0.7581543357199682,0.5230515916575192,0.7372262773722628,0.35714285714285715,0.2857142857142857,0.47619047619047616,0.7094594594594594,0.39436619718309857,0.30434782608695654,0.56
453,0.8,rbf,0.1,0.01,0.6669505962521295,0.6190321532965248,0.7581543357199682,0.5230515916575192,0.7372262773722628,0.35714285714285715,0.2857142857142857,0.47619047619047616,0.7094594594594594,0.39436619718309857,0.30434782608695654,0.56
454,0.8,rbf,0.1,0.1,0.6669505962521295,0.6190321532965248,0.7581543357199682,0.5230515916575192,0.7372262773722628,0.35714285714285715,0.2857142857142857,0.47619047619047616,0.7094594594594594,0.39436619718309857,0.30434782608695654,0.56
455,0.8,rbf,0.1,1,0.6669505962521295,0.6190321532965248,0.7581543357199682,0.5230515916575192,0.7372262773722628,0.35714285714285715,0.2857142857142857,0.47619047619047616,0.7094594594594594,0.39436619718309857,0.30434782608695654,0.56
456,0.8,rbf,0.01,scale,0.6760363429869393,0.645321728318309,0.7440860215053764,0.5697036223929748,0.708029197080292,0.3548387096774194,0.2682926829268293,0.5238095238095238,0.6756756756756757,0.4,0.2909090909090909,0.64
457,0.8,rbf,0.01,auto,0.6760363429869393,0.645321728318309,0.7440860215053764,0.5697036223929748,0.708029197080292,0.3548387096774194,0.2682926829268293,0.5238095238095238,0.6756756756756757,0.4,0.2909090909090909,0.64
458,0.8,rbf,0.01,0.001,0.6760363429869393,0.645321728318309,0.7440860215053764,0.5697036223929748,0.708029197080292,0.3548387096774194,0.2682926829268293,0.5238095238095238,0.6756756756756757,0.4,0.2909090909090909,0.64
459,0.8,rbf,0.01,0.01,0.6760363429869393,0.645321728318309,0.7440860215053764,0.5697036223929748,0.708029197080292,0.3548387096774194,0.2682926829268293,0.5238095238095238,0.6756756756756757,0.4,0.2909090909090909,0.64
460,0.8,rbf,0.01,0.1,0.6760363429869393,0.645321728318309,0.7440860215053764,0.5697036223929748,0.708029197080292,0.3548387096774194,0.2682926829268293,0.5238095238095238,0.6756756756756757,0.4,0.2909090909090909,0.64
461,0.8,rbf,0.01,1,0.6760363429869393,0.645321728318309,0.7440860215053764,0.5697036223929748,0.708029197080292,0.3548387096774194,0.2682926829268293,0.5238095238095238,0.6756756756756757,0.4,0.2909090909090909,0.64
462,0.8,rbf,0.001,scale,0.5173197047132311,0.6818862275449101,0.5173197047132311,1.0,0.15328467153284672,0.26582278481012656,0.15328467153284672,1.0,0.16891891891891891,0.28901734104046245,0.16891891891891891,1.0
463,0.8,rbf,0.001,auto,0.5173197047132311,0.6818862275449101,0.5173197047132311,1.0,0.15328467153284672,0.26582278481012656,0.15328467153284672,1.0,0.16891891891891891,0.28901734104046245,0.16891891891891891,1.0
464,0.8,rbf,0.001,0.001,0.5173197047132311,0.6818862275449101,0.5173197047132311,1.0,0.15328467153284672,0.26582278481012656,0.15328467153284672,1.0,0.16891891891891891,0.28901734104046245,0.16891891891891891,1.0
465,0.8,rbf,0.001,0.01,0.5173197047132311,0.6818862275449101,0.5173197047132311,1.0,0.15328467153284672,0.26582278481012656,0.15328467153284672,1.0,0.16891891891891891,0.28901734104046245,0.16891891891891891,1.0
466,0.8,rbf,0.001,0.1,0.5173197047132311,0.6818862275449101,0.5173197047132311,1.0,0.15328467153284672,0.26582278481012656,0.15328467153284672,1.0,0.16891891891891891,0.28901734104046245,0.16891891891891891,1.0
467,0.8,rbf,0.001,1,0.5173197047132311,0.6818862275449101,0.5173197047132311,1.0,0.15328467153284672,0.26582278481012656,0.15328467153284672,1.0,0.16891891891891891,0.28901734104046245,0.16891891891891891,1.0
468,0.8,poly,20.0,scale,0.6450880181714934,0.6008939974457216,0.7183206106870229,0.5164654226125137,0.7226277372262774,0.32142857142857145,0.2571428571428571,0.42857142857142855,0.6216216216216216,0.3,0.21818181818181817,0.48
469,0.8,poly,20.0,auto,0.6450880181714934,0.6008939974457216,0.7183206106870229,0.5164654226125137,0.7226277372262774,0.32142857142857145,0.2571428571428571,0.42857142857142855,0.6216216216216216,0.3,0.21818181818181817,0.48
470,0.8,poly,20.0,0.001,0.6450880181714934,0.6008939974457216,0.7183206106870229,0.5164654226125137,0.7226277372262774,0.32142857142857145,0.2571428571428571,0.42857142857142855,0.6216216216216216,0.3,0.21818181818181817,0.48
471,0.8,poly,20.0,0.01,0.6450880181714934,0.6008939974457216,0.7183206106870229,0.5164654226125137,0.7226277372262774,0.32142857142857145,0.2571428571428571,0.42857142857142855,0.6216216216216216,0.3,0.21818181818181817,0.48
472,0.8,poly,20.0,0.1,0.6450880181714934,0.6008939974457216,0.7183206106870229,0.5164654226125137,0.7226277372262774,0.32142857142857145,0.2571428571428571,0.42857142857142855,0.6216216216216216,0.3,0.21818181818181817,0.48
473,0.8,poly,20.0,1,0.6450880181714934,0.6008939974457216,0.7183206106870229,0.5164654226125137,0.7226277372262774,0.32142857142857145,0.2571428571428571,0.42857142857142855,0.6216216216216216,0.3,0.21818181818181817,0.48
474,0.8,poly,10.0,scale,0.654457694491766,0.6057661159701976,0.7391304347826086,0.513172338090011,0.7372262773722628,0.3333333333333333,0.2727272727272727,0.42857142857142855,0.6418918918918919,0.29333333333333333,0.22,0.44
475,0.8,poly,10.0,auto,0.654457694491766,0.6057661159701976,0.7391304347826086,0.513172338090011,0.7372262773722628,0.3333333333333333,0.2727272727272727,0.42857142857142855,0.6418918918918919,0.29333333333333333,0.22,0.44
476,0.8,poly,10.0,0.001,0.654457694491766,0.6057661159701976,0.7391304347826086,0.513172338090011,0.7372262773722628,0.3333333333333333,0.2727272727272727,0.42857142857142855,0.6418918918918919,0.29333333333333333,0.22,0.44
477,0.8,poly,10.0,0.01,0.654457694491766,0.6057661159701976,0.7391304347826086,0.513172338090011,0.7372262773722628,0.3333333333333333,0.2727272727272727,0.42857142857142855,0.6418918918918919,0.29333333333333333,0.22,0.44
478,0.8,poly,10.0,0.1,0.654457694491766,0.6057661159701976,0.7391304347826086,0.513172338090011,0.7372262773722628,0.3333333333333333,0.2727272727272727,0.42857142857142855,0.6418918918918919,0.29333333333333333,0.22,0.44
479,0.8,poly,10.0,1,0.654457694491766,0.6057661159701976,0.7391304347826086,0.513172338090011,0.7372262773722628,0.3333333333333333,0.2727272727272727,0.42857142857142855,0.6418918918918919,0.29333333333333333,0.22,0.44
480,0.8,poly,1.0,scale,0.6538898353208404,0.5789291882556131,0.7809878844361603,0.45993413830954993,0.7591240875912408,0.2978723404255319,0.2692307692307692,0.3333333333333333,0.668918918918919,0.2222222222222222,0.18421052631578946,0.28
481,0.8,poly,1.0,auto,0.6538898353208404,0.5789291882556131,0.7809878844361603,0.45993413830954993,0.7591240875912408,0.2978723404255319,0.2692307692307692,0.3333333333333333,0.668918918918919,0.2222222222222222,0.18421052631578946,0.28
482,0.8,poly,1.0,0.001,0.6538898353208404,0.5789291882556131,0.7809878844361603,0.45993413830954993,0.7591240875912408,0.2978723404255319,0.2692307692307692,0.3333333333333333,0.668918918918919,0.2222222222222222,0.18421052631578946,0.28
483,0.8,poly,1.0,0.01,0.6538898353208404,0.5789291882556131,0.7809878844361603,0.45993413830954993,0.7591240875912408,0.2978723404255319,0.2692307692307692,0.3333333333333333,0.668918918918919,0.2222222222222222,0.18421052631578946,0.28
484,0.8,poly,1.0,0.1,0.6538898353208404,0.5789291882556131,0.7809878844361603,0.45993413830954993,0.7591240875912408,0.2978723404255319,0.2692307692307692,0.3333333333333333,0.668918918918919,0.2222222222222222,0.18421052631578946,0.28
485,0.8,poly,1.0,1,0.6538898353208404,0.5789291882556131,0.7809878844361603,0.45993413830954993,0.7591240875912408,0.2978723404255319,0.2692307692307692,0.3333333333333333,0.668918918918919,0.2222222222222222,0.18421052631578946,0.28
486,0.8,poly,0.1,scale,0.6678023850085179,0.5987654320987654,0.7979890310786106,0.4791437980241493,0.7518248175182481,0.2916666666666667,0.25925925925925924,0.3333333333333333,0.6824324324324325,0.22950819672131148,0.19444444444444445,0.28
487,0.8,poly,0.1,auto,0.6678023850085179,0.5987654320987654,0.7979890310786106,0.4791437980241493,0.7518248175182481,0.2916666666666667,0.25925925925925924,0.3333333333333333,0.6824324324324325,0.22950819672131148,0.19444444444444445,0.28
488,0.8,poly,0.1,0.001,0.6678023850085179,0.5987654320987654,0.7979890310786106,0.4791437980241493,0.7518248175182481,0.2916666666666667,0.25925925925925924,0.3333333333333333,0.6824324324324325,0.22950819672131148,0.19444444444444445,0.28
489,0.8,poly,0.1,0.01,0.6678023850085179,0.5987654320987654,0.7979890310786106,0.4791437980241493,0.7518248175182481,0.2916666666666667,0.25925925925925924,0.3333333333333333,0.6824324324324325,0.22950819672131148,0.19444444444444445,0.28
490,0.8,poly,0.1,0.1,0.6678023850085179,0.5987654320987654,0.7979890310786106,0.4791437980241493,0.7518248175182481,0.2916666666666667,0.25925925925925924,0.3333333333333333,0.6824324324324325,0.22950819672131148,0.19444444444444445,0.28
491,0.8,poly,0.1,1,0.6678023850085179,0.5987654320987654,0.7979890310786106,0.4791437980241493,0.7518248175182481,0.2916666666666667,0.25925925925925924,0.3333333333333333,0.6824324324324325,0.22950819672131148,0.19444444444444445,0.28
492,0.8,poly,0.01,scale,0.6291879613855764,0.501906941266209,0.8225,0.3611416026344676,0.8029197080291971,0.34146341463414637,0.35,0.3333333333333333,0.7162162162162162,0.16,0.16,0.16
493,0.8,poly,0.01,auto,0.6291879613855764,0.501906941266209,0.8225,0.3611416026344676,0.8029197080291971,0.34146341463414637,0.35,0.3333333333333333,0.7162162162162162,0.16,0.16,0.16
494,0.8,poly,0.01,0.001,0.6291879613855764,0.501906941266209,0.8225,0.3611416026344676,0.8029197080291971,0.34146341463414637,0.35,0.3333333333333333,0.7162162162162162,0.16,0.16,0.16
495,0.8,poly,0.01,0.01,0.6291879613855764,0.501906941266209,0.8225,0.3611416026344676,0.8029197080291971,0.34146341463414637,0.35,0.3333333333333333,0.7162162162162162,0.16,0.16,0.16
496,0.8,poly,0.01,0.1,0.6291879613855764,0.501906941266209,0.8225,0.3611416026344676,0.8029197080291971,0.34146341463414637,0.35,0.3333333333333333,0.7162162162162162,0.16,0.16,0.16
497,0.8,poly,0.01,1,0.6291879613855764,0.501906941266209,0.8225,0.3611416026344676,0.8029197080291971,0.34146341463414637,0.35,0.3333333333333333,0.7162162162162162,0.16,0.16,0.16
498,0.8,poly,0.001,scale,0.5877342419080068,0.37251512532411407,0.8760162601626016,0.23655323819978047,0.8175182481751825,0.1935483870967742,0.3,0.14285714285714285,0.7905405405405406,0.11428571428571428,0.2,0.08
499,0.8,poly,0.001,auto,0.5877342419080068,0.37251512532411407,0.8760162601626016,0.23655323819978047,0.8175182481751825,0.1935483870967742,0.3,0.14285714285714285,0.7905405405405406,0.11428571428571428,0.2,0.08
500,0.8,poly,0.001,0.001,0.5877342419080068,0.37251512532411407,0.8760162601626016,0.23655323819978047,0.8175182481751825,0.1935483870967742,0.3,0.14285714285714285,0.7905405405405406,0.11428571428571428,0.2,0.08
501,0.8,poly,0.001,0.01,0.5877342419080068,0.37251512532411407,0.8760162601626016,0.23655323819978047,0.8175182481751825,0.1935483870967742,0.3,0.14285714285714285,0.7905405405405406,0.11428571428571428,0.2,0.08
502,0.8,poly,0.001,0.1,0.5877342419080068,0.37251512532411407,0.8760162601626016,0.23655323819978047,0.8175182481751825,0.1935483870967742,0.3,0.14285714285714285,0.7905405405405406,0.11428571428571428,0.2,0.08
503,0.8,poly,0.001,1,0.5877342419080068,0.37251512532411407,0.8760162601626016,0.23655323819978047,0.8175182481751825,0.1935483870967742,0.3,0.14285714285714285,0.7905405405405406,0.11428571428571428,0.2,0.08
504,0.8,linear,20.0,scale,0.6802952867688813,0.6278916060806345,0.7890365448504983,0.5214050493962679,0.7518248175182481,0.37037037037037035,0.30303030303030304,0.47619047619047616,0.7162162162162162,0.4,0.3111111111111111,0.56
505,0.8,linear,20.0,auto,0.6802952867688813,0.6278916060806345,0.7890365448504983,0.5214050493962679,0.7518248175182481,0.37037037037037035,0.30303030303030304,0.47619047619047616,0.7162162162162162,0.4,0.3111111111111111,0.56
506,0.8,linear,20.0,0.001,0.6802952867688813,0.6278916060806345,0.7890365448504983,0.5214050493962679,0.7518248175182481,0.37037037037037035,0.30303030303030304,0.47619047619047616,0.7162162162162162,0.4,0.3111111111111111,0.56
507,0.8,linear,20.0,0.01,0.6802952867688813,0.6278916060806345,0.7890365448504983,0.5214050493962679,0.7518248175182481,0.37037037037037035,0.30303030303030304,0.47619047619047616,0.7162162162162162,0.4,0.3111111111111111,0.56
508,0.8,linear,20.0,0.1,0.6802952867688813,0.6278916060806345,0.7890365448504983,0.5214050493962679,0.7518248175182481,0.37037037037037035,0.30303030303030304,0.47619047619047616,0.7162162162162162,0.4,0.3111111111111111,0.56
509,0.8,linear,20.0,1,0.6802952867688813,0.6278916060806345,0.7890365448504983,0.5214050493962679,0.7518248175182481,0.37037037037037035,0.30303030303030304,0.47619047619047616,0.7162162162162162,0.4,0.3111111111111111,0.56
510,0.8,linear,10.0,scale,0.6817149346961954,0.6296663363065742,0.7908713692946058,0.5230515916575192,0.7518248175182481,0.37037037037037035,0.30303030303030304,0.47619047619047616,0.7094594594594594,0.3582089552238806,0.2857142857142857,0.48
511,0.8,linear,10.0,auto,0.6817149346961954,0.6296663363065742,0.7908713692946058,0.5230515916575192,0.7518248175182481,0.37037037037037035,0.30303030303030304,0.47619047619047616,0.7094594594594594,0.3582089552238806,0.2857142857142857,0.48
512,0.8,linear,10.0,0.001,0.6817149346961954,0.6296663363065742,0.7908713692946058,0.5230515916575192,0.7518248175182481,0.37037037037037035,0.30303030303030304,0.47619047619047616,0.7094594594594594,0.3582089552238806,0.2857142857142857,0.48
513,0.8,linear,10.0,0.01,0.6817149346961954,0.6296663363065742,0.7908713692946058,0.5230515916575192,0.7518248175182481,0.37037037037037035,0.30303030303030304,0.47619047619047616,0.7094594594594594,0.3582089552238806,0.2857142857142857,0.48
514,0.8,linear,10.0,0.1,0.6817149346961954,0.6296663363065742,0.7908713692946058,0.5230515916575192,0.7518248175182481,0.37037037037037035,0.30303030303030304,0.47619047619047616,0.7094594594594594,0.3582089552238806,0.2857142857142857,0.48
515,0.8,linear,10.0,1,0.6817149346961954,0.6296663363065742,0.7908713692946058,0.5230515916575192,0.7518248175182481,0.37037037037037035,0.30303030303030304,0.47619047619047616,0.7094594594594594,0.3582089552238806,0.2857142857142857,0.48
516,0.8,linear,1.0,scale,0.6453719477569563,0.5691617799241118,0.766016713091922,0.45279912184412735,0.7518248175182481,0.37037037037037035,0.30303030303030304,0.47619047619047616,0.6891891891891891,0.28125,0.23076923076923078,0.36
517,0.8,linear,1.0,auto,0.6453719477569563,0.5691617799241118,0.766016713091922,0.45279912184412735,0.7518248175182481,0.37037037037037035,0.30303030303030304,0.47619047619047616,0.6891891891891891,0.28125,0.23076923076923078,0.36
518,0.8,linear,1.0,0.001,0.6453719477569563,0.5691617799241118,0.766016713091922,0.45279912184412735,0.7518248175182481,0.37037037037037035,0.30303030303030304,0.47619047619047616,0.6891891891891891,0.28125,0.23076923076923078,0.36
519,0.8,linear,1.0,0.01,0.6453719477569563,0.5691617799241118,0.766016713091922,0.45279912184412735,0.7518248175182481,0.37037037037037035,0.30303030303030304,0.47619047619047616,0.6891891891891891,0.28125,0.23076923076923078,0.36
520,0.8,linear,1.0,0.1,0.6453719477569563,0.5691617799241118,0.766016713091922,0.45279912184412735,0.7518248175182481,0.37037037037037035,0.30303030303030304,0.47619047619047616,0.6891891891891891,0.28125,0.23076923076923078,0.36
521,0.8,linear,1.0,1,0.6453719477569563,0.5691617799241118,0.766016713091922,0.45279912184412735,0.7518248175182481,0.37037037037037035,0.30303030303030304,0.47619047619047616,0.6891891891891891,0.28125,0.23076923076923078,0.36
522,0.8,linear,0.1,scale,0.6766042021578649,0.6295934959349594,0.7725458898643256,0.531284302963776,0.7372262773722628,0.35714285714285715,0.2857142857142857,0.47619047619047616,0.7094594594594594,0.39436619718309857,0.30434782608695654,0.56
523,0.8,linear,0.1,auto,0.6766042021578649,0.6295934959349594,0.7725458898643256,0.531284302963776,0.7372262773722628,0.35714285714285715,0.2857142857142857,0.47619047619047616,0.7094594594594594,0.39436619718309857,0.30434782608695654,0.56
524,0.8,linear,0.1,0.001,0.6766042021578649,0.6295934959349594,0.7725458898643256,0.531284302963776,0.7372262773722628,0.35714285714285715,0.2857142857142857,0.47619047619047616,0.7094594594594594,0.39436619718309857,0.30434782608695654,0.56
525,0.8,linear,0.1,0.01,0.6766042021578649,0.6295934959349594,0.7725458898643256,0.531284302963776,0.7372262773722628,0.35714285714285715,0.2857142857142857,0.47619047619047616,0.7094594594594594,0.39436619718309857,0.30434782608695654,0.56
526,0.8,linear,0.1,0.1,0.6766042021578649,0.6295934959349594,0.7725458898643256,0.531284302963776,0.7372262773722628,0.35714285714285715,0.2857142857142857,0.47619047619047616,0.7094594594594594,0.39436619718309857,0.30434782608695654,0.56
527,0.8,linear,0.1,1,0.6766042021578649,0.6295934959349594,0.7725458898643256,0.531284302963776,0.7372262773722628,0.35714285714285715,0.2857142857142857,0.47619047619047616,0.7094594594594594,0.39436619718309857,0.30434782608695654,0.56
528,0.8,linear,0.01,scale,0.6780238500851788,0.631578947368421,0.7738853503184714,0.5334796926454446,0.7372262773722628,0.35714285714285715,0.2857142857142857,0.47619047619047616,0.7162162162162162,0.4,0.3111111111111111,0.56
529,0.8,linear,0.01,auto,0.6780238500851788,0.631578947368421,0.7738853503184714,0.5334796926454446,0.7372262773722628,0.35714285714285715,0.2857142857142857,0.47619047619047616,0.7162162162162162,0.4,0.3111111111111111,0.56
530,0.8,linear,0.01,0.001,0.6780238500851788,0.631578947368421,0.7738853503184714,0.5334796926454446,0.7372262773722628,0.35714285714285715,0.2857142857142857,0.47619047619047616,0.7162162162162162,0.4,0.3111111111111111,0.56
531,0.8,linear,0.01,0.01,0.6780238500851788,0.631578947368421,0.7738853503184714,0.5334796926454446,0.7372262773722628,0.35714285714285715,0.2857142857142857,0.47619047619047616,0.7162162162162162,0.4,0.3111111111111111,0.56
532,0.8,linear,0.01,0.1,0.6780238500851788,0.631578947368421,0.7738853503184714,0.5334796926454446,0.7372262773722628,0.35714285714285715,0.2857142857142857,0.47619047619047616,0.7162162162162162,0.4,0.3111111111111111,0.56
533,0.8,linear,0.01,1,0.6780238500851788,0.631578947368421,0.7738853503184714,0.5334796926454446,0.7372262773722628,0.35714285714285715,0.2857142857142857,0.47619047619047616,0.7162162162162162,0.4,0.3111111111111111,0.56
534,0.8,linear,0.001,scale,0.5741056218057922,0.3392070484581498,0.859375,0.21130625686059276,0.8175182481751825,0.13793103448275862,0.25,0.09523809523809523,0.7094594594594594,0.0,0.0,0.0
535,0.8,linear,0.001,auto,0.5741056218057922,0.3392070484581498,0.859375,0.21130625686059276,0.8175182481751825,0.13793103448275862,0.25,0.09523809523809523,0.7094594594594594,0.0,0.0,0.0
536,0.8,linear,0.001,0.001,0.5741056218057922,0.3392070484581498,0.859375,0.21130625686059276,0.8175182481751825,0.13793103448275862,0.25,0.09523809523809523,0.7094594594594594,0.0,0.0,0.0
537,0.8,linear,0.001,0.01,0.5741056218057922,0.3392070484581498,0.859375,0.21130625686059276,0.8175182481751825,0.13793103448275862,0.25,0.09523809523809523,0.7094594594594594,0.0,0.0,0.0
538,0.8,linear,0.001,0.1,0.5741056218057922,0.3392070484581498,0.859375,0.21130625686059276,0.8175182481751825,0.13793103448275862,0.25,0.09523809523809523,0.7094594594594594,0.0,0.0,0.0
539,0.8,linear,0.001,1,0.5741056218057922,0.3392070484581498,0.859375,0.21130625686059276,0.8175182481751825,0.13793103448275862,0.25,0.09523809523809523,0.7094594594594594,0.0,0.0,0.0
540,0.8,sigmoid,20.0,scale,0.5212947189097104,0.5357929515418502,0.5375690607734807,0.5340285400658616,0.49635036496350365,0.25806451612903225,0.16666666666666666,0.5714285714285714,0.4864864864864865,0.2830188679245283,0.18518518518518517,0.6
541,0.8,sigmoid,20.0,auto,0.5212947189097104,0.5357929515418502,0.5375690607734807,0.5340285400658616,0.49635036496350365,0.25806451612903225,0.16666666666666666,0.5714285714285714,0.4864864864864865,0.2830188679245283,0.18518518518518517,0.6
542,0.8,sigmoid,20.0,0.001,0.5212947189097104,0.5357929515418502,0.5375690607734807,0.5340285400658616,0.49635036496350365,0.25806451612903225,0.16666666666666666,0.5714285714285714,0.4864864864864865,0.2830188679245283,0.18518518518518517,0.6
543,0.8,sigmoid,20.0,0.01,0.5212947189097104,0.5357929515418502,0.5375690607734807,0.5340285400658616,0.49635036496350365,0.25806451612903225,0.16666666666666666,0.5714285714285714,0.4864864864864865,0.2830188679245283,0.18518518518518517,0.6
544,0.8,sigmoid,20.0,0.1,0.5212947189097104,0.5357929515418502,0.5375690607734807,0.5340285400658616,0.49635036496350365,0.25806451612903225,0.16666666666666666,0.5714285714285714,0.4864864864864865,0.2830188679245283,0.18518518518518517,0.6
545,0.8,sigmoid,20.0,1,0.5212947189097104,0.5357929515418502,0.5375690607734807,0.5340285400658616,0.49635036496350365,0.25806451612903225,0.16666666666666666,0.5714285714285714,0.4864864864864865,0.2830188679245283,0.18518518518518517,0.6
546,0.8,sigmoid,10.0,scale,0.5073821692220329,0.5146853146853146,0.5248146035367941,0.5049396267837541,0.5109489051094891,0.24719101123595505,0.16176470588235295,0.5238095238095238,0.4864864864864865,0.2830188679245283,0.18518518518518517,0.6
547,0.8,sigmoid,10.0,auto,0.5073821692220329,0.5146853146853146,0.5248146035367941,0.5049396267837541,0.5109489051094891,0.24719101123595505,0.16176470588235295,0.5238095238095238,0.4864864864864865,0.2830188679245283,0.18518518518518517,0.6
548,0.8,sigmoid,10.0,0.001,0.5073821692220329,0.5146853146853146,0.5248146035367941,0.5049396267837541,0.5109489051094891,0.24719101123595505,0.16176470588235295,0.5238095238095238,0.4864864864864865,0.2830188679245283,0.18518518518518517,0.6
549,0.8,sigmoid,10.0,0.01,0.5073821692220329,0.5146853146853146,0.5248146035367941,0.5049396267837541,0.5109489051094891,0.24719101123595505,0.16176470588235295,0.5238095238095238,0.4864864864864865,0.2830188679245283,0.18518518518518517,0.6
550,0.8,sigmoid,10.0,0.1,0.5073821692220329,0.5146853146853146,0.5248146035367941,0.5049396267837541,0.5109489051094891,0.24719101123595505,0.16176470588235295,0.5238095238095238,0.4864864864864865,0.2830188679245283,0.18518518518518517,0.6
551,0.8,sigmoid,10.0,1,0.5073821692220329,0.5146853146853146,0.5248146035367941,0.5049396267837541,0.5109489051094891,0.24719101123595505,0.16176470588235295,0.5238095238095238,0.4864864864864865,0.2830188679245283,0.18518518518518517,0.6
552,0.8,sigmoid,1.0,scale,0.5434412265758092,0.528169014084507,0.5674653215636822,0.49396267837541163,0.5912408759124088,0.2631578947368421,0.18181818181818182,0.47619047619047616,0.5405405405405406,0.30612244897959184,0.2054794520547945,0.6
553,0.8,sigmoid,1.0,auto,0.5434412265758092,0.528169014084507,0.5674653215636822,0.49396267837541163,0.5912408759124088,0.2631578947368421,0.18181818181818182,0.47619047619047616,0.5405405405405406,0.30612244897959184,0.2054794520547945,0.6
554,0.8,sigmoid,1.0,0.001,0.5434412265758092,0.528169014084507,0.5674653215636822,0.49396267837541163,0.5912408759124088,0.2631578947368421,0.18181818181818182,0.47619047619047616,0.5405405405405406,0.30612244897959184,0.2054794520547945,0.6
555,0.8,sigmoid,1.0,0.01,0.5434412265758092,0.528169014084507,0.5674653215636822,0.49396267837541163,0.5912408759124088,0.2631578947368421,0.18181818181818182,0.47619047619047616,0.5405405405405406,0.30612244897959184,0.2054794520547945,0.6
556,0.8,sigmoid,1.0,0.1,0.5434412265758092,0.528169014084507,0.5674653215636822,0.49396267837541163,0.5912408759124088,0.2631578947368421,0.18181818181818182,0.47619047619047616,0.5405405405405406,0.30612244897959184,0.2054794520547945,0.6
557,0.8,sigmoid,1.0,1,0.5434412265758092,0.528169014084507,0.5674653215636822,0.49396267837541163,0.5912408759124088,0.2631578947368421,0.18181818181818182,0.47619047619047616,0.5405405405405406,0.30612244897959184,0.2054794520547945,0.6
558,0.8,sigmoid,0.1,scale,0.5704145371947758,0.5167678058128393,0.6180290297937356,0.44401756311745333,0.6423357664233577,0.24615384615384617,0.18181818181818182,0.38095238095238093,0.6013513513513513,0.2716049382716049,0.19642857142857142,0.44
559,0.8,sigmoid,0.1,auto,0.5704145371947758,0.5167678058128393,0.6180290297937356,0.44401756311745333,0.6423357664233577,0.24615384615384617,0.18181818181818182,0.38095238095238093,0.6013513513513513,0.2716049382716049,0.19642857142857142,0.44
560,0.8,sigmoid,0.1,0.001,0.5704145371947758,0.5167678058128393,0.6180290297937356,0.44401756311745333,0.6423357664233577,0.24615384615384617,0.18181818181818182,0.38095238095238093,0.6013513513513513,0.2716049382716049,0.19642857142857142,0.44
561,0.8,sigmoid,0.1,0.01,0.5704145371947758,0.5167678058128393,0.6180290297937356,0.44401756311745333,0.6423357664233577,0.24615384615384617,0.18181818181818182,0.38095238095238093,0.6013513513513513,0.2716049382716049,0.19642857142857142,0.44
562,0.8,sigmoid,0.1,0.1,0.5704145371947758,0.5167678058128393,0.6180290297937356,0.44401756311745333,0.6423357664233577,0.24615384615384617,0.18181818181818182,0.38095238095238093,0.6013513513513513,0.2716049382716049,0.19642857142857142,0.44
563,0.8,sigmoid,0.1,1,0.5704145371947758,0.5167678058128393,0.6180290297937356,0.44401756311745333,0.6423357664233577,0.24615384615384617,0.18181818181818182,0.38095238095238093,0.6013513513513513,0.2716049382716049,0.19642857142857142,0.44
564,0.8,sigmoid,0.01,scale,0.6382737081203862,0.5975994946304485,0.7038690476190477,0.5192096597145993,0.6934306569343066,0.34375,0.2558139534883721,0.5238095238095238,0.6756756756756757,0.38461538461538464,0.2830188679245283,0.6
565,0.8,sigmoid,0.01,auto,0.6382737081203862,0.5975994946304485,0.7038690476190477,0.5192096597145993,0.6934306569343066,0.34375,0.2558139534883721,0.5238095238095238,0.6756756756756757,0.38461538461538464,0.2830188679245283,0.6
566,0.8,sigmoid,0.01,0.001,0.6382737081203862,0.5975994946304485,0.7038690476190477,0.5192096597145993,0.6934306569343066,0.34375,0.2558139534883721,0.5238095238095238,0.6756756756756757,0.38461538461538464,0.2830188679245283,0.6
567,0.8,sigmoid,0.01,0.01,0.6382737081203862,0.5975994946304485,0.7038690476190477,0.5192096597145993,0.6934306569343066,0.34375,0.2558139534883721,0.5238095238095238,0.6756756756756757,0.38461538461538464,0.2830188679245283,0.6
568,0.8,sigmoid,0.01,0.1,0.6382737081203862,0.5975994946304485,0.7038690476190477,0.5192096597145993,0.6934306569343066,0.34375,0.2558139534883721,0.5238095238095238,0.6756756756756757,0.38461538461538464,0.2830188679245283,0.6
569,0.8,sigmoid,0.01,1,0.6382737081203862,0.5975994946304485,0.7038690476190477,0.5192096597145993,0.6934306569343066,0.34375,0.2558139534883721,0.5238095238095238,0.6756756756756757,0.38461538461538464,0.2830188679245283,0.6
570,0.8,sigmoid,0.001,scale,0.6695059625212947,0.663972286374134,0.7003654080389768,0.6311745334796927,0.6423357664233577,0.30985915492957744,0.22,0.5238095238095238,0.6486486486486487,0.3953488372093023,0.2786885245901639,0.68
571,0.8,sigmoid,0.001,auto,0.6695059625212947,0.663972286374134,0.7003654080389768,0.6311745334796927,0.6423357664233577,0.30985915492957744,0.22,0.5238095238095238,0.6486486486486487,0.3953488372093023,0.2786885245901639,0.68
572,0.8,sigmoid,0.001,0.001,0.6695059625212947,0.663972286374134,0.7003654080389768,0.6311745334796927,0.6423357664233577,0.30985915492957744,0.22,0.5238095238095238,0.6486486486486487,0.3953488372093023,0.2786885245901639,0.68
573,0.8,sigmoid,0.001,0.01,0.6695059625212947,0.663972286374134,0.7003654080389768,0.6311745334796927,0.6423357664233577,0.30985915492957744,0.22,0.5238095238095238,0.6486486486486487,0.3953488372093023,0.2786885245901639,0.68
574,0.8,sigmoid,0.001,0.1,0.6695059625212947,0.663972286374134,0.7003654080389768,0.6311745334796927,0.6423357664233577,0.30985915492957744,0.22,0.5238095238095238,0.6486486486486487,0.3953488372093023,0.2786885245901639,0.68
575,0.8,sigmoid,0.001,1,0.6695059625212947,0.663972286374134,0.7003654080389768,0.6311745334796927,0.6423357664233577,0.30985915492957744,0.22,0.5238095238095238,0.6486486486486487,0.3953488372093023,0.2786885245901639,0.68
