SIM,PCA_components,kernel,C,gamma,acc_train,f1_train,prec_train,rec_train,acc_val,f1_val,prec_val,rec_val,acc_test,f1_test,prec_test,rec_test
0,no_pca,rbf,20.0,scale,0.7587876614060258,0.7649012410417759,0.6848200312989046,0.8661916072842438,0.6105769230769231,0.595,0.4473684210526316,0.8880597014925373,0.5396039603960396,0.5303030303030303,0.3860294117647059,0.8467741935483871
1,no_pca,rbf,20.0,auto,0.7587876614060258,0.7649012410417759,0.6848200312989046,0.8661916072842438,0.6105769230769231,0.595,0.4473684210526316,0.8880597014925373,0.5396039603960396,0.5303030303030303,0.3860294117647059,0.8467741935483871
2,no_pca,rbf,20.0,0.001,0.7587876614060258,0.7649012410417759,0.6848200312989046,0.8661916072842438,0.6105769230769231,0.595,0.4473684210526316,0.8880597014925373,0.5396039603960396,0.5303030303030303,0.3860294117647059,0.8467741935483871
3,no_pca,rbf,20.0,0.01,0.7587876614060258,0.7649012410417759,0.6848200312989046,0.8661916072842438,0.6105769230769231,0.595,0.4473684210526316,0.8880597014925373,0.5396039603960396,0.5303030303030303,0.3860294117647059,0.8467741935483871
4,no_pca,rbf,20.0,0.1,0.7587876614060258,0.7649012410417759,0.6848200312989046,0.8661916072842438,0.6105769230769231,0.595,0.4473684210526316,0.8880597014925373,0.5396039603960396,0.5303030303030303,0.3860294117647059,0.8467741935483871
5,no_pca,rbf,20.0,1,0.7587876614060258,0.7649012410417759,0.6848200312989046,0.8661916072842438,0.6105769230769231,0.595,0.4473684210526316,0.8880597014925373,0.5396039603960396,0.5303030303030303,0.3860294117647059,0.8467741935483871
6,no_pca,rbf,10.0,scale,0.746413199426112,0.7539157674904281,0.6726708074534161,0.8574821852731591,0.5865384615384616,0.5804878048780487,0.4311594202898551,0.8880597014925373,0.5495049504950495,0.542713567839196,0.39416058394160586,0.8709677419354839
7,no_pca,rbf,10.0,auto,0.746413199426112,0.7539157674904281,0.6726708074534161,0.8574821852731591,0.5865384615384616,0.5804878048780487,0.4311594202898551,0.8880597014925373,0.5495049504950495,0.542713567839196,0.39416058394160586,0.8709677419354839
8,no_pca,rbf,10.0,0.001,0.746413199426112,0.7539157674904281,0.6726708074534161,0.8574821852731591,0.5865384615384616,0.5804878048780487,0.4311594202898551,0.8880597014925373,0.5495049504950495,0.542713567839196,0.39416058394160586,0.8709677419354839
9,no_pca,rbf,10.0,0.01,0.746413199426112,0.7539157674904281,0.6726708074534161,0.8574821852731591,0.5865384615384616,0.5804878048780487,0.4311594202898551,0.8880597014925373,0.5495049504950495,0.542713567839196,0.39416058394160586,0.8709677419354839
10,no_pca,rbf,10.0,0.1,0.746413199426112,0.7539157674904281,0.6726708074534161,0.8574821852731591,0.5865384615384616,0.5804878048780487,0.4311594202898551,0.8880597014925373,0.5495049504950495,0.542713567839196,0.39416058394160586,0.8709677419354839
11,no_pca,rbf,10.0,1,0.746413199426112,0.7539157674904281,0.6726708074534161,0.8574821852731591,0.5865384615384616,0.5804878048780487,0.4311594202898551,0.8880597014925373,0.5495049504950495,0.542713567839196,0.39416058394160586,0.8709677419354839
12,no_pca,rbf,1.0,scale,0.7031922525107605,0.7137173499394568,0.6337941628264209,0.8167062549485352,0.5673076923076923,0.569377990430622,0.41901408450704225,0.8880597014925373,0.5371287128712872,0.5382716049382716,0.3879003558718861,0.8790322580645161
13,no_pca,rbf,1.0,auto,0.7031922525107605,0.7137173499394568,0.6337941628264209,0.8167062549485352,0.5673076923076923,0.569377990430622,0.41901408450704225,0.8880597014925373,0.5371287128712872,0.5382716049382716,0.3879003558718861,0.8790322580645161
14,no_pca,rbf,1.0,0.001,0.7031922525107605,0.7137173499394568,0.6337941628264209,0.8167062549485352,0.5673076923076923,0.569377990430622,0.41901408450704225,0.8880597014925373,0.5371287128712872,0.5382716049382716,0.3879003558718861,0.8790322580645161
15,no_pca,rbf,1.0,0.01,0.7031922525107605,0.7137173499394568,0.6337941628264209,0.8167062549485352,0.5673076923076923,0.569377990430622,0.41901408450704225,0.8880597014925373,0.5371287128712872,0.5382716049382716,0.3879003558718861,0.8790322580645161
16,no_pca,rbf,1.0,0.1,0.7031922525107605,0.7137173499394568,0.6337941628264209,0.8167062549485352,0.5673076923076923,0.569377990430622,0.41901408450704225,0.8880597014925373,0.5371287128712872,0.5382716049382716,0.3879003558718861,0.8790322580645161
17,no_pca,rbf,1.0,1,0.7031922525107605,0.7137173499394568,0.6337941628264209,0.8167062549485352,0.5673076923076923,0.569377990430622,0.41901408450704225,0.8880597014925373,0.5371287128712872,0.5382716049382716,0.3879003558718861,0.8790322580645161
18,no_pca,rbf,0.1,scale,0.687948350071736,0.7079556898288016,0.6145104895104895,0.834916864608076,0.5432692307692307,0.5560747663551402,0.40476190476190477,0.8880597014925373,0.5123762376237624,0.5298329355608592,0.376271186440678,0.8951612903225806
19,no_pca,rbf,0.1,auto,0.687948350071736,0.7079556898288016,0.6145104895104895,0.834916864608076,0.5432692307692307,0.5560747663551402,0.40476190476190477,0.8880597014925373,0.5123762376237624,0.5298329355608592,0.376271186440678,0.8951612903225806
20,no_pca,rbf,0.1,0.001,0.687948350071736,0.7079556898288016,0.6145104895104895,0.834916864608076,0.5432692307692307,0.5560747663551402,0.40476190476190477,0.8880597014925373,0.5123762376237624,0.5298329355608592,0.376271186440678,0.8951612903225806
21,no_pca,rbf,0.1,0.01,0.687948350071736,0.7079556898288016,0.6145104895104895,0.834916864608076,0.5432692307692307,0.5560747663551402,0.40476190476190477,0.8880597014925373,0.5123762376237624,0.5298329355608592,0.376271186440678,0.8951612903225806
22,no_pca,rbf,0.1,0.1,0.687948350071736,0.7079556898288016,0.6145104895104895,0.834916864608076,0.5432692307692307,0.5560747663551402,0.40476190476190477,0.8880597014925373,0.5123762376237624,0.5298329355608592,0.376271186440678,0.8951612903225806
23,no_pca,rbf,0.1,1,0.687948350071736,0.7079556898288016,0.6145104895104895,0.834916864608076,0.5432692307692307,0.5560747663551402,0.40476190476190477,0.8880597014925373,0.5123762376237624,0.5298329355608592,0.376271186440678,0.8951612903225806
24,no_pca,rbf,0.01,scale,0.6727044476327116,0.7081400927554774,0.5940434665951168,0.8764845605700713,0.5192307692307693,0.5475113122171946,0.39285714285714285,0.9029850746268657,0.49504950495049505,0.5255813953488372,0.369281045751634,0.9112903225806451
25,no_pca,rbf,0.01,auto,0.6727044476327116,0.7081400927554774,0.5940434665951168,0.8764845605700713,0.5192307692307693,0.5475113122171946,0.39285714285714285,0.9029850746268657,0.49504950495049505,0.5255813953488372,0.369281045751634,0.9112903225806451
26,no_pca,rbf,0.01,0.001,0.6727044476327116,0.7081400927554774,0.5940434665951168,0.8764845605700713,0.5192307692307693,0.5475113122171946,0.39285714285714285,0.9029850746268657,0.49504950495049505,0.5255813953488372,0.369281045751634,0.9112903225806451
27,no_pca,rbf,0.01,0.01,0.6727044476327116,0.7081400927554774,0.5940434665951168,0.8764845605700713,0.5192307692307693,0.5475113122171946,0.39285714285714285,0.9029850746268657,0.49504950495049505,0.5255813953488372,0.369281045751634,0.9112903225806451
28,no_pca,rbf,0.01,0.1,0.6727044476327116,0.7081400927554774,0.5940434665951168,0.8764845605700713,0.5192307692307693,0.5475113122171946,0.39285714285714285,0.9029850746268657,0.49504950495049505,0.5255813953488372,0.369281045751634,0.9112903225806451
29,no_pca,rbf,0.01,1,0.6727044476327116,0.7081400927554774,0.5940434665951168,0.8764845605700713,0.5192307692307693,0.5475113122171946,0.39285714285714285,0.9029850746268657,0.49504950495049505,0.5255813953488372,0.369281045751634,0.9112903225806451
30,no_pca,rbf,0.001,scale,0.6379124820659972,0.6910482019892884,0.5632327263656772,0.8939034045922407,0.4951923076923077,0.5333333333333333,0.379746835443038,0.8955223880597015,0.47277227722772275,0.5148063781321185,0.35873015873015873,0.9112903225806451
31,no_pca,rbf,0.001,auto,0.6379124820659972,0.6910482019892884,0.5632327263656772,0.8939034045922407,0.4951923076923077,0.5333333333333333,0.379746835443038,0.8955223880597015,0.47277227722772275,0.5148063781321185,0.35873015873015873,0.9112903225806451
32,no_pca,rbf,0.001,0.001,0.6379124820659972,0.6910482019892884,0.5632327263656772,0.8939034045922407,0.4951923076923077,0.5333333333333333,0.379746835443038,0.8955223880597015,0.47277227722772275,0.5148063781321185,0.35873015873015873,0.9112903225806451
33,no_pca,rbf,0.001,0.01,0.6379124820659972,0.6910482019892884,0.5632327263656772,0.8939034045922407,0.4951923076923077,0.5333333333333333,0.379746835443038,0.8955223880597015,0.47277227722772275,0.5148063781321185,0.35873015873015873,0.9112903225806451
34,no_pca,rbf,0.001,0.1,0.6379124820659972,0.6910482019892884,0.5632327263656772,0.8939034045922407,0.4951923076923077,0.5333333333333333,0.379746835443038,0.8955223880597015,0.47277227722772275,0.5148063781321185,0.35873015873015873,0.9112903225806451
35,no_pca,rbf,0.001,1,0.6379124820659972,0.6910482019892884,0.5632327263656772,0.8939034045922407,0.4951923076923077,0.5333333333333333,0.379746835443038,0.8955223880597015,0.47277227722772275,0.5148063781321185,0.35873015873015873,0.9112903225806451
36,no_pca,poly,20.0,scale,0.7507173601147776,0.7390161472024033,0.7028571428571428,0.7790973871733967,0.6225961538461539,0.5879265091863517,0.4534412955465587,0.835820895522388,0.5792079207920792,0.5454545454545454,0.408,0.8225806451612904
37,no_pca,poly,20.0,auto,0.7507173601147776,0.7390161472024033,0.7028571428571428,0.7790973871733967,0.6225961538461539,0.5879265091863517,0.4534412955465587,0.835820895522388,0.5792079207920792,0.5454545454545454,0.408,0.8225806451612904
38,no_pca,poly,20.0,0.001,0.7507173601147776,0.7390161472024033,0.7028571428571428,0.7790973871733967,0.6225961538461539,0.5879265091863517,0.4534412955465587,0.835820895522388,0.5792079207920792,0.5454545454545454,0.408,0.8225806451612904
39,no_pca,poly,20.0,0.01,0.7507173601147776,0.7390161472024033,0.7028571428571428,0.7790973871733967,0.6225961538461539,0.5879265091863517,0.4534412955465587,0.835820895522388,0.5792079207920792,0.5454545454545454,0.408,0.8225806451612904
40,no_pca,poly,20.0,0.1,0.7507173601147776,0.7390161472024033,0.7028571428571428,0.7790973871733967,0.6225961538461539,0.5879265091863517,0.4534412955465587,0.835820895522388,0.5792079207920792,0.5454545454545454,0.408,0.8225806451612904
41,no_pca,poly,20.0,1,0.7507173601147776,0.7390161472024033,0.7028571428571428,0.7790973871733967,0.6225961538461539,0.5879265091863517,0.4534412955465587,0.835820895522388,0.5792079207920792,0.5454545454545454,0.408,0.8225806451612904
42,no_pca,poly,10.0,scale,0.7471305595408895,0.7358561258898464,0.6984352773826458,0.777513855898654,0.6225961538461539,0.5879265091863517,0.4534412955465587,0.835820895522388,0.5816831683168316,0.546916890080429,0.40963855421686746,0.8225806451612904
43,no_pca,poly,10.0,auto,0.7471305595408895,0.7358561258898464,0.6984352773826458,0.777513855898654,0.6225961538461539,0.5879265091863517,0.4534412955465587,0.835820895522388,0.5816831683168316,0.546916890080429,0.40963855421686746,0.8225806451612904
44,no_pca,poly,10.0,0.001,0.7471305595408895,0.7358561258898464,0.6984352773826458,0.777513855898654,0.6225961538461539,0.5879265091863517,0.4534412955465587,0.835820895522388,0.5816831683168316,0.546916890080429,0.40963855421686746,0.8225806451612904
45,no_pca,poly,10.0,0.01,0.7471305595408895,0.7358561258898464,0.6984352773826458,0.777513855898654,0.6225961538461539,0.5879265091863517,0.4534412955465587,0.835820895522388,0.5816831683168316,0.546916890080429,0.40963855421686746,0.8225806451612904
46,no_pca,poly,10.0,0.1,0.7471305595408895,0.7358561258898464,0.6984352773826458,0.777513855898654,0.6225961538461539,0.5879265091863517,0.4534412955465587,0.835820895522388,0.5816831683168316,0.546916890080429,0.40963855421686746,0.8225806451612904
47,no_pca,poly,10.0,1,0.7471305595408895,0.7358561258898464,0.6984352773826458,0.777513855898654,0.6225961538461539,0.5879265091863517,0.4534412955465587,0.835820895522388,0.5816831683168316,0.546916890080429,0.40963855421686746,0.8225806451612904
48,no_pca,poly,1.0,scale,0.7218436154949784,0.7260201377848436,0.6555023923444976,0.8135391923990499,0.5985576923076923,0.5835411471321695,0.43820224719101125,0.8731343283582089,0.5668316831683168,0.5524296675191815,0.4044943820224719,0.8709677419354839
49,no_pca,poly,1.0,auto,0.7218436154949784,0.7260201377848436,0.6555023923444976,0.8135391923990499,0.5985576923076923,0.5835411471321695,0.43820224719101125,0.8731343283582089,0.5668316831683168,0.5524296675191815,0.4044943820224719,0.8709677419354839
50,no_pca,poly,1.0,0.001,0.7218436154949784,0.7260201377848436,0.6555023923444976,0.8135391923990499,0.5985576923076923,0.5835411471321695,0.43820224719101125,0.8731343283582089,0.5668316831683168,0.5524296675191815,0.4044943820224719,0.8709677419354839
51,no_pca,poly,1.0,0.01,0.7218436154949784,0.7260201377848436,0.6555023923444976,0.8135391923990499,0.5985576923076923,0.5835411471321695,0.43820224719101125,0.8731343283582089,0.5668316831683168,0.5524296675191815,0.4044943820224719,0.8709677419354839
52,no_pca,poly,1.0,0.1,0.7218436154949784,0.7260201377848436,0.6555023923444976,0.8135391923990499,0.5985576923076923,0.5835411471321695,0.43820224719101125,0.8731343283582089,0.5668316831683168,0.5524296675191815,0.4044943820224719,0.8709677419354839
53,no_pca,poly,1.0,1,0.7218436154949784,0.7260201377848436,0.6555023923444976,0.8135391923990499,0.5985576923076923,0.5835411471321695,0.43820224719101125,0.8731343283582089,0.5668316831683168,0.5524296675191815,0.4044943820224719,0.8709677419354839
54,no_pca,poly,0.1,scale,0.686154949784792,0.6855910887531441,0.6276315789473684,0.7553444180522565,0.5697115384615384,0.5644768856447688,0.4187725631768953,0.8656716417910447,0.5420792079207921,0.5340050377833753,0.3882783882783883,0.8548387096774194
55,no_pca,poly,0.1,auto,0.686154949784792,0.6855910887531441,0.6276315789473684,0.7553444180522565,0.5697115384615384,0.5644768856447688,0.4187725631768953,0.8656716417910447,0.5420792079207921,0.5340050377833753,0.3882783882783883,0.8548387096774194
56,no_pca,poly,0.1,0.001,0.686154949784792,0.6855910887531441,0.6276315789473684,0.7553444180522565,0.5697115384615384,0.5644768856447688,0.4187725631768953,0.8656716417910447,0.5420792079207921,0.5340050377833753,0.3882783882783883,0.8548387096774194
57,no_pca,poly,0.1,0.01,0.686154949784792,0.6855910887531441,0.6276315789473684,0.7553444180522565,0.5697115384615384,0.5644768856447688,0.4187725631768953,0.8656716417910447,0.5420792079207921,0.5340050377833753,0.3882783882783883,0.8548387096774194
58,no_pca,poly,0.1,0.1,0.686154949784792,0.6855910887531441,0.6276315789473684,0.7553444180522565,0.5697115384615384,0.5644768856447688,0.4187725631768953,0.8656716417910447,0.5420792079207921,0.5340050377833753,0.3882783882783883,0.8548387096774194
59,no_pca,poly,0.1,1,0.686154949784792,0.6855910887531441,0.6276315789473684,0.7553444180522565,0.5697115384615384,0.5644768856447688,0.4187725631768953,0.8656716417910447,0.5420792079207921,0.5340050377833753,0.3882783882783883,0.8548387096774194
60,no_pca,poly,0.01,scale,0.6741391678622669,0.6710121310881767,0.618284951618285,0.7335708630245448,0.5552884615384616,0.5520581113801453,0.40860215053763443,0.8507462686567164,0.5420792079207921,0.5340050377833753,0.3882783882783883,0.8548387096774194
61,no_pca,poly,0.01,auto,0.6741391678622669,0.6710121310881767,0.618284951618285,0.7335708630245448,0.5552884615384616,0.5520581113801453,0.40860215053763443,0.8507462686567164,0.5420792079207921,0.5340050377833753,0.3882783882783883,0.8548387096774194
62,no_pca,poly,0.01,0.001,0.6741391678622669,0.6710121310881767,0.618284951618285,0.7335708630245448,0.5552884615384616,0.5520581113801453,0.40860215053763443,0.8507462686567164,0.5420792079207921,0.5340050377833753,0.3882783882783883,0.8548387096774194
63,no_pca,poly,0.01,0.01,0.6741391678622669,0.6710121310881767,0.618284951618285,0.7335708630245448,0.5552884615384616,0.5520581113801453,0.40860215053763443,0.8507462686567164,0.5420792079207921,0.5340050377833753,0.3882783882783883,0.8548387096774194
64,no_pca,poly,0.01,0.1,0.6741391678622669,0.6710121310881767,0.618284951618285,0.7335708630245448,0.5552884615384616,0.5520581113801453,0.40860215053763443,0.8507462686567164,0.5420792079207921,0.5340050377833753,0.3882783882783883,0.8548387096774194
65,no_pca,poly,0.01,1,0.6741391678622669,0.6710121310881767,0.618284951618285,0.7335708630245448,0.5552884615384616,0.5520581113801453,0.40860215053763443,0.8507462686567164,0.5420792079207921,0.5340050377833753,0.3882783882783883,0.8548387096774194
66,no_pca,poly,0.001,scale,0.6617647058823529,0.669006669006669,0.6008827238335435,0.7545526524148852,0.5360576923076923,0.5458823529411765,0.39862542955326463,0.8656716417910447,0.5272277227722773,0.528395061728395,0.3807829181494662,0.8629032258064516
67,no_pca,poly,0.001,auto,0.6617647058823529,0.669006669006669,0.6008827238335435,0.7545526524148852,0.5360576923076923,0.5458823529411765,0.39862542955326463,0.8656716417910447,0.5272277227722773,0.528395061728395,0.3807829181494662,0.8629032258064516
68,no_pca,poly,0.001,0.001,0.6617647058823529,0.669006669006669,0.6008827238335435,0.7545526524148852,0.5360576923076923,0.5458823529411765,0.39862542955326463,0.8656716417910447,0.5272277227722773,0.528395061728395,0.3807829181494662,0.8629032258064516
69,no_pca,poly,0.001,0.01,0.6617647058823529,0.669006669006669,0.6008827238335435,0.7545526524148852,0.5360576923076923,0.5458823529411765,0.39862542955326463,0.8656716417910447,0.5272277227722773,0.528395061728395,0.3807829181494662,0.8629032258064516
70,no_pca,poly,0.001,0.1,0.6617647058823529,0.669006669006669,0.6008827238335435,0.7545526524148852,0.5360576923076923,0.5458823529411765,0.39862542955326463,0.8656716417910447,0.5272277227722773,0.528395061728395,0.3807829181494662,0.8629032258064516
71,no_pca,poly,0.001,1,0.6617647058823529,0.669006669006669,0.6008827238335435,0.7545526524148852,0.5360576923076923,0.5458823529411765,0.39862542955326463,0.8656716417910447,0.5272277227722773,0.528395061728395,0.3807829181494662,0.8629032258064516
72,no_pca,linear,20.0,scale,0.7465925394548063,0.7468195663859524,0.6821603927986907,0.8250197941409343,0.6081730769230769,0.5873417721518988,0.4444444444444444,0.8656716417910447,0.5544554455445545,0.5384615384615384,0.39473684210526316,0.8467741935483871
73,no_pca,linear,20.0,auto,0.7465925394548063,0.7468195663859524,0.6821603927986907,0.8250197941409343,0.6081730769230769,0.5873417721518988,0.4444444444444444,0.8656716417910447,0.5544554455445545,0.5384615384615384,0.39473684210526316,0.8467741935483871
74,no_pca,linear,20.0,0.001,0.7465925394548063,0.7468195663859524,0.6821603927986907,0.8250197941409343,0.6081730769230769,0.5873417721518988,0.4444444444444444,0.8656716417910447,0.5544554455445545,0.5384615384615384,0.39473684210526316,0.8467741935483871
75,no_pca,linear,20.0,0.01,0.7465925394548063,0.7468195663859524,0.6821603927986907,0.8250197941409343,0.6081730769230769,0.5873417721518988,0.4444444444444444,0.8656716417910447,0.5544554455445545,0.5384615384615384,0.39473684210526316,0.8467741935483871
76,no_pca,linear,20.0,0.1,0.7465925394548063,0.7468195663859524,0.6821603927986907,0.8250197941409343,0.6081730769230769,0.5873417721518988,0.4444444444444444,0.8656716417910447,0.5544554455445545,0.5384615384615384,0.39473684210526316,0.8467741935483871
77,no_pca,linear,20.0,1,0.7465925394548063,0.7468195663859524,0.6821603927986907,0.8250197941409343,0.6081730769230769,0.5873417721518988,0.4444444444444444,0.8656716417910447,0.5544554455445545,0.5384615384615384,0.39473684210526316,0.8467741935483871
78,no_pca,linear,10.0,scale,0.7456958393113343,0.739625413147264,0.6897260273972603,0.7973079968329374,0.6129807692307693,0.5882352941176471,0.4474708171206226,0.8582089552238806,0.551980198019802,0.5347043701799485,0.39245283018867927,0.8387096774193549
79,no_pca,linear,10.0,auto,0.7456958393113343,0.739625413147264,0.6897260273972603,0.7973079968329374,0.6129807692307693,0.5882352941176471,0.4474708171206226,0.8582089552238806,0.551980198019802,0.5347043701799485,0.39245283018867927,0.8387096774193549
80,no_pca,linear,10.0,0.001,0.7456958393113343,0.739625413147264,0.6897260273972603,0.7973079968329374,0.6129807692307693,0.5882352941176471,0.4474708171206226,0.8582089552238806,0.551980198019802,0.5347043701799485,0.39245283018867927,0.8387096774193549
81,no_pca,linear,10.0,0.01,0.7456958393113343,0.739625413147264,0.6897260273972603,0.7973079968329374,0.6129807692307693,0.5882352941176471,0.4474708171206226,0.8582089552238806,0.551980198019802,0.5347043701799485,0.39245283018867927,0.8387096774193549
82,no_pca,linear,10.0,0.1,0.7456958393113343,0.739625413147264,0.6897260273972603,0.7973079968329374,0.6129807692307693,0.5882352941176471,0.4474708171206226,0.8582089552238806,0.551980198019802,0.5347043701799485,0.39245283018867927,0.8387096774193549
83,no_pca,linear,10.0,1,0.7456958393113343,0.739625413147264,0.6897260273972603,0.7973079968329374,0.6129807692307693,0.5882352941176471,0.4474708171206226,0.8582089552238806,0.551980198019802,0.5347043701799485,0.39245283018867927,0.8387096774193549
84,no_pca,linear,1.0,scale,0.7092898134863702,0.7220984056231785,0.6368309646205019,0.833729216152019,0.5673076923076923,0.569377990430622,0.41901408450704225,0.8880597014925373,0.5198019801980198,0.529126213592233,0.3784722222222222,0.8790322580645161
85,no_pca,linear,1.0,auto,0.7092898134863702,0.7220984056231785,0.6368309646205019,0.833729216152019,0.5673076923076923,0.569377990430622,0.41901408450704225,0.8880597014925373,0.5198019801980198,0.529126213592233,0.3784722222222222,0.8790322580645161
86,no_pca,linear,1.0,0.001,0.7092898134863702,0.7220984056231785,0.6368309646205019,0.833729216152019,0.5673076923076923,0.569377990430622,0.41901408450704225,0.8880597014925373,0.5198019801980198,0.529126213592233,0.3784722222222222,0.8790322580645161
87,no_pca,linear,1.0,0.01,0.7092898134863702,0.7220984056231785,0.6368309646205019,0.833729216152019,0.5673076923076923,0.569377990430622,0.41901408450704225,0.8880597014925373,0.5198019801980198,0.529126213592233,0.3784722222222222,0.8790322580645161
88,no_pca,linear,1.0,0.1,0.7092898134863702,0.7220984056231785,0.6368309646205019,0.833729216152019,0.5673076923076923,0.569377990430622,0.41901408450704225,0.8880597014925373,0.5198019801980198,0.529126213592233,0.3784722222222222,0.8790322580645161
89,no_pca,linear,1.0,1,0.7092898134863702,0.7220984056231785,0.6368309646205019,0.833729216152019,0.5673076923076923,0.569377990430622,0.41901408450704225,0.8880597014925373,0.5198019801980198,0.529126213592233,0.3784722222222222,0.8790322580645161
90,no_pca,linear,0.1,scale,0.695480631276901,0.7128846804193439,0.6221959858323495,0.8345209817893904,0.5625,0.5666666666666667,0.4160839160839161,0.8880597014925373,0.5123762376237624,0.5275779376498801,0.37542662116040953,0.8870967741935484
91,no_pca,linear,0.1,auto,0.695480631276901,0.7128846804193439,0.6221959858323495,0.8345209817893904,0.5625,0.5666666666666667,0.4160839160839161,0.8880597014925373,0.5123762376237624,0.5275779376498801,0.37542662116040953,0.8870967741935484
92,no_pca,linear,0.1,0.001,0.695480631276901,0.7128846804193439,0.6221959858323495,0.8345209817893904,0.5625,0.5666666666666667,0.4160839160839161,0.8880597014925373,0.5123762376237624,0.5275779376498801,0.37542662116040953,0.8870967741935484
93,no_pca,linear,0.1,0.01,0.695480631276901,0.7128846804193439,0.6221959858323495,0.8345209817893904,0.5625,0.5666666666666667,0.4160839160839161,0.8880597014925373,0.5123762376237624,0.5275779376498801,0.37542662116040953,0.8870967741935484
94,no_pca,linear,0.1,0.1,0.695480631276901,0.7128846804193439,0.6221959858323495,0.8345209817893904,0.5625,0.5666666666666667,0.4160839160839161,0.8880597014925373,0.5123762376237624,0.5275779376498801,0.37542662116040953,0.8870967741935484
95,no_pca,linear,0.1,1,0.695480631276901,0.7128846804193439,0.6221959858323495,0.8345209817893904,0.5625,0.5666666666666667,0.4160839160839161,0.8880597014925373,0.5123762376237624,0.5275779376498801,0.37542662116040953,0.8870967741935484
96,no_pca,linear,0.01,scale,0.6845408895265424,0.7059020230730647,0.6109985528219971,0.8357086302454474,0.5360576923076923,0.5522041763341067,0.4006734006734007,0.8880597014925373,0.5024752475247525,0.524822695035461,0.3712374581939799,0.8951612903225806
97,no_pca,linear,0.01,auto,0.6845408895265424,0.7059020230730647,0.6109985528219971,0.8357086302454474,0.5360576923076923,0.5522041763341067,0.4006734006734007,0.8880597014925373,0.5024752475247525,0.524822695035461,0.3712374581939799,0.8951612903225806
98,no_pca,linear,0.01,0.001,0.6845408895265424,0.7059020230730647,0.6109985528219971,0.8357086302454474,0.5360576923076923,0.5522041763341067,0.4006734006734007,0.8880597014925373,0.5024752475247525,0.524822695035461,0.3712374581939799,0.8951612903225806
99,no_pca,linear,0.01,0.01,0.6845408895265424,0.7059020230730647,0.6109985528219971,0.8357086302454474,0.5360576923076923,0.5522041763341067,0.4006734006734007,0.8880597014925373,0.5024752475247525,0.524822695035461,0.3712374581939799,0.8951612903225806
100,no_pca,linear,0.01,0.1,0.6845408895265424,0.7059020230730647,0.6109985528219971,0.8357086302454474,0.5360576923076923,0.5522041763341067,0.4006734006734007,0.8880597014925373,0.5024752475247525,0.524822695035461,0.3712374581939799,0.8951612903225806
101,no_pca,linear,0.01,1,0.6845408895265424,0.7059020230730647,0.6109985528219971,0.8357086302454474,0.5360576923076923,0.5522041763341067,0.4006734006734007,0.8880597014925373,0.5024752475247525,0.524822695035461,0.3712374581939799,0.8951612903225806
102,no_pca,linear,0.001,scale,0.6732424677187948,0.7020928711576193,0.598050139275766,0.8499604117181314,0.5240384615384616,0.55,0.3954248366013072,0.9029850746268657,0.49504950495049505,0.5211267605633803,0.3675496688741722,0.8951612903225806
103,no_pca,linear,0.001,auto,0.6732424677187948,0.7020928711576193,0.598050139275766,0.8499604117181314,0.5240384615384616,0.55,0.3954248366013072,0.9029850746268657,0.49504950495049505,0.5211267605633803,0.3675496688741722,0.8951612903225806
104,no_pca,linear,0.001,0.001,0.6732424677187948,0.7020928711576193,0.598050139275766,0.8499604117181314,0.5240384615384616,0.55,0.3954248366013072,0.9029850746268657,0.49504950495049505,0.5211267605633803,0.3675496688741722,0.8951612903225806
105,no_pca,linear,0.001,0.01,0.6732424677187948,0.7020928711576193,0.598050139275766,0.8499604117181314,0.5240384615384616,0.55,0.3954248366013072,0.9029850746268657,0.49504950495049505,0.5211267605633803,0.3675496688741722,0.8951612903225806
106,no_pca,linear,0.001,0.1,0.6732424677187948,0.7020928711576193,0.598050139275766,0.8499604117181314,0.5240384615384616,0.55,0.3954248366013072,0.9029850746268657,0.49504950495049505,0.5211267605633803,0.3675496688741722,0.8951612903225806
107,no_pca,linear,0.001,1,0.6732424677187948,0.7020928711576193,0.598050139275766,0.8499604117181314,0.5240384615384616,0.55,0.3954248366013072,0.9029850746268657,0.49504950495049505,0.5211267605633803,0.3675496688741722,0.8951612903225806
108,no_pca,sigmoid,20.0,scale,0.6380918220946915,0.686158631415241,0.5650614754098361,0.8733174980205859,0.49759615384615385,0.5386313465783664,0.3824451410658307,0.9104477611940298,0.47277227722772275,0.5125858123569794,0.35782747603833864,0.9032258064516129
109,no_pca,sigmoid,20.0,auto,0.6380918220946915,0.686158631415241,0.5650614754098361,0.8733174980205859,0.49759615384615385,0.5386313465783664,0.3824451410658307,0.9104477611940298,0.47277227722772275,0.5125858123569794,0.35782747603833864,0.9032258064516129
110,no_pca,sigmoid,20.0,0.001,0.6380918220946915,0.686158631415241,0.5650614754098361,0.8733174980205859,0.49759615384615385,0.5386313465783664,0.3824451410658307,0.9104477611940298,0.47277227722772275,0.5125858123569794,0.35782747603833864,0.9032258064516129
111,no_pca,sigmoid,20.0,0.01,0.6380918220946915,0.686158631415241,0.5650614754098361,0.8733174980205859,0.49759615384615385,0.5386313465783664,0.3824451410658307,0.9104477611940298,0.47277227722772275,0.5125858123569794,0.35782747603833864,0.9032258064516129
112,no_pca,sigmoid,20.0,0.1,0.6380918220946915,0.686158631415241,0.5650614754098361,0.8733174980205859,0.49759615384615385,0.5386313465783664,0.3824451410658307,0.9104477611940298,0.47277227722772275,0.5125858123569794,0.35782747603833864,0.9032258064516129
113,no_pca,sigmoid,20.0,1,0.6380918220946915,0.686158631415241,0.5650614754098361,0.8733174980205859,0.49759615384615385,0.5386313465783664,0.3824451410658307,0.9104477611940298,0.47277227722772275,0.5125858123569794,0.35782747603833864,0.9032258064516129
114,no_pca,sigmoid,10.0,scale,0.6359397417503587,0.6855638166047088,0.5631043256997456,0.8760886777513855,0.49759615384615385,0.5386313465783664,0.3824451410658307,0.9104477611940298,0.47029702970297027,0.5114155251141552,0.35668789808917195,0.9032258064516129
115,no_pca,sigmoid,10.0,auto,0.6359397417503587,0.6855638166047088,0.5631043256997456,0.8760886777513855,0.49759615384615385,0.5386313465783664,0.3824451410658307,0.9104477611940298,0.47029702970297027,0.5114155251141552,0.35668789808917195,0.9032258064516129
116,no_pca,sigmoid,10.0,0.001,0.6359397417503587,0.6855638166047088,0.5631043256997456,0.8760886777513855,0.49759615384615385,0.5386313465783664,0.3824451410658307,0.9104477611940298,0.47029702970297027,0.5114155251141552,0.35668789808917195,0.9032258064516129
117,no_pca,sigmoid,10.0,0.01,0.6359397417503587,0.6855638166047088,0.5631043256997456,0.8760886777513855,0.49759615384615385,0.5386313465783664,0.3824451410658307,0.9104477611940298,0.47029702970297027,0.5114155251141552,0.35668789808917195,0.9032258064516129
118,no_pca,sigmoid,10.0,0.1,0.6359397417503587,0.6855638166047088,0.5631043256997456,0.8760886777513855,0.49759615384615385,0.5386313465783664,0.3824451410658307,0.9104477611940298,0.47029702970297027,0.5114155251141552,0.35668789808917195,0.9032258064516129
119,no_pca,sigmoid,10.0,1,0.6359397417503587,0.6855638166047088,0.5631043256997456,0.8760886777513855,0.49759615384615385,0.5386313465783664,0.3824451410658307,0.9104477611940298,0.47029702970297027,0.5114155251141552,0.35668789808917195,0.9032258064516129
120,no_pca,sigmoid,1.0,scale,0.6533357245337159,0.6899759422614274,0.5799406848207064,0.8515439429928741,0.5168269230769231,0.54627539503386,0.39158576051779936,0.9029850746268657,0.4876237623762376,0.5197215777262181,0.36482084690553745,0.9032258064516129
121,no_pca,sigmoid,1.0,auto,0.6533357245337159,0.6899759422614274,0.5799406848207064,0.8515439429928741,0.5168269230769231,0.54627539503386,0.39158576051779936,0.9029850746268657,0.4876237623762376,0.5197215777262181,0.36482084690553745,0.9032258064516129
122,no_pca,sigmoid,1.0,0.001,0.6533357245337159,0.6899759422614274,0.5799406848207064,0.8515439429928741,0.5168269230769231,0.54627539503386,0.39158576051779936,0.9029850746268657,0.4876237623762376,0.5197215777262181,0.36482084690553745,0.9032258064516129
123,no_pca,sigmoid,1.0,0.01,0.6533357245337159,0.6899759422614274,0.5799406848207064,0.8515439429928741,0.5168269230769231,0.54627539503386,0.39158576051779936,0.9029850746268657,0.4876237623762376,0.5197215777262181,0.36482084690553745,0.9032258064516129
124,no_pca,sigmoid,1.0,0.1,0.6533357245337159,0.6899759422614274,0.5799406848207064,0.8515439429928741,0.5168269230769231,0.54627539503386,0.39158576051779936,0.9029850746268657,0.4876237623762376,0.5197215777262181,0.36482084690553745,0.9032258064516129
125,no_pca,sigmoid,1.0,1,0.6533357245337159,0.6899759422614274,0.5799406848207064,0.8515439429928741,0.5168269230769231,0.54627539503386,0.39158576051779936,0.9029850746268657,0.4876237623762376,0.5197215777262181,0.36482084690553745,0.9032258064516129
126,no_pca,sigmoid,0.1,scale,0.6522596843615495,0.6903050630889634,0.5785809906291834,0.8555027711797308,0.5144230769230769,0.545045045045045,0.3903225806451613,0.9029850746268657,0.4801980198019802,0.5138888888888888,0.36038961038961037,0.8951612903225806
127,no_pca,sigmoid,0.1,auto,0.6522596843615495,0.6903050630889634,0.5785809906291834,0.8555027711797308,0.5144230769230769,0.545045045045045,0.3903225806451613,0.9029850746268657,0.4801980198019802,0.5138888888888888,0.36038961038961037,0.8951612903225806
128,no_pca,sigmoid,0.1,0.001,0.6522596843615495,0.6903050630889634,0.5785809906291834,0.8555027711797308,0.5144230769230769,0.545045045045045,0.3903225806451613,0.9029850746268657,0.4801980198019802,0.5138888888888888,0.36038961038961037,0.8951612903225806
129,no_pca,sigmoid,0.1,0.01,0.6522596843615495,0.6903050630889634,0.5785809906291834,0.8555027711797308,0.5144230769230769,0.545045045045045,0.3903225806451613,0.9029850746268657,0.4801980198019802,0.5138888888888888,0.36038961038961037,0.8951612903225806
130,no_pca,sigmoid,0.1,0.1,0.6522596843615495,0.6903050630889634,0.5785809906291834,0.8555027711797308,0.5144230769230769,0.545045045045045,0.3903225806451613,0.9029850746268657,0.4801980198019802,0.5138888888888888,0.36038961038961037,0.8951612903225806
131,no_pca,sigmoid,0.1,1,0.6522596843615495,0.6903050630889634,0.5785809906291834,0.8555027711797308,0.5144230769230769,0.545045045045045,0.3903225806451613,0.9029850746268657,0.4801980198019802,0.5138888888888888,0.36038961038961037,0.8951612903225806
132,no_pca,sigmoid,0.01,scale,0.6553084648493543,0.6947268106734434,0.580106100795756,0.8657957244655582,0.5072115384615384,0.5413870246085011,0.3865814696485623,0.9029850746268657,0.48514851485148514,0.5162790697674419,0.3627450980392157,0.8951612903225806
133,no_pca,sigmoid,0.01,auto,0.6553084648493543,0.6947268106734434,0.580106100795756,0.8657957244655582,0.5072115384615384,0.5413870246085011,0.3865814696485623,0.9029850746268657,0.48514851485148514,0.5162790697674419,0.3627450980392157,0.8951612903225806
134,no_pca,sigmoid,0.01,0.001,0.6553084648493543,0.6947268106734434,0.580106100795756,0.8657957244655582,0.5072115384615384,0.5413870246085011,0.3865814696485623,0.9029850746268657,0.48514851485148514,0.5162790697674419,0.3627450980392157,0.8951612903225806
135,no_pca,sigmoid,0.01,0.01,0.6553084648493543,0.6947268106734434,0.580106100795756,0.8657957244655582,0.5072115384615384,0.5413870246085011,0.3865814696485623,0.9029850746268657,0.48514851485148514,0.5162790697674419,0.3627450980392157,0.8951612903225806
136,no_pca,sigmoid,0.01,0.1,0.6553084648493543,0.6947268106734434,0.580106100795756,0.8657957244655582,0.5072115384615384,0.5413870246085011,0.3865814696485623,0.9029850746268657,0.48514851485148514,0.5162790697674419,0.3627450980392157,0.8951612903225806
137,no_pca,sigmoid,0.01,1,0.6553084648493543,0.6947268106734434,0.580106100795756,0.8657957244655582,0.5072115384615384,0.5413870246085011,0.3865814696485623,0.9029850746268657,0.48514851485148514,0.5162790697674419,0.3627450980392157,0.8951612903225806
138,no_pca,sigmoid,0.001,scale,0.4768651362984218,0.6168396164455536,0.4615687045409868,0.9295328582739509,0.35336538461538464,0.4934086629001883,0.32997481108312343,0.9776119402985075,0.3465346534653465,0.47410358565737054,0.3148148148148148,0.9596774193548387
139,no_pca,sigmoid,0.001,auto,0.4768651362984218,0.6168396164455536,0.4615687045409868,0.9295328582739509,0.35336538461538464,0.4934086629001883,0.32997481108312343,0.9776119402985075,0.3465346534653465,0.47410358565737054,0.3148148148148148,0.9596774193548387
140,no_pca,sigmoid,0.001,0.001,0.4768651362984218,0.6168396164455536,0.4615687045409868,0.9295328582739509,0.35336538461538464,0.4934086629001883,0.32997481108312343,0.9776119402985075,0.3465346534653465,0.47410358565737054,0.3148148148148148,0.9596774193548387
141,no_pca,sigmoid,0.001,0.01,0.4768651362984218,0.6168396164455536,0.4615687045409868,0.9295328582739509,0.35336538461538464,0.4934086629001883,0.32997481108312343,0.9776119402985075,0.3465346534653465,0.47410358565737054,0.3148148148148148,0.9596774193548387
142,no_pca,sigmoid,0.001,0.1,0.4768651362984218,0.6168396164455536,0.4615687045409868,0.9295328582739509,0.35336538461538464,0.4934086629001883,0.32997481108312343,0.9776119402985075,0.3465346534653465,0.47410358565737054,0.3148148148148148,0.9596774193548387
143,no_pca,sigmoid,0.001,1,0.4768651362984218,0.6168396164455536,0.4615687045409868,0.9295328582739509,0.35336538461538464,0.4934086629001883,0.32997481108312343,0.9776119402985075,0.3465346534653465,0.47410358565737054,0.3148148148148148,0.9596774193548387
144,0.95,rbf,20.0,scale,0.7010401721664276,0.7224904278341935,0.6233840850330364,0.8590657165479019,0.5408653846153846,0.558891454965358,0.40468227424749165,0.9029850746268657,0.5148514851485149,0.5333333333333333,0.3783783783783784,0.9032258064516129
145,0.95,rbf,20.0,auto,0.6865136298421808,0.6866260308354248,0.6274574049803407,0.7581155977830563,0.5600961538461539,0.5547445255474452,0.41155234657039713,0.8507462686567164,0.5470297029702971,0.5390428211586902,0.39194139194139194,0.8629032258064516
146,0.95,rbf,20.0,0.001,0.6798780487804879,0.681761454804778,0.6201751540707103,0.7569279493269992,0.5504807692307693,0.5493975903614458,0.40569395017793597,0.8507462686567164,0.5445544554455446,0.5376884422110553,0.3905109489051095,0.8629032258064516
147,0.95,rbf,20.0,0.01,0.6798780487804879,0.681761454804778,0.6201751540707103,0.7569279493269992,0.5504807692307693,0.5493975903614458,0.40569395017793597,0.8507462686567164,0.5445544554455446,0.5376884422110553,0.3905109489051095,0.8629032258064516
148,0.95,rbf,20.0,0.1,0.6798780487804879,0.681761454804778,0.6201751540707103,0.7569279493269992,0.5504807692307693,0.5493975903614458,0.40569395017793597,0.8507462686567164,0.5445544554455446,0.5376884422110553,0.3905109489051095,0.8629032258064516
149,0.95,rbf,20.0,1,0.6798780487804879,0.681761454804778,0.6201751540707103,0.7569279493269992,0.5504807692307693,0.5493975903614458,0.40569395017793597,0.8507462686567164,0.5445544554455446,0.5376884422110553,0.3905109489051095,0.8629032258064516
150,0.95,rbf,10.0,scale,0.6798780487804879,0.681761454804778,0.6201751540707103,0.7569279493269992,0.5480769230769231,0.5480769230769231,0.40425531914893614,0.8507462686567164,0.5445544554455446,0.5376884422110553,0.3905109489051095,0.8629032258064516
151,0.95,rbf,10.0,auto,0.6798780487804879,0.681761454804778,0.6201751540707103,0.7569279493269992,0.5480769230769231,0.5480769230769231,0.40425531914893614,0.8507462686567164,0.5445544554455446,0.5376884422110553,0.3905109489051095,0.8629032258064516
152,0.95,rbf,10.0,0.001,0.6798780487804879,0.681761454804778,0.6201751540707103,0.7569279493269992,0.5480769230769231,0.5480769230769231,0.40425531914893614,0.8507462686567164,0.5445544554455446,0.5376884422110553,0.3905109489051095,0.8629032258064516
153,0.95,rbf,10.0,0.01,0.6798780487804879,0.681761454804778,0.6201751540707103,0.7569279493269992,0.5480769230769231,0.5480769230769231,0.40425531914893614,0.8507462686567164,0.5445544554455446,0.5376884422110553,0.3905109489051095,0.8629032258064516
154,0.95,rbf,10.0,0.1,0.6798780487804879,0.681761454804778,0.6201751540707103,0.7569279493269992,0.5480769230769231,0.5480769230769231,0.40425531914893614,0.8507462686567164,0.5445544554455446,0.5376884422110553,0.3905109489051095,0.8629032258064516
155,0.95,rbf,10.0,1,0.6798780487804879,0.681761454804778,0.6201751540707103,0.7569279493269992,0.5480769230769231,0.5480769230769231,0.40425531914893614,0.8507462686567164,0.5445544554455446,0.5376884422110553,0.3905109489051095,0.8629032258064516
156,0.95,rbf,1.0,scale,0.6741391678622669,0.6710121310881767,0.618284951618285,0.7335708630245448,0.5528846153846154,0.5507246376811594,0.40714285714285714,0.8507462686567164,0.5420792079207921,0.5340050377833753,0.3882783882783883,0.8548387096774194
157,0.95,rbf,1.0,auto,0.6741391678622669,0.6710121310881767,0.618284951618285,0.7335708630245448,0.5528846153846154,0.5507246376811594,0.40714285714285714,0.8507462686567164,0.5420792079207921,0.5340050377833753,0.3882783882783883,0.8548387096774194
158,0.95,rbf,1.0,0.001,0.6741391678622669,0.6710121310881767,0.618284951618285,0.7335708630245448,0.5528846153846154,0.5507246376811594,0.40714285714285714,0.8507462686567164,0.5420792079207921,0.5340050377833753,0.3882783882783883,0.8548387096774194
159,0.95,rbf,1.0,0.01,0.6741391678622669,0.6710121310881767,0.618284951618285,0.7335708630245448,0.5528846153846154,0.5507246376811594,0.40714285714285714,0.8507462686567164,0.5420792079207921,0.5340050377833753,0.3882783882783883,0.8548387096774194
160,0.95,rbf,1.0,0.1,0.6741391678622669,0.6710121310881767,0.618284951618285,0.7335708630245448,0.5528846153846154,0.5507246376811594,0.40714285714285714,0.8507462686567164,0.5420792079207921,0.5340050377833753,0.3882783882783883,0.8548387096774194
161,0.95,rbf,1.0,1,0.6741391678622669,0.6710121310881767,0.618284951618285,0.7335708630245448,0.5528846153846154,0.5507246376811594,0.40714285714285714,0.8507462686567164,0.5420792079207921,0.5340050377833753,0.3882783882783883,0.8548387096774194
162,0.95,rbf,0.1,scale,0.6741391678622669,0.6710121310881767,0.618284951618285,0.7335708630245448,0.5528846153846154,0.5507246376811594,0.40714285714285714,0.8507462686567164,0.5420792079207921,0.5340050377833753,0.3882783882783883,0.8548387096774194
163,0.95,rbf,0.1,auto,0.6741391678622669,0.6710121310881767,0.618284951618285,0.7335708630245448,0.5528846153846154,0.5507246376811594,0.40714285714285714,0.8507462686567164,0.5420792079207921,0.5340050377833753,0.3882783882783883,0.8548387096774194
164,0.95,rbf,0.1,0.001,0.6741391678622669,0.6710121310881767,0.618284951618285,0.7335708630245448,0.5528846153846154,0.5507246376811594,0.40714285714285714,0.8507462686567164,0.5420792079207921,0.5340050377833753,0.3882783882783883,0.8548387096774194
165,0.95,rbf,0.1,0.01,0.6741391678622669,0.6710121310881767,0.618284951618285,0.7335708630245448,0.5528846153846154,0.5507246376811594,0.40714285714285714,0.8507462686567164,0.5420792079207921,0.5340050377833753,0.3882783882783883,0.8548387096774194
166,0.95,rbf,0.1,0.1,0.6741391678622669,0.6710121310881767,0.618284951618285,0.7335708630245448,0.5528846153846154,0.5507246376811594,0.40714285714285714,0.8507462686567164,0.5420792079207921,0.5340050377833753,0.3882783882783883,0.8548387096774194
167,0.95,rbf,0.1,1,0.6741391678622669,0.6710121310881767,0.618284951618285,0.7335708630245448,0.5528846153846154,0.5507246376811594,0.40714285714285714,0.8507462686567164,0.5420792079207921,0.5340050377833753,0.3882783882783883,0.8548387096774194
168,0.95,rbf,0.01,scale,0.6741391678622669,0.6710121310881767,0.618284951618285,0.7335708630245448,0.5528846153846154,0.5507246376811594,0.40714285714285714,0.8507462686567164,0.5420792079207921,0.5340050377833753,0.3882783882783883,0.8548387096774194
169,0.95,rbf,0.01,auto,0.6741391678622669,0.6710121310881767,0.618284951618285,0.7335708630245448,0.5528846153846154,0.5507246376811594,0.40714285714285714,0.8507462686567164,0.5420792079207921,0.5340050377833753,0.3882783882783883,0.8548387096774194
170,0.95,rbf,0.01,0.001,0.6741391678622669,0.6710121310881767,0.618284951618285,0.7335708630245448,0.5528846153846154,0.5507246376811594,0.40714285714285714,0.8507462686567164,0.5420792079207921,0.5340050377833753,0.3882783882783883,0.8548387096774194
171,0.95,rbf,0.01,0.01,0.6741391678622669,0.6710121310881767,0.618284951618285,0.7335708630245448,0.5528846153846154,0.5507246376811594,0.40714285714285714,0.8507462686567164,0.5420792079207921,0.5340050377833753,0.3882783882783883,0.8548387096774194
172,0.95,rbf,0.01,0.1,0.6741391678622669,0.6710121310881767,0.618284951618285,0.7335708630245448,0.5528846153846154,0.5507246376811594,0.40714285714285714,0.8507462686567164,0.5420792079207921,0.5340050377833753,0.3882783882783883,0.8548387096774194
173,0.95,rbf,0.01,1,0.6741391678622669,0.6710121310881767,0.618284951618285,0.7335708630245448,0.5528846153846154,0.5507246376811594,0.40714285714285714,0.8507462686567164,0.5420792079207921,0.5340050377833753,0.3882783882783883,0.8548387096774194
174,0.95,rbf,0.001,scale,0.6741391678622669,0.6710121310881767,0.618284951618285,0.7335708630245448,0.5528846153846154,0.5507246376811594,0.40714285714285714,0.8507462686567164,0.5420792079207921,0.5340050377833753,0.3882783882783883,0.8548387096774194
175,0.95,rbf,0.001,auto,0.6741391678622669,0.6710121310881767,0.618284951618285,0.7335708630245448,0.5528846153846154,0.5507246376811594,0.40714285714285714,0.8507462686567164,0.5420792079207921,0.5340050377833753,0.3882783882783883,0.8548387096774194
176,0.95,rbf,0.001,0.001,0.6741391678622669,0.6710121310881767,0.618284951618285,0.7335708630245448,0.5528846153846154,0.5507246376811594,0.40714285714285714,0.8507462686567164,0.5420792079207921,0.5340050377833753,0.3882783882783883,0.8548387096774194
177,0.95,rbf,0.001,0.01,0.6741391678622669,0.6710121310881767,0.618284951618285,0.7335708630245448,0.5528846153846154,0.5507246376811594,0.40714285714285714,0.8507462686567164,0.5420792079207921,0.5340050377833753,0.3882783882783883,0.8548387096774194
178,0.95,rbf,0.001,0.1,0.6741391678622669,0.6710121310881767,0.618284951618285,0.7335708630245448,0.5528846153846154,0.5507246376811594,0.40714285714285714,0.8507462686567164,0.5420792079207921,0.5340050377833753,0.3882783882783883,0.8548387096774194
179,0.95,rbf,0.001,1,0.6741391678622669,0.6710121310881767,0.618284951618285,0.7335708630245448,0.5528846153846154,0.5507246376811594,0.40714285714285714,0.8507462686567164,0.5420792079207921,0.5340050377833753,0.3882783882783883,0.8548387096774194
180,0.95,poly,20.0,scale,0.6601506456241033,0.667951638338882,0.5991826469663628,0.7545526524148852,0.5336538461538461,0.5446009389671361,0.3972602739726027,0.8656716417910447,0.5272277227722773,0.528395061728395,0.3807829181494662,0.8629032258064516
181,0.95,poly,20.0,auto,0.6601506456241033,0.667951638338882,0.5991826469663628,0.7545526524148852,0.5336538461538461,0.5446009389671361,0.3972602739726027,0.8656716417910447,0.5272277227722773,0.528395061728395,0.3807829181494662,0.8629032258064516
182,0.95,poly,20.0,0.001,0.6601506456241033,0.667951638338882,0.5991826469663628,0.7545526524148852,0.5336538461538461,0.5446009389671361,0.3972602739726027,0.8656716417910447,0.5272277227722773,0.528395061728395,0.3807829181494662,0.8629032258064516
183,0.95,poly,20.0,0.01,0.6601506456241033,0.667951638338882,0.5991826469663628,0.7545526524148852,0.5336538461538461,0.5446009389671361,0.3972602739726027,0.8656716417910447,0.5272277227722773,0.528395061728395,0.3807829181494662,0.8629032258064516
184,0.95,poly,20.0,0.1,0.6601506456241033,0.667951638338882,0.5991826469663628,0.7545526524148852,0.5336538461538461,0.5446009389671361,0.3972602739726027,0.8656716417910447,0.5272277227722773,0.528395061728395,0.3807829181494662,0.8629032258064516
185,0.95,poly,20.0,1,0.6601506456241033,0.667951638338882,0.5991826469663628,0.7545526524148852,0.5336538461538461,0.5446009389671361,0.3972602739726027,0.8656716417910447,0.5272277227722773,0.528395061728395,0.3807829181494662,0.8629032258064516
186,0.95,poly,10.0,scale,0.6601506456241033,0.667951638338882,0.5991826469663628,0.7545526524148852,0.5336538461538461,0.5446009389671361,0.3972602739726027,0.8656716417910447,0.5272277227722773,0.528395061728395,0.3807829181494662,0.8629032258064516
187,0.95,poly,10.0,auto,0.6601506456241033,0.667951638338882,0.5991826469663628,0.7545526524148852,0.5336538461538461,0.5446009389671361,0.3972602739726027,0.8656716417910447,0.5272277227722773,0.528395061728395,0.3807829181494662,0.8629032258064516
188,0.95,poly,10.0,0.001,0.6601506456241033,0.667951638338882,0.5991826469663628,0.7545526524148852,0.5336538461538461,0.5446009389671361,0.3972602739726027,0.8656716417910447,0.5272277227722773,0.528395061728395,0.3807829181494662,0.8629032258064516
189,0.95,poly,10.0,0.01,0.6601506456241033,0.667951638338882,0.5991826469663628,0.7545526524148852,0.5336538461538461,0.5446009389671361,0.3972602739726027,0.8656716417910447,0.5272277227722773,0.528395061728395,0.3807829181494662,0.8629032258064516
190,0.95,poly,10.0,0.1,0.6601506456241033,0.667951638338882,0.5991826469663628,0.7545526524148852,0.5336538461538461,0.5446009389671361,0.3972602739726027,0.8656716417910447,0.5272277227722773,0.528395061728395,0.3807829181494662,0.8629032258064516
191,0.95,poly,10.0,1,0.6601506456241033,0.667951638338882,0.5991826469663628,0.7545526524148852,0.5336538461538461,0.5446009389671361,0.3972602739726027,0.8656716417910447,0.5272277227722773,0.528395061728395,0.3807829181494662,0.8629032258064516
192,0.95,poly,1.0,scale,0.6741391678622669,0.6710121310881767,0.618284951618285,0.7335708630245448,0.5528846153846154,0.5507246376811594,0.40714285714285714,0.8507462686567164,0.5420792079207921,0.5340050377833753,0.3882783882783883,0.8548387096774194
193,0.95,poly,1.0,auto,0.6741391678622669,0.6710121310881767,0.618284951618285,0.7335708630245448,0.5528846153846154,0.5507246376811594,0.40714285714285714,0.8507462686567164,0.5420792079207921,0.5340050377833753,0.3882783882783883,0.8548387096774194
194,0.95,poly,1.0,0.001,0.6741391678622669,0.6710121310881767,0.618284951618285,0.7335708630245448,0.5528846153846154,0.5507246376811594,0.40714285714285714,0.8507462686567164,0.5420792079207921,0.5340050377833753,0.3882783882783883,0.8548387096774194
195,0.95,poly,1.0,0.01,0.6741391678622669,0.6710121310881767,0.618284951618285,0.7335708630245448,0.5528846153846154,0.5507246376811594,0.40714285714285714,0.8507462686567164,0.5420792079207921,0.5340050377833753,0.3882783882783883,0.8548387096774194
196,0.95,poly,1.0,0.1,0.6741391678622669,0.6710121310881767,0.618284951618285,0.7335708630245448,0.5528846153846154,0.5507246376811594,0.40714285714285714,0.8507462686567164,0.5420792079207921,0.5340050377833753,0.3882783882783883,0.8548387096774194
197,0.95,poly,1.0,1,0.6741391678622669,0.6710121310881767,0.618284951618285,0.7335708630245448,0.5528846153846154,0.5507246376811594,0.40714285714285714,0.8507462686567164,0.5420792079207921,0.5340050377833753,0.3882783882783883,0.8548387096774194
198,0.95,poly,0.1,scale,0.6380918220946915,0.6686371100164203,0.5712682379349046,0.8060174188440221,0.5048076923076923,0.5318181818181819,0.38235294117647056,0.8731343283582089,0.4876237623762376,0.5129411764705882,0.36212624584717606,0.8790322580645161
199,0.95,poly,0.1,auto,0.6380918220946915,0.6686371100164203,0.5712682379349046,0.8060174188440221,0.5048076923076923,0.5318181818181819,0.38235294117647056,0.8731343283582089,0.4876237623762376,0.5129411764705882,0.36212624584717606,0.8790322580645161
200,0.95,poly,0.1,0.001,0.6380918220946915,0.6686371100164203,0.5712682379349046,0.8060174188440221,0.5048076923076923,0.5318181818181819,0.38235294117647056,0.8731343283582089,0.4876237623762376,0.5129411764705882,0.36212624584717606,0.8790322580645161
201,0.95,poly,0.1,0.01,0.6380918220946915,0.6686371100164203,0.5712682379349046,0.8060174188440221,0.5048076923076923,0.5318181818181819,0.38235294117647056,0.8731343283582089,0.4876237623762376,0.5129411764705882,0.36212624584717606,0.8790322580645161
202,0.95,poly,0.1,0.1,0.6380918220946915,0.6686371100164203,0.5712682379349046,0.8060174188440221,0.5048076923076923,0.5318181818181819,0.38235294117647056,0.8731343283582089,0.4876237623762376,0.5129411764705882,0.36212624584717606,0.8790322580645161
203,0.95,poly,0.1,1,0.6380918220946915,0.6686371100164203,0.5712682379349046,0.8060174188440221,0.5048076923076923,0.5318181818181819,0.38235294117647056,0.8731343283582089,0.4876237623762376,0.5129411764705882,0.36212624584717606,0.8790322580645161
204,0.95,poly,0.01,scale,0.5570301291248206,0.6399416909620991,0.5064605445316105,0.8689627870150436,0.41586538461538464,0.49896907216494846,0.34472934472934474,0.9029850746268657,0.39851485148514854,0.4774193548387097,0.3255131964809384,0.8951612903225806
205,0.95,poly,0.01,auto,0.5570301291248206,0.6399416909620991,0.5064605445316105,0.8689627870150436,0.41586538461538464,0.49896907216494846,0.34472934472934474,0.9029850746268657,0.39851485148514854,0.4774193548387097,0.3255131964809384,0.8951612903225806
206,0.95,poly,0.01,0.001,0.5570301291248206,0.6399416909620991,0.5064605445316105,0.8689627870150436,0.41586538461538464,0.49896907216494846,0.34472934472934474,0.9029850746268657,0.39851485148514854,0.4774193548387097,0.3255131964809384,0.8951612903225806
207,0.95,poly,0.01,0.01,0.5570301291248206,0.6399416909620991,0.5064605445316105,0.8689627870150436,0.41586538461538464,0.49896907216494846,0.34472934472934474,0.9029850746268657,0.39851485148514854,0.4774193548387097,0.3255131964809384,0.8951612903225806
208,0.95,poly,0.01,0.1,0.5570301291248206,0.6399416909620991,0.5064605445316105,0.8689627870150436,0.41586538461538464,0.49896907216494846,0.34472934472934474,0.9029850746268657,0.39851485148514854,0.4774193548387097,0.3255131964809384,0.8951612903225806
209,0.95,poly,0.01,1,0.5570301291248206,0.6399416909620991,0.5064605445316105,0.8689627870150436,0.41586538461538464,0.49896907216494846,0.34472934472934474,0.9029850746268657,0.39851485148514854,0.4774193548387097,0.3255131964809384,0.8951612903225806
210,0.95,poly,0.001,scale,0.498206599713056,0.6113888888888889,0.47090286692340605,0.8713380839271576,0.3701923076923077,0.484251968503937,0.32887700534759357,0.917910447761194,0.3564356435643564,0.4605809128630705,0.3100558659217877,0.8951612903225806
211,0.95,poly,0.001,auto,0.498206599713056,0.6113888888888889,0.47090286692340605,0.8713380839271576,0.3701923076923077,0.484251968503937,0.32887700534759357,0.917910447761194,0.3564356435643564,0.4605809128630705,0.3100558659217877,0.8951612903225806
212,0.95,poly,0.001,0.001,0.498206599713056,0.6113888888888889,0.47090286692340605,0.8713380839271576,0.3701923076923077,0.484251968503937,0.32887700534759357,0.917910447761194,0.3564356435643564,0.4605809128630705,0.3100558659217877,0.8951612903225806
213,0.95,poly,0.001,0.01,0.498206599713056,0.6113888888888889,0.47090286692340605,0.8713380839271576,0.3701923076923077,0.484251968503937,0.32887700534759357,0.917910447761194,0.3564356435643564,0.4605809128630705,0.3100558659217877,0.8951612903225806
214,0.95,poly,0.001,0.1,0.498206599713056,0.6113888888888889,0.47090286692340605,0.8713380839271576,0.3701923076923077,0.484251968503937,0.32887700534759357,0.917910447761194,0.3564356435643564,0.4605809128630705,0.3100558659217877,0.8951612903225806
215,0.95,poly,0.001,1,0.498206599713056,0.6113888888888889,0.47090286692340605,0.8713380839271576,0.3701923076923077,0.484251968503937,0.32887700534759357,0.917910447761194,0.3564356435643564,0.4605809128630705,0.3100558659217877,0.8951612903225806
216,0.95,linear,20.0,scale,0.6741391678622669,0.6710121310881767,0.618284951618285,0.7335708630245448,0.5528846153846154,0.5507246376811594,0.40714285714285714,0.8507462686567164,0.5420792079207921,0.5340050377833753,0.3882783882783883,0.8548387096774194
217,0.95,linear,20.0,auto,0.6741391678622669,0.6710121310881767,0.618284951618285,0.7335708630245448,0.5528846153846154,0.5507246376811594,0.40714285714285714,0.8507462686567164,0.5420792079207921,0.5340050377833753,0.3882783882783883,0.8548387096774194
218,0.95,linear,20.0,0.001,0.6741391678622669,0.6710121310881767,0.618284951618285,0.7335708630245448,0.5528846153846154,0.5507246376811594,0.40714285714285714,0.8507462686567164,0.5420792079207921,0.5340050377833753,0.3882783882783883,0.8548387096774194
219,0.95,linear,20.0,0.01,0.6741391678622669,0.6710121310881767,0.618284951618285,0.7335708630245448,0.5528846153846154,0.5507246376811594,0.40714285714285714,0.8507462686567164,0.5420792079207921,0.5340050377833753,0.3882783882783883,0.8548387096774194
220,0.95,linear,20.0,0.1,0.6741391678622669,0.6710121310881767,0.618284951618285,0.7335708630245448,0.5528846153846154,0.5507246376811594,0.40714285714285714,0.8507462686567164,0.5420792079207921,0.5340050377833753,0.3882783882783883,0.8548387096774194
221,0.95,linear,20.0,1,0.6741391678622669,0.6710121310881767,0.618284951618285,0.7335708630245448,0.5528846153846154,0.5507246376811594,0.40714285714285714,0.8507462686567164,0.5420792079207921,0.5340050377833753,0.3882783882783883,0.8548387096774194
222,0.95,linear,10.0,scale,0.6664275466284074,0.671957671957672,0.6059160305343512,0.7541567695961995,0.5408653846153846,0.5484633569739953,0.4013840830449827,0.8656716417910447,0.5321782178217822,0.5310173697270472,0.3835125448028674,0.8629032258064516
223,0.95,linear,10.0,auto,0.6664275466284074,0.671957671957672,0.6059160305343512,0.7541567695961995,0.5408653846153846,0.5484633569739953,0.4013840830449827,0.8656716417910447,0.5321782178217822,0.5310173697270472,0.3835125448028674,0.8629032258064516
224,0.95,linear,10.0,0.001,0.6664275466284074,0.671957671957672,0.6059160305343512,0.7541567695961995,0.5408653846153846,0.5484633569739953,0.4013840830449827,0.8656716417910447,0.5321782178217822,0.5310173697270472,0.3835125448028674,0.8629032258064516
225,0.95,linear,10.0,0.01,0.6664275466284074,0.671957671957672,0.6059160305343512,0.7541567695961995,0.5408653846153846,0.5484633569739953,0.4013840830449827,0.8656716417910447,0.5321782178217822,0.5310173697270472,0.3835125448028674,0.8629032258064516
226,0.95,linear,10.0,0.1,0.6664275466284074,0.671957671957672,0.6059160305343512,0.7541567695961995,0.5408653846153846,0.5484633569739953,0.4013840830449827,0.8656716417910447,0.5321782178217822,0.5310173697270472,0.3835125448028674,0.8629032258064516
227,0.95,linear,10.0,1,0.6664275466284074,0.671957671957672,0.6059160305343512,0.7541567695961995,0.5408653846153846,0.5484633569739953,0.4013840830449827,0.8656716417910447,0.5321782178217822,0.5310173697270472,0.3835125448028674,0.8629032258064516
228,0.95,linear,1.0,scale,0.6617647058823529,0.669006669006669,0.6008827238335435,0.7545526524148852,0.5384615384615384,0.5471698113207547,0.4,0.8656716417910447,0.5297029702970297,0.5297029702970297,0.3821428571428571,0.8629032258064516
229,0.95,linear,1.0,auto,0.6617647058823529,0.669006669006669,0.6008827238335435,0.7545526524148852,0.5384615384615384,0.5471698113207547,0.4,0.8656716417910447,0.5297029702970297,0.5297029702970297,0.3821428571428571,0.8629032258064516
230,0.95,linear,1.0,0.001,0.6617647058823529,0.669006669006669,0.6008827238335435,0.7545526524148852,0.5384615384615384,0.5471698113207547,0.4,0.8656716417910447,0.5297029702970297,0.5297029702970297,0.3821428571428571,0.8629032258064516
231,0.95,linear,1.0,0.01,0.6617647058823529,0.669006669006669,0.6008827238335435,0.7545526524148852,0.5384615384615384,0.5471698113207547,0.4,0.8656716417910447,0.5297029702970297,0.5297029702970297,0.3821428571428571,0.8629032258064516
232,0.95,linear,1.0,0.1,0.6617647058823529,0.669006669006669,0.6008827238335435,0.7545526524148852,0.5384615384615384,0.5471698113207547,0.4,0.8656716417910447,0.5297029702970297,0.5297029702970297,0.3821428571428571,0.8629032258064516
233,0.95,linear,1.0,1,0.6617647058823529,0.669006669006669,0.6008827238335435,0.7545526524148852,0.5384615384615384,0.5471698113207547,0.4,0.8656716417910447,0.5297029702970297,0.5297029702970297,0.3821428571428571,0.8629032258064516
234,0.95,linear,0.1,scale,0.6601506456241033,0.667951638338882,0.5991826469663628,0.7545526524148852,0.5336538461538461,0.5446009389671361,0.3972602739726027,0.8656716417910447,0.5272277227722773,0.528395061728395,0.3807829181494662,0.8629032258064516
235,0.95,linear,0.1,auto,0.6601506456241033,0.667951638338882,0.5991826469663628,0.7545526524148852,0.5336538461538461,0.5446009389671361,0.3972602739726027,0.8656716417910447,0.5272277227722773,0.528395061728395,0.3807829181494662,0.8629032258064516
236,0.95,linear,0.1,0.001,0.6601506456241033,0.667951638338882,0.5991826469663628,0.7545526524148852,0.5336538461538461,0.5446009389671361,0.3972602739726027,0.8656716417910447,0.5272277227722773,0.528395061728395,0.3807829181494662,0.8629032258064516
237,0.95,linear,0.1,0.01,0.6601506456241033,0.667951638338882,0.5991826469663628,0.7545526524148852,0.5336538461538461,0.5446009389671361,0.3972602739726027,0.8656716417910447,0.5272277227722773,0.528395061728395,0.3807829181494662,0.8629032258064516
238,0.95,linear,0.1,0.1,0.6601506456241033,0.667951638338882,0.5991826469663628,0.7545526524148852,0.5336538461538461,0.5446009389671361,0.3972602739726027,0.8656716417910447,0.5272277227722773,0.528395061728395,0.3807829181494662,0.8629032258064516
239,0.95,linear,0.1,1,0.6601506456241033,0.667951638338882,0.5991826469663628,0.7545526524148852,0.5336538461538461,0.5446009389671361,0.3972602739726027,0.8656716417910447,0.5272277227722773,0.528395061728395,0.3807829181494662,0.8629032258064516
240,0.95,linear,0.01,scale,0.6599713055954088,0.6678346180798879,0.5989943431803897,0.7545526524148852,0.5336538461538461,0.5446009389671361,0.3972602739726027,0.8656716417910447,0.5272277227722773,0.528395061728395,0.3807829181494662,0.8629032258064516
241,0.95,linear,0.01,auto,0.6599713055954088,0.6678346180798879,0.5989943431803897,0.7545526524148852,0.5336538461538461,0.5446009389671361,0.3972602739726027,0.8656716417910447,0.5272277227722773,0.528395061728395,0.3807829181494662,0.8629032258064516
242,0.95,linear,0.01,0.001,0.6599713055954088,0.6678346180798879,0.5989943431803897,0.7545526524148852,0.5336538461538461,0.5446009389671361,0.3972602739726027,0.8656716417910447,0.5272277227722773,0.528395061728395,0.3807829181494662,0.8629032258064516
243,0.95,linear,0.01,0.01,0.6599713055954088,0.6678346180798879,0.5989943431803897,0.7545526524148852,0.5336538461538461,0.5446009389671361,0.3972602739726027,0.8656716417910447,0.5272277227722773,0.528395061728395,0.3807829181494662,0.8629032258064516
244,0.95,linear,0.01,0.1,0.6599713055954088,0.6678346180798879,0.5989943431803897,0.7545526524148852,0.5336538461538461,0.5446009389671361,0.3972602739726027,0.8656716417910447,0.5272277227722773,0.528395061728395,0.3807829181494662,0.8629032258064516
245,0.95,linear,0.01,1,0.6599713055954088,0.6678346180798879,0.5989943431803897,0.7545526524148852,0.5336538461538461,0.5446009389671361,0.3972602739726027,0.8656716417910447,0.5272277227722773,0.528395061728395,0.3807829181494662,0.8629032258064516
246,0.95,linear,0.001,scale,0.6404232424677188,0.6683209263854425,0.574026712134129,0.7996832937450514,0.5168269230769231,0.535796766743649,0.3879598662207358,0.8656716417910447,0.49504950495049505,0.5142857142857142,0.36486486486486486,0.8709677419354839
247,0.95,linear,0.001,auto,0.6404232424677188,0.6683209263854425,0.574026712134129,0.7996832937450514,0.5168269230769231,0.535796766743649,0.3879598662207358,0.8656716417910447,0.49504950495049505,0.5142857142857142,0.36486486486486486,0.8709677419354839
248,0.95,linear,0.001,0.001,0.6404232424677188,0.6683209263854425,0.574026712134129,0.7996832937450514,0.5168269230769231,0.535796766743649,0.3879598662207358,0.8656716417910447,0.49504950495049505,0.5142857142857142,0.36486486486486486,0.8709677419354839
249,0.95,linear,0.001,0.01,0.6404232424677188,0.6683209263854425,0.574026712134129,0.7996832937450514,0.5168269230769231,0.535796766743649,0.3879598662207358,0.8656716417910447,0.49504950495049505,0.5142857142857142,0.36486486486486486,0.8709677419354839
250,0.95,linear,0.001,0.1,0.6404232424677188,0.6683209263854425,0.574026712134129,0.7996832937450514,0.5168269230769231,0.535796766743649,0.3879598662207358,0.8656716417910447,0.49504950495049505,0.5142857142857142,0.36486486486486486,0.8709677419354839
251,0.95,linear,0.001,1,0.6404232424677188,0.6683209263854425,0.574026712134129,0.7996832937450514,0.5168269230769231,0.535796766743649,0.3879598662207358,0.8656716417910447,0.49504950495049505,0.5142857142857142,0.36486486486486486,0.8709677419354839
252,0.95,sigmoid,20.0,scale,0.6217718794835008,0.6620733856753725,0.5561238223418573,0.8178939034045922,0.5024038461538461,0.5306122448979592,0.3811074918566775,0.8731343283582089,0.47277227722772275,0.5034965034965035,0.3540983606557377,0.8709677419354839
253,0.95,sigmoid,20.0,auto,0.6217718794835008,0.6620733856753725,0.5561238223418573,0.8178939034045922,0.5024038461538461,0.5306122448979592,0.3811074918566775,0.8731343283582089,0.47277227722772275,0.5034965034965035,0.3540983606557377,0.8709677419354839
254,0.95,sigmoid,20.0,0.001,0.6217718794835008,0.6620733856753725,0.5561238223418573,0.8178939034045922,0.5024038461538461,0.5306122448979592,0.3811074918566775,0.8731343283582089,0.47277227722772275,0.5034965034965035,0.3540983606557377,0.8709677419354839
255,0.95,sigmoid,20.0,0.01,0.6217718794835008,0.6620733856753725,0.5561238223418573,0.8178939034045922,0.5024038461538461,0.5306122448979592,0.3811074918566775,0.8731343283582089,0.47277227722772275,0.5034965034965035,0.3540983606557377,0.8709677419354839
256,0.95,sigmoid,20.0,0.1,0.6217718794835008,0.6620733856753725,0.5561238223418573,0.8178939034045922,0.5024038461538461,0.5306122448979592,0.3811074918566775,0.8731343283582089,0.47277227722772275,0.5034965034965035,0.3540983606557377,0.8709677419354839
257,0.95,sigmoid,20.0,1,0.6217718794835008,0.6620733856753725,0.5561238223418573,0.8178939034045922,0.5024038461538461,0.5306122448979592,0.3811074918566775,0.8731343283582089,0.47277227722772275,0.5034965034965035,0.3540983606557377,0.8709677419354839
258,0.95,sigmoid,10.0,scale,0.6300215208034433,0.664934221211629,0.5637565408978243,0.8103721298495645,0.5072115384615384,0.5308924485125858,0.38283828382838286,0.8656716417910447,0.48267326732673266,0.508235294117647,0.3588039867109635,0.8709677419354839
259,0.95,sigmoid,10.0,auto,0.6300215208034433,0.664934221211629,0.5637565408978243,0.8103721298495645,0.5072115384615384,0.5308924485125858,0.38283828382838286,0.8656716417910447,0.48267326732673266,0.508235294117647,0.3588039867109635,0.8709677419354839
260,0.95,sigmoid,10.0,0.001,0.6300215208034433,0.664934221211629,0.5637565408978243,0.8103721298495645,0.5072115384615384,0.5308924485125858,0.38283828382838286,0.8656716417910447,0.48267326732673266,0.508235294117647,0.3588039867109635,0.8709677419354839
261,0.95,sigmoid,10.0,0.01,0.6300215208034433,0.664934221211629,0.5637565408978243,0.8103721298495645,0.5072115384615384,0.5308924485125858,0.38283828382838286,0.8656716417910447,0.48267326732673266,0.508235294117647,0.3588039867109635,0.8709677419354839
262,0.95,sigmoid,10.0,0.1,0.6300215208034433,0.664934221211629,0.5637565408978243,0.8103721298495645,0.5072115384615384,0.5308924485125858,0.38283828382838286,0.8656716417910447,0.48267326732673266,0.508235294117647,0.3588039867109635,0.8709677419354839
263,0.95,sigmoid,10.0,1,0.6300215208034433,0.664934221211629,0.5637565408978243,0.8103721298495645,0.5072115384615384,0.5308924485125858,0.38283828382838286,0.8656716417910447,0.48267326732673266,0.508235294117647,0.3588039867109635,0.8709677419354839
264,0.95,sigmoid,1.0,scale,0.6407819225251076,0.6709380647281091,0.5734344285313114,0.8083927157561361,0.5168269230769231,0.535796766743649,0.3879598662207358,0.8656716417910447,0.48267326732673266,0.508235294117647,0.3588039867109635,0.8709677419354839
265,0.95,sigmoid,1.0,auto,0.6407819225251076,0.6709380647281091,0.5734344285313114,0.8083927157561361,0.5168269230769231,0.535796766743649,0.3879598662207358,0.8656716417910447,0.48267326732673266,0.508235294117647,0.3588039867109635,0.8709677419354839
266,0.95,sigmoid,1.0,0.001,0.6407819225251076,0.6709380647281091,0.5734344285313114,0.8083927157561361,0.5168269230769231,0.535796766743649,0.3879598662207358,0.8656716417910447,0.48267326732673266,0.508235294117647,0.3588039867109635,0.8709677419354839
267,0.95,sigmoid,1.0,0.01,0.6407819225251076,0.6709380647281091,0.5734344285313114,0.8083927157561361,0.5168269230769231,0.535796766743649,0.3879598662207358,0.8656716417910447,0.48267326732673266,0.508235294117647,0.3588039867109635,0.8709677419354839
268,0.95,sigmoid,1.0,0.1,0.6407819225251076,0.6709380647281091,0.5734344285313114,0.8083927157561361,0.5168269230769231,0.535796766743649,0.3879598662207358,0.8656716417910447,0.48267326732673266,0.508235294117647,0.3588039867109635,0.8709677419354839
269,0.95,sigmoid,1.0,1,0.6407819225251076,0.6709380647281091,0.5734344285313114,0.8083927157561361,0.5168269230769231,0.535796766743649,0.3879598662207358,0.8656716417910447,0.48267326732673266,0.508235294117647,0.3588039867109635,0.8709677419354839
270,0.95,sigmoid,0.1,scale,0.6712697274031564,0.6763199717464241,0.610455849537775,0.7581155977830563,0.5408653846153846,0.5441527446300716,0.4,0.8507462686567164,0.5346534653465347,0.5323383084577115,0.38489208633093525,0.8629032258064516
271,0.95,sigmoid,0.1,auto,0.6712697274031564,0.6763199717464241,0.610455849537775,0.7581155977830563,0.5408653846153846,0.5441527446300716,0.4,0.8507462686567164,0.5346534653465347,0.5323383084577115,0.38489208633093525,0.8629032258064516
272,0.95,sigmoid,0.1,0.001,0.6712697274031564,0.6763199717464241,0.610455849537775,0.7581155977830563,0.5408653846153846,0.5441527446300716,0.4,0.8507462686567164,0.5346534653465347,0.5323383084577115,0.38489208633093525,0.8629032258064516
273,0.95,sigmoid,0.1,0.01,0.6712697274031564,0.6763199717464241,0.610455849537775,0.7581155977830563,0.5408653846153846,0.5441527446300716,0.4,0.8507462686567164,0.5346534653465347,0.5323383084577115,0.38489208633093525,0.8629032258064516
274,0.95,sigmoid,0.1,0.1,0.6712697274031564,0.6763199717464241,0.610455849537775,0.7581155977830563,0.5408653846153846,0.5441527446300716,0.4,0.8507462686567164,0.5346534653465347,0.5323383084577115,0.38489208633093525,0.8629032258064516
275,0.95,sigmoid,0.1,1,0.6712697274031564,0.6763199717464241,0.610455849537775,0.7581155977830563,0.5408653846153846,0.5441527446300716,0.4,0.8507462686567164,0.5346534653465347,0.5323383084577115,0.38489208633093525,0.8629032258064516
276,0.95,sigmoid,0.01,scale,0.6425753228120517,0.6696502569202718,0.5759908753920729,0.7996832937450514,0.5168269230769231,0.535796766743649,0.3879598662207358,0.8656716417910447,0.49504950495049505,0.5142857142857142,0.36486486486486486,0.8709677419354839
277,0.95,sigmoid,0.01,auto,0.6425753228120517,0.6696502569202718,0.5759908753920729,0.7996832937450514,0.5168269230769231,0.535796766743649,0.3879598662207358,0.8656716417910447,0.49504950495049505,0.5142857142857142,0.36486486486486486,0.8709677419354839
278,0.95,sigmoid,0.01,0.001,0.6425753228120517,0.6696502569202718,0.5759908753920729,0.7996832937450514,0.5168269230769231,0.535796766743649,0.3879598662207358,0.8656716417910447,0.49504950495049505,0.5142857142857142,0.36486486486486486,0.8709677419354839
279,0.95,sigmoid,0.01,0.01,0.6425753228120517,0.6696502569202718,0.5759908753920729,0.7996832937450514,0.5168269230769231,0.535796766743649,0.3879598662207358,0.8656716417910447,0.49504950495049505,0.5142857142857142,0.36486486486486486,0.8709677419354839
280,0.95,sigmoid,0.01,0.1,0.6425753228120517,0.6696502569202718,0.5759908753920729,0.7996832937450514,0.5168269230769231,0.535796766743649,0.3879598662207358,0.8656716417910447,0.49504950495049505,0.5142857142857142,0.36486486486486486,0.8709677419354839
281,0.95,sigmoid,0.01,1,0.6425753228120517,0.6696502569202718,0.5759908753920729,0.7996832937450514,0.5168269230769231,0.535796766743649,0.3879598662207358,0.8656716417910447,0.49504950495049505,0.5142857142857142,0.36486486486486486,0.8709677419354839
282,0.95,sigmoid,0.001,scale,0.5356886657101865,0.6294547015886647,0.4929388029589778,0.8705463182897862,0.40384615384615385,0.4979757085020243,0.3416666666666667,0.917910447761194,0.3787128712871287,0.4693446088794926,0.31805157593123207,0.8951612903225806
283,0.95,sigmoid,0.001,auto,0.5356886657101865,0.6294547015886647,0.4929388029589778,0.8705463182897862,0.40384615384615385,0.4979757085020243,0.3416666666666667,0.917910447761194,0.3787128712871287,0.4693446088794926,0.31805157593123207,0.8951612903225806
284,0.95,sigmoid,0.001,0.001,0.5356886657101865,0.6294547015886647,0.4929388029589778,0.8705463182897862,0.40384615384615385,0.4979757085020243,0.3416666666666667,0.917910447761194,0.3787128712871287,0.4693446088794926,0.31805157593123207,0.8951612903225806
285,0.95,sigmoid,0.001,0.01,0.5356886657101865,0.6294547015886647,0.4929388029589778,0.8705463182897862,0.40384615384615385,0.4979757085020243,0.3416666666666667,0.917910447761194,0.3787128712871287,0.4693446088794926,0.31805157593123207,0.8951612903225806
286,0.95,sigmoid,0.001,0.1,0.5356886657101865,0.6294547015886647,0.4929388029589778,0.8705463182897862,0.40384615384615385,0.4979757085020243,0.3416666666666667,0.917910447761194,0.3787128712871287,0.4693446088794926,0.31805157593123207,0.8951612903225806
287,0.95,sigmoid,0.001,1,0.5356886657101865,0.6294547015886647,0.4929388029589778,0.8705463182897862,0.40384615384615385,0.4979757085020243,0.3416666666666667,0.917910447761194,0.3787128712871287,0.4693446088794926,0.31805157593123207,0.8951612903225806
288,0.9,rbf,20.0,scale,0.6798780487804879,0.681761454804778,0.6201751540707103,0.7569279493269992,0.5504807692307693,0.5493975903614458,0.40569395017793597,0.8507462686567164,0.5445544554455446,0.5376884422110553,0.3905109489051095,0.8629032258064516
289,0.9,rbf,20.0,auto,0.6798780487804879,0.681761454804778,0.6201751540707103,0.7569279493269992,0.5504807692307693,0.5493975903614458,0.40569395017793597,0.8507462686567164,0.5445544554455446,0.5376884422110553,0.3905109489051095,0.8629032258064516
290,0.9,rbf,20.0,0.001,0.6798780487804879,0.681761454804778,0.6201751540707103,0.7569279493269992,0.5504807692307693,0.5493975903614458,0.40569395017793597,0.8507462686567164,0.5445544554455446,0.5376884422110553,0.3905109489051095,0.8629032258064516
291,0.9,rbf,20.0,0.01,0.6798780487804879,0.681761454804778,0.6201751540707103,0.7569279493269992,0.5504807692307693,0.5493975903614458,0.40569395017793597,0.8507462686567164,0.5445544554455446,0.5376884422110553,0.3905109489051095,0.8629032258064516
292,0.9,rbf,20.0,0.1,0.6798780487804879,0.681761454804778,0.6201751540707103,0.7569279493269992,0.5504807692307693,0.5493975903614458,0.40569395017793597,0.8507462686567164,0.5445544554455446,0.5376884422110553,0.3905109489051095,0.8629032258064516
293,0.9,rbf,20.0,1,0.6798780487804879,0.681761454804778,0.6201751540707103,0.7569279493269992,0.5504807692307693,0.5493975903614458,0.40569395017793597,0.8507462686567164,0.5445544554455446,0.5376884422110553,0.3905109489051095,0.8629032258064516
294,0.9,rbf,10.0,scale,0.6798780487804879,0.681761454804778,0.6201751540707103,0.7569279493269992,0.5480769230769231,0.5480769230769231,0.40425531914893614,0.8507462686567164,0.5445544554455446,0.5376884422110553,0.3905109489051095,0.8629032258064516
295,0.9,rbf,10.0,auto,0.6798780487804879,0.681761454804778,0.6201751540707103,0.7569279493269992,0.5480769230769231,0.5480769230769231,0.40425531914893614,0.8507462686567164,0.5445544554455446,0.5376884422110553,0.3905109489051095,0.8629032258064516
296,0.9,rbf,10.0,0.001,0.6798780487804879,0.681761454804778,0.6201751540707103,0.7569279493269992,0.5480769230769231,0.5480769230769231,0.40425531914893614,0.8507462686567164,0.5445544554455446,0.5376884422110553,0.3905109489051095,0.8629032258064516
297,0.9,rbf,10.0,0.01,0.6798780487804879,0.681761454804778,0.6201751540707103,0.7569279493269992,0.5480769230769231,0.5480769230769231,0.40425531914893614,0.8507462686567164,0.5445544554455446,0.5376884422110553,0.3905109489051095,0.8629032258064516
298,0.9,rbf,10.0,0.1,0.6798780487804879,0.681761454804778,0.6201751540707103,0.7569279493269992,0.5480769230769231,0.5480769230769231,0.40425531914893614,0.8507462686567164,0.5445544554455446,0.5376884422110553,0.3905109489051095,0.8629032258064516
299,0.9,rbf,10.0,1,0.6798780487804879,0.681761454804778,0.6201751540707103,0.7569279493269992,0.5480769230769231,0.5480769230769231,0.40425531914893614,0.8507462686567164,0.5445544554455446,0.5376884422110553,0.3905109489051095,0.8629032258064516
300,0.9,rbf,1.0,scale,0.6741391678622669,0.6710121310881767,0.618284951618285,0.7335708630245448,0.5528846153846154,0.5507246376811594,0.40714285714285714,0.8507462686567164,0.5420792079207921,0.5340050377833753,0.3882783882783883,0.8548387096774194
301,0.9,rbf,1.0,auto,0.6741391678622669,0.6710121310881767,0.618284951618285,0.7335708630245448,0.5528846153846154,0.5507246376811594,0.40714285714285714,0.8507462686567164,0.5420792079207921,0.5340050377833753,0.3882783882783883,0.8548387096774194
302,0.9,rbf,1.0,0.001,0.6741391678622669,0.6710121310881767,0.618284951618285,0.7335708630245448,0.5528846153846154,0.5507246376811594,0.40714285714285714,0.8507462686567164,0.5420792079207921,0.5340050377833753,0.3882783882783883,0.8548387096774194
303,0.9,rbf,1.0,0.01,0.6741391678622669,0.6710121310881767,0.618284951618285,0.7335708630245448,0.5528846153846154,0.5507246376811594,0.40714285714285714,0.8507462686567164,0.5420792079207921,0.5340050377833753,0.3882783882783883,0.8548387096774194
304,0.9,rbf,1.0,0.1,0.6741391678622669,0.6710121310881767,0.618284951618285,0.7335708630245448,0.5528846153846154,0.5507246376811594,0.40714285714285714,0.8507462686567164,0.5420792079207921,0.5340050377833753,0.3882783882783883,0.8548387096774194
305,0.9,rbf,1.0,1,0.6741391678622669,0.6710121310881767,0.618284951618285,0.7335708630245448,0.5528846153846154,0.5507246376811594,0.40714285714285714,0.8507462686567164,0.5420792079207921,0.5340050377833753,0.3882783882783883,0.8548387096774194
306,0.9,rbf,0.1,scale,0.6741391678622669,0.6710121310881767,0.618284951618285,0.7335708630245448,0.5528846153846154,0.5507246376811594,0.40714285714285714,0.8507462686567164,0.5420792079207921,0.5340050377833753,0.3882783882783883,0.8548387096774194
307,0.9,rbf,0.1,auto,0.6741391678622669,0.6710121310881767,0.618284951618285,0.7335708630245448,0.5528846153846154,0.5507246376811594,0.40714285714285714,0.8507462686567164,0.5420792079207921,0.5340050377833753,0.3882783882783883,0.8548387096774194
308,0.9,rbf,0.1,0.001,0.6741391678622669,0.6710121310881767,0.618284951618285,0.7335708630245448,0.5528846153846154,0.5507246376811594,0.40714285714285714,0.8507462686567164,0.5420792079207921,0.5340050377833753,0.3882783882783883,0.8548387096774194
309,0.9,rbf,0.1,0.01,0.6741391678622669,0.6710121310881767,0.618284951618285,0.7335708630245448,0.5528846153846154,0.5507246376811594,0.40714285714285714,0.8507462686567164,0.5420792079207921,0.5340050377833753,0.3882783882783883,0.8548387096774194
310,0.9,rbf,0.1,0.1,0.6741391678622669,0.6710121310881767,0.618284951618285,0.7335708630245448,0.5528846153846154,0.5507246376811594,0.40714285714285714,0.8507462686567164,0.5420792079207921,0.5340050377833753,0.3882783882783883,0.8548387096774194
311,0.9,rbf,0.1,1,0.6741391678622669,0.6710121310881767,0.618284951618285,0.7335708630245448,0.5528846153846154,0.5507246376811594,0.40714285714285714,0.8507462686567164,0.5420792079207921,0.5340050377833753,0.3882783882783883,0.8548387096774194
312,0.9,rbf,0.01,scale,0.6741391678622669,0.6710121310881767,0.618284951618285,0.7335708630245448,0.5528846153846154,0.5507246376811594,0.40714285714285714,0.8507462686567164,0.5420792079207921,0.5340050377833753,0.3882783882783883,0.8548387096774194
313,0.9,rbf,0.01,auto,0.6741391678622669,0.6710121310881767,0.618284951618285,0.7335708630245448,0.5528846153846154,0.5507246376811594,0.40714285714285714,0.8507462686567164,0.5420792079207921,0.5340050377833753,0.3882783882783883,0.8548387096774194
314,0.9,rbf,0.01,0.001,0.6741391678622669,0.6710121310881767,0.618284951618285,0.7335708630245448,0.5528846153846154,0.5507246376811594,0.40714285714285714,0.8507462686567164,0.5420792079207921,0.5340050377833753,0.3882783882783883,0.8548387096774194
315,0.9,rbf,0.01,0.01,0.6741391678622669,0.6710121310881767,0.618284951618285,0.7335708630245448,0.5528846153846154,0.5507246376811594,0.40714285714285714,0.8507462686567164,0.5420792079207921,0.5340050377833753,0.3882783882783883,0.8548387096774194
316,0.9,rbf,0.01,0.1,0.6741391678622669,0.6710121310881767,0.618284951618285,0.7335708630245448,0.5528846153846154,0.5507246376811594,0.40714285714285714,0.8507462686567164,0.5420792079207921,0.5340050377833753,0.3882783882783883,0.8548387096774194
317,0.9,rbf,0.01,1,0.6741391678622669,0.6710121310881767,0.618284951618285,0.7335708630245448,0.5528846153846154,0.5507246376811594,0.40714285714285714,0.8507462686567164,0.5420792079207921,0.5340050377833753,0.3882783882783883,0.8548387096774194
318,0.9,rbf,0.001,scale,0.6741391678622669,0.6710121310881767,0.618284951618285,0.7335708630245448,0.5528846153846154,0.5507246376811594,0.40714285714285714,0.8507462686567164,0.5420792079207921,0.5340050377833753,0.3882783882783883,0.8548387096774194
319,0.9,rbf,0.001,auto,0.6741391678622669,0.6710121310881767,0.618284951618285,0.7335708630245448,0.5528846153846154,0.5507246376811594,0.40714285714285714,0.8507462686567164,0.5420792079207921,0.5340050377833753,0.3882783882783883,0.8548387096774194
320,0.9,rbf,0.001,0.001,0.6741391678622669,0.6710121310881767,0.618284951618285,0.7335708630245448,0.5528846153846154,0.5507246376811594,0.40714285714285714,0.8507462686567164,0.5420792079207921,0.5340050377833753,0.3882783882783883,0.8548387096774194
321,0.9,rbf,0.001,0.01,0.6741391678622669,0.6710121310881767,0.618284951618285,0.7335708630245448,0.5528846153846154,0.5507246376811594,0.40714285714285714,0.8507462686567164,0.5420792079207921,0.5340050377833753,0.3882783882783883,0.8548387096774194
322,0.9,rbf,0.001,0.1,0.6741391678622669,0.6710121310881767,0.618284951618285,0.7335708630245448,0.5528846153846154,0.5507246376811594,0.40714285714285714,0.8507462686567164,0.5420792079207921,0.5340050377833753,0.3882783882783883,0.8548387096774194
323,0.9,rbf,0.001,1,0.6741391678622669,0.6710121310881767,0.618284951618285,0.7335708630245448,0.5528846153846154,0.5507246376811594,0.40714285714285714,0.8507462686567164,0.5420792079207921,0.5340050377833753,0.3882783882783883,0.8548387096774194
324,0.9,poly,20.0,scale,0.6601506456241033,0.667951638338882,0.5991826469663628,0.7545526524148852,0.5336538461538461,0.5446009389671361,0.3972602739726027,0.8656716417910447,0.5272277227722773,0.528395061728395,0.3807829181494662,0.8629032258064516
325,0.9,poly,20.0,auto,0.6601506456241033,0.667951638338882,0.5991826469663628,0.7545526524148852,0.5336538461538461,0.5446009389671361,0.3972602739726027,0.8656716417910447,0.5272277227722773,0.528395061728395,0.3807829181494662,0.8629032258064516
326,0.9,poly,20.0,0.001,0.6601506456241033,0.667951638338882,0.5991826469663628,0.7545526524148852,0.5336538461538461,0.5446009389671361,0.3972602739726027,0.8656716417910447,0.5272277227722773,0.528395061728395,0.3807829181494662,0.8629032258064516
327,0.9,poly,20.0,0.01,0.6601506456241033,0.667951638338882,0.5991826469663628,0.7545526524148852,0.5336538461538461,0.5446009389671361,0.3972602739726027,0.8656716417910447,0.5272277227722773,0.528395061728395,0.3807829181494662,0.8629032258064516
328,0.9,poly,20.0,0.1,0.6601506456241033,0.667951638338882,0.5991826469663628,0.7545526524148852,0.5336538461538461,0.5446009389671361,0.3972602739726027,0.8656716417910447,0.5272277227722773,0.528395061728395,0.3807829181494662,0.8629032258064516
329,0.9,poly,20.0,1,0.6601506456241033,0.667951638338882,0.5991826469663628,0.7545526524148852,0.5336538461538461,0.5446009389671361,0.3972602739726027,0.8656716417910447,0.5272277227722773,0.528395061728395,0.3807829181494662,0.8629032258064516
330,0.9,poly,10.0,scale,0.6601506456241033,0.667951638338882,0.5991826469663628,0.7545526524148852,0.5336538461538461,0.5446009389671361,0.3972602739726027,0.8656716417910447,0.5272277227722773,0.528395061728395,0.3807829181494662,0.8629032258064516
331,0.9,poly,10.0,auto,0.6601506456241033,0.667951638338882,0.5991826469663628,0.7545526524148852,0.5336538461538461,0.5446009389671361,0.3972602739726027,0.8656716417910447,0.5272277227722773,0.528395061728395,0.3807829181494662,0.8629032258064516
332,0.9,poly,10.0,0.001,0.6601506456241033,0.667951638338882,0.5991826469663628,0.7545526524148852,0.5336538461538461,0.5446009389671361,0.3972602739726027,0.8656716417910447,0.5272277227722773,0.528395061728395,0.3807829181494662,0.8629032258064516
333,0.9,poly,10.0,0.01,0.6601506456241033,0.667951638338882,0.5991826469663628,0.7545526524148852,0.5336538461538461,0.5446009389671361,0.3972602739726027,0.8656716417910447,0.5272277227722773,0.528395061728395,0.3807829181494662,0.8629032258064516
334,0.9,poly,10.0,0.1,0.6601506456241033,0.667951638338882,0.5991826469663628,0.7545526524148852,0.5336538461538461,0.5446009389671361,0.3972602739726027,0.8656716417910447,0.5272277227722773,0.528395061728395,0.3807829181494662,0.8629032258064516
335,0.9,poly,10.0,1,0.6601506456241033,0.667951638338882,0.5991826469663628,0.7545526524148852,0.5336538461538461,0.5446009389671361,0.3972602739726027,0.8656716417910447,0.5272277227722773,0.528395061728395,0.3807829181494662,0.8629032258064516
336,0.9,poly,1.0,scale,0.6741391678622669,0.6710121310881767,0.618284951618285,0.7335708630245448,0.5528846153846154,0.5507246376811594,0.40714285714285714,0.8507462686567164,0.5420792079207921,0.5340050377833753,0.3882783882783883,0.8548387096774194
337,0.9,poly,1.0,auto,0.6741391678622669,0.6710121310881767,0.618284951618285,0.7335708630245448,0.5528846153846154,0.5507246376811594,0.40714285714285714,0.8507462686567164,0.5420792079207921,0.5340050377833753,0.3882783882783883,0.8548387096774194
338,0.9,poly,1.0,0.001,0.6741391678622669,0.6710121310881767,0.618284951618285,0.7335708630245448,0.5528846153846154,0.5507246376811594,0.40714285714285714,0.8507462686567164,0.5420792079207921,0.5340050377833753,0.3882783882783883,0.8548387096774194
339,0.9,poly,1.0,0.01,0.6741391678622669,0.6710121310881767,0.618284951618285,0.7335708630245448,0.5528846153846154,0.5507246376811594,0.40714285714285714,0.8507462686567164,0.5420792079207921,0.5340050377833753,0.3882783882783883,0.8548387096774194
340,0.9,poly,1.0,0.1,0.6741391678622669,0.6710121310881767,0.618284951618285,0.7335708630245448,0.5528846153846154,0.5507246376811594,0.40714285714285714,0.8507462686567164,0.5420792079207921,0.5340050377833753,0.3882783882783883,0.8548387096774194
341,0.9,poly,1.0,1,0.6741391678622669,0.6710121310881767,0.618284951618285,0.7335708630245448,0.5528846153846154,0.5507246376811594,0.40714285714285714,0.8507462686567164,0.5420792079207921,0.5340050377833753,0.3882783882783883,0.8548387096774194
342,0.9,poly,0.1,scale,0.6380918220946915,0.6686371100164203,0.5712682379349046,0.8060174188440221,0.5048076923076923,0.5318181818181819,0.38235294117647056,0.8731343283582089,0.4876237623762376,0.5129411764705882,0.36212624584717606,0.8790322580645161
343,0.9,poly,0.1,auto,0.6380918220946915,0.6686371100164203,0.5712682379349046,0.8060174188440221,0.5048076923076923,0.5318181818181819,0.38235294117647056,0.8731343283582089,0.4876237623762376,0.5129411764705882,0.36212624584717606,0.8790322580645161
344,0.9,poly,0.1,0.001,0.6380918220946915,0.6686371100164203,0.5712682379349046,0.8060174188440221,0.5048076923076923,0.5318181818181819,0.38235294117647056,0.8731343283582089,0.4876237623762376,0.5129411764705882,0.36212624584717606,0.8790322580645161
345,0.9,poly,0.1,0.01,0.6380918220946915,0.6686371100164203,0.5712682379349046,0.8060174188440221,0.5048076923076923,0.5318181818181819,0.38235294117647056,0.8731343283582089,0.4876237623762376,0.5129411764705882,0.36212624584717606,0.8790322580645161
346,0.9,poly,0.1,0.1,0.6380918220946915,0.6686371100164203,0.5712682379349046,0.8060174188440221,0.5048076923076923,0.5318181818181819,0.38235294117647056,0.8731343283582089,0.4876237623762376,0.5129411764705882,0.36212624584717606,0.8790322580645161
347,0.9,poly,0.1,1,0.6380918220946915,0.6686371100164203,0.5712682379349046,0.8060174188440221,0.5048076923076923,0.5318181818181819,0.38235294117647056,0.8731343283582089,0.4876237623762376,0.5129411764705882,0.36212624584717606,0.8790322580645161
348,0.9,poly,0.01,scale,0.5570301291248206,0.6399416909620991,0.5064605445316105,0.8689627870150436,0.41586538461538464,0.49896907216494846,0.34472934472934474,0.9029850746268657,0.39851485148514854,0.4774193548387097,0.3255131964809384,0.8951612903225806
349,0.9,poly,0.01,auto,0.5570301291248206,0.6399416909620991,0.5064605445316105,0.8689627870150436,0.41586538461538464,0.49896907216494846,0.34472934472934474,0.9029850746268657,0.39851485148514854,0.4774193548387097,0.3255131964809384,0.8951612903225806
350,0.9,poly,0.01,0.001,0.5570301291248206,0.6399416909620991,0.5064605445316105,0.8689627870150436,0.41586538461538464,0.49896907216494846,0.34472934472934474,0.9029850746268657,0.39851485148514854,0.4774193548387097,0.3255131964809384,0.8951612903225806
351,0.9,poly,0.01,0.01,0.5570301291248206,0.6399416909620991,0.5064605445316105,0.8689627870150436,0.41586538461538464,0.49896907216494846,0.34472934472934474,0.9029850746268657,0.39851485148514854,0.4774193548387097,0.3255131964809384,0.8951612903225806
352,0.9,poly,0.01,0.1,0.5570301291248206,0.6399416909620991,0.5064605445316105,0.8689627870150436,0.41586538461538464,0.49896907216494846,0.34472934472934474,0.9029850746268657,0.39851485148514854,0.4774193548387097,0.3255131964809384,0.8951612903225806
353,0.9,poly,0.01,1,0.5570301291248206,0.6399416909620991,0.5064605445316105,0.8689627870150436,0.41586538461538464,0.49896907216494846,0.34472934472934474,0.9029850746268657,0.39851485148514854,0.4774193548387097,0.3255131964809384,0.8951612903225806
354,0.9,poly,0.001,scale,0.498206599713056,0.6113888888888889,0.47090286692340605,0.8713380839271576,0.3701923076923077,0.484251968503937,0.32887700534759357,0.917910447761194,0.3564356435643564,0.4605809128630705,0.3100558659217877,0.8951612903225806
355,0.9,poly,0.001,auto,0.498206599713056,0.6113888888888889,0.47090286692340605,0.8713380839271576,0.3701923076923077,0.484251968503937,0.32887700534759357,0.917910447761194,0.3564356435643564,0.4605809128630705,0.3100558659217877,0.8951612903225806
356,0.9,poly,0.001,0.001,0.498206599713056,0.6113888888888889,0.47090286692340605,0.8713380839271576,0.3701923076923077,0.484251968503937,0.32887700534759357,0.917910447761194,0.3564356435643564,0.4605809128630705,0.3100558659217877,0.8951612903225806
357,0.9,poly,0.001,0.01,0.498206599713056,0.6113888888888889,0.47090286692340605,0.8713380839271576,0.3701923076923077,0.484251968503937,0.32887700534759357,0.917910447761194,0.3564356435643564,0.4605809128630705,0.3100558659217877,0.8951612903225806
358,0.9,poly,0.001,0.1,0.498206599713056,0.6113888888888889,0.47090286692340605,0.8713380839271576,0.3701923076923077,0.484251968503937,0.32887700534759357,0.917910447761194,0.3564356435643564,0.4605809128630705,0.3100558659217877,0.8951612903225806
359,0.9,poly,0.001,1,0.498206599713056,0.6113888888888889,0.47090286692340605,0.8713380839271576,0.3701923076923077,0.484251968503937,0.32887700534759357,0.917910447761194,0.3564356435643564,0.4605809128630705,0.3100558659217877,0.8951612903225806
360,0.9,linear,20.0,scale,0.6741391678622669,0.6710121310881767,0.618284951618285,0.7335708630245448,0.5528846153846154,0.5507246376811594,0.40714285714285714,0.8507462686567164,0.5420792079207921,0.5340050377833753,0.3882783882783883,0.8548387096774194
361,0.9,linear,20.0,auto,0.6741391678622669,0.6710121310881767,0.618284951618285,0.7335708630245448,0.5528846153846154,0.5507246376811594,0.40714285714285714,0.8507462686567164,0.5420792079207921,0.5340050377833753,0.3882783882783883,0.8548387096774194
362,0.9,linear,20.0,0.001,0.6741391678622669,0.6710121310881767,0.618284951618285,0.7335708630245448,0.5528846153846154,0.5507246376811594,0.40714285714285714,0.8507462686567164,0.5420792079207921,0.5340050377833753,0.3882783882783883,0.8548387096774194
363,0.9,linear,20.0,0.01,0.6741391678622669,0.6710121310881767,0.618284951618285,0.7335708630245448,0.5528846153846154,0.5507246376811594,0.40714285714285714,0.8507462686567164,0.5420792079207921,0.5340050377833753,0.3882783882783883,0.8548387096774194
364,0.9,linear,20.0,0.1,0.6741391678622669,0.6710121310881767,0.618284951618285,0.7335708630245448,0.5528846153846154,0.5507246376811594,0.40714285714285714,0.8507462686567164,0.5420792079207921,0.5340050377833753,0.3882783882783883,0.8548387096774194
365,0.9,linear,20.0,1,0.6741391678622669,0.6710121310881767,0.618284951618285,0.7335708630245448,0.5528846153846154,0.5507246376811594,0.40714285714285714,0.8507462686567164,0.5420792079207921,0.5340050377833753,0.3882783882783883,0.8548387096774194
366,0.9,linear,10.0,scale,0.6664275466284074,0.671957671957672,0.6059160305343512,0.7541567695961995,0.5408653846153846,0.5484633569739953,0.4013840830449827,0.8656716417910447,0.5321782178217822,0.5310173697270472,0.3835125448028674,0.8629032258064516
367,0.9,linear,10.0,auto,0.6664275466284074,0.671957671957672,0.6059160305343512,0.7541567695961995,0.5408653846153846,0.5484633569739953,0.4013840830449827,0.8656716417910447,0.5321782178217822,0.5310173697270472,0.3835125448028674,0.8629032258064516
368,0.9,linear,10.0,0.001,0.6664275466284074,0.671957671957672,0.6059160305343512,0.7541567695961995,0.5408653846153846,0.5484633569739953,0.4013840830449827,0.8656716417910447,0.5321782178217822,0.5310173697270472,0.3835125448028674,0.8629032258064516
369,0.9,linear,10.0,0.01,0.6664275466284074,0.671957671957672,0.6059160305343512,0.7541567695961995,0.5408653846153846,0.5484633569739953,0.4013840830449827,0.8656716417910447,0.5321782178217822,0.5310173697270472,0.3835125448028674,0.8629032258064516
370,0.9,linear,10.0,0.1,0.6664275466284074,0.671957671957672,0.6059160305343512,0.7541567695961995,0.5408653846153846,0.5484633569739953,0.4013840830449827,0.8656716417910447,0.5321782178217822,0.5310173697270472,0.3835125448028674,0.8629032258064516
371,0.9,linear,10.0,1,0.6664275466284074,0.671957671957672,0.6059160305343512,0.7541567695961995,0.5408653846153846,0.5484633569739953,0.4013840830449827,0.8656716417910447,0.5321782178217822,0.5310173697270472,0.3835125448028674,0.8629032258064516
372,0.9,linear,1.0,scale,0.6617647058823529,0.669006669006669,0.6008827238335435,0.7545526524148852,0.5384615384615384,0.5471698113207547,0.4,0.8656716417910447,0.5297029702970297,0.5297029702970297,0.3821428571428571,0.8629032258064516
373,0.9,linear,1.0,auto,0.6617647058823529,0.669006669006669,0.6008827238335435,0.7545526524148852,0.5384615384615384,0.5471698113207547,0.4,0.8656716417910447,0.5297029702970297,0.5297029702970297,0.3821428571428571,0.8629032258064516
374,0.9,linear,1.0,0.001,0.6617647058823529,0.669006669006669,0.6008827238335435,0.7545526524148852,0.5384615384615384,0.5471698113207547,0.4,0.8656716417910447,0.5297029702970297,0.5297029702970297,0.3821428571428571,0.8629032258064516
375,0.9,linear,1.0,0.01,0.6617647058823529,0.669006669006669,0.6008827238335435,0.7545526524148852,0.5384615384615384,0.5471698113207547,0.4,0.8656716417910447,0.5297029702970297,0.5297029702970297,0.3821428571428571,0.8629032258064516
376,0.9,linear,1.0,0.1,0.6617647058823529,0.669006669006669,0.6008827238335435,0.7545526524148852,0.5384615384615384,0.5471698113207547,0.4,0.8656716417910447,0.5297029702970297,0.5297029702970297,0.3821428571428571,0.8629032258064516
377,0.9,linear,1.0,1,0.6617647058823529,0.669006669006669,0.6008827238335435,0.7545526524148852,0.5384615384615384,0.5471698113207547,0.4,0.8656716417910447,0.5297029702970297,0.5297029702970297,0.3821428571428571,0.8629032258064516
378,0.9,linear,0.1,scale,0.6601506456241033,0.667951638338882,0.5991826469663628,0.7545526524148852,0.5336538461538461,0.5446009389671361,0.3972602739726027,0.8656716417910447,0.5272277227722773,0.528395061728395,0.3807829181494662,0.8629032258064516
379,0.9,linear,0.1,auto,0.6601506456241033,0.667951638338882,0.5991826469663628,0.7545526524148852,0.5336538461538461,0.5446009389671361,0.3972602739726027,0.8656716417910447,0.5272277227722773,0.528395061728395,0.3807829181494662,0.8629032258064516
380,0.9,linear,0.1,0.001,0.6601506456241033,0.667951638338882,0.5991826469663628,0.7545526524148852,0.5336538461538461,0.5446009389671361,0.3972602739726027,0.8656716417910447,0.5272277227722773,0.528395061728395,0.3807829181494662,0.8629032258064516
381,0.9,linear,0.1,0.01,0.6601506456241033,0.667951638338882,0.5991826469663628,0.7545526524148852,0.5336538461538461,0.5446009389671361,0.3972602739726027,0.8656716417910447,0.5272277227722773,0.528395061728395,0.3807829181494662,0.8629032258064516
382,0.9,linear,0.1,0.1,0.6601506456241033,0.667951638338882,0.5991826469663628,0.7545526524148852,0.5336538461538461,0.5446009389671361,0.3972602739726027,0.8656716417910447,0.5272277227722773,0.528395061728395,0.3807829181494662,0.8629032258064516
383,0.9,linear,0.1,1,0.6601506456241033,0.667951638338882,0.5991826469663628,0.7545526524148852,0.5336538461538461,0.5446009389671361,0.3972602739726027,0.8656716417910447,0.5272277227722773,0.528395061728395,0.3807829181494662,0.8629032258064516
384,0.9,linear,0.01,scale,0.6599713055954088,0.6678346180798879,0.5989943431803897,0.7545526524148852,0.5336538461538461,0.5446009389671361,0.3972602739726027,0.8656716417910447,0.5272277227722773,0.528395061728395,0.3807829181494662,0.8629032258064516
385,0.9,linear,0.01,auto,0.6599713055954088,0.6678346180798879,0.5989943431803897,0.7545526524148852,0.5336538461538461,0.5446009389671361,0.3972602739726027,0.8656716417910447,0.5272277227722773,0.528395061728395,0.3807829181494662,0.8629032258064516
386,0.9,linear,0.01,0.001,0.6599713055954088,0.6678346180798879,0.5989943431803897,0.7545526524148852,0.5336538461538461,0.5446009389671361,0.3972602739726027,0.8656716417910447,0.5272277227722773,0.528395061728395,0.3807829181494662,0.8629032258064516
387,0.9,linear,0.01,0.01,0.6599713055954088,0.6678346180798879,0.5989943431803897,0.7545526524148852,0.5336538461538461,0.5446009389671361,0.3972602739726027,0.8656716417910447,0.5272277227722773,0.528395061728395,0.3807829181494662,0.8629032258064516
388,0.9,linear,0.01,0.1,0.6599713055954088,0.6678346180798879,0.5989943431803897,0.7545526524148852,0.5336538461538461,0.5446009389671361,0.3972602739726027,0.8656716417910447,0.5272277227722773,0.528395061728395,0.3807829181494662,0.8629032258064516
389,0.9,linear,0.01,1,0.6599713055954088,0.6678346180798879,0.5989943431803897,0.7545526524148852,0.5336538461538461,0.5446009389671361,0.3972602739726027,0.8656716417910447,0.5272277227722773,0.528395061728395,0.3807829181494662,0.8629032258064516
390,0.9,linear,0.001,scale,0.6404232424677188,0.6683209263854425,0.574026712134129,0.7996832937450514,0.5168269230769231,0.535796766743649,0.3879598662207358,0.8656716417910447,0.49504950495049505,0.5142857142857142,0.36486486486486486,0.8709677419354839
391,0.9,linear,0.001,auto,0.6404232424677188,0.6683209263854425,0.574026712134129,0.7996832937450514,0.5168269230769231,0.535796766743649,0.3879598662207358,0.8656716417910447,0.49504950495049505,0.5142857142857142,0.36486486486486486,0.8709677419354839
392,0.9,linear,0.001,0.001,0.6404232424677188,0.6683209263854425,0.574026712134129,0.7996832937450514,0.5168269230769231,0.535796766743649,0.3879598662207358,0.8656716417910447,0.49504950495049505,0.5142857142857142,0.36486486486486486,0.8709677419354839
393,0.9,linear,0.001,0.01,0.6404232424677188,0.6683209263854425,0.574026712134129,0.7996832937450514,0.5168269230769231,0.535796766743649,0.3879598662207358,0.8656716417910447,0.49504950495049505,0.5142857142857142,0.36486486486486486,0.8709677419354839
394,0.9,linear,0.001,0.1,0.6404232424677188,0.6683209263854425,0.574026712134129,0.7996832937450514,0.5168269230769231,0.535796766743649,0.3879598662207358,0.8656716417910447,0.49504950495049505,0.5142857142857142,0.36486486486486486,0.8709677419354839
395,0.9,linear,0.001,1,0.6404232424677188,0.6683209263854425,0.574026712134129,0.7996832937450514,0.5168269230769231,0.535796766743649,0.3879598662207358,0.8656716417910447,0.49504950495049505,0.5142857142857142,0.36486486486486486,0.8709677419354839
396,0.9,sigmoid,20.0,scale,0.6217718794835008,0.6620733856753725,0.5561238223418573,0.8178939034045922,0.5024038461538461,0.5306122448979592,0.3811074918566775,0.8731343283582089,0.47277227722772275,0.5034965034965035,0.3540983606557377,0.8709677419354839
397,0.9,sigmoid,20.0,auto,0.6217718794835008,0.6620733856753725,0.5561238223418573,0.8178939034045922,0.5024038461538461,0.5306122448979592,0.3811074918566775,0.8731343283582089,0.47277227722772275,0.5034965034965035,0.3540983606557377,0.8709677419354839
398,0.9,sigmoid,20.0,0.001,0.6217718794835008,0.6620733856753725,0.5561238223418573,0.8178939034045922,0.5024038461538461,0.5306122448979592,0.3811074918566775,0.8731343283582089,0.47277227722772275,0.5034965034965035,0.3540983606557377,0.8709677419354839
399,0.9,sigmoid,20.0,0.01,0.6217718794835008,0.6620733856753725,0.5561238223418573,0.8178939034045922,0.5024038461538461,0.5306122448979592,0.3811074918566775,0.8731343283582089,0.47277227722772275,0.5034965034965035,0.3540983606557377,0.8709677419354839
400,0.9,sigmoid,20.0,0.1,0.6217718794835008,0.6620733856753725,0.5561238223418573,0.8178939034045922,0.5024038461538461,0.5306122448979592,0.3811074918566775,0.8731343283582089,0.47277227722772275,0.5034965034965035,0.3540983606557377,0.8709677419354839
401,0.9,sigmoid,20.0,1,0.6217718794835008,0.6620733856753725,0.5561238223418573,0.8178939034045922,0.5024038461538461,0.5306122448979592,0.3811074918566775,0.8731343283582089,0.47277227722772275,0.5034965034965035,0.3540983606557377,0.8709677419354839
402,0.9,sigmoid,10.0,scale,0.6300215208034433,0.664934221211629,0.5637565408978243,0.8103721298495645,0.5072115384615384,0.5308924485125858,0.38283828382838286,0.8656716417910447,0.48267326732673266,0.508235294117647,0.3588039867109635,0.8709677419354839
403,0.9,sigmoid,10.0,auto,0.6300215208034433,0.664934221211629,0.5637565408978243,0.8103721298495645,0.5072115384615384,0.5308924485125858,0.38283828382838286,0.8656716417910447,0.48267326732673266,0.508235294117647,0.3588039867109635,0.8709677419354839
404,0.9,sigmoid,10.0,0.001,0.6300215208034433,0.664934221211629,0.5637565408978243,0.8103721298495645,0.5072115384615384,0.5308924485125858,0.38283828382838286,0.8656716417910447,0.48267326732673266,0.508235294117647,0.3588039867109635,0.8709677419354839
405,0.9,sigmoid,10.0,0.01,0.6300215208034433,0.664934221211629,0.5637565408978243,0.8103721298495645,0.5072115384615384,0.5308924485125858,0.38283828382838286,0.8656716417910447,0.48267326732673266,0.508235294117647,0.3588039867109635,0.8709677419354839
406,0.9,sigmoid,10.0,0.1,0.6300215208034433,0.664934221211629,0.5637565408978243,0.8103721298495645,0.5072115384615384,0.5308924485125858,0.38283828382838286,0.8656716417910447,0.48267326732673266,0.508235294117647,0.3588039867109635,0.8709677419354839
407,0.9,sigmoid,10.0,1,0.6300215208034433,0.664934221211629,0.5637565408978243,0.8103721298495645,0.5072115384615384,0.5308924485125858,0.38283828382838286,0.8656716417910447,0.48267326732673266,0.508235294117647,0.3588039867109635,0.8709677419354839
408,0.9,sigmoid,1.0,scale,0.6407819225251076,0.6709380647281091,0.5734344285313114,0.8083927157561361,0.5168269230769231,0.535796766743649,0.3879598662207358,0.8656716417910447,0.48267326732673266,0.508235294117647,0.3588039867109635,0.8709677419354839
409,0.9,sigmoid,1.0,auto,0.6407819225251076,0.6709380647281091,0.5734344285313114,0.8083927157561361,0.5168269230769231,0.535796766743649,0.3879598662207358,0.8656716417910447,0.48267326732673266,0.508235294117647,0.3588039867109635,0.8709677419354839
410,0.9,sigmoid,1.0,0.001,0.6407819225251076,0.6709380647281091,0.5734344285313114,0.8083927157561361,0.5168269230769231,0.535796766743649,0.3879598662207358,0.8656716417910447,0.48267326732673266,0.508235294117647,0.3588039867109635,0.8709677419354839
411,0.9,sigmoid,1.0,0.01,0.6407819225251076,0.6709380647281091,0.5734344285313114,0.8083927157561361,0.5168269230769231,0.535796766743649,0.3879598662207358,0.8656716417910447,0.48267326732673266,0.508235294117647,0.3588039867109635,0.8709677419354839
412,0.9,sigmoid,1.0,0.1,0.6407819225251076,0.6709380647281091,0.5734344285313114,0.8083927157561361,0.5168269230769231,0.535796766743649,0.3879598662207358,0.8656716417910447,0.48267326732673266,0.508235294117647,0.3588039867109635,0.8709677419354839
413,0.9,sigmoid,1.0,1,0.6407819225251076,0.6709380647281091,0.5734344285313114,0.8083927157561361,0.5168269230769231,0.535796766743649,0.3879598662207358,0.8656716417910447,0.48267326732673266,0.508235294117647,0.3588039867109635,0.8709677419354839
414,0.9,sigmoid,0.1,scale,0.6712697274031564,0.6763199717464241,0.610455849537775,0.7581155977830563,0.5408653846153846,0.5441527446300716,0.4,0.8507462686567164,0.5346534653465347,0.5323383084577115,0.38489208633093525,0.8629032258064516
415,0.9,sigmoid,0.1,auto,0.6712697274031564,0.6763199717464241,0.610455849537775,0.7581155977830563,0.5408653846153846,0.5441527446300716,0.4,0.8507462686567164,0.5346534653465347,0.5323383084577115,0.38489208633093525,0.8629032258064516
416,0.9,sigmoid,0.1,0.001,0.6712697274031564,0.6763199717464241,0.610455849537775,0.7581155977830563,0.5408653846153846,0.5441527446300716,0.4,0.8507462686567164,0.5346534653465347,0.5323383084577115,0.38489208633093525,0.8629032258064516
417,0.9,sigmoid,0.1,0.01,0.6712697274031564,0.6763199717464241,0.610455849537775,0.7581155977830563,0.5408653846153846,0.5441527446300716,0.4,0.8507462686567164,0.5346534653465347,0.5323383084577115,0.38489208633093525,0.8629032258064516
418,0.9,sigmoid,0.1,0.1,0.6712697274031564,0.6763199717464241,0.610455849537775,0.7581155977830563,0.5408653846153846,0.5441527446300716,0.4,0.8507462686567164,0.5346534653465347,0.5323383084577115,0.38489208633093525,0.8629032258064516
419,0.9,sigmoid,0.1,1,0.6712697274031564,0.6763199717464241,0.610455849537775,0.7581155977830563,0.5408653846153846,0.5441527446300716,0.4,0.8507462686567164,0.5346534653465347,0.5323383084577115,0.38489208633093525,0.8629032258064516
420,0.9,sigmoid,0.01,scale,0.6425753228120517,0.6696502569202718,0.5759908753920729,0.7996832937450514,0.5168269230769231,0.535796766743649,0.3879598662207358,0.8656716417910447,0.49504950495049505,0.5142857142857142,0.36486486486486486,0.8709677419354839
421,0.9,sigmoid,0.01,auto,0.6425753228120517,0.6696502569202718,0.5759908753920729,0.7996832937450514,0.5168269230769231,0.535796766743649,0.3879598662207358,0.8656716417910447,0.49504950495049505,0.5142857142857142,0.36486486486486486,0.8709677419354839
422,0.9,sigmoid,0.01,0.001,0.6425753228120517,0.6696502569202718,0.5759908753920729,0.7996832937450514,0.5168269230769231,0.535796766743649,0.3879598662207358,0.8656716417910447,0.49504950495049505,0.5142857142857142,0.36486486486486486,0.8709677419354839
423,0.9,sigmoid,0.01,0.01,0.6425753228120517,0.6696502569202718,0.5759908753920729,0.7996832937450514,0.5168269230769231,0.535796766743649,0.3879598662207358,0.8656716417910447,0.49504950495049505,0.5142857142857142,0.36486486486486486,0.8709677419354839
424,0.9,sigmoid,0.01,0.1,0.6425753228120517,0.6696502569202718,0.5759908753920729,0.7996832937450514,0.5168269230769231,0.535796766743649,0.3879598662207358,0.8656716417910447,0.49504950495049505,0.5142857142857142,0.36486486486486486,0.8709677419354839
425,0.9,sigmoid,0.01,1,0.6425753228120517,0.6696502569202718,0.5759908753920729,0.7996832937450514,0.5168269230769231,0.535796766743649,0.3879598662207358,0.8656716417910447,0.49504950495049505,0.5142857142857142,0.36486486486486486,0.8709677419354839
426,0.9,sigmoid,0.001,scale,0.5356886657101865,0.6294547015886647,0.4929388029589778,0.8705463182897862,0.40384615384615385,0.4979757085020243,0.3416666666666667,0.917910447761194,0.3787128712871287,0.4693446088794926,0.31805157593123207,0.8951612903225806
427,0.9,sigmoid,0.001,auto,0.5356886657101865,0.6294547015886647,0.4929388029589778,0.8705463182897862,0.40384615384615385,0.4979757085020243,0.3416666666666667,0.917910447761194,0.3787128712871287,0.4693446088794926,0.31805157593123207,0.8951612903225806
428,0.9,sigmoid,0.001,0.001,0.5356886657101865,0.6294547015886647,0.4929388029589778,0.8705463182897862,0.40384615384615385,0.4979757085020243,0.3416666666666667,0.917910447761194,0.3787128712871287,0.4693446088794926,0.31805157593123207,0.8951612903225806
429,0.9,sigmoid,0.001,0.01,0.5356886657101865,0.6294547015886647,0.4929388029589778,0.8705463182897862,0.40384615384615385,0.4979757085020243,0.3416666666666667,0.917910447761194,0.3787128712871287,0.4693446088794926,0.31805157593123207,0.8951612903225806
430,0.9,sigmoid,0.001,0.1,0.5356886657101865,0.6294547015886647,0.4929388029589778,0.8705463182897862,0.40384615384615385,0.4979757085020243,0.3416666666666667,0.917910447761194,0.3787128712871287,0.4693446088794926,0.31805157593123207,0.8951612903225806
431,0.9,sigmoid,0.001,1,0.5356886657101865,0.6294547015886647,0.4929388029589778,0.8705463182897862,0.40384615384615385,0.4979757085020243,0.3416666666666667,0.917910447761194,0.3787128712871287,0.4693446088794926,0.31805157593123207,0.8951612903225806
432,0.8,rbf,20.0,scale,0.6798780487804879,0.681761454804778,0.6201751540707103,0.7569279493269992,0.5504807692307693,0.5493975903614458,0.40569395017793597,0.8507462686567164,0.5445544554455446,0.5376884422110553,0.3905109489051095,0.8629032258064516
433,0.8,rbf,20.0,auto,0.6798780487804879,0.681761454804778,0.6201751540707103,0.7569279493269992,0.5504807692307693,0.5493975903614458,0.40569395017793597,0.8507462686567164,0.5445544554455446,0.5376884422110553,0.3905109489051095,0.8629032258064516
434,0.8,rbf,20.0,0.001,0.6798780487804879,0.681761454804778,0.6201751540707103,0.7569279493269992,0.5504807692307693,0.5493975903614458,0.40569395017793597,0.8507462686567164,0.5445544554455446,0.5376884422110553,0.3905109489051095,0.8629032258064516
435,0.8,rbf,20.0,0.01,0.6798780487804879,0.681761454804778,0.6201751540707103,0.7569279493269992,0.5504807692307693,0.5493975903614458,0.40569395017793597,0.8507462686567164,0.5445544554455446,0.5376884422110553,0.3905109489051095,0.8629032258064516
436,0.8,rbf,20.0,0.1,0.6798780487804879,0.681761454804778,0.6201751540707103,0.7569279493269992,0.5504807692307693,0.5493975903614458,0.40569395017793597,0.8507462686567164,0.5445544554455446,0.5376884422110553,0.3905109489051095,0.8629032258064516
437,0.8,rbf,20.0,1,0.6798780487804879,0.681761454804778,0.6201751540707103,0.7569279493269992,0.5504807692307693,0.5493975903614458,0.40569395017793597,0.8507462686567164,0.5445544554455446,0.5376884422110553,0.3905109489051095,0.8629032258064516
438,0.8,rbf,10.0,scale,0.6798780487804879,0.681761454804778,0.6201751540707103,0.7569279493269992,0.5480769230769231,0.5480769230769231,0.40425531914893614,0.8507462686567164,0.5445544554455446,0.5376884422110553,0.3905109489051095,0.8629032258064516
439,0.8,rbf,10.0,auto,0.6798780487804879,0.681761454804778,0.6201751540707103,0.7569279493269992,0.5480769230769231,0.5480769230769231,0.40425531914893614,0.8507462686567164,0.5445544554455446,0.5376884422110553,0.3905109489051095,0.8629032258064516
440,0.8,rbf,10.0,0.001,0.6798780487804879,0.681761454804778,0.6201751540707103,0.7569279493269992,0.5480769230769231,0.5480769230769231,0.40425531914893614,0.8507462686567164,0.5445544554455446,0.5376884422110553,0.3905109489051095,0.8629032258064516
441,0.8,rbf,10.0,0.01,0.6798780487804879,0.681761454804778,0.6201751540707103,0.7569279493269992,0.5480769230769231,0.5480769230769231,0.40425531914893614,0.8507462686567164,0.5445544554455446,0.5376884422110553,0.3905109489051095,0.8629032258064516
442,0.8,rbf,10.0,0.1,0.6798780487804879,0.681761454804778,0.6201751540707103,0.7569279493269992,0.5480769230769231,0.5480769230769231,0.40425531914893614,0.8507462686567164,0.5445544554455446,0.5376884422110553,0.3905109489051095,0.8629032258064516
443,0.8,rbf,10.0,1,0.6798780487804879,0.681761454804778,0.6201751540707103,0.7569279493269992,0.5480769230769231,0.5480769230769231,0.40425531914893614,0.8507462686567164,0.5445544554455446,0.5376884422110553,0.3905109489051095,0.8629032258064516
444,0.8,rbf,1.0,scale,0.6741391678622669,0.6710121310881767,0.618284951618285,0.7335708630245448,0.5528846153846154,0.5507246376811594,0.40714285714285714,0.8507462686567164,0.5420792079207921,0.5340050377833753,0.3882783882783883,0.8548387096774194
445,0.8,rbf,1.0,auto,0.6741391678622669,0.6710121310881767,0.618284951618285,0.7335708630245448,0.5528846153846154,0.5507246376811594,0.40714285714285714,0.8507462686567164,0.5420792079207921,0.5340050377833753,0.3882783882783883,0.8548387096774194
446,0.8,rbf,1.0,0.001,0.6741391678622669,0.6710121310881767,0.618284951618285,0.7335708630245448,0.5528846153846154,0.5507246376811594,0.40714285714285714,0.8507462686567164,0.5420792079207921,0.5340050377833753,0.3882783882783883,0.8548387096774194
447,0.8,rbf,1.0,0.01,0.6741391678622669,0.6710121310881767,0.618284951618285,0.7335708630245448,0.5528846153846154,0.5507246376811594,0.40714285714285714,0.8507462686567164,0.5420792079207921,0.5340050377833753,0.3882783882783883,0.8548387096774194
448,0.8,rbf,1.0,0.1,0.6741391678622669,0.6710121310881767,0.618284951618285,0.7335708630245448,0.5528846153846154,0.5507246376811594,0.40714285714285714,0.8507462686567164,0.5420792079207921,0.5340050377833753,0.3882783882783883,0.8548387096774194
449,0.8,rbf,1.0,1,0.6741391678622669,0.6710121310881767,0.618284951618285,0.7335708630245448,0.5528846153846154,0.5507246376811594,0.40714285714285714,0.8507462686567164,0.5420792079207921,0.5340050377833753,0.3882783882783883,0.8548387096774194
450,0.8,rbf,0.1,scale,0.6741391678622669,0.6710121310881767,0.618284951618285,0.7335708630245448,0.5528846153846154,0.5507246376811594,0.40714285714285714,0.8507462686567164,0.5420792079207921,0.5340050377833753,0.3882783882783883,0.8548387096774194
451,0.8,rbf,0.1,auto,0.6741391678622669,0.6710121310881767,0.618284951618285,0.7335708630245448,0.5528846153846154,0.5507246376811594,0.40714285714285714,0.8507462686567164,0.5420792079207921,0.5340050377833753,0.3882783882783883,0.8548387096774194
452,0.8,rbf,0.1,0.001,0.6741391678622669,0.6710121310881767,0.618284951618285,0.7335708630245448,0.5528846153846154,0.5507246376811594,0.40714285714285714,0.8507462686567164,0.5420792079207921,0.5340050377833753,0.3882783882783883,0.8548387096774194
453,0.8,rbf,0.1,0.01,0.6741391678622669,0.6710121310881767,0.618284951618285,0.7335708630245448,0.5528846153846154,0.5507246376811594,0.40714285714285714,0.8507462686567164,0.5420792079207921,0.5340050377833753,0.3882783882783883,0.8548387096774194
454,0.8,rbf,0.1,0.1,0.6741391678622669,0.6710121310881767,0.618284951618285,0.7335708630245448,0.5528846153846154,0.5507246376811594,0.40714285714285714,0.8507462686567164,0.5420792079207921,0.5340050377833753,0.3882783882783883,0.8548387096774194
455,0.8,rbf,0.1,1,0.6741391678622669,0.6710121310881767,0.618284951618285,0.7335708630245448,0.5528846153846154,0.5507246376811594,0.40714285714285714,0.8507462686567164,0.5420792079207921,0.5340050377833753,0.3882783882783883,0.8548387096774194
456,0.8,rbf,0.01,scale,0.6741391678622669,0.6710121310881767,0.618284951618285,0.7335708630245448,0.5528846153846154,0.5507246376811594,0.40714285714285714,0.8507462686567164,0.5420792079207921,0.5340050377833753,0.3882783882783883,0.8548387096774194
457,0.8,rbf,0.01,auto,0.6741391678622669,0.6710121310881767,0.618284951618285,0.7335708630245448,0.5528846153846154,0.5507246376811594,0.40714285714285714,0.8507462686567164,0.5420792079207921,0.5340050377833753,0.3882783882783883,0.8548387096774194
458,0.8,rbf,0.01,0.001,0.6741391678622669,0.6710121310881767,0.618284951618285,0.7335708630245448,0.5528846153846154,0.5507246376811594,0.40714285714285714,0.8507462686567164,0.5420792079207921,0.5340050377833753,0.3882783882783883,0.8548387096774194
459,0.8,rbf,0.01,0.01,0.6741391678622669,0.6710121310881767,0.618284951618285,0.7335708630245448,0.5528846153846154,0.5507246376811594,0.40714285714285714,0.8507462686567164,0.5420792079207921,0.5340050377833753,0.3882783882783883,0.8548387096774194
460,0.8,rbf,0.01,0.1,0.6741391678622669,0.6710121310881767,0.618284951618285,0.7335708630245448,0.5528846153846154,0.5507246376811594,0.40714285714285714,0.8507462686567164,0.5420792079207921,0.5340050377833753,0.3882783882783883,0.8548387096774194
461,0.8,rbf,0.01,1,0.6741391678622669,0.6710121310881767,0.618284951618285,0.7335708630245448,0.5528846153846154,0.5507246376811594,0.40714285714285714,0.8507462686567164,0.5420792079207921,0.5340050377833753,0.3882783882783883,0.8548387096774194
462,0.8,rbf,0.001,scale,0.6741391678622669,0.6710121310881767,0.618284951618285,0.7335708630245448,0.5528846153846154,0.5507246376811594,0.40714285714285714,0.8507462686567164,0.5420792079207921,0.5340050377833753,0.3882783882783883,0.8548387096774194
463,0.8,rbf,0.001,auto,0.6741391678622669,0.6710121310881767,0.618284951618285,0.7335708630245448,0.5528846153846154,0.5507246376811594,0.40714285714285714,0.8507462686567164,0.5420792079207921,0.5340050377833753,0.3882783882783883,0.8548387096774194
464,0.8,rbf,0.001,0.001,0.6741391678622669,0.6710121310881767,0.618284951618285,0.7335708630245448,0.5528846153846154,0.5507246376811594,0.40714285714285714,0.8507462686567164,0.5420792079207921,0.5340050377833753,0.3882783882783883,0.8548387096774194
465,0.8,rbf,0.001,0.01,0.6741391678622669,0.6710121310881767,0.618284951618285,0.7335708630245448,0.5528846153846154,0.5507246376811594,0.40714285714285714,0.8507462686567164,0.5420792079207921,0.5340050377833753,0.3882783882783883,0.8548387096774194
466,0.8,rbf,0.001,0.1,0.6741391678622669,0.6710121310881767,0.618284951618285,0.7335708630245448,0.5528846153846154,0.5507246376811594,0.40714285714285714,0.8507462686567164,0.5420792079207921,0.5340050377833753,0.3882783882783883,0.8548387096774194
467,0.8,rbf,0.001,1,0.6741391678622669,0.6710121310881767,0.618284951618285,0.7335708630245448,0.5528846153846154,0.5507246376811594,0.40714285714285714,0.8507462686567164,0.5420792079207921,0.5340050377833753,0.3882783882783883,0.8548387096774194
468,0.8,poly,20.0,scale,0.6601506456241033,0.667951638338882,0.5991826469663628,0.7545526524148852,0.5336538461538461,0.5446009389671361,0.3972602739726027,0.8656716417910447,0.5272277227722773,0.528395061728395,0.3807829181494662,0.8629032258064516
469,0.8,poly,20.0,auto,0.6601506456241033,0.667951638338882,0.5991826469663628,0.7545526524148852,0.5336538461538461,0.5446009389671361,0.3972602739726027,0.8656716417910447,0.5272277227722773,0.528395061728395,0.3807829181494662,0.8629032258064516
470,0.8,poly,20.0,0.001,0.6601506456241033,0.667951638338882,0.5991826469663628,0.7545526524148852,0.5336538461538461,0.5446009389671361,0.3972602739726027,0.8656716417910447,0.5272277227722773,0.528395061728395,0.3807829181494662,0.8629032258064516
471,0.8,poly,20.0,0.01,0.6601506456241033,0.667951638338882,0.5991826469663628,0.7545526524148852,0.5336538461538461,0.5446009389671361,0.3972602739726027,0.8656716417910447,0.5272277227722773,0.528395061728395,0.3807829181494662,0.8629032258064516
472,0.8,poly,20.0,0.1,0.6601506456241033,0.667951638338882,0.5991826469663628,0.7545526524148852,0.5336538461538461,0.5446009389671361,0.3972602739726027,0.8656716417910447,0.5272277227722773,0.528395061728395,0.3807829181494662,0.8629032258064516
473,0.8,poly,20.0,1,0.6601506456241033,0.667951638338882,0.5991826469663628,0.7545526524148852,0.5336538461538461,0.5446009389671361,0.3972602739726027,0.8656716417910447,0.5272277227722773,0.528395061728395,0.3807829181494662,0.8629032258064516
474,0.8,poly,10.0,scale,0.6601506456241033,0.667951638338882,0.5991826469663628,0.7545526524148852,0.5336538461538461,0.5446009389671361,0.3972602739726027,0.8656716417910447,0.5272277227722773,0.528395061728395,0.3807829181494662,0.8629032258064516
475,0.8,poly,10.0,auto,0.6601506456241033,0.667951638338882,0.5991826469663628,0.7545526524148852,0.5336538461538461,0.5446009389671361,0.3972602739726027,0.8656716417910447,0.5272277227722773,0.528395061728395,0.3807829181494662,0.8629032258064516
476,0.8,poly,10.0,0.001,0.6601506456241033,0.667951638338882,0.5991826469663628,0.7545526524148852,0.5336538461538461,0.5446009389671361,0.3972602739726027,0.8656716417910447,0.5272277227722773,0.528395061728395,0.3807829181494662,0.8629032258064516
477,0.8,poly,10.0,0.01,0.6601506456241033,0.667951638338882,0.5991826469663628,0.7545526524148852,0.5336538461538461,0.5446009389671361,0.3972602739726027,0.8656716417910447,0.5272277227722773,0.528395061728395,0.3807829181494662,0.8629032258064516
478,0.8,poly,10.0,0.1,0.6601506456241033,0.667951638338882,0.5991826469663628,0.7545526524148852,0.5336538461538461,0.5446009389671361,0.3972602739726027,0.8656716417910447,0.5272277227722773,0.528395061728395,0.3807829181494662,0.8629032258064516
479,0.8,poly,10.0,1,0.6601506456241033,0.667951638338882,0.5991826469663628,0.7545526524148852,0.5336538461538461,0.5446009389671361,0.3972602739726027,0.8656716417910447,0.5272277227722773,0.528395061728395,0.3807829181494662,0.8629032258064516
480,0.8,poly,1.0,scale,0.6741391678622669,0.6710121310881767,0.618284951618285,0.7335708630245448,0.5528846153846154,0.5507246376811594,0.40714285714285714,0.8507462686567164,0.5420792079207921,0.5340050377833753,0.3882783882783883,0.8548387096774194
481,0.8,poly,1.0,auto,0.6741391678622669,0.6710121310881767,0.618284951618285,0.7335708630245448,0.5528846153846154,0.5507246376811594,0.40714285714285714,0.8507462686567164,0.5420792079207921,0.5340050377833753,0.3882783882783883,0.8548387096774194
482,0.8,poly,1.0,0.001,0.6741391678622669,0.6710121310881767,0.618284951618285,0.7335708630245448,0.5528846153846154,0.5507246376811594,0.40714285714285714,0.8507462686567164,0.5420792079207921,0.5340050377833753,0.3882783882783883,0.8548387096774194
483,0.8,poly,1.0,0.01,0.6741391678622669,0.6710121310881767,0.618284951618285,0.7335708630245448,0.5528846153846154,0.5507246376811594,0.40714285714285714,0.8507462686567164,0.5420792079207921,0.5340050377833753,0.3882783882783883,0.8548387096774194
484,0.8,poly,1.0,0.1,0.6741391678622669,0.6710121310881767,0.618284951618285,0.7335708630245448,0.5528846153846154,0.5507246376811594,0.40714285714285714,0.8507462686567164,0.5420792079207921,0.5340050377833753,0.3882783882783883,0.8548387096774194
485,0.8,poly,1.0,1,0.6741391678622669,0.6710121310881767,0.618284951618285,0.7335708630245448,0.5528846153846154,0.5507246376811594,0.40714285714285714,0.8507462686567164,0.5420792079207921,0.5340050377833753,0.3882783882783883,0.8548387096774194
486,0.8,poly,0.1,scale,0.6380918220946915,0.6686371100164203,0.5712682379349046,0.8060174188440221,0.5048076923076923,0.5318181818181819,0.38235294117647056,0.8731343283582089,0.4876237623762376,0.5129411764705882,0.36212624584717606,0.8790322580645161
487,0.8,poly,0.1,auto,0.6380918220946915,0.6686371100164203,0.5712682379349046,0.8060174188440221,0.5048076923076923,0.5318181818181819,0.38235294117647056,0.8731343283582089,0.4876237623762376,0.5129411764705882,0.36212624584717606,0.8790322580645161
488,0.8,poly,0.1,0.001,0.6380918220946915,0.6686371100164203,0.5712682379349046,0.8060174188440221,0.5048076923076923,0.5318181818181819,0.38235294117647056,0.8731343283582089,0.4876237623762376,0.5129411764705882,0.36212624584717606,0.8790322580645161
489,0.8,poly,0.1,0.01,0.6380918220946915,0.6686371100164203,0.5712682379349046,0.8060174188440221,0.5048076923076923,0.5318181818181819,0.38235294117647056,0.8731343283582089,0.4876237623762376,0.5129411764705882,0.36212624584717606,0.8790322580645161
490,0.8,poly,0.1,0.1,0.6380918220946915,0.6686371100164203,0.5712682379349046,0.8060174188440221,0.5048076923076923,0.5318181818181819,0.38235294117647056,0.8731343283582089,0.4876237623762376,0.5129411764705882,0.36212624584717606,0.8790322580645161
491,0.8,poly,0.1,1,0.6380918220946915,0.6686371100164203,0.5712682379349046,0.8060174188440221,0.5048076923076923,0.5318181818181819,0.38235294117647056,0.8731343283582089,0.4876237623762376,0.5129411764705882,0.36212624584717606,0.8790322580645161
492,0.8,poly,0.01,scale,0.5570301291248206,0.6399416909620991,0.5064605445316105,0.8689627870150436,0.41586538461538464,0.49896907216494846,0.34472934472934474,0.9029850746268657,0.39851485148514854,0.4774193548387097,0.3255131964809384,0.8951612903225806
493,0.8,poly,0.01,auto,0.5570301291248206,0.6399416909620991,0.5064605445316105,0.8689627870150436,0.41586538461538464,0.49896907216494846,0.34472934472934474,0.9029850746268657,0.39851485148514854,0.4774193548387097,0.3255131964809384,0.8951612903225806
494,0.8,poly,0.01,0.001,0.5570301291248206,0.6399416909620991,0.5064605445316105,0.8689627870150436,0.41586538461538464,0.49896907216494846,0.34472934472934474,0.9029850746268657,0.39851485148514854,0.4774193548387097,0.3255131964809384,0.8951612903225806
495,0.8,poly,0.01,0.01,0.5570301291248206,0.6399416909620991,0.5064605445316105,0.8689627870150436,0.41586538461538464,0.49896907216494846,0.34472934472934474,0.9029850746268657,0.39851485148514854,0.4774193548387097,0.3255131964809384,0.8951612903225806
496,0.8,poly,0.01,0.1,0.5570301291248206,0.6399416909620991,0.5064605445316105,0.8689627870150436,0.41586538461538464,0.49896907216494846,0.34472934472934474,0.9029850746268657,0.39851485148514854,0.4774193548387097,0.3255131964809384,0.8951612903225806
497,0.8,poly,0.01,1,0.5570301291248206,0.6399416909620991,0.5064605445316105,0.8689627870150436,0.41586538461538464,0.49896907216494846,0.34472934472934474,0.9029850746268657,0.39851485148514854,0.4774193548387097,0.3255131964809384,0.8951612903225806
498,0.8,poly,0.001,scale,0.498206599713056,0.6113888888888889,0.47090286692340605,0.8713380839271576,0.3701923076923077,0.484251968503937,0.32887700534759357,0.917910447761194,0.3564356435643564,0.4605809128630705,0.3100558659217877,0.8951612903225806
499,0.8,poly,0.001,auto,0.498206599713056,0.6113888888888889,0.47090286692340605,0.8713380839271576,0.3701923076923077,0.484251968503937,0.32887700534759357,0.917910447761194,0.3564356435643564,0.4605809128630705,0.3100558659217877,0.8951612903225806
500,0.8,poly,0.001,0.001,0.498206599713056,0.6113888888888889,0.47090286692340605,0.8713380839271576,0.3701923076923077,0.484251968503937,0.32887700534759357,0.917910447761194,0.3564356435643564,0.4605809128630705,0.3100558659217877,0.8951612903225806
501,0.8,poly,0.001,0.01,0.498206599713056,0.6113888888888889,0.47090286692340605,0.8713380839271576,0.3701923076923077,0.484251968503937,0.32887700534759357,0.917910447761194,0.3564356435643564,0.4605809128630705,0.3100558659217877,0.8951612903225806
502,0.8,poly,0.001,0.1,0.498206599713056,0.6113888888888889,0.47090286692340605,0.8713380839271576,0.3701923076923077,0.484251968503937,0.32887700534759357,0.917910447761194,0.3564356435643564,0.4605809128630705,0.3100558659217877,0.8951612903225806
503,0.8,poly,0.001,1,0.498206599713056,0.6113888888888889,0.47090286692340605,0.8713380839271576,0.3701923076923077,0.484251968503937,0.32887700534759357,0.917910447761194,0.3564356435643564,0.4605809128630705,0.3100558659217877,0.8951612903225806
504,0.8,linear,20.0,scale,0.6741391678622669,0.6710121310881767,0.618284951618285,0.7335708630245448,0.5528846153846154,0.5507246376811594,0.40714285714285714,0.8507462686567164,0.5420792079207921,0.5340050377833753,0.3882783882783883,0.8548387096774194
505,0.8,linear,20.0,auto,0.6741391678622669,0.6710121310881767,0.618284951618285,0.7335708630245448,0.5528846153846154,0.5507246376811594,0.40714285714285714,0.8507462686567164,0.5420792079207921,0.5340050377833753,0.3882783882783883,0.8548387096774194
506,0.8,linear,20.0,0.001,0.6741391678622669,0.6710121310881767,0.618284951618285,0.7335708630245448,0.5528846153846154,0.5507246376811594,0.40714285714285714,0.8507462686567164,0.5420792079207921,0.5340050377833753,0.3882783882783883,0.8548387096774194
507,0.8,linear,20.0,0.01,0.6741391678622669,0.6710121310881767,0.618284951618285,0.7335708630245448,0.5528846153846154,0.5507246376811594,0.40714285714285714,0.8507462686567164,0.5420792079207921,0.5340050377833753,0.3882783882783883,0.8548387096774194
508,0.8,linear,20.0,0.1,0.6741391678622669,0.6710121310881767,0.618284951618285,0.7335708630245448,0.5528846153846154,0.5507246376811594,0.40714285714285714,0.8507462686567164,0.5420792079207921,0.5340050377833753,0.3882783882783883,0.8548387096774194
509,0.8,linear,20.0,1,0.6741391678622669,0.6710121310881767,0.618284951618285,0.7335708630245448,0.5528846153846154,0.5507246376811594,0.40714285714285714,0.8507462686567164,0.5420792079207921,0.5340050377833753,0.3882783882783883,0.8548387096774194
510,0.8,linear,10.0,scale,0.6664275466284074,0.671957671957672,0.6059160305343512,0.7541567695961995,0.5408653846153846,0.5484633569739953,0.4013840830449827,0.8656716417910447,0.5321782178217822,0.5310173697270472,0.3835125448028674,0.8629032258064516
511,0.8,linear,10.0,auto,0.6664275466284074,0.671957671957672,0.6059160305343512,0.7541567695961995,0.5408653846153846,0.5484633569739953,0.4013840830449827,0.8656716417910447,0.5321782178217822,0.5310173697270472,0.3835125448028674,0.8629032258064516
512,0.8,linear,10.0,0.001,0.6664275466284074,0.671957671957672,0.6059160305343512,0.7541567695961995,0.5408653846153846,0.5484633569739953,0.4013840830449827,0.8656716417910447,0.5321782178217822,0.5310173697270472,0.3835125448028674,0.8629032258064516
513,0.8,linear,10.0,0.01,0.6664275466284074,0.671957671957672,0.6059160305343512,0.7541567695961995,0.5408653846153846,0.5484633569739953,0.4013840830449827,0.8656716417910447,0.5321782178217822,0.5310173697270472,0.3835125448028674,0.8629032258064516
514,0.8,linear,10.0,0.1,0.6664275466284074,0.671957671957672,0.6059160305343512,0.7541567695961995,0.5408653846153846,0.5484633569739953,0.4013840830449827,0.8656716417910447,0.5321782178217822,0.5310173697270472,0.3835125448028674,0.8629032258064516
515,0.8,linear,10.0,1,0.6664275466284074,0.671957671957672,0.6059160305343512,0.7541567695961995,0.5408653846153846,0.5484633569739953,0.4013840830449827,0.8656716417910447,0.5321782178217822,0.5310173697270472,0.3835125448028674,0.8629032258064516
516,0.8,linear,1.0,scale,0.6617647058823529,0.669006669006669,0.6008827238335435,0.7545526524148852,0.5384615384615384,0.5471698113207547,0.4,0.8656716417910447,0.5297029702970297,0.5297029702970297,0.3821428571428571,0.8629032258064516
517,0.8,linear,1.0,auto,0.6617647058823529,0.669006669006669,0.6008827238335435,0.7545526524148852,0.5384615384615384,0.5471698113207547,0.4,0.8656716417910447,0.5297029702970297,0.5297029702970297,0.3821428571428571,0.8629032258064516
518,0.8,linear,1.0,0.001,0.6617647058823529,0.669006669006669,0.6008827238335435,0.7545526524148852,0.5384615384615384,0.5471698113207547,0.4,0.8656716417910447,0.5297029702970297,0.5297029702970297,0.3821428571428571,0.8629032258064516
519,0.8,linear,1.0,0.01,0.6617647058823529,0.669006669006669,0.6008827238335435,0.7545526524148852,0.5384615384615384,0.5471698113207547,0.4,0.8656716417910447,0.5297029702970297,0.5297029702970297,0.3821428571428571,0.8629032258064516
520,0.8,linear,1.0,0.1,0.6617647058823529,0.669006669006669,0.6008827238335435,0.7545526524148852,0.5384615384615384,0.5471698113207547,0.4,0.8656716417910447,0.5297029702970297,0.5297029702970297,0.3821428571428571,0.8629032258064516
521,0.8,linear,1.0,1,0.6617647058823529,0.669006669006669,0.6008827238335435,0.7545526524148852,0.5384615384615384,0.5471698113207547,0.4,0.8656716417910447,0.5297029702970297,0.5297029702970297,0.3821428571428571,0.8629032258064516
522,0.8,linear,0.1,scale,0.6601506456241033,0.667951638338882,0.5991826469663628,0.7545526524148852,0.5336538461538461,0.5446009389671361,0.3972602739726027,0.8656716417910447,0.5272277227722773,0.528395061728395,0.3807829181494662,0.8629032258064516
523,0.8,linear,0.1,auto,0.6601506456241033,0.667951638338882,0.5991826469663628,0.7545526524148852,0.5336538461538461,0.5446009389671361,0.3972602739726027,0.8656716417910447,0.5272277227722773,0.528395061728395,0.3807829181494662,0.8629032258064516
524,0.8,linear,0.1,0.001,0.6601506456241033,0.667951638338882,0.5991826469663628,0.7545526524148852,0.5336538461538461,0.5446009389671361,0.3972602739726027,0.8656716417910447,0.5272277227722773,0.528395061728395,0.3807829181494662,0.8629032258064516
525,0.8,linear,0.1,0.01,0.6601506456241033,0.667951638338882,0.5991826469663628,0.7545526524148852,0.5336538461538461,0.5446009389671361,0.3972602739726027,0.8656716417910447,0.5272277227722773,0.528395061728395,0.3807829181494662,0.8629032258064516
526,0.8,linear,0.1,0.1,0.6601506456241033,0.667951638338882,0.5991826469663628,0.7545526524148852,0.5336538461538461,0.5446009389671361,0.3972602739726027,0.8656716417910447,0.5272277227722773,0.528395061728395,0.3807829181494662,0.8629032258064516
527,0.8,linear,0.1,1,0.6601506456241033,0.667951638338882,0.5991826469663628,0.7545526524148852,0.5336538461538461,0.5446009389671361,0.3972602739726027,0.8656716417910447,0.5272277227722773,0.528395061728395,0.3807829181494662,0.8629032258064516
528,0.8,linear,0.01,scale,0.6599713055954088,0.6678346180798879,0.5989943431803897,0.7545526524148852,0.5336538461538461,0.5446009389671361,0.3972602739726027,0.8656716417910447,0.5272277227722773,0.528395061728395,0.3807829181494662,0.8629032258064516
529,0.8,linear,0.01,auto,0.6599713055954088,0.6678346180798879,0.5989943431803897,0.7545526524148852,0.5336538461538461,0.5446009389671361,0.3972602739726027,0.8656716417910447,0.5272277227722773,0.528395061728395,0.3807829181494662,0.8629032258064516
530,0.8,linear,0.01,0.001,0.6599713055954088,0.6678346180798879,0.5989943431803897,0.7545526524148852,0.5336538461538461,0.5446009389671361,0.3972602739726027,0.8656716417910447,0.5272277227722773,0.528395061728395,0.3807829181494662,0.8629032258064516
531,0.8,linear,0.01,0.01,0.6599713055954088,0.6678346180798879,0.5989943431803897,0.7545526524148852,0.5336538461538461,0.5446009389671361,0.3972602739726027,0.8656716417910447,0.5272277227722773,0.528395061728395,0.3807829181494662,0.8629032258064516
532,0.8,linear,0.01,0.1,0.6599713055954088,0.6678346180798879,0.5989943431803897,0.7545526524148852,0.5336538461538461,0.5446009389671361,0.3972602739726027,0.8656716417910447,0.5272277227722773,0.528395061728395,0.3807829181494662,0.8629032258064516
533,0.8,linear,0.01,1,0.6599713055954088,0.6678346180798879,0.5989943431803897,0.7545526524148852,0.5336538461538461,0.5446009389671361,0.3972602739726027,0.8656716417910447,0.5272277227722773,0.528395061728395,0.3807829181494662,0.8629032258064516
534,0.8,linear,0.001,scale,0.6404232424677188,0.6683209263854425,0.574026712134129,0.7996832937450514,0.5168269230769231,0.535796766743649,0.3879598662207358,0.8656716417910447,0.49504950495049505,0.5142857142857142,0.36486486486486486,0.8709677419354839
535,0.8,linear,0.001,auto,0.6404232424677188,0.6683209263854425,0.574026712134129,0.7996832937450514,0.5168269230769231,0.535796766743649,0.3879598662207358,0.8656716417910447,0.49504950495049505,0.5142857142857142,0.36486486486486486,0.8709677419354839
536,0.8,linear,0.001,0.001,0.6404232424677188,0.6683209263854425,0.574026712134129,0.7996832937450514,0.5168269230769231,0.535796766743649,0.3879598662207358,0.8656716417910447,0.49504950495049505,0.5142857142857142,0.36486486486486486,0.8709677419354839
537,0.8,linear,0.001,0.01,0.6404232424677188,0.6683209263854425,0.574026712134129,0.7996832937450514,0.5168269230769231,0.535796766743649,0.3879598662207358,0.8656716417910447,0.49504950495049505,0.5142857142857142,0.36486486486486486,0.8709677419354839
538,0.8,linear,0.001,0.1,0.6404232424677188,0.6683209263854425,0.574026712134129,0.7996832937450514,0.5168269230769231,0.535796766743649,0.3879598662207358,0.8656716417910447,0.49504950495049505,0.5142857142857142,0.36486486486486486,0.8709677419354839
539,0.8,linear,0.001,1,0.6404232424677188,0.6683209263854425,0.574026712134129,0.7996832937450514,0.5168269230769231,0.535796766743649,0.3879598662207358,0.8656716417910447,0.49504950495049505,0.5142857142857142,0.36486486486486486,0.8709677419354839
540,0.8,sigmoid,20.0,scale,0.6217718794835008,0.6620733856753725,0.5561238223418573,0.8178939034045922,0.5024038461538461,0.5306122448979592,0.3811074918566775,0.8731343283582089,0.47277227722772275,0.5034965034965035,0.3540983606557377,0.8709677419354839
541,0.8,sigmoid,20.0,auto,0.6217718794835008,0.6620733856753725,0.5561238223418573,0.8178939034045922,0.5024038461538461,0.5306122448979592,0.3811074918566775,0.8731343283582089,0.47277227722772275,0.5034965034965035,0.3540983606557377,0.8709677419354839
542,0.8,sigmoid,20.0,0.001,0.6217718794835008,0.6620733856753725,0.5561238223418573,0.8178939034045922,0.5024038461538461,0.5306122448979592,0.3811074918566775,0.8731343283582089,0.47277227722772275,0.5034965034965035,0.3540983606557377,0.8709677419354839
543,0.8,sigmoid,20.0,0.01,0.6217718794835008,0.6620733856753725,0.5561238223418573,0.8178939034045922,0.5024038461538461,0.5306122448979592,0.3811074918566775,0.8731343283582089,0.47277227722772275,0.5034965034965035,0.3540983606557377,0.8709677419354839
544,0.8,sigmoid,20.0,0.1,0.6217718794835008,0.6620733856753725,0.5561238223418573,0.8178939034045922,0.5024038461538461,0.5306122448979592,0.3811074918566775,0.8731343283582089,0.47277227722772275,0.5034965034965035,0.3540983606557377,0.8709677419354839
545,0.8,sigmoid,20.0,1,0.6217718794835008,0.6620733856753725,0.5561238223418573,0.8178939034045922,0.5024038461538461,0.5306122448979592,0.3811074918566775,0.8731343283582089,0.47277227722772275,0.5034965034965035,0.3540983606557377,0.8709677419354839
546,0.8,sigmoid,10.0,scale,0.6300215208034433,0.664934221211629,0.5637565408978243,0.8103721298495645,0.5072115384615384,0.5308924485125858,0.38283828382838286,0.8656716417910447,0.48267326732673266,0.508235294117647,0.3588039867109635,0.8709677419354839
547,0.8,sigmoid,10.0,auto,0.6300215208034433,0.664934221211629,0.5637565408978243,0.8103721298495645,0.5072115384615384,0.5308924485125858,0.38283828382838286,0.8656716417910447,0.48267326732673266,0.508235294117647,0.3588039867109635,0.8709677419354839
548,0.8,sigmoid,10.0,0.001,0.6300215208034433,0.664934221211629,0.5637565408978243,0.8103721298495645,0.5072115384615384,0.5308924485125858,0.38283828382838286,0.8656716417910447,0.48267326732673266,0.508235294117647,0.3588039867109635,0.8709677419354839
549,0.8,sigmoid,10.0,0.01,0.6300215208034433,0.664934221211629,0.5637565408978243,0.8103721298495645,0.5072115384615384,0.5308924485125858,0.38283828382838286,0.8656716417910447,0.48267326732673266,0.508235294117647,0.3588039867109635,0.8709677419354839
550,0.8,sigmoid,10.0,0.1,0.6300215208034433,0.664934221211629,0.5637565408978243,0.8103721298495645,0.5072115384615384,0.5308924485125858,0.38283828382838286,0.8656716417910447,0.48267326732673266,0.508235294117647,0.3588039867109635,0.8709677419354839
551,0.8,sigmoid,10.0,1,0.6300215208034433,0.664934221211629,0.5637565408978243,0.8103721298495645,0.5072115384615384,0.5308924485125858,0.38283828382838286,0.8656716417910447,0.48267326732673266,0.508235294117647,0.3588039867109635,0.8709677419354839
552,0.8,sigmoid,1.0,scale,0.6407819225251076,0.6709380647281091,0.5734344285313114,0.8083927157561361,0.5168269230769231,0.535796766743649,0.3879598662207358,0.8656716417910447,0.48267326732673266,0.508235294117647,0.3588039867109635,0.8709677419354839
553,0.8,sigmoid,1.0,auto,0.6407819225251076,0.6709380647281091,0.5734344285313114,0.8083927157561361,0.5168269230769231,0.535796766743649,0.3879598662207358,0.8656716417910447,0.48267326732673266,0.508235294117647,0.3588039867109635,0.8709677419354839
554,0.8,sigmoid,1.0,0.001,0.6407819225251076,0.6709380647281091,0.5734344285313114,0.8083927157561361,0.5168269230769231,0.535796766743649,0.3879598662207358,0.8656716417910447,0.48267326732673266,0.508235294117647,0.3588039867109635,0.8709677419354839
555,0.8,sigmoid,1.0,0.01,0.6407819225251076,0.6709380647281091,0.5734344285313114,0.8083927157561361,0.5168269230769231,0.535796766743649,0.3879598662207358,0.8656716417910447,0.48267326732673266,0.508235294117647,0.3588039867109635,0.8709677419354839
556,0.8,sigmoid,1.0,0.1,0.6407819225251076,0.6709380647281091,0.5734344285313114,0.8083927157561361,0.5168269230769231,0.535796766743649,0.3879598662207358,0.8656716417910447,0.48267326732673266,0.508235294117647,0.3588039867109635,0.8709677419354839
557,0.8,sigmoid,1.0,1,0.6407819225251076,0.6709380647281091,0.5734344285313114,0.8083927157561361,0.5168269230769231,0.535796766743649,0.3879598662207358,0.8656716417910447,0.48267326732673266,0.508235294117647,0.3588039867109635,0.8709677419354839
558,0.8,sigmoid,0.1,scale,0.6712697274031564,0.6763199717464241,0.610455849537775,0.7581155977830563,0.5408653846153846,0.5441527446300716,0.4,0.8507462686567164,0.5346534653465347,0.5323383084577115,0.38489208633093525,0.8629032258064516
559,0.8,sigmoid,0.1,auto,0.6712697274031564,0.6763199717464241,0.610455849537775,0.7581155977830563,0.5408653846153846,0.5441527446300716,0.4,0.8507462686567164,0.5346534653465347,0.5323383084577115,0.38489208633093525,0.8629032258064516
560,0.8,sigmoid,0.1,0.001,0.6712697274031564,0.6763199717464241,0.610455849537775,0.7581155977830563,0.5408653846153846,0.5441527446300716,0.4,0.8507462686567164,0.5346534653465347,0.5323383084577115,0.38489208633093525,0.8629032258064516
561,0.8,sigmoid,0.1,0.01,0.6712697274031564,0.6763199717464241,0.610455849537775,0.7581155977830563,0.5408653846153846,0.5441527446300716,0.4,0.8507462686567164,0.5346534653465347,0.5323383084577115,0.38489208633093525,0.8629032258064516
562,0.8,sigmoid,0.1,0.1,0.6712697274031564,0.6763199717464241,0.610455849537775,0.7581155977830563,0.5408653846153846,0.5441527446300716,0.4,0.8507462686567164,0.5346534653465347,0.5323383084577115,0.38489208633093525,0.8629032258064516
563,0.8,sigmoid,0.1,1,0.6712697274031564,0.6763199717464241,0.610455849537775,0.7581155977830563,0.5408653846153846,0.5441527446300716,0.4,0.8507462686567164,0.5346534653465347,0.5323383084577115,0.38489208633093525,0.8629032258064516
564,0.8,sigmoid,0.01,scale,0.6425753228120517,0.6696502569202718,0.5759908753920729,0.7996832937450514,0.5168269230769231,0.535796766743649,0.3879598662207358,0.8656716417910447,0.49504950495049505,0.5142857142857142,0.36486486486486486,0.8709677419354839
565,0.8,sigmoid,0.01,auto,0.6425753228120517,0.6696502569202718,0.5759908753920729,0.7996832937450514,0.5168269230769231,0.535796766743649,0.3879598662207358,0.8656716417910447,0.49504950495049505,0.5142857142857142,0.36486486486486486,0.8709677419354839
566,0.8,sigmoid,0.01,0.001,0.6425753228120517,0.6696502569202718,0.5759908753920729,0.7996832937450514,0.5168269230769231,0.535796766743649,0.3879598662207358,0.8656716417910447,0.49504950495049505,0.5142857142857142,0.36486486486486486,0.8709677419354839
567,0.8,sigmoid,0.01,0.01,0.6425753228120517,0.6696502569202718,0.5759908753920729,0.7996832937450514,0.5168269230769231,0.535796766743649,0.3879598662207358,0.8656716417910447,0.49504950495049505,0.5142857142857142,0.36486486486486486,0.8709677419354839
568,0.8,sigmoid,0.01,0.1,0.6425753228120517,0.6696502569202718,0.5759908753920729,0.7996832937450514,0.5168269230769231,0.535796766743649,0.3879598662207358,0.8656716417910447,0.49504950495049505,0.5142857142857142,0.36486486486486486,0.8709677419354839
569,0.8,sigmoid,0.01,1,0.6425753228120517,0.6696502569202718,0.5759908753920729,0.7996832937450514,0.5168269230769231,0.535796766743649,0.3879598662207358,0.8656716417910447,0.49504950495049505,0.5142857142857142,0.36486486486486486,0.8709677419354839
570,0.8,sigmoid,0.001,scale,0.5356886657101865,0.6294547015886647,0.4929388029589778,0.8705463182897862,0.40384615384615385,0.4979757085020243,0.3416666666666667,0.917910447761194,0.3787128712871287,0.4693446088794926,0.31805157593123207,0.8951612903225806
571,0.8,sigmoid,0.001,auto,0.5356886657101865,0.6294547015886647,0.4929388029589778,0.8705463182897862,0.40384615384615385,0.4979757085020243,0.3416666666666667,0.917910447761194,0.3787128712871287,0.4693446088794926,0.31805157593123207,0.8951612903225806
572,0.8,sigmoid,0.001,0.001,0.5356886657101865,0.6294547015886647,0.4929388029589778,0.8705463182897862,0.40384615384615385,0.4979757085020243,0.3416666666666667,0.917910447761194,0.3787128712871287,0.4693446088794926,0.31805157593123207,0.8951612903225806
573,0.8,sigmoid,0.001,0.01,0.5356886657101865,0.6294547015886647,0.4929388029589778,0.8705463182897862,0.40384615384615385,0.4979757085020243,0.3416666666666667,0.917910447761194,0.3787128712871287,0.4693446088794926,0.31805157593123207,0.8951612903225806
574,0.8,sigmoid,0.001,0.1,0.5356886657101865,0.6294547015886647,0.4929388029589778,0.8705463182897862,0.40384615384615385,0.4979757085020243,0.3416666666666667,0.917910447761194,0.3787128712871287,0.4693446088794926,0.31805157593123207,0.8951612903225806
575,0.8,sigmoid,0.001,1,0.5356886657101865,0.6294547015886647,0.4929388029589778,0.8705463182897862,0.40384615384615385,0.4979757085020243,0.3416666666666667,0.917910447761194,0.3787128712871287,0.4693446088794926,0.31805157593123207,0.8951612903225806
